"Path","LineNumber","Line","PSComputerName","RunspaceId","PSShowComputerName"
"C:\realai\API.md","605","Load plugins via `client.plugins.load(plugin_name=""sample_plugin"")` or discover and load all local plugins with `client.model.load_all_plugins()`.","localhost","1716c86c-1fa1-49d1-a6f9-b5bee4567267","False"
"C:\realai\.github\agents\agent.md","96","    ??? plugin_system()           # load_plugin / load_all_plugins","localhost","1716c86c-1fa1-49d1-a6f9-b5bee4567267","False"
"C:\realai\.github\agents\bootstrap.md","189","Plugins are auto-discovered by `client.plugins.load_all_plugins()`.","localhost","1716c86c-1fa1-49d1-a6f9-b5bee4567267","False"
"C:\realai\.github\agents\memory.md","59","- **Plugin discovery**: `load_all_plugins()` scans the `plugins/` directory for","localhost","1716c86c-1fa1-49d1-a6f9-b5bee4567267","False"
"C:\realai\.kilo\worktrees\cotton-mistake\API.md","605","Load plugins via `client.plugins.load(plugin_name=""sample_plugin"")` or discover and load all local plugins with `client.model.load_all_plugins()`.","localhost","1716c86c-1fa1-49d1-a6f9-b5bee4567267","False"
"C:\realai\.kilo\worktrees\cotton-mistake\.github\agents\agent.md","96","    ??? plugin_system()           # load_plugin / load_all_plugins","localhost","1716c86c-1fa1-49d1-a6f9-b5bee4567267","False"
"C:\realai\.kilo\worktrees\cotton-mistake\.github\agents\bootstrap.md","189","Plugins are auto-discovered by `client.plugins.load_all_plugins()`.","localhost","1716c86c-1fa1-49d1-a6f9-b5bee4567267","False"
"C:\realai\.kilo\worktrees\cotton-mistake\.github\agents\memory.md","59","- **Plugin discovery**: `load_all_plugins()` scans the `plugins/` directory for","localhost","1716c86c-1fa1-49d1-a6f9-b5bee4567267","False"
"C:\realai\.kilo\worktrees\cotton-mistake\agents\agent.md","96","    ??? plugin_system()           # load_plugin / load_all_plugins","localhost","1716c86c-1fa1-49d1-a6f9-b5bee4567267","False"
"C:\realai\.kilo\worktrees\cotton-mistake\agents\bootstrap.md","189","Plugins are auto-discovered by `client.plugins.load_all_plugins()`.","localhost","1716c86c-1fa1-49d1-a6f9-b5bee4567267","False"
"C:\realai\.kilo\worktrees\cotton-mistake\agents\memory.md","59","- **Plugin discovery**: `load_all_plugins()` scans the `plugins/` directory for","localhost","1716c86c-1fa1-49d1-a6f9-b5bee4567267","False"
"C:\realai\.kilo\worktrees\cotton-mistake\realai\api_server.py","764","                discovery = PluginDiscovery()","localhost","1716c86c-1fa1-49d1-a6f9-b5bee4567267","False"
"C:\realai\.kilo\worktrees\cotton-mistake\realai\api_server.py","1056","                    from realai.plugin_marketplace import PluginDiscovery, PluginManifest","localhost","1716c86c-1fa1-49d1-a6f9-b5bee4567267","False"
"C:\realai\.kilo\worktrees\cotton-mistake\realai\api_server.py","1067","                    discovery = PluginDiscovery()","localhost","1716c86c-1fa1-49d1-a6f9-b5bee4567267","False"
"C:\realai\.kilo\worktrees\cotton-mistake\realai\api_server.py","1076","                    discovery = PluginDiscovery()","localhost","1716c86c-1fa1-49d1-a6f9-b5bee4567267","False"
"C:\realai\.kilo\worktrees\cotton-mistake\realai\plugin_marketplace.py","8","    from realai.plugin_marketplace import PluginDiscovery, PluginManifest","localhost","1716c86c-1fa1-49d1-a6f9-b5bee4567267","False"
"C:\realai\.kilo\worktrees\cotton-mistake\realai\plugin_marketplace.py","10","    discovery = PluginDiscovery()","localhost","1716c86c-1fa1-49d1-a6f9-b5bee4567267","False"
"C:\realai\.kilo\worktrees\cotton-mistake\realai\__init__.py","2107","        # Registry of loaded plugins: name -> metadata","localhost","1716c86c-1fa1-49d1-a6f9-b5bee4567267","False"
"C:\realai\.kilo\worktrees\cotton-mistake\realai\__init__.py","5493","    def load_plugin(","localhost","1716c86c-1fa1-49d1-a6f9-b5bee4567267","False"
"C:\realai\.kilo\worktrees\cotton-mistake\realai\__init__.py","5546","        """"""Discover and load all plugins in the given package namespace.","localhost","1716c86c-1fa1-49d1-a6f9-b5bee4567267","False"
"C:\realai\.kilo\worktrees\cotton-mistake\realai\__init__.py","5548","        Returns a list of successfully loaded plugin names.","localhost","1716c86c-1fa1-49d1-a6f9-b5bee4567267","False"
"C:\realai\.kilo\worktrees\cotton-mistake\realai\__init__.py","5559","                    self.load_plugin(mod_name)","localhost","1716c86c-1fa1-49d1-a6f9-b5bee4567267","False"
"C:\realai\.kilo\worktrees\cotton-mistake\realai\__init__.py","9347","            return self.model.load_plugin(**kwargs)","localhost","1716c86c-1fa1-49d1-a6f9-b5bee4567267","False"
"C:\realai\.kilo\worktrees\cotton-mistake\realai\__init__.py","9351","            return self.model.load_plugin(plugin_name, config)","localhost","1716c86c-1fa1-49d1-a6f9-b5bee4567267","False"
"C:\realai\.kilo\worktrees\cotton-mistake\terminals\10.txt","9","[RealAI] Discovering plugins in realai/plugins...","localhost","1716c86c-1fa1-49d1-a6f9-b5bee4567267","False"
"C:\realai\.kilo\worktrees\cotton-mistake\terminals\10.txt","11","[RealAI] Loaded plugin: advanced_rag","localhost","1716c86c-1fa1-49d1-a6f9-b5bee4567267","False"
"C:\realai\.kilo\worktrees\cotton-mistake\terminals\10.txt","12","[RealAI] Loaded plugin: computer_mode","localhost","1716c86c-1fa1-49d1-a6f9-b5bee4567267","False"
"C:\realai\.kilo\worktrees\cotton-mistake\terminals\10.txt","13","[RealAI] Loaded plugin: game_world_engine","localhost","1716c86c-1fa1-49d1-a6f9-b5bee4567267","False"
"C:\realai\.kilo\worktrees\cotton-mistake\terminals\10.txt","14","[RealAI] Loaded plugin: git_repo_intel","localhost","1716c86c-1fa1-49d1-a6f9-b5bee4567267","False"
"C:\realai\.kilo\worktrees\cotton-mistake\terminals\10.txt","15","[RealAI] Loaded plugin: gpu_balancer","localhost","1716c86c-1fa1-49d1-a6f9-b5bee4567267","False"
"C:\realai\realai_og_mess\realai\API.md","605","Load plugins via `client.plugins.load(plugin_name=""sample_plugin"")` or discover and load all local plugins with `client.model.load_all_plugins()`.","localhost","406d2b92-6ef3-407f-9066-bbb511dfc0a2","False"
"C:\realai\realai_og_mess\realai\.github\agents\agent.md","96","    ??? plugin_system()           # load_plugin / load_all_plugins","localhost","406d2b92-6ef3-407f-9066-bbb511dfc0a2","False"
"C:\realai\realai_og_mess\realai\.github\agents\bootstrap.md","189","Plugins are auto-discovered by `client.plugins.load_all_plugins()`.","localhost","406d2b92-6ef3-407f-9066-bbb511dfc0a2","False"
"C:\realai\realai_og_mess\realai\.github\agents\memory.md","59","- **Plugin discovery**: `load_all_plugins()` scans the `plugins/` directory for","localhost","406d2b92-6ef3-407f-9066-bbb511dfc0a2","False"
"C:\realai\realai_og_mess\realai\.kilo\worktrees\cotton-mistake\API.md","605","Load plugins via `client.plugins.load(plugin_name=""sample_plugin"")` or discover and load all local plugins with `client.model.load_all_plugins()`.","localhost","406d2b92-6ef3-407f-9066-bbb511dfc0a2","False"
"C:\realai\realai_og_mess\realai\.kilo\worktrees\cotton-mistake\.github\agents\agent.md","96","    ??? plugin_system()           # load_plugin / load_all_plugins","localhost","406d2b92-6ef3-407f-9066-bbb511dfc0a2","False"
"C:\realai\realai_og_mess\realai\.kilo\worktrees\cotton-mistake\.github\agents\bootstrap.md","189","Plugins are auto-discovered by `client.plugins.load_all_plugins()`.","localhost","406d2b92-6ef3-407f-9066-bbb511dfc0a2","False"
"C:\realai\realai_og_mess\realai\.kilo\worktrees\cotton-mistake\.github\agents\memory.md","59","- **Plugin discovery**: `load_all_plugins()` scans the `plugins/` directory for","localhost","406d2b92-6ef3-407f-9066-bbb511dfc0a2","False"
"C:\realai\realai_og_mess\realai\.kilo\worktrees\cotton-mistake\agents\agent.md","96","    ??? plugin_system()           # load_plugin / load_all_plugins","localhost","406d2b92-6ef3-407f-9066-bbb511dfc0a2","False"
"C:\realai\realai_og_mess\realai\.kilo\worktrees\cotton-mistake\agents\bootstrap.md","189","Plugins are auto-discovered by `client.plugins.load_all_plugins()`.","localhost","406d2b92-6ef3-407f-9066-bbb511dfc0a2","False"
"C:\realai\realai_og_mess\realai\.kilo\worktrees\cotton-mistake\agents\memory.md","59","- **Plugin discovery**: `load_all_plugins()` scans the `plugins/` directory for","localhost","406d2b92-6ef3-407f-9066-bbb511dfc0a2","False"
"C:\realai\realai_og_mess\realai\.kilo\worktrees\cotton-mistake\realai\api_server.py","764","                discovery = PluginDiscovery()","localhost","406d2b92-6ef3-407f-9066-bbb511dfc0a2","False"
"C:\realai\realai_og_mess\realai\.kilo\worktrees\cotton-mistake\realai\api_server.py","1056","                    from realai.plugin_marketplace import PluginDiscovery, PluginManifest","localhost","406d2b92-6ef3-407f-9066-bbb511dfc0a2","False"
"C:\realai\realai_og_mess\realai\.kilo\worktrees\cotton-mistake\realai\api_server.py","1067","                    discovery = PluginDiscovery()","localhost","406d2b92-6ef3-407f-9066-bbb511dfc0a2","False"
"C:\realai\realai_og_mess\realai\.kilo\worktrees\cotton-mistake\realai\api_server.py","1076","                    discovery = PluginDiscovery()","localhost","406d2b92-6ef3-407f-9066-bbb511dfc0a2","False"
"C:\realai\realai_og_mess\realai\.kilo\worktrees\cotton-mistake\realai\plugin_marketplace.py","8","    from realai.plugin_marketplace import PluginDiscovery, PluginManifest","localhost","406d2b92-6ef3-407f-9066-bbb511dfc0a2","False"
"C:\realai\realai_og_mess\realai\.kilo\worktrees\cotton-mistake\realai\plugin_marketplace.py","10","    discovery = PluginDiscovery()","localhost","406d2b92-6ef3-407f-9066-bbb511dfc0a2","False"
"C:\realai\realai_og_mess\realai\.kilo\worktrees\cotton-mistake\realai\__init__.py","2107","        # Registry of loaded plugins: name -> metadata","localhost","406d2b92-6ef3-407f-9066-bbb511dfc0a2","False"
"C:\realai\realai_og_mess\realai\.kilo\worktrees\cotton-mistake\realai\__init__.py","5493","    def load_plugin(","localhost","406d2b92-6ef3-407f-9066-bbb511dfc0a2","False"
"C:\realai\realai_og_mess\realai\.kilo\worktrees\cotton-mistake\realai\__init__.py","5546","        """"""Discover and load all plugins in the given package namespace.","localhost","406d2b92-6ef3-407f-9066-bbb511dfc0a2","False"
"C:\realai\realai_og_mess\realai\.kilo\worktrees\cotton-mistake\realai\__init__.py","5548","        Returns a list of successfully loaded plugin names.","localhost","406d2b92-6ef3-407f-9066-bbb511dfc0a2","False"
"C:\realai\realai_og_mess\realai\.kilo\worktrees\cotton-mistake\realai\__init__.py","5559","                    self.load_plugin(mod_name)","localhost","406d2b92-6ef3-407f-9066-bbb511dfc0a2","False"
"C:\realai\realai_og_mess\realai\.kilo\worktrees\cotton-mistake\realai\__init__.py","9347","            return self.model.load_plugin(**kwargs)","localhost","406d2b92-6ef3-407f-9066-bbb511dfc0a2","False"
"C:\realai\realai_og_mess\realai\.kilo\worktrees\cotton-mistake\realai\__init__.py","9351","            return self.model.load_plugin(plugin_name, config)","localhost","406d2b92-6ef3-407f-9066-bbb511dfc0a2","False"
"C:\realai\realai_og_mess\realai\.kilo\worktrees\cotton-mistake\terminals\10.txt","9","[RealAI] Discovering plugins in realai/plugins...","localhost","406d2b92-6ef3-407f-9066-bbb511dfc0a2","False"
"C:\realai\realai_og_mess\realai\.kilo\worktrees\cotton-mistake\terminals\10.txt","11","[RealAI] Loaded plugin: advanced_rag","localhost","406d2b92-6ef3-407f-9066-bbb511dfc0a2","False"
"C:\realai\realai_og_mess\realai\.kilo\worktrees\cotton-mistake\terminals\10.txt","12","[RealAI] Loaded plugin: computer_mode","localhost","406d2b92-6ef3-407f-9066-bbb511dfc0a2","False"
"C:\realai\realai_og_mess\realai\.kilo\worktrees\cotton-mistake\terminals\10.txt","13","[RealAI] Loaded plugin: game_world_engine","localhost","406d2b92-6ef3-407f-9066-bbb511dfc0a2","False"
"C:\realai\realai_og_mess\realai\.kilo\worktrees\cotton-mistake\terminals\10.txt","14","[RealAI] Loaded plugin: git_repo_intel","localhost","406d2b92-6ef3-407f-9066-bbb511dfc0a2","False"
"C:\realai\realai_og_mess\realai\.kilo\worktrees\cotton-mistake\terminals\10.txt","15","[RealAI] Loaded plugin: gpu_balancer","localhost","406d2b92-6ef3-407f-9066-bbb511dfc0a2","False"
"C:\realai\recovered\from_desktop_missing\C_Users_tsmit_.grok_worktrees_tsmit-realai_2026-06-16-262686d6_realai_api_server.py","764","                discovery = PluginDiscovery()","localhost","76e39e6f-a27d-495b-b33d-02040d7f3137","False"
"C:\realai\recovered\from_desktop_missing\C_Users_tsmit_.grok_worktrees_tsmit-realai_2026-06-16-262686d6_realai_api_server.py","1056","                    from realai.plugin_marketplace import PluginDiscovery, PluginManifest","localhost","76e39e6f-a27d-495b-b33d-02040d7f3137","False"
"C:\realai\recovered\from_desktop_missing\C_Users_tsmit_.grok_worktrees_tsmit-realai_2026-06-16-262686d6_realai_api_server.py","1067","                    discovery = PluginDiscovery()","localhost","76e39e6f-a27d-495b-b33d-02040d7f3137","False"
"C:\realai\recovered\from_desktop_missing\C_Users_tsmit_.grok_worktrees_tsmit-realai_2026-06-16-262686d6_realai_api_server.py","1076","                    discovery = PluginDiscovery()","localhost","76e39e6f-a27d-495b-b33d-02040d7f3137","False"
"C:\realai\recovered\from_desktop_missing\C_Users_tsmit_.grok_worktrees_tsmit-realai_realai2_realai-clean_realai_api_server.py","732","                discovery = PluginDiscovery()","localhost","76e39e6f-a27d-495b-b33d-02040d7f3137","False"
"C:\realai\recovered\from_desktop_missing\C_Users_tsmit_.grok_worktrees_tsmit-realai_realai2_realai-clean_realai_api_server.py","1024","                    from realai.plugin_marketplace import PluginDiscovery, PluginManifest","localhost","76e39e6f-a27d-495b-b33d-02040d7f3137","False"
"C:\realai\recovered\from_desktop_missing\C_Users_tsmit_.grok_worktrees_tsmit-realai_realai2_realai-clean_realai_api_server.py","1035","                    discovery = PluginDiscovery()","localhost","76e39e6f-a27d-495b-b33d-02040d7f3137","False"
"C:\realai\recovered\from_desktop_missing\C_Users_tsmit_.grok_worktrees_tsmit-realai_realai2_realai-clean_realai_api_server.py","1044","                    discovery = PluginDiscovery()","localhost","76e39e6f-a27d-495b-b33d-02040d7f3137","False"
"C:\realai\recovered\from_desktop_missing\C_Users_tsmit_.grok_worktrees_tsmit-realai_realai2_RealAIProject_realai_api_server.py","732","                discovery = PluginDiscovery()","localhost","76e39e6f-a27d-495b-b33d-02040d7f3137","False"
"C:\realai\recovered\from_desktop_missing\C_Users_tsmit_.grok_worktrees_tsmit-realai_realai2_RealAIProject_realai_api_server.py","1024","                    from realai.plugin_marketplace import PluginDiscovery, PluginManifest","localhost","76e39e6f-a27d-495b-b33d-02040d7f3137","False"
"C:\realai\recovered\from_desktop_missing\C_Users_tsmit_.grok_worktrees_tsmit-realai_realai2_RealAIProject_realai_api_server.py","1035","                    discovery = PluginDiscovery()","localhost","76e39e6f-a27d-495b-b33d-02040d7f3137","False"
"C:\realai\recovered\from_desktop_missing\C_Users_tsmit_.grok_worktrees_tsmit-realai_realai2_RealAIProject_realai_api_server.py","1044","                    discovery = PluginDiscovery()","localhost","76e39e6f-a27d-495b-b33d-02040d7f3137","False"
"C:\realai\recovered\from_desktop_missing\C_Users_tsmit_.grok_worktrees_tsmit-realai_realai2_realai_api_server.py","732","                discovery = PluginDiscovery()","localhost","76e39e6f-a27d-495b-b33d-02040d7f3137","False"
"C:\realai\recovered\from_desktop_missing\C_Users_tsmit_.grok_worktrees_tsmit-realai_realai2_realai_api_server.py","1024","                    from realai.plugin_marketplace import PluginDiscovery, PluginManifest","localhost","76e39e6f-a27d-495b-b33d-02040d7f3137","False"
"C:\realai\recovered\from_desktop_missing\C_Users_tsmit_.grok_worktrees_tsmit-realai_realai2_realai_api_server.py","1035","                    discovery = PluginDiscovery()","localhost","76e39e6f-a27d-495b-b33d-02040d7f3137","False"
"C:\realai\recovered\from_desktop_missing\C_Users_tsmit_.grok_worktrees_tsmit-realai_realai2_realai_api_server.py","1044","                    discovery = PluginDiscovery()","localhost","76e39e6f-a27d-495b-b33d-02040d7f3137","False"
"C:\realai\recovered\from_desktop_missing\C_Users_tsmit_.grok_worktrees_tsmit-realai_realai2_realai_historical_backups_realai_versions_20260612_RealAIProject_realai_api_server.py","732","                discovery = PluginDiscovery()","localhost","76e39e6f-a27d-495b-b33d-02040d7f3137","False"
"C:\realai\recovered\from_desktop_missing\C_Users_tsmit_.grok_worktrees_tsmit-realai_realai2_realai_historical_backups_realai_versions_20260612_RealAIProject_realai_api_server.py","1024","                    from realai.plugin_marketplace import PluginDiscovery, PluginManifest","localhost","76e39e6f-a27d-495b-b33d-02040d7f3137","False"
"C:\realai\recovered\from_desktop_missing\C_Users_tsmit_.grok_worktrees_tsmit-realai_realai2_realai_historical_backups_realai_versions_20260612_RealAIProject_realai_api_server.py","1035","                    discovery = PluginDiscovery()","localhost","76e39e6f-a27d-495b-b33d-02040d7f3137","False"
"C:\realai\recovered\from_desktop_missing\C_Users_tsmit_.grok_worktrees_tsmit-realai_realai2_realai_historical_backups_realai_versions_20260612_RealAIProject_realai_api_server.py","1044","                    discovery = PluginDiscovery()","localhost","76e39e6f-a27d-495b-b33d-02040d7f3137","False"
"C:\realai\recovered\from_desktop_missing\C_Users_tsmit_.grok_worktrees_tsmit-realai_realai2_realai_repo_realai_api_server.py","732","                discovery = PluginDiscovery()","localhost","76e39e6f-a27d-495b-b33d-02040d7f3137","False"
"C:\realai\recovered\from_desktop_missing\C_Users_tsmit_.grok_worktrees_tsmit-realai_realai2_realai_repo_realai_api_server.py","1024","                    from realai.plugin_marketplace import PluginDiscovery, PluginManifest","localhost","76e39e6f-a27d-495b-b33d-02040d7f3137","False"
"C:\realai\recovered\from_desktop_missing\C_Users_tsmit_.grok_worktrees_tsmit-realai_realai2_realai_repo_realai_api_server.py","1035","                    discovery = PluginDiscovery()","localhost","76e39e6f-a27d-495b-b33d-02040d7f3137","False"
"C:\realai\recovered\from_desktop_missing\C_Users_tsmit_.grok_worktrees_tsmit-realai_realai2_realai_repo_realai_api_server.py","1044","                    discovery = PluginDiscovery()","localhost","76e39e6f-a27d-495b-b33d-02040d7f3137","False"
"C:\realai\recovered\from_desktop_missing\C_Users_tsmit_.grok_worktrees_tsmit-realai_realai2_realai_sdk_realai_api_server.py","732","                discovery = PluginDiscovery()","localhost","76e39e6f-a27d-495b-b33d-02040d7f3137","False"
"C:\realai\recovered\from_desktop_missing\C_Users_tsmit_.grok_worktrees_tsmit-realai_realai2_realai_sdk_realai_api_server.py","1024","                    from realai.plugin_marketplace import PluginDiscovery, PluginManifest","localhost","76e39e6f-a27d-495b-b33d-02040d7f3137","False"
"C:\realai\recovered\from_desktop_missing\C_Users_tsmit_.grok_worktrees_tsmit-realai_realai2_realai_sdk_realai_api_server.py","1035","                    discovery = PluginDiscovery()","localhost","76e39e6f-a27d-495b-b33d-02040d7f3137","False"
"C:\realai\recovered\from_desktop_missing\C_Users_tsmit_.grok_worktrees_tsmit-realai_realai2_realai_sdk_realai_api_server.py","1044","                    discovery = PluginDiscovery()","localhost","76e39e6f-a27d-495b-b33d-02040d7f3137","False"
"C:\realai\recovered\from_desktop_missing\C_Users_tsmit_.grok_worktrees_tsmit-realai_realai2_realai_sdk_realai_sdk_api_server.py","732","                discovery = PluginDiscovery()","localhost","76e39e6f-a27d-495b-b33d-02040d7f3137","False"
"C:\realai\recovered\from_desktop_missing\C_Users_tsmit_.grok_worktrees_tsmit-realai_realai2_realai_sdk_realai_sdk_api_server.py","1024","                    from realai.plugin_marketplace import PluginDiscovery, PluginManifest","localhost","76e39e6f-a27d-495b-b33d-02040d7f3137","False"
"C:\Users\tsmit\.grok\worktrees\tsmit-realai\2026-06-16-262686d6\API.md","605","Load plugins via `client.plugins.load(plugin_name=""sample_plugin"")` or discover and load all local plugins with `client.model.load_all_plugins()`.","localhost","624adeca-545f-4705-bb7d-e5d1d9a04b67","False"
"C:\Users\tsmit\.grok\worktrees\tsmit-realai\2026-06-16-262686d6\.github\agents\agent.md","96","    ??? plugin_system()           # load_plugin / load_all_plugins","localhost","624adeca-545f-4705-bb7d-e5d1d9a04b67","False"
"C:\Users\tsmit\.grok\worktrees\tsmit-realai\2026-06-16-262686d6\.github\agents\bootstrap.md","189","Plugins are auto-discovered by `client.plugins.load_all_plugins()`.","localhost","624adeca-545f-4705-bb7d-e5d1d9a04b67","False"
"C:\Users\tsmit\.grok\worktrees\tsmit-realai\2026-06-16-262686d6\.github\agents\memory.md","59","- **Plugin discovery**: `load_all_plugins()` scans the `plugins/` directory for","localhost","624adeca-545f-4705-bb7d-e5d1d9a04b67","False"
"C:\Users\tsmit\.grok\worktrees\tsmit-realai\2026-06-16-262686d6\agents\agent.md","96","    ??? plugin_system()           # load_plugin / load_all_plugins","localhost","624adeca-545f-4705-bb7d-e5d1d9a04b67","False"
"C:\Users\tsmit\.grok\worktrees\tsmit-realai\2026-06-16-262686d6\agents\bootstrap.md","189","Plugins are auto-discovered by `client.plugins.load_all_plugins()`.","localhost","624adeca-545f-4705-bb7d-e5d1d9a04b67","False"
"C:\Users\tsmit\.grok\worktrees\tsmit-realai\2026-06-16-262686d6\agents\memory.md","59","- **Plugin discovery**: `load_all_plugins()` scans the `plugins/` directory for","localhost","624adeca-545f-4705-bb7d-e5d1d9a04b67","False"
"C:\Users\tsmit\.grok\worktrees\tsmit-realai\2026-06-16-262686d6\realai\api_server.py","764","                discovery = PluginDiscovery()","localhost","624adeca-545f-4705-bb7d-e5d1d9a04b67","False"
"C:\Users\tsmit\.grok\worktrees\tsmit-realai\2026-06-16-262686d6\realai\api_server.py","1056","                    from realai.plugin_marketplace import PluginDiscovery, PluginManifest","localhost","624adeca-545f-4705-bb7d-e5d1d9a04b67","False"
"C:\Users\tsmit\.grok\worktrees\tsmit-realai\2026-06-16-262686d6\realai\api_server.py","1067","                    discovery = PluginDiscovery()","localhost","624adeca-545f-4705-bb7d-e5d1d9a04b67","False"
"C:\Users\tsmit\.grok\worktrees\tsmit-realai\2026-06-16-262686d6\realai\api_server.py","1076","                    discovery = PluginDiscovery()","localhost","624adeca-545f-4705-bb7d-e5d1d9a04b67","False"
"C:\Users\tsmit\.grok\worktrees\tsmit-realai\2026-06-16-262686d6\realai\plugin_marketplace.py","8","    from realai.plugin_marketplace import PluginDiscovery, PluginManifest","localhost","624adeca-545f-4705-bb7d-e5d1d9a04b67","False"
"C:\Users\tsmit\.grok\worktrees\tsmit-realai\2026-06-16-262686d6\realai\plugin_marketplace.py","10","    discovery = PluginDiscovery()","localhost","624adeca-545f-4705-bb7d-e5d1d9a04b67","False"
"C:\Users\tsmit\.grok\worktrees\tsmit-realai\2026-06-16-262686d6\realai\__init__.py","2107","        # Registry of loaded plugins: name -> metadata","localhost","624adeca-545f-4705-bb7d-e5d1d9a04b67","False"
"C:\Users\tsmit\.grok\worktrees\tsmit-realai\2026-06-16-262686d6\realai\__init__.py","5493","    def load_plugin(","localhost","624adeca-545f-4705-bb7d-e5d1d9a04b67","False"
"C:\Users\tsmit\.grok\worktrees\tsmit-realai\2026-06-16-262686d6\realai\__init__.py","5546","        """"""Discover and load all plugins in the given package namespace.","localhost","624adeca-545f-4705-bb7d-e5d1d9a04b67","False"
"C:\Users\tsmit\.grok\worktrees\tsmit-realai\2026-06-16-262686d6\realai\__init__.py","5548","        Returns a list of successfully loaded plugin names.","localhost","624adeca-545f-4705-bb7d-e5d1d9a04b67","False"
"C:\Users\tsmit\.grok\worktrees\tsmit-realai\2026-06-16-262686d6\realai\__init__.py","5559","                    self.load_plugin(mod_name)","localhost","624adeca-545f-4705-bb7d-e5d1d9a04b67","False"
"C:\Users\tsmit\.grok\worktrees\tsmit-realai\2026-06-16-262686d6\realai\__init__.py","9347","            return self.model.load_plugin(**kwargs)","localhost","624adeca-545f-4705-bb7d-e5d1d9a04b67","False"
"C:\Users\tsmit\.grok\worktrees\tsmit-realai\2026-06-16-262686d6\realai\__init__.py","9351","            return self.model.load_plugin(plugin_name, config)","localhost","624adeca-545f-4705-bb7d-e5d1d9a04b67","False"
"C:\Users\tsmit\.grok\worktrees\tsmit-realai\2026-06-16-262686d6\terminals\10.txt","9","[RealAI] Discovering plugins in realai/plugins...","localhost","624adeca-545f-4705-bb7d-e5d1d9a04b67","False"
"C:\Users\tsmit\.grok\worktrees\tsmit-realai\2026-06-16-262686d6\terminals\10.txt","11","[RealAI] Loaded plugin: advanced_rag","localhost","624adeca-545f-4705-bb7d-e5d1d9a04b67","False"
"C:\Users\tsmit\.grok\worktrees\tsmit-realai\2026-06-16-262686d6\terminals\10.txt","12","[RealAI] Loaded plugin: computer_mode","localhost","624adeca-545f-4705-bb7d-e5d1d9a04b67","False"
"C:\Users\tsmit\.grok\worktrees\tsmit-realai\2026-06-16-262686d6\terminals\10.txt","13","[RealAI] Loaded plugin: game_world_engine","localhost","624adeca-545f-4705-bb7d-e5d1d9a04b67","False"
"C:\Users\tsmit\.grok\worktrees\tsmit-realai\2026-06-16-262686d6\terminals\10.txt","14","[RealAI] Loaded plugin: git_repo_intel","localhost","624adeca-545f-4705-bb7d-e5d1d9a04b67","False"
"C:\Users\tsmit\.grok\worktrees\tsmit-realai\2026-06-16-262686d6\terminals\10.txt","15","[RealAI] Loaded plugin: gpu_balancer","localhost","624adeca-545f-4705-bb7d-e5d1d9a04b67","False"
"C:\Users\tsmit\.grok\worktrees\tsmit-realai\2026-06-16-262686d6\terminals\10.txt","16","[RealAI] Loaded plugin: image_gen","localhost","624adeca-545f-4705-bb7d-e5d1d9a04b67","False"
"C:\Users\tsmit\.grok\worktrees\tsmit-realai\2026-06-16-262686d6\terminals\10.txt","17","[RealAI] Loaded plugin: knowledge_rag","localhost","624adeca-545f-4705-bb7d-e5d1d9a04b67","False"
"C:\Users\tsmit\.grok\worktrees\tsmit-realai\2026-06-16-262686d6\terminals\10.txt","18","[RealAI] Loaded plugin: llm_chat","localhost","624adeca-545f-4705-bb7d-e5d1d9a04b67","False"
"C:\Users\tsmit\.grok\worktrees\tsmit-realai\2026-06-16-262686d6\terminals\10.txt","19","[RealAI] Loaded plugin: lora_loader","localhost","624adeca-545f-4705-bb7d-e5d1d9a04b67","False"
"C:\Users\tsmit\realai\API.md","605","Load plugins via `client.plugins.load(plugin_name=""sample_plugin"")` or discover and load all local plugins with `client.model.load_all_plugins()`.","localhost","cab44538-f3dc-493e-8808-dbf92b967345","False"
"C:\Users\tsmit\realai\api_big_server.py","732","                discovery = PluginDiscovery()","localhost","cab44538-f3dc-493e-8808-dbf92b967345","False"
"C:\Users\tsmit\realai\api_big_server.py","1048","                    from realai.plugin_marketplace import PluginDiscovery, PluginManifest","localhost","cab44538-f3dc-493e-8808-dbf92b967345","False"
"C:\Users\tsmit\realai\api_big_server.py","1059","                    discovery = PluginDiscovery()","localhost","cab44538-f3dc-493e-8808-dbf92b967345","False"
"C:\Users\tsmit\realai\api_big_server.py","1068","                    discovery = PluginDiscovery()","localhost","cab44538-f3dc-493e-8808-dbf92b967345","False"
"C:\Users\tsmit\realai\.github\agents\agent.md","96","    ??? plugin_system()           # load_plugin / load_all_plugins","localhost","cab44538-f3dc-493e-8808-dbf92b967345","False"
"C:\Users\tsmit\realai\.github\agents\bootstrap.md","189","Plugins are auto-discovered by `client.plugins.load_all_plugins()`.","localhost","cab44538-f3dc-493e-8808-dbf92b967345","False"
"C:\Users\tsmit\realai\.github\agents\memory.md","59","- **Plugin discovery**: `load_all_plugins()` scans the `plugins/` directory for","localhost","cab44538-f3dc-493e-8808-dbf92b967345","False"
"C:\Users\tsmit\realai\.kilo\worktrees\cotton-mistake\API.md","605","Load plugins via `client.plugins.load(plugin_name=""sample_plugin"")` or discover and load all local plugins with `client.model.load_all_plugins()`.","localhost","cab44538-f3dc-493e-8808-dbf92b967345","False"
"C:\Users\tsmit\realai\.kilo\worktrees\cotton-mistake\.github\agents\agent.md","96","    ??? plugin_system()           # load_plugin / load_all_plugins","localhost","cab44538-f3dc-493e-8808-dbf92b967345","False"
"C:\Users\tsmit\realai\.kilo\worktrees\cotton-mistake\.github\agents\bootstrap.md","189","Plugins are auto-discovered by `client.plugins.load_all_plugins()`.","localhost","cab44538-f3dc-493e-8808-dbf92b967345","False"
"C:\Users\tsmit\realai\.kilo\worktrees\cotton-mistake\.github\agents\memory.md","59","- **Plugin discovery**: `load_all_plugins()` scans the `plugins/` directory for","localhost","cab44538-f3dc-493e-8808-dbf92b967345","False"
"C:\Users\tsmit\realai\.kilo\worktrees\cotton-mistake\agents\agent.md","96","    ??? plugin_system()           # load_plugin / load_all_plugins","localhost","cab44538-f3dc-493e-8808-dbf92b967345","False"
"C:\Users\tsmit\realai\.kilo\worktrees\cotton-mistake\agents\bootstrap.md","189","Plugins are auto-discovered by `client.plugins.load_all_plugins()`.","localhost","cab44538-f3dc-493e-8808-dbf92b967345","False"
"C:\Users\tsmit\realai\.kilo\worktrees\cotton-mistake\agents\memory.md","59","- **Plugin discovery**: `load_all_plugins()` scans the `plugins/` directory for","localhost","cab44538-f3dc-493e-8808-dbf92b967345","False"
"C:\Users\tsmit\realai\.kilo\worktrees\cotton-mistake\realai\api_server.py","764","                discovery = PluginDiscovery()","localhost","cab44538-f3dc-493e-8808-dbf92b967345","False"
"C:\Users\tsmit\realai\.kilo\worktrees\cotton-mistake\realai\api_server.py","1056","                    from realai.plugin_marketplace import PluginDiscovery, PluginManifest","localhost","cab44538-f3dc-493e-8808-dbf92b967345","False"
"C:\Users\tsmit\realai\.kilo\worktrees\cotton-mistake\realai\api_server.py","1067","                    discovery = PluginDiscovery()","localhost","cab44538-f3dc-493e-8808-dbf92b967345","False"
"C:\Users\tsmit\realai\.kilo\worktrees\cotton-mistake\realai\api_server.py","1076","                    discovery = PluginDiscovery()","localhost","cab44538-f3dc-493e-8808-dbf92b967345","False"
"C:\Users\tsmit\realai\.kilo\worktrees\cotton-mistake\realai\plugin_marketplace.py","8","    from realai.plugin_marketplace import PluginDiscovery, PluginManifest","localhost","cab44538-f3dc-493e-8808-dbf92b967345","False"
"C:\Users\tsmit\realai\.kilo\worktrees\cotton-mistake\realai\plugin_marketplace.py","10","    discovery = PluginDiscovery()","localhost","cab44538-f3dc-493e-8808-dbf92b967345","False"
"C:\Users\tsmit\realai\.kilo\worktrees\cotton-mistake\realai\__init__.py","2107","        # Registry of loaded plugins: name -> metadata","localhost","cab44538-f3dc-493e-8808-dbf92b967345","False"
"C:\Users\tsmit\realai\.kilo\worktrees\cotton-mistake\realai\__init__.py","5493","    def load_plugin(","localhost","cab44538-f3dc-493e-8808-dbf92b967345","False"
"C:\Users\tsmit\realai\.kilo\worktrees\cotton-mistake\realai\__init__.py","5546","        """"""Discover and load all plugins in the given package namespace.","localhost","cab44538-f3dc-493e-8808-dbf92b967345","False"
"C:\Users\tsmit\realai\.kilo\worktrees\cotton-mistake\realai\__init__.py","5548","        Returns a list of successfully loaded plugin names.","localhost","cab44538-f3dc-493e-8808-dbf92b967345","False"
"C:\Users\tsmit\realai\.kilo\worktrees\cotton-mistake\realai\__init__.py","5559","                    self.load_plugin(mod_name)","localhost","cab44538-f3dc-493e-8808-dbf92b967345","False"
"C:\Users\tsmit\realai\.kilo\worktrees\cotton-mistake\realai\__init__.py","9347","            return self.model.load_plugin(**kwargs)","localhost","cab44538-f3dc-493e-8808-dbf92b967345","False"
"C:\Users\tsmit\realai\.kilo\worktrees\cotton-mistake\realai\__init__.py","9351","            return self.model.load_plugin(plugin_name, config)","localhost","cab44538-f3dc-493e-8808-dbf92b967345","False"
"C:\Users\tsmit\realai\.kilo\worktrees\cotton-mistake\terminals\10.txt","9","[RealAI] Discovering plugins in realai/plugins...","localhost","cab44538-f3dc-493e-8808-dbf92b967345","False"
"C:\Users\tsmit\realai\.kilo\worktrees\cotton-mistake\terminals\10.txt","11","[RealAI] Loaded plugin: advanced_rag","localhost","cab44538-f3dc-493e-8808-dbf92b967345","False"
"C:\Users\tsmit\realai-clean\API.md","605","Load plugins via `client.plugins.load(plugin_name=""sample_plugin"")` or discover and load all local plugins with `client.model.load_all_plugins()`.","localhost","c619a0a6-1d03-460b-aca4-1cdab255a9e3","False"
"C:\Users\tsmit\realai-clean\.backup\clean_backup_20260708_041701\API.md","605","Load plugins via `client.plugins.load(plugin_name=""sample_plugin"")` or discover and load all local plugins with `client.model.load_all_plugins()`.","localhost","c619a0a6-1d03-460b-aca4-1cdab255a9e3","False"
"C:\Users\tsmit\realai-clean\.backup\clean_backup_20260708_041701\.github\agents\agent.md","96","    ??? plugin_system()           # load_plugin / load_all_plugins","localhost","c619a0a6-1d03-460b-aca4-1cdab255a9e3","False"
"C:\Users\tsmit\realai-clean\.backup\clean_backup_20260708_041701\.github\agents\bootstrap.md","189","Plugins are auto-discovered by `client.plugins.load_all_plugins()`.","localhost","c619a0a6-1d03-460b-aca4-1cdab255a9e3","False"
"C:\Users\tsmit\realai-clean\.backup\clean_backup_20260708_041701\.github\agents\memory.md","59","- **Plugin discovery**: `load_all_plugins()` scans the `plugins/` directory for","localhost","c619a0a6-1d03-460b-aca4-1cdab255a9e3","False"
"C:\Users\tsmit\realai-clean\.backup\clean_backup_20260708_041701\agents\agent.md","96","    ??? plugin_system()           # load_plugin / load_all_plugins","localhost","c619a0a6-1d03-460b-aca4-1cdab255a9e3","False"
"C:\Users\tsmit\realai-clean\.backup\clean_backup_20260708_041701\agents\bootstrap.md","189","Plugins are auto-discovered by `client.plugins.load_all_plugins()`.","localhost","c619a0a6-1d03-460b-aca4-1cdab255a9e3","False"
"C:\Users\tsmit\realai-clean\.backup\clean_backup_20260708_041701\agents\memory.md","59","- **Plugin discovery**: `load_all_plugins()` scans the `plugins/` directory for","localhost","c619a0a6-1d03-460b-aca4-1cdab255a9e3","False"
"C:\Users\tsmit\realai-clean\.backup\clean_backup_20260708_041701\realai\api_server.py","774","                discovery = PluginDiscovery()","localhost","c619a0a6-1d03-460b-aca4-1cdab255a9e3","False"
"C:\Users\tsmit\realai-clean\.backup\clean_backup_20260708_041701\realai\api_server.py","1108","                    from realai.plugin_marketplace import PluginDiscovery, PluginManifest","localhost","c619a0a6-1d03-460b-aca4-1cdab255a9e3","False"
"C:\Users\tsmit\realai-clean\.backup\clean_backup_20260708_041701\realai\api_server.py","1119","                    discovery = PluginDiscovery()","localhost","c619a0a6-1d03-460b-aca4-1cdab255a9e3","False"
"C:\Users\tsmit\realai-clean\.backup\clean_backup_20260708_041701\realai\api_server.py","1128","                    discovery = PluginDiscovery()","localhost","c619a0a6-1d03-460b-aca4-1cdab255a9e3","False"
"C:\Users\tsmit\realai-clean\.backup\clean_backup_20260708_041701\realai\plugin_marketplace.py","8","    from realai.plugin_marketplace import PluginDiscovery, PluginManifest","localhost","c619a0a6-1d03-460b-aca4-1cdab255a9e3","False"
"C:\Users\tsmit\realai-clean\.backup\clean_backup_20260708_041701\realai\plugin_marketplace.py","10","    discovery = PluginDiscovery()","localhost","c619a0a6-1d03-460b-aca4-1cdab255a9e3","False"
"C:\Users\tsmit\realai-clean\.backup\clean_backup_20260708_041701\realai\__init__.py","2107","        # Registry of loaded plugins: name -> metadata","localhost","c619a0a6-1d03-460b-aca4-1cdab255a9e3","False"
"C:\Users\tsmit\realai-clean\.backup\clean_backup_20260708_041701\realai\__init__.py","5493","    def load_plugin(","localhost","c619a0a6-1d03-460b-aca4-1cdab255a9e3","False"
"C:\Users\tsmit\realai-clean\.backup\clean_backup_20260708_041701\realai\__init__.py","5546","        """"""Discover and load all plugins in the given package namespace.","localhost","c619a0a6-1d03-460b-aca4-1cdab255a9e3","False"
"C:\Users\tsmit\realai-clean\.backup\clean_backup_20260708_041701\realai\__init__.py","5548","        Returns a list of successfully loaded plugin names.","localhost","c619a0a6-1d03-460b-aca4-1cdab255a9e3","False"
"C:\Users\tsmit\realai-clean\.backup\clean_backup_20260708_041701\realai\__init__.py","5559","                    self.load_plugin(mod_name)","localhost","c619a0a6-1d03-460b-aca4-1cdab255a9e3","False"
"C:\Users\tsmit\realai-clean\.backup\clean_backup_20260708_041701\realai\__init__.py","9347","            return self.model.load_plugin(**kwargs)","localhost","c619a0a6-1d03-460b-aca4-1cdab255a9e3","False"
"C:\Users\tsmit\realai-clean\.backup\clean_backup_20260708_041701\realai\__init__.py","9351","            return self.model.load_plugin(plugin_name, config)","localhost","c619a0a6-1d03-460b-aca4-1cdab255a9e3","False"
"C:\Users\tsmit\realai-clean\.backup\clean_backup_20260708_041701\terminals\10.txt","9","[RealAI] Discovering plugins in realai/plugins...","localhost","c619a0a6-1d03-460b-aca4-1cdab255a9e3","False"
"C:\Users\tsmit\realai-clean\.backup\clean_backup_20260708_041701\terminals\10.txt","11","[RealAI] Loaded plugin: advanced_rag","localhost","c619a0a6-1d03-460b-aca4-1cdab255a9e3","False"
"C:\Users\tsmit\realai-clean\.backup\clean_backup_20260708_041701\terminals\10.txt","12","[RealAI] Loaded plugin: computer_mode","localhost","c619a0a6-1d03-460b-aca4-1cdab255a9e3","False"
"C:\Users\tsmit\realai-clean\.backup\clean_backup_20260708_041701\terminals\10.txt","13","[RealAI] Loaded plugin: game_world_engine","localhost","c619a0a6-1d03-460b-aca4-1cdab255a9e3","False"
"C:\Users\tsmit\realai-clean\.backup\clean_backup_20260708_041701\terminals\10.txt","14","[RealAI] Loaded plugin: git_repo_intel","localhost","c619a0a6-1d03-460b-aca4-1cdab255a9e3","False"
"C:\Users\tsmit\realai-clean\.backup\clean_backup_20260708_041701\terminals\10.txt","15","[RealAI] Loaded plugin: gpu_balancer","localhost","c619a0a6-1d03-460b-aca4-1cdab255a9e3","False"
"C:\Users\tsmit\realai-clean\.backup\clean_backup_20260708_041701\terminals\10.txt","16","[RealAI] Loaded plugin: image_gen","localhost","c619a0a6-1d03-460b-aca4-1cdab255a9e3","False"
"C:\Users\tsmit\realai-clean\.backup\clean_backup_20260708_041701\terminals\10.txt","17","[RealAI] Loaded plugin: knowledge_rag","localhost","c619a0a6-1d03-460b-aca4-1cdab255a9e3","False"
"C:\Users\tsmit\realai-clean\.backup\clean_backup_20260708_041701\terminals\10.txt","18","[RealAI] Loaded plugin: llm_chat","localhost","c619a0a6-1d03-460b-aca4-1cdab255a9e3","False"
"C:\Users\tsmit\Documents\errors.txt","750","                discovery = PluginDiscovery()","localhost","4fd0bdc3-dcf4-4483-a839-870e7a0c54b3","False"
"C:\Users\tsmit\Documents\errors.txt","1071","                    from realai.plugin_marketplace import PluginDiscovery, PluginManifest","localhost","4fd0bdc3-dcf4-4483-a839-870e7a0c54b3","False"
"C:\Users\tsmit\Documents\errors.txt","1082","                    discovery = PluginDiscovery()","localhost","4fd0bdc3-dcf4-4483-a839-870e7a0c54b3","False"
"C:\Users\tsmit\Documents\errors.txt","1091","                    discovery = PluginDiscovery()","localhost","4fd0bdc3-dcf4-4483-a839-870e7a0c54b3","False"
"C:\Users\tsmit\Documents\PS CUserstsmitrealai cd CUserstsmit.txt","468","    Get RealAI server status and a best-effort list of loaded plugins.","localhost","4fd0bdc3-dcf4-4483-a839-870e7a0c54b3","False"
"C:\Users\tsmit\Documents\PS CUserstsmitrealai cd CUserstsmit.txt","518","loaded plugins.","localhost","4fd0bdc3-dcf4-4483-a839-870e7a0c54b3","False"
"C:\Users\tsmit\Documents\PS CUserstsmitrealai cd CUserstsmit.txt","589","            return self.model.load_plugin(**kwargs)","localhost","4fd0bdc3-dcf4-4483-a839-870e7a0c54b3","False"
"C:\Users\tsmit\Documents\PS CUserstsmitrealai cd CUserstsmit.txt","593","            return self.model.load_plugin(plugin_name, config)","localhost","4fd0bdc3-dcf4-4483-a839-870e7a0c54b3","False"
"C:\Users\tsmit\Documents\realaiapiserver.txt","764","                discovery = PluginDiscovery()","localhost","4fd0bdc3-dcf4-4483-a839-870e7a0c54b3","False"
"C:\Users\tsmit\Documents\realaiapiserver.txt","1056","                    from realai.plugin_marketplace import PluginDiscovery, PluginManifest","localhost","4fd0bdc3-dcf4-4483-a839-870e7a0c54b3","False"
"C:\Users\tsmit\Documents\realaiapiserver.txt","1067","                    discovery = PluginDiscovery()","localhost","4fd0bdc3-dcf4-4483-a839-870e7a0c54b3","False"
"C:\Users\tsmit\Documents\realaiapiserver.txt","1076","                    discovery = PluginDiscovery()","localhost","4fd0bdc3-dcf4-4483-a839-870e7a0c54b3","False"
"C:\Users\tsmit\Documents\vulkan_api_server.txt","732","                discovery = PluginDiscovery()","localhost","4fd0bdc3-dcf4-4483-a839-870e7a0c54b3","False"
"C:\Users\tsmit\Documents\vulkan_api_server.txt","1051","                    from realai.plugin_marketplace import PluginDiscovery, PluginManifest","localhost","4fd0bdc3-dcf4-4483-a839-870e7a0c54b3","False"
"C:\Users\tsmit\Documents\vulkan_api_server.txt","1062","                    discovery = PluginDiscovery()","localhost","4fd0bdc3-dcf4-4483-a839-870e7a0c54b3","False"
"C:\Users\tsmit\Documents\vulkan_api_server.txt","1071","                    discovery = PluginDiscovery()","localhost","4fd0bdc3-dcf4-4483-a839-870e7a0c54b3","False"
"C:\Users\tsmit\Documents\GitHub\realai\API.md","605","Load plugins via `client.plugins.load(plugin_name=""sample_plugin"")` or discover and load all local plugins with `client.model.load_all_plugins()`.","localhost","4fd0bdc3-dcf4-4483-a839-870e7a0c54b3","False"
"C:\Users\tsmit\Documents\GitHub\realai\README.md","445","plugin = client.plugins.load(","localhost","4fd0bdc3-dcf4-4483-a839-870e7a0c54b3","False"
"C:\Users\tsmit\Documents\GitHub\realai\README.md","507","- `client.plugins.load(**kwargs)` - Load plugins","localhost","4fd0bdc3-dcf4-4483-a839-870e7a0c54b3","False"
"C:\Users\tsmit\Documents\GitHub\realai\README.md","690","- ? `plugin system`: load local plugins from the `plugins/` package. Plugins expose `register(model, config)` and may attach methods to the `RealAI` model. Use `client.plugins.load(...)` or `client.model.load_all_plugins()` to discover local plugins.","localhost","4fd0bdc3-dcf4-4483-a839-870e7a0c54b3","False"
"C:\Users\tsmit\Documents\GitHub\realai\test_realai.py","837","    response = client.plugins.load(","localhost","4fd0bdc3-dcf4-4483-a839-870e7a0c54b3","False"
"C:\Users\tsmit\Documents\GitHub\realai\test_realai.py","849","    response = client.plugins.load(plugin_name=""sample_plugin"")","localhost","4fd0bdc3-dcf4-4483-a839-870e7a0c54b3","False"
"C:\Users\tsmit\Documents\GitHub\realai\test_realai.py","861","    """"""Test discovery and loading of all plugins in `plugins` package.""""""","localhost","4fd0bdc3-dcf4-4483-a839-870e7a0c54b3","False"
"C:\Users\tsmit\Documents\GitHub\realai\test_realai.py","2439","    from realai.plugin_marketplace import PluginDiscovery, PluginManifest","localhost","4fd0bdc3-dcf4-4483-a839-870e7a0c54b3","False"
"C:\Users\tsmit\Documents\GitHub\realai\test_realai.py","2445","    discovery = PluginDiscovery(manifests_path=tmp_path)","localhost","4fd0bdc3-dcf4-4483-a839-870e7a0c54b3","False"
"C:\Users\tsmit\Documents\GitHub\realai\test_realai.py","2472","    success = discovery.uninstall(""test-plugin"")","localhost","4fd0bdc3-dcf4-4483-a839-870e7a0c54b3","False"
"C:\Users\tsmit\Documents\GitHub\realai\.github\agents\agent.md","96","    ??? plugin_system()           # load_plugin / load_all_plugins","localhost","4fd0bdc3-dcf4-4483-a839-870e7a0c54b3","False"
"C:\Users\tsmit\Documents\GitHub\realai\.github\agents\bootstrap.md","189","Plugins are auto-discovered by `client.plugins.load_all_plugins()`.","localhost","4fd0bdc3-dcf4-4483-a839-870e7a0c54b3","False"
"C:\Users\tsmit\Documents\GitHub\realai\.github\agents\memory.md","59","- **Plugin discovery**: `load_all_plugins()` scans the `plugins/` directory for","localhost","4fd0bdc3-dcf4-4483-a839-870e7a0c54b3","False"
"C:\Users\tsmit\Documents\GitHub\realai\realai\api_server.py","732","                discovery = PluginDiscovery()","localhost","4fd0bdc3-dcf4-4483-a839-870e7a0c54b3","False"
"C:\Users\tsmit\OneDrive\Desktop\API.md","582","Load plugins via `client.plugins.load(plugin_name=""sample_plugin"")` or discover and load all local plugins with `client.model.load_all_plugins()`.","localhost","efc05125-2661-468f-a13d-cfc3e2dde706","False"
"C:\Users\tsmit\OneDrive\Desktop\examples_limitless.py","347","    plugin = client.plugins.load(","localhost","efc05125-2661-468f-a13d-cfc3e2dde706","False"
"C:\Users\tsmit\OneDrive\Desktop\README.md","422","plugin = client.plugins.load(","localhost","efc05125-2661-468f-a13d-cfc3e2dde706","False"
"C:\Users\tsmit\OneDrive\Desktop\README.md","484","- `client.plugins.load(**kwargs)` - Load plugins","localhost","efc05125-2661-468f-a13d-cfc3e2dde706","False"
"C:\Users\tsmit\OneDrive\Desktop\README.md","667","- ? `plugin system`: load local plugins from the `plugins/` package. Plugins expose `register(model, config)` and may attach methods to the `RealAI` model. Use `client.plugins.load(...)` or `client.model.load_all_plugins()` to discover local plugins.","localhost","efc05125-2661-468f-a13d-cfc3e2dde706","False"
"C:\Users\tsmit\OneDrive\Desktop\test_realai.py","370","    response = client.plugins.load(","localhost","efc05125-2661-468f-a13d-cfc3e2dde706","False"
"C:\Users\tsmit\OneDrive\Desktop\test_realai.py","382","    response = client.plugins.load(plugin_name=""sample_plugin"")","localhost","efc05125-2661-468f-a13d-cfc3e2dde706","False"
"C:\Users\tsmit\OneDrive\Desktop\test_realai.py","394","    """"""Test discovery and loading of all plugins in `plugins` package.""""""","localhost","efc05125-2661-468f-a13d-cfc3e2dde706","False"
"C:\Users\tsmit\OneDrive\Desktop\.github\agents\agent.md","96","    ??? plugin_system()           # load_plugin / load_all_plugins","localhost","efc05125-2661-468f-a13d-cfc3e2dde706","False"
"C:\Users\tsmit\OneDrive\Desktop\.github\agents\bootstrap.md","189","Plugins are auto-discovered by `client.plugins.load_all_plugins()`.","localhost","efc05125-2661-468f-a13d-cfc3e2dde706","False"
"C:\Users\tsmit\OneDrive\Desktop\.github\agents\memory.md","59","- **Plugin discovery**: `load_all_plugins()` scans the `plugins/` directory for","localhost","efc05125-2661-468f-a13d-cfc3e2dde706","False"
"C:\Users\tsmit\OneDrive\Desktop\build\realai_launcher\warn-realai_launcher.txt","17","missing module named 'collections.abc' - imported by tracemalloc (top-level), typing (top-level), traceback (top-level), _colorize (top-level), logging (top-level), selectors (top-level), http.client (top-level), importlib.resources.readers (top-level), inspect (top-level), typing_extensions (top-level), asyncio.base_events (top-level), multiprocessing.managers (top-level), asyncio.coroutines (top-level), setuptools (top-level), setuptools._distutils.filelist (top-level), setuptools._distutils.util (top-level), setuptools._vendor.jaraco.functools (top-level), setuptools._vendor.more_itertools.more (top-level), setuptools._distutils._modified (top-level), setuptools._distutils.compat (top-level), setuptools._distutils.spawn (top-level), setuptools._distutils.compilers.C.base (top-level), setuptools._distutils.fancy_getopt (top-level), packaging.tags (conditional), setuptools._reqs (top-level), setuptools._vendor.jaraco.context (top-level), setuptools.discovery (top-level), setuptools.dist (top-level), setuptools._vendor.importlib_metadata (top-level), setuptools._vendor.importlib_metadata._meta (top-level), setuptools._distutils.command.bdist (top-level), setuptools._distutils.core (top-level), setuptools._distutils.cmd (top-level), setuptools._distutils.dist (top-level), configparser (top-level), setuptools._distutils.extension (top-level), setuptools.config.setupcfg (top-level), setuptools.config.expand (top-level), setuptools.config.pyprojecttoml (top-level), setuptools.config._apply_pyprojecttoml (top-level), setuptools.extension (top-level), tomllib._parser (conditional), setuptools._vendor.tomli._parser (conditional), setuptools.wheel (top-level), setuptools.command.egg_info (top-level), setuptools.command.bdist_egg (top-level), setuptools.command.sdist (top-level), setuptools._distutils.command.build (top-level), setuptools._distutils.command.sdist (top-level), setuptools.glob (top-level), setuptools.command._requirestxt (top-level), setuptools.command.bdist_wheel (top-level), requests.compat (top-level), cryptography.utils (top-level), cryptography.x509.name (top-level), cryptography.x509.base (top-level), cryptography.hazmat.bindings.openssl.binding (top-level), cryptography.x509.extensions (top-level), sqlite3.dbapi2 (top-level), diskcache.persistent (top-level), transformers.utils.auto_docstring (top-level), transformers.utils.generic (top-level), numpy._typing._array_like (top-level), numpy._typing._nested_sequence (conditional), numpy._typing._shape (top-level), numpy._typing._dtype_like (top-level), numpy.lib._function_base_impl (top-level), _pyrepl.types (top-level), numpy.lib._npyio_impl (top-level), yaml.constructor (top-level), numpy.random._common (top-level), numpy.random._generator (top-level), numpy.random.bit_generator (top-level), numpy.random.mtrand (top-level), numpy.polynomial._polybase (top-level), transformers.utils.logging (top-level), huggingface_hub._buckets (top-level), httpx._models (top-level), anyio._core._eventloop (top-level), anyio._core._exceptions (top-level), anyio.abc._eventloop (top-level), anyio._core._synchronization (top-level), anyio._core._tasks (top-level), anyio.abc._tasks (top-level), anyio._core._testing (top-level), anyio.abc._sockets (top-level), anyio._core._typedattr (top-level), anyio.abc._streams (top-level), anyio._core._sockets (top-level), anyio.to_thread (top-level), anyio.streams.stapled (top-level), anyio.streams.tls (top-level), anyio.abc._testing (top-level), anyio.from_thread (top-level), anyio._core._fileio (top-level), anyio._core._signals (top-level), anyio._core._subprocesses (top-level), anyio._core._tempfile (top-level), click.core (top-level), click.types (top-level), click._compat (top-level), click._winconsole (top-level), click.exceptions (top-level), click.utils (top-level), click.shell_completion (top-level), click.formatting (top-level), click.parser (top-level), click._textwrap (top-level), click.termui (top-level), click._termui_impl (top-level), markdown_it.main (top-level), markdown_it.ruler (top-level), markdown_it.utils (top-level), markdown_it.token (top-level), markdown_it.common.normalize_url (top-level), mdurl._decode (top-level), mdurl._encode (top-level), markdown_it._punycode (top-level), markdown_it.parser_block (top-level), markdown_it.parser_core (top-level), markdown_it.parser_inline (top-level), markdown_it.renderer (top-level), rich.scope (top-level), attr._compat (top-level), attr._make (top-level), huggingface_hub.utils.tqdm (top-level), pydantic_core._pydantic_core (top-level), pydantic_core.core_schema (top-level), typing_inspection.introspection (top-level), typing_inspection.typing_objects (top-level), pydantic._internal._repr (top-level), pydantic._internal._typing_extra (top-level), pydantic._internal._namespace_utils (top-level), pydantic.fields (top-level), pydantic.types (top-level), pydantic._internal._fields (top-level), pydantic._internal._generics (top-level), pydantic._internal._core_utils (top-level), pydantic._internal._generate_schema (top-level), pydantic.json_schema (top-level), pydantic._internal._decorators (top-level), pydantic._internal._utils (top-level), pydantic.main (top-level), pydantic._internal._mock_val_ser (top-level), pydantic.plugin._schema_validator (top-level), pydantic.plugin._loader (top-level), pydantic.type_adapter (top-level), pydantic._internal._dataclasses (top-level), pydantic._internal._discriminated_union (top-level), pydantic._internal._known_annotated_metadata (top-level), pydantic._internal._validators (top-level), pydantic._internal._serializers (top-level), pydantic.v1.typing (top-level), pydantic.v1.fields (top-level), pydantic.v1.validators (top-level), pydantic._internal._validate_call (top-level), huggingface_hub.utils._chunk_utils (top-level), huggingface_hub.utils._experimental (top-level), huggingface_hub.utils._fixes (top-level), filelock._api (conditional), filelock._read_write (conditional), filelock._soft_rw._sync (conditional), filelock._soft_rw._async (conditional), filelock._async_read_write (conditional), filelock.asyncio (conditional), huggingface_hub.utils._subprocess (top-level), huggingface_hub.utils._typing (top-level), huggingface_hub.utils._http (top-level), huggingface_hub.utils._pagination (top-level), huggingface_hub.utils._paths (top-level), huggingface_hub.hf_api (top-level), huggingface_hub._commit_api (top-level), huggingface_hub.lfs (top-level), huggingface_hub.inference._client (top-level), huggingface_hub.inference._common (top-level), huggingface_hub.utils._deprecation (top-level), huggingface_hub._snapshot_download (top-level), typer.main (top-level), typer._typing (top-level), typer.completion (top-level), typer.rich_utils (top-level), typer.models (top-level), typer.core (top-level), typer.utils (top-level), typer.params (top-level), markupsafe (top-level), torch (top-level), torch._utils (top-level), torch._library.autograd (top-level), torch._ops (top-level), torch.nn.modules.module (top-level), torch._prims_common (top-level), sympy.core.basic (top-level), sympy.core.containers (top-level), sympy.core.expr (top-level), sympy.core.function (top-level), sympy.logic.boolalg (top-level), sympy.printing.conventions (top-level), sympy.sets.sets (top-level), sympy.matrices.matrixbase (top-level), sympy.combinatorics.permutations (top-level), sympy.ntheory.factor_ (top-level), sympy.tensor.indexed (top-level), sympy.tensor.array.ndim_array (top-level), sympy.tensor.array.arrayop (top-level), sympy.tensor.array.expressions.array_expressions (top-level), sympy.polys.puiseux (conditional), sympy.matrices.sparse (top-level), sympy.strategies.core (top-level), sympy.tensor.array.expressions.from_array_to_indexed (top-level), sympy.tensor.functions (top-level), sympy.vector.coordsysrect (top-level), sympy.solvers.polysys (top-level), sympy.physics.units.util (top-level), sympy.plotting.series (top-level), sympy.plotting.backends.matplotlibbackend.matplotlib (top-level), sympy.integrals.manualintegrate (top-level), sympy.printing.tensorflow (top-level), torch.fx.immutable_collections (top-level), torch.utils._pytree (top-level), torch.torch_version (top-level), torch.utils._cxx_pytree (top-level), torch._dynamo.aot_compile (top-level), torch._logging._internal (top-level), torch._logging.structured (top-level), torch.fx.graph_module (top-level), torch.overrides (top-level), torch.package.package_exporter (top-level), torch.serialization (top-level), torch._weights_only_unpickler (top-level), torch.types (top-level), torch.autograd (top-level), torch._vmap_internals (top-level), torch.utils._contextlib (top-level), torch._decomp (top-level), torch.export (top-level), torch.fx._compatibility (top-level), torch.fx.graph (top-level), torch._library.opaque_object (top-level), torch._library.utils (top-level), torch._utils_internal (top-level), torch._strobelight.cli_function_profiler (top-level), torch.utils._ordered_set (top-level), torchgen.code_template (conditional), torchgen.utils (conditional), torchgen.model (conditional), torchgen.local (conditional), torchgen.api.types.signatures (conditional), torchgen.api.dispatcher (conditional), torchgen.api.native (conditional), torchgen.api.translate (conditional), torchgen.api.cpp (conditional), torch.utils._python_dispatch (conditional), torch._subclasses.functional_tensor (conditional), torch._functorch.pyfunctorch (conditional), torch.fx.node (top-level), torch.fx.operator_schemas (top-level), torch.distributed.device_mesh (top-level), torch.distributed._mesh_layout (top-level), torch.utils._typing_utils (top-level), torch.utils._config_module (top-level), torch._functorch.config (top-level), torch.fx.experimental.symbolic_shapes (top-level), torch._dispatch.python (top-level), torch.utils.weak (top-level), torch._subclasses.meta_utils (conditional), torch.nn.functional (top-level), torch.nn.attention (top-level), torch.nn.attention._registry (top-level), torch.nn.attention._fa3 (conditional), torch.library (top-level), torch._library.custom_ops (top-level), torch.utils._exposed_in (top-level), torch._functorch.utils (top-level), torch._functorch.vmap (top-level), torch._export (top-level), torch.export._tree_utils (top-level), torch.export.graph_signature (top-level), torch._functorch._aot_autograd.utils (top-level), torch.fx.experimental.proxy_tensor (top-level), torch.utils._stats (top-level), torch._subclasses.fake_impls (conditional), torch._prims (top-level), torch._higher_order_ops.auto_functionalize (top-level), torch._higher_order_ops.utils (top-level), torch.utils._sympy.functions (top-level), torch._dynamo.source (top-level), torch._dynamo.bytecode_transformation (top-level), torch._dynamo.config (top-level), torch._dynamo.output_graph (top-level), torch._dynamo.symbolic_convert (top-level), torch.utils._functools (top-level), torch._dynamo.logging (top-level), torch._dynamo.trace_rules (top-level), torch.fx._graph_pickler (top-level), torch._dynamo.device_interface (top-level), torch.cuda (top-level), torch.cuda.gds (top-level), setuptools.command.build_ext (top-level), setuptools._distutils.command.build_ext (top-level), _pyrepl.readline (top-level), setuptools._distutils.compilers.C.msvc (top-level), torch.utils.hipify.hipify_python (top-level), torch.cuda.graphs (top-level), torch.autograd.profiler (top-level), torch.futures (conditional), torch.optim.optimizer (top-level), torch.optim.lr_scheduler (conditional), torch.optim.swa_utils (top-level), torch.optim._muon (top-level), torch.profiler.profiler (top-level), torch.profiler._memory_profiler (top-level), torch._inductor.config (top-level), torch._inductor.custom_graph_pass (top-level), torch._functorch.partitioners (top-level), torch._inductor.inductor_prims (conditional), torch.testing._comparison (top-level), torch.testing._creation (top-level), torch.testing._internal.logging_tensor (top-level), networkx.utils.misc (top-level), networkx.utils.backends (delayed), networkx.convert (top-level), networkx.classes.coreviews (top-level), networkx.classes.reportviews (top-level), networkx.algorithms.lowest_common_ancestors (top-level), networkx.algorithms.approximation.kcomponents (top-level), networkx.generators.interval_graph (top-level), networkx.generators.lattice (delayed), xml.etree.ElementTree (top-level), networkx.drawing.nx_pylab (delayed), torch._functorch._activation_checkpointing.knapsack_evaluator (top-level), torch._functorch._aot_autograd.logging_utils (top-level), torch._functorch.compile_utils (conditional), torch._inductor.pattern_matcher (top-level), torch.fx.passes.graph_transform_observer (top-level), torch._inductor.compiler_bisector (top-level), torch._inductor.runtime.cache_dir_utils (top-level), torch._inductor.utils (top-level), torch.fx.passes.infra.pass_manager (top-level), torch.fx.passes.infra.partitioner (top-level), torch.fx.passes.tools_common (top-level), torch.utils._debug_mode (top-level), torch.distributed._tools.fsdp2_mem_tracker (top-level), torch.distributed._tools.mem_tracker (top-level), torch.distributed._tools.mod_tracker (top-level), torch.autograd.graph (top-level), torch.distributed.distributed_c10d (top-level), torch.utils.tensorboard._proto_graph (top-level), torch.distributed.c10d_logger (top-level), torch.distributed.rendezvous (top-level), torch.compiler (top-level), torch._higher_order_ops.invoke_subgraph (top-level), torch._decomp.decompositions_for_rng (top-level), torch._dynamo.compiled_autograd (top-level), torch._dynamo.external_utils (top-level), torch._functorch._aot_autograd.runtime_wrappers (top-level), torch._dynamo.callback (top-level), torch._functorch._aot_autograd.subclass_utils (top-level), torch._functorch._aot_autograd.collect_metadata_analysis (conditional), torch._functorch._aot_autograd.graph_capture_wrappers (top-level), torch.nn.utils.parametrize (top-level), torch.nn.modules.container (conditional), torch.nn.utils.rnn (top-level), torch.nn.utils._named_member_accessor (top-level), torch.nn.utils.clip_grad (top-level), torch.nn.utils.convert_parameters (top-level), torch.fx.proxy (top-level), torch._dynamo.eval_frame (top-level), torch._dynamo.types (top-level), torch._export.utils (top-level), torch._export.pass_base (top-level), torch._export.pass_infra.proxy_value (top-level), torch._higher_order_ops.map (top-level), torch.fx.experimental.const_fold (top-level), torch.fx.passes.split_module (top-level), torch._functorch.eager_transforms (conditional), torch._functorch.make_functional (conditional), torch._functorch.deprecated (conditional), torch._functorch.functional_call (top-level), torch._export.verifier (top-level), torch.export.exported_program (top-level), torch.fx._symbolic_trace (top-level), torch.utils._sympy.value_ranges (top-level), torch.export.decomp_utils (top-level), torch.export._trace (top-level), torch._export.non_strict_utils (top-level), torch._dynamo.variables.base (top-level), torch._dynamo.current_scope_id (top-level), torch._dynamo.codegen (top-level), torch._dynamo.variables.functions (top-level), torch._dynamo.polyfills (top-level), torch._dynamo.polyfills._collections (top-level), torch._dynamo.decorators (top-level), torch._dynamo.comptime (top-level), torch._dynamo.variables.tensor (top-level), torch._numpy._ndarray (top-level), torch._numpy._funcs_impl (conditional), torch._numpy.linalg (conditional), torch.random (top-level), torch.utils._cpp_embed_headers (top-level), torch.mps.profiler (top-level), torch.xpu (top-level), torch.xpu.graphs (top-level), torch.xpu.random (top-level), torch.mtia (top-level), torch._dynamo.variables.constant (top-level), torch._dynamo.variables.lists (top-level), torch._dynamo.variables.iter (top-level), torch._dynamo.variables.user_defined (top-level), torch._dynamo.create_parameter_op (top-level), torch._dynamo.graph_bytecode_inputs (top-level), torch._higher_order_ops.invoke_leaf_function (top-level), torch._higher_order_ops.flat_apply (top-level), torch._dynamo.variables.dicts (top-level), torch._dynamo.variables.builtin (top-level), torch._dynamo.variables.streams (top-level), torch._dynamo.variables.ctx_manager (top-level), torch._dynamo.variables.lazy (conditional), torch._dynamo.variables.builder (top-level), torch.fx.experimental._dynamism (top-level), torch.nn.utils._expanded_weights.conv_expanded_weights (top-level), torch.nn.utils._expanded_weights.expanded_weights_impl (top-level), torch._dynamo.mutation_guard (top-level), torch.compiler._cache (top-level), torch.utils._appending_byte_serializer (top-level), torch._dynamo.package (top-level), torch.distributed.fsdp._flat_param (top-level), torch.distributed.fsdp._common_utils (top-level), torch.distributed.algorithms._checkpoint.checkpoint_wrapper (top-level), torch.distributed.utils (top-level), torch.nn.parallel.data_parallel (top-level), torch.nn.parallel.parallel_apply (top-level), torch.nn.parallel.replicate (top-level), torch.cuda.nccl (top-level), torch.jit (top-level), torch.jit._script (top-level), torch.jit._monkeytype_config (top-level), torch.jit._dataclass_impls (top-level), torch.jit._trace (top-level), torch.autograd.function (top-level), torch.nn.parallel.scatter_gather (top-level), torch.nn.parallel.distributed (top-level), torch.distributed.rpc (top-level), torch.distributed.tensor._op_schema (top-level), torch.distributed.tensor._ops.utils (top-level), torch.distributed.tensor._api (top-level), torch.distributed.tensor._dispatch (top-level), torch.distributed.tensor._random (top-level), torch.distributed._local_tensor (top-level), torch.distributed._local_tensor._c10d (top-level), torch.distributed.tensor._utils (top-level), torch.distributed.tensor._redistribute (top-level), torch.distributed.tensor._sharding_prop (top-level), torch.distributed.tensor._ops.single_dim_strategy (top-level), torch.distributed.checkpoint._extension (top-level), torch.distributed._shard.sharding_spec.api (top-level), torch.distributed._shard._utils (top-level), torch.distributed._shard.sharded_tensor.utils (top-level), torch.distributed.nn.api.remote_module (top-level), torch.distributed._shard.sharded_tensor.api (conditional), torch.distributed.checkpoint.metadata (top-level), torch.distributed.checkpoint._traverse (top-level), torch.distributed.checkpoint.utils (top-level), torch.distributed.checkpoint.planner_helpers (top-level), torch.distributed.checkpoint.filesystem (top-level), torch.distributed._state_dict_utils (top-level), torch.distributed.checkpoint._pg_transport (top-level), torch.distributed.checkpoint.optimizer (top-level), torch.distributed.checkpoint.logger (top-level), torch.distributed.checkpoint._fsspec_filesystem (top-level), fsspec.caching (top-level), fsspec.utils (top-level), fsspec.dircache (top-level), fsspec.asyn (top-level), fsspec.json (top-level), fsspec.mapping (top-level), torch.distributed.elastic.agent.server.api (top-level), torch.distributed.elastic.rendezvous.api (top-level), torch.distributed.elastic.utils.store (top-level), torch.distributed.elastic.rendezvous.dynamic_rendezvous (top-level), torch.distributed.elastic.rendezvous.utils (top-level), torch.distributed.elastic.multiprocessing (top-level), torch.distributed.elastic.multiprocessing.api (top-level), torch.distributed.elastic.multiprocessing.errors (top-level), torch.numa.binding (top-level), torch.distributed.elastic.multiprocessing.tail_log (top-level), torch.distributed.elastic.timer.file_based_local_timer (top-level), torch.distributed.elastic.agent.server.health_check_server (top-level), torch.distributed.tensor._ops._math_ops (top-level), torch.distributed.algorithms.ddp_comm_hooks.default_hooks (top-level), torch.distributed.algorithms.ddp_comm_hooks.optimizer_overlap_hooks (top-level), torch.distributed.optim.apply_optimizer_in_backward (top-level), torch.distributed.optim.named_optimizer (top-level), torch.distributed.algorithms.model_averaging.averagers (top-level), torch.distributed.algorithms.model_averaging.utils (top-level), torch.distributed.optim.zero_redundancy_optimizer (top-level), torch.distributed.fsdp._wrap_utils (top-level), torch.distributed.fsdp.wrap (top-level), torch.distributed.fsdp.api (top-level), torch.nn.init (top-level), torch.distributed.fsdp._fully_shard._fsdp_api (top-level), torch.distributed._composable.checkpoint_activation (top-level), torch.distributed._composable.contract (top-level), torch.distributed._composable.replicate (top-level), torch.distributed.fsdp._fully_shard._fsdp_state (top-level), torch.distributed.fsdp._fully_shard._fsdp_param_group (top-level), torch.distributed.fsdp._fully_shard._fsdp_collectives (top-level), torch.distributed.fsdp._fully_shard._fsdp_param (top-level), torch.distributed.fsdp._fully_shard._fsdp_init (conditional), torch.distributed.fsdp._fully_shard._fully_shard (conditional), torch.distributed.fsdp.fully_sharded_data_parallel (top-level), torch.distributed.fsdp._init_utils (top-level), torch.distributed.fsdp._runtime_utils (top-level), torch.distributed.fsdp._optim_utils (top-level), torch.distributed.fsdp._debug_utils (top-level), torch.distributed.fsdp._state_dict_utils (top-level), torch.distributed.fsdp._unshard_param_utils (top-level), torch._dynamo.precompile_context (top-level), torch._inductor.runtime.runtime_utils (conditional), torch._functorch._aot_autograd.aot_autograd_result (top-level), torch._inductor.compile_worker.subproc_pool (top-level), torch._inductor.compile_worker.timer (top-level), torch._inductor.compile_worker.tracked_process_pool (top-level), torch._inductor.runtime.compile_tasks (conditional), torch._inductor.metrics (conditional), torch._inductor.ir (top-level), torch._export.serde.union (top-level), torch._export.serde.serialize (top-level), torch.utils._sympy.symbol (top-level), torch._inductor.dependencies (top-level), torch._inductor.dtype_propagation (top-level), torch._inductor.ops_handler (conditional), torch._inductor.virtualized (conditional), torch._inductor.kernel_inputs (conditional), torch._inductor.kernel.flex.flex_attention (top-level), torch.nn.attention.flex_attention (top-level), torch._higher_order_ops.flex_attention (top-level), torch.amp.grad_scaler (conditional), torch._inductor.lowering (top-level), torch.ao.quantization (top-level), torch.ao.quantization.utils (top-level), torch.ao.quantization.backend_config.backend_config (conditional), torch.ao.quantization.fuser_method_mappings (top-level), torch.ao.quantization.backend_config._common_operator_config_utils (top-level), torch.ao.quantization.backend_config.utils (top-level), torch.ao.quantization.qconfig_mapping (conditional), torch.ao.quantization.quantization_mappings (top-level), torch._refs (top-level), torch._prims_common.wrappers (top-level), torch._refs.fft (top-level), torch._decomp.decompositions (top-level), torch._meta_registrations (top-level), torch._refs.nn.functional (top-level), torch.ao.quantization.fx.utils (top-level), torch.ao.ns._numeric_suite_fx (top-level), torch.ao.quantization.fx.fuse (top-level), torch.ao.quantization.fx.fuse_handler (top-level), torch.ao.quantization.fx.match_utils (top-level), torch.ao.quantization.fx.quantize_handler (top-level), torch.ao.quantization.fx.qconfig_mapping_utils (top-level), torch.ao.quantization.fx.tracer (top-level), torch.ao.quantization.fx._lower_to_native_backend (top-level), torch.ao.ns.fx.ns_types (top-level), torch.ao.ns.fx.mappings (conditional), torch.ao.ns.fx.pattern_utils (top-level), torch.ao.ns.fx.n_shadows_utils (top-level), torch.ao.ns.fx.graph_passes (top-level), torch.ao.ns.fx.utils (top-level), torch.ao.ns.fx.qconfig_multi_mapping (conditional), torch.ao.ns.fx.weight_utils (top-level), torch.ao.quantization.fx.convert (conditional), torch.ao.nn.quantized.modules.linear (top-level), torch.ao.pruning.scheduler.lambda_scheduler (top-level), torch.ao.pruning.sparsifier.weight_norm_sparsifier (top-level), torch._higher_order_ops.associative_scan (top-level), torch._higher_order_ops.triton_kernel_wrap (top-level), torch._inductor.codegen.wrapper (top-level), torch._inductor.runtime.benchmarking (top-level), torch._inductor.select_algorithm (top-level), torch._dynamo.testing (top-level), torch._dynamo.backends.debugging (top-level), torch._functorch.compilers (conditional), torch._functorch.fx_minifier (conditional), torch._dynamo.backends.common (top-level), torch._inductor.debug (top-level), torch._inductor.cpp_builder (top-level), torch._inductor.cpu_vec_isa (top-level), torch._dynamo.debug_utils (conditional), torch._dynamo.repro.after_aot (conditional), torch._inductor.hooks (top-level), torch._inductor.codegen.simd_kernel_features (conditional), torch._inductor.tiling_utils (top-level), torch._inductor.index_propagation (top-level), torch._inductor.sizevars (top-level), torch._inductor.codegen.simd (conditional), torch._inductor.loop_body (conditional), torch._inductor.bounds (top-level), torch._inductor.runtime.coordinate_descent_tuner (top-level), torch._inductor.codegen.triton (top-level), torch._inductor.shape_propagation (top-level), torch._inductor.codegen.cutedsl.cutedsl_template (top-level), torch._inductor.autotune_process (top-level), torch._inductor.codegen.cutedsl.cutedsl_kernel (top-level), torch._inductor.kernel.flex.flex_flash_attention (top-level), torch._inductor.kernel.flex.common (top-level), torch._inductor.subgraph_lowering (top-level), torch.fx.passes.reinplace (top-level), torch._inductor.fx_utils (top-level), torch.utils.flop_counter (top-level), torch._inductor.remote_cache (conditional), torch._inductor.graph (conditional), torch._inductor.codegen.cutedsl.cutedsl_scheduling (top-level), torch._inductor.codegen.cutlass.scheduling (top-level), torch._inductor.codegen.cutlass.python_evt (top-level), torch._inductor.template_heuristics.base (conditional), torch._inductor.codegen.nv_universal_gemm.kernel_cache (top-level), torch._inductor.codegen.nv_universal_gemm.nv_universal_gemm_scheduling (top-level), torch._inductor.codegen.rocm.rocm_cpp_scheduling (top-level), torch._inductor.codegen.rocm.rocm_template_buffer (top-level), torch._inductor.codegen.cuda_combined_scheduling (conditional), torch._inductor.codegen.triton_combo_kernel (top-level), torch._dynamo.repro.aoti (top-level), torch._dynamo.backends.registry (top-level), torch._dynamo.repro.after_dynamo (top-level), torch._subclasses.schema_check_mode (conditional), torch._inductor.await_utils (top-level), torch._inductor.codegen.subgraph (top-level), torch._inductor.decomposition (top-level), torch._inductor.codegen.cutlass.kernel (top-level), torch._inductor.codegen.cpp_utils (top-level), torch._inductor.codegen.cpp_wrapper_cpu (conditional), torch._inductor.codegen.debug_utils (conditional), torch._inductor.codegen.custom_extern_kernel_codegen (conditional), torch._inductor.codegen.wrapper_fxir (top-level), torch._library.triton (top-level), torch._inductor.memory (conditional), torch._inductor.codegen.segmented_tree (top-level), torch._inductor.codegen.memory_planning (conditional), torch.distributed._symmetric_memory (top-level), torch._inductor.kernel.mm_common (top-level), torch._inductor.codegen.cpp_gemm_template (top-level), torch._inductor.codegen.cpp (top-level), torch._inductor.codegen.cpp_micro_gemm (top-level), torch._inductor.codegen.cpp_template_kernel (top-level), torch._inductor.codegen.cpp_template (top-level), torch._inductor.mkldnn_ir (top-level), torch._inductor.codegen.cpp_grouped_gemm_template (top-level), torch._inductor.codegen.rocm.rocm_template (top-level), torch._inductor.codegen.rocm.rocm_benchmark_request (conditional), torch._inductor.codegen.rocm.rocm_kernel (top-level), torch._inductor.codegen.cutlass.lib_extensions.evt_extensions (top-level), torch._inductor.codegen.cpp_bmm_template (top-level), torch._inductor.autoheuristic.autoheuristic (top-level), torch._inductor.autoheuristic.autoheuristic_utils (top-level), torch._inductor.distributed_autotune (conditional), torch._inductor.template_heuristics.registry (conditional), torch._inductor.template_heuristics.triton (conditional), torch._inductor.template_heuristics.aten (conditional), torch._inductor.template_heuristics.contiguous_mm (conditional), torch._inductor.template_heuristics.decompose_k (conditional), torch._inductor.kernel_template_choice (conditional), torch._inductor.choices (conditional), torch._inductor.codegen.common (conditional), torch._inductor.codegen.cpp_wrapper_cpu_array_ref (top-level), torch._inductor.codegen.halide (conditional), torch._inductor.codegen.pallas (conditional), torch._inductor.scheduler (conditional), torch._inductor.fx_passes.bucketing (top-level), torch._inductor.runtime.triton_helpers (top-level), torch._inductor.runtime.triton_heuristics (conditional), torch._inductor.async_compile (conditional), torch._functorch._aot_autograd.subclass_parametrization (top-level), torch._inductor.cudagraph_utils (top-level), torch._inductor.fx_passes.joint_graph (top-level), torch._inductor.constant_folding (top-level), torch._inductor.freezing_utils (top-level), torch._inductor.fx_passes.split_cat (top-level), torch._inductor.fx_passes.group_batch_fusion (top-level), torch._inductor.fx_passes.post_grad (top-level), torch._inductor.fx_passes.ddp_fusion (top-level), torch._inductor.fx_passes.pre_grad (top-level), torch.fx.experimental.optimization (top-level), torch._inductor.fx_passes.mkldnn_fusion (conditional), torch._inductor.fx_passes.reinplace (top-level), torch._inductor.fx_passes.fsdp (top-level), torch._inductor.fx_passes.overlap_scheduling (top-level), torch._inductor.fx_passes.memory_estimator (top-level), torch._dynamo.graph_deduplication (top-level), torch._dynamo.graph_region_tracker (conditional), torch._higher_order_ops.scan (top-level), torch._higher_order_ops.partitioner (top-level), torch._inductor.fx_passes.pad_mm (top-level), torch._inductor.runtime.caching.config (top-level), torch._inductor.runtime.caching.utils (top-level), torch._inductor.runtime.caching.interfaces (top-level), torch._inductor.runtime.caching.implementations (top-level), torch._inductor.runtime.caching.locks (conditional), torch._inductor.runtime.caching.context (top-level), torch._inductor.fx_passes.auto_chunker (top-level), torch._inductor.fx_passes.auto_chunker.core (top-level), torch._inductor.fx_passes.auto_chunker.utils (top-level), torch._inductor.fx_passes.auto_chunker.propagator (top-level), torch._inductor.fx_passes.auto_chunker.propagate_scale_by (top-level), torch._inductor.compile_fx (conditional), torch.export.unflatten (top-level), torch.fx._pytree (top-level), torch.export._unlift (top-level), torch._export.passes.add_runtime_assertions_for_constraints_pass (conditional), torch._inductor.compile_fx_ext (conditional), torch._inductor.compile_fx_subproc (conditional), torch._inductor.compile_fx_async (conditional), torch._inductor.cudagraph_trees (conditional), torch._functorch._aot_autograd.autograd_cache (conditional), torch._dynamo.side_effects (top-level), torch._dynamo.variables.misc (top-level), torch._dynamo.variables.higher_order_ops (top-level), torch._dynamo.variables.nn_module (top-level), torch._higher_order_ops.while_loop (top-level), torch._higher_order_ops.cond (top-level), torch._dynamo.variables.torch_function (top-level), torch._dynamo.variables.torch (top-level), torch._dynamo.variables.distributed (top-level), torch.distributed.tensor.experimental (top-level), torch.distributed.tensor.experimental._context_parallel._attention (top-level), torch.distributed.tensor.experimental._func_map (top-level), torch.distributed.tensor.experimental._register_sharding (top-level), torch._higher_order_ops.local_map (top-level), torch._functorch._aot_autograd.graph_capture (top-level), torch._functorch._aot_autograd.indexed_dict (top-level), torch._functorch._aot_autograd.graph_compile (top-level), torch._dynamo.variables.optimizer (top-level), torch._dynamo.variables.script_object (top-level), torch._dynamo.variables.sdpa (top-level), torch.export.dynamic_shapes (top-level), torch._dynamo.polyfills.builtins (top-level), torch._dynamo.polyfills.functools (top-level), torch._dynamo.polyfills.itertools (top-level), torch._dynamo.polyfills.operator (conditional), torch._dynamo.polyfills.pytree (conditional), torch._export.passes.replace_with_hop_pass_util (conditional), torch._dynamo.functional_export (top-level), torch._dynamo.hooks (top-level), torch._functorch._aot_autograd.frontend_utils (conditional), torch._functorch.aot_autograd (conditional), torch.distributed.tensor._ops._pointwise_ops (top-level), torch.distributed.tensor._ops._tensor_ops (top-level), torch.distributed.tensor._ops._view_ops (top-level), torch.distributed._tools.memory_tracker (top-level), torch.distributed._tools.runtime_estimator (conditional), torch.testing._internal.composite_compliance (top-level), torch._inductor.output_code (conditional), torch.cuda.random (top-level), torch.sparse.semi_structured (top-level), torch.cuda.jiterator (top-level), torch._inductor.codecache (conditional), torch._inductor.standalone_compile (conditional), torch._dynamo.resume_execution (top-level), torch._dynamo.graph_id_filter (conditional), torch._dynamo.guards (conditional), torch._higher_order_ops.foreach_map (top-level), torch._prims.debug_prims (top-level), torch.utils._thunk (top-level), torch._functorch._aot_autograd.schemas (conditional), torch._functorch.apis (conditional), torch._functorch.autograd_function (conditional), torch.testing._internal.optests.generate_tests (top-level), torch.fx.experimental.recording (top-level), torch._compile (top-level), torch._library.fake_impl (top-level), torch.fx.experimental.validator (top-level), torch._dynamo.metrics_context (top-level), torch._dynamo.utils (conditional), torch._guards (conditional), torch._dynamo.backends.distributed (top-level), torch.fx.passes.net_min_base (top-level), torch.fx.passes.param_fetch (top-level), torch.fx.passes.splitter_base (top-level), torch.export._state_dict_utils (top-level), torch.export._draft_export (top-level), torch._library.fake_profile (top-level), torch._decomp.decompositions_for_jvp (top-level), torch.autograd.gradcheck (top-level), torch.package.glob_group (top-level), torch.package.analyze.trace_dependencies (top-level), torch.package.package_importer (top-level), torch._dynamo.convert_frame (conditional), torch.fx.interpreter (conditional), torch.fx.subgraph_rewriter (top-level), torch.nn.modules.adaptive (top-level), torch.nn.modules.loss (top-level), torch.nn.modules.padding (top-level), torch.nn.modules.transformer (top-level), torch.utils.data.dataloader (top-level), torch.utils.data.datapipes._decorator (top-level), torch.utils.data.datapipes._typing (top-level), torch.utils.data.datapipes.datapipe (top-level), torch.utils.data.datapipes.utils.common (top-level), torch.utils.data.dataset (top-level), torch.utils.data.datapipes.dataframe.structures (top-level), torch.utils.data.datapipes.iter.callable (top-level), torch.utils.data._utils.collate (top-level), torch.utils.data.datapipes.iter.combinatorics (top-level), torch.utils.data.sampler (top-level), torch.utils.data.datapipes.iter.combining (top-level), torch.utils.data.datapipes.iter.filelister (top-level), torch.utils.data.datapipes.iter.utils (top-level), torch.utils.data.datapipes.iter.fileopener (top-level), torch.utils.data.datapipes.iter.grouping (top-level), torch.utils.data.datapipes.iter.routeddecoder (top-level), torch.utils.data.datapipes.iter.selecting (top-level), torch.utils.data.datapipes.iter.sharding (top-level), torch.utils.data.datapipes.iter.streamreader (top-level), torch.utils.data.datapipes.map.callable (top-level), torch.utils.data.datapipes.map.combinatorics (top-level), torch.utils.data.datapipes.map.combining (top-level), torch.utils.data.datapipes.map.grouping (top-level), torch.utils.data.datapipes.map.utils (top-level), torch.utils.data.graph (top-level), torch.utils.data.distributed (top-level), torch._library.simple_registry (top-level), torch._subclasses.fake_tensor (conditional), torch._subclasses.fake_utils (conditional), torch._tensor (top-level), functorch.dim (conditional), functorch.dim._dim_entry (conditional), functorch.dim._wrap (conditional), functorch.dim._order (conditional), functorch.dim.wrap_type (top-level), torch.functional (top-level), torch.cpu (top-level), torch.distributions.transforms (top-level), torch.distributions.constraints (top-level), torch.distributions.utils (top-level), torch.distributions.kl (top-level), torch.signal.windows.windows (top-level), torch.masked._ops (top-level), torch.masked.maskedtensor._ops_refs (top-level), torch.cuda._sanitizer (top-level), torch.cuda._gpu_trace (top-level), torch.onnx.ops._impl (top-level), torch.onnx.ops._symbolic_impl (top-level), torch.onnx.ops (conditional), torch.onnx._internal.exporter._exportable_module (conditional), torch.onnx._internal.exporter._onnx_program (top-level), torch.onnx._internal.exporter._dynamic_shapes (conditional), torch.onnx._internal.exporter._ir_passes (conditional), torch.onnx._internal.exporter._core (top-level), torch.onnx._internal.exporter._dispatching (conditional), torch.onnx._internal.exporter._registration (top-level), torch.onnx._internal.exporter._schemas (top-level), torch.onnx._internal.exporter._torchlib._torchlib_registry (top-level), torch.onnx._internal.exporter._torchlib.ops.hop (conditional), torch.onnx._internal.exporter._torchlib.ops.symbolic (conditional), torch.onnx._internal.exporter._torchlib.ops.symops (top-level), torch.onnx._internal.exporter._building (top-level), torch.onnx._internal.exporter._capture_strategies (conditional), torch.onnx._internal.exporter._flags (conditional), torch.onnx._internal.exporter._decomp (conditional), torch.onnx._internal.fx._pass (conditional), torch.onnx._internal.fx.passes.type_promotion (conditional), torch.onnx._internal.exporter._input_observer (conditional), torch.onnx._internal.torchscript_exporter.jit_utils (top-level), torch.onnx._internal.torchscript_exporter.registration (top-level), torch.onnx._internal.torchscript_exporter.onnx_proto_utils (conditional), torch.onnx._internal.torchscript_exporter.utils (conditional), torch.onnx._internal.torchscript_exporter.symbolic_opset9 (conditional), torch.onnx._internal.torchscript_exporter.symbolic_opset10 (conditional), torch.onnx._internal.torchscript_exporter.symbolic_opset11 (conditional), torch.onnx._internal.torchscript_exporter.symbolic_opset17 (top-level), torch.onnx._internal.torchscript_exporter.symbolic_opset18 (top-level), torch.onnx._internal.torchscript_exporter.symbolic_helper (conditional), torch.onnx (conditional), torch.onnx._internal.exporter._compat (top-level), huggingface_hub._webhooks_server (top-level), huggingface_hub.cli._cli_utils (top-level), huggingface_hub.cli._output (top-level), huggingface_hub.hf_file_system (top-level), huggingface_hub.hub_mixin (top-level), huggingface_hub.serialization._base (top-level), huggingface_hub.serialization._torch (top-level), huggingface_hub.serialization._dduf (top-level), transformers._typing (top-level), transformers.cache_utils (top-level), transformers.configuration_utils (top-level), huggingface_hub.dataclasses (top-level), transformers.utils.import_utils (top-level), transformers.convert_slow_tokenizer (top-level), transformers.tokenization_utils_base (top-level), transformers.utils.chat_template_utils (top-level), transformers.modeling_rope_utils (top-level), transformers.models.afmoe.modeling_afmoe (top-level), transformers.modeling_utils (top-level), transformers.core_model_loading (top-level), transformers.models.auto.auto_factory (top-level), transformers.models.auto.configuration_auto (top-level), transformers.generation.configuration_utils (top-level), transformers.generation.logits_process (top-level), transformers.pytorch_utils (top-level), transformers.utils.metrics (top-level), transformers.generation.continuous_batching.cache_manager (top-level), transformers.generation.continuous_batching.continuous_api (top-level), transformers.modeling_flash_attention_utils (top-level), transformers.integrations.hub_kernels (top-level), transformers.masking_utils (top-level), transformers.generation.utils (top-level), transformers.audio_utils (top-level), transformers.image_processing_utils (top-level), transformers.image_utils (top-level), transformers.image_transforms (top-level), transformers.utils.type_validators (top-level), transformers.video_utils (top-level), transformers.tokenization_utils_tokenizers (top-level), transformers.image_processing_backends (top-level), transformers.video_processing_utils (top-level), transformers.models.llama4.modeling_llama4 (top-level), transformers.models.llama.modeling_llama (top-level), transformers.integrations.moe (top-level), transformers.trainer_utils (top-level), transformers.trainer_pt_utils (top-level), transformers.trainer (top-level), transformers.data.data_collator (top-level), transformers.models.bert.modeling_bert (top-level), transformers.trainer_optimizer (top-level), transformers.fusion_mapping (top-level), transformers.models.aimv2.modeling_aimv2 (top-level), transformers.models.albert.modeling_albert (top-level), transformers.models.align.modeling_align (top-level), transformers.models.altclip.modeling_altclip (top-level), transformers.models.apertus.modeling_apertus (top-level), transformers.models.arcee.modeling_arcee (top-level), transformers.models.aria.modeling_aria (top-level), transformers.models.audio_spectrogram_transformer.modeling_audio_spectrogram_transformer (top-level), transformers.models.audioflamingo3.modeling_audioflamingo3 (top-level), transformers.time_series_utils (top-level), transformers.models.bamba.modeling_bamba (top-level), transformers.models.roberta.modeling_roberta (top-level), transformers.models.bart.modeling_bart (top-level), transformers.models.beit.modeling_beit (top-level), transformers.models.bert_generation.modeling_bert_generation (top-level), transformers.models.bigbird_pegasus.modeling_bigbird_pegasus (top-level), transformers.models.biogpt.modeling_biogpt (top-level), transformers.models.bitnet.modeling_bitnet (top-level), transformers.models.blenderbot.modeling_blenderbot (top-level), transformers.models.blenderbot_small.modeling_blenderbot_small (top-level), transformers.models.blip_2.modeling_blip_2 (top-level), transformers.models.blt.modeling_blt (top-level), transformers.models.bridgetower.modeling_bridgetower (top-level), transformers.models.camembert.modeling_camembert (top-level), transformers.models.chameleon.modeling_chameleon (top-level), transformers.models.chinese_clip.modeling_chinese_clip (top-level), transformers.models.chmv2.image_processing_chmv2 (top-level), transformers.models.clap.modeling_clap (top-level), transformers.models.clip.modeling_clip (top-level), transformers.models.clipseg.modeling_clipseg (top-level), transformers.models.clvp.modeling_clvp (top-level), transformers.models.gpt2.modeling_gpt2 (top-level), transformers.models.cohere.modeling_cohere (top-level), transformers.models.cohere2.modeling_cohere2 (top-level), transformers.models.parakeet.modeling_parakeet (top-level), transformers.models.cohere_asr.modeling_cohere_asr (top-level), transformers.models.conditional_detr.modeling_conditional_detr (top-level), transformers.models.convbert.modeling_convbert (top-level), transformers.models.csm.modeling_csm (top-level), transformers.models.cvt.modeling_cvt (top-level), transformers.models.cwm.modeling_cwm (top-level), transformers.models.d_fine.modeling_d_fine (top-level), transformers.models.data2vec.modeling_data2vec_audio (top-level), transformers.models.data2vec.modeling_data2vec_text (top-level), transformers.models.data2vec.modeling_data2vec_vision (top-level), transformers.models.dbrx.modeling_dbrx (top-level), transformers.models.deberta_v2.modeling_deberta_v2 (top-level), transformers.models.decision_transformer.modeling_decision_transformer (top-level), transformers.models.deepseek_v2.modeling_deepseek_v2 (top-level), transformers.models.deepseek_v3.modeling_deepseek_v3 (top-level), transformers.models.deepseek_vl_hybrid.image_processing_deepseek_vl_hybrid (top-level), transformers.models.deepseek_vl_hybrid.image_processing_pil_deepseek_vl_hybrid (top-level), transformers.models.deformable_detr.modeling_deformable_detr (top-level), transformers.models.deimv2.modeling_deimv2 (top-level), transformers.models.deit.modeling_deit (top-level), transformers.models.detr.modeling_detr (top-level), transformers.models.dia.generation_dia (top-level), transformers.models.dia.modeling_dia (top-level), transformers.models.diffllama.modeling_diffllama (top-level), transformers.models.dinov2.modeling_dinov2 (top-level), transformers.models.dinov2_with_registers.modeling_dinov2_with_registers (top-level), transformers.models.dinov3_vit.modeling_dinov3_vit (top-level), transformers.models.distilbert.modeling_distilbert (top-level), transformers.models.doge.modeling_doge (top-level), transformers.models.donut.modeling_donut_swin (top-level), transformers.models.dots1.modeling_dots1 (top-level), transformers.models.dpt.image_processing_dpt (top-level), transformers.models.dpt.image_processing_pil_dpt (top-level), transformers.models.dpt.modeling_dpt (top-level), transformers.models.edgetam.modeling_edgetam (top-level), transformers.models.edgetam_video.modeling_edgetam_video (top-level), transformers.models.efficientloftr.modeling_efficientloftr (top-level), transformers.models.electra.modeling_electra (top-level), transformers.models.emu3.image_processing_emu3 (top-level), transformers.models.emu3.modeling_emu3 (top-level), transformers.models.eomt.modeling_eomt (top-level), transformers.models.eomt_dinov3.modeling_eomt_dinov3 (top-level), transformers.models.ernie.modeling_ernie (top-level), transformers.models.ernie4_5.modeling_ernie4_5 (top-level), transformers.models.ernie4_5_moe.modeling_ernie4_5_moe (top-level), transformers.models.ernie4_5_vl_moe.modeling_ernie4_5_vl_moe (top-level), transformers.models.esm.modeling_esm (top-level), transformers.models.esm.modeling_esmfold (top-level), transformers.models.esm.openfold_utils.chunk_utils (top-level), transformers.models.esm.openfold_utils.tensor_utils (top-level), transformers.models.esm.openfold_utils.residue_constants (top-level), transformers.models.esm.openfold_utils.rigid_utils (top-level), transformers.models.esm.openfold_utils.protein (top-level), transformers.models.evolla.modeling_evolla (top-level), transformers.models.exaone4.modeling_exaone4 (top-level), transformers.models.exaone_moe.modeling_exaone_moe (top-level), transformers.models.falcon.modeling_falcon (top-level), transformers.models.falcon_h1.modeling_falcon_h1 (top-level), transformers.models.flaubert.modeling_flaubert (top-level), transformers.models.flava.image_processing_flava (top-level), transformers.models.flava.image_processing_pil_flava (top-level), transformers.models.flex_olmo.modeling_flex_olmo (top-level), transformers.models.florence2.modeling_florence2 (top-level), transformers.models.focalnet.modeling_focalnet (top-level), transformers.models.gemma.modeling_gemma (top-level), transformers.models.gemma2.modeling_gemma2 (top-level), transformers.models.siglip.modeling_siglip (top-level), transformers.models.gemma3.modeling_gemma3 (top-level), transformers.models.gemma3n.configuration_gemma3n (top-level), transformers.models.gemma3n.feature_extraction_gemma3n (top-level), transformers.models.gemma3n.modeling_gemma3n (top-level), transformers.models.gemma4.feature_extraction_gemma4 (top-level), transformers.models.gemma4.modeling_gemma4 (top-level), transformers.models.git.modeling_git (top-level), transformers.models.glm.modeling_glm (top-level), transformers.models.glm4.modeling_glm4 (top-level), transformers.models.glm4_moe.modeling_glm4_moe (top-level), transformers.models.glm4_moe_lite.modeling_glm4_moe_lite (top-level), transformers.models.glm4v.modeling_glm4v (top-level), transformers.models.glm4v_moe.modeling_glm4v_moe (top-level), transformers.models.glm_image.image_processing_glm_image (top-level), transformers.models.glm_image.image_processing_pil_glm_image (top-level), transformers.models.glm_image.modeling_glm_image (top-level), transformers.models.glm_moe_dsa.modeling_glm_moe_dsa (top-level), transformers.models.glm_ocr.modeling_glm_ocr (top-level), transformers.models.glmasr.modeling_glmasr (top-level), transformers.models.gpt_bigcode.modeling_gpt_bigcode (top-level), transformers.models.gpt_neox.modeling_gpt_neox (top-level), transformers.models.gpt_neox_japanese.modeling_gpt_neox_japanese (top-level), transformers.models.gpt_oss.modeling_gpt_oss (top-level), transformers.models.granite.modeling_granite (top-level), transformers.models.granite_speech.feature_extraction_granite_speech (top-level), transformers.models.granitemoe.modeling_granitemoe (top-level), transformers.models.granitemoehybrid.modeling_granitemoehybrid (top-level), transformers.models.granitemoeshared.modeling_granitemoeshared (top-level), transformers.models.groupvit.modeling_groupvit (top-level), transformers.models.helium.modeling_helium (top-level), transformers.models.hgnet_v2.configuration_hgnet_v2 (top-level), transformers.models.higgs_audio_v2.modeling_higgs_audio_v2 (top-level), transformers.models.hubert.modeling_hubert (top-level), transformers.models.hunyuan_v1_dense.modeling_hunyuan_v1_dense (top-level), transformers.models.hunyuan_v1_moe.modeling_hunyuan_v1_moe (top-level), transformers.models.hy_v3.modeling_hy_v3 (top-level), transformers.models.idefics.image_processing_idefics (top-level), transformers.models.idefics.image_processing_pil_idefics (top-level), transformers.models.idefics.modeling_idefics (top-level), transformers.models.idefics.vision (top-level), transformers.models.idefics2.modeling_idefics2 (top-level), transformers.models.idefics3.modeling_idefics3 (top-level), transformers.models.ijepa.modeling_ijepa (top-level), transformers.models.informer.modeling_informer (top-level), transformers.models.instructblip.modeling_instructblip (top-level), transformers.models.instructblipvideo.modeling_instructblipvideo (top-level), transformers.models.internvl.modeling_internvl (top-level), transformers.models.jais2.modeling_jais2 (top-level), transformers.models.jamba.modeling_jamba (top-level), transformers.models.janus.image_processing_pil_janus (top-level), transformers.models.janus.modeling_janus (top-level), transformers.models.jetmoe.modeling_jetmoe (top-level), transformers.models.jina_embeddings_v3.modeling_jina_embeddings_v3 (top-level), transformers.models.kosmos2.modeling_kosmos2 (top-level), transformers.models.kosmos2_5.modeling_kosmos2_5 (top-level), transformers.models.kyutai_speech_to_text.modeling_kyutai_speech_to_text (top-level), transformers.models.laguna.modeling_laguna (top-level), transformers.models.lasr.modeling_lasr (top-level), transformers.models.layoutlm.modeling_layoutlm (top-level), transformers.models.lfm2.modeling_lfm2 (top-level), transformers.models.lfm2_moe.modeling_lfm2_moe (top-level), transformers.models.lightglue.modeling_lightglue (top-level), transformers.models.llava_onevision.processing_llava_onevision (top-level), transformers.models.longcat_flash.modeling_longcat_flash (top-level), transformers.models.luke.tokenization_luke (top-level), transformers.models.lw_detr.modeling_lw_detr (top-level), transformers.models.m2m_100.modeling_m2m_100 (top-level), transformers.models.marian.modeling_marian (top-level), transformers.models.markuplm.modeling_markuplm (top-level), transformers.models.maskformer.modeling_maskformer (top-level), transformers.models.maskformer.modeling_maskformer_swin (top-level), transformers.models.mbart.modeling_mbart (top-level), transformers.models.metaclip_2.modeling_metaclip_2 (top-level), transformers.models.mgp_str.modeling_mgp_str (top-level), transformers.models.mimi.modeling_mimi (top-level), transformers.models.minicpmv4_6.modeling_minicpmv4_6 (top-level), transformers.models.minimax.modeling_minimax (top-level), transformers.models.minimax_m2.modeling_minimax_m2 (top-level), transformers.models.ministral.modeling_ministral (top-level), transformers.models.ministral3.modeling_ministral3 (top-level), transformers.models.mistral.modeling_mistral (top-level), transformers.models.mistral4.modeling_mistral4 (top-level), transformers.models.mixtral.modeling_mixtral (top-level), transformers.models.mlcd.modeling_mlcd (top-level), transformers.models.mllama.modeling_mllama (top-level), transformers.models.mluke.tokenization_mluke (top-level), transformers.models.mobilebert.modeling_mobilebert (top-level), transformers.models.modernbert.modeling_modernbert (top-level), transformers.models.modernbert_decoder.modeling_modernbert_decoder (top-level), transformers.models.moonshine.modeling_moonshine (top-level), transformers.models.moonshine_streaming.modeling_moonshine_streaming (top-level), transformers.models.moshi.modeling_moshi (top-level), transformers.models.musicflamingo.modeling_musicflamingo (top-level), transformers.models.musicgen.modeling_musicgen (top-level), transformers.models.musicgen_melody.modeling_musicgen_melody (top-level), transformers.models.nanochat.modeling_nanochat (top-level), transformers.models.nemotron.modeling_nemotron (top-level), transformers.models.nemotron_h.modeling_nemotron_h (top-level), transformers.models.zamba2.modeling_zamba2 (top-level), transformers.models.nllb_moe.modeling_nllb_moe (top-level), transformers.models.nomic_bert.modeling_nomic_bert (top-level), transformers.models.olmo.modeling_olmo (top-level), transformers.models.olmo2.modeling_olmo2 (top-level), transformers.models.olmo3.modeling_olmo3 (top-level), transformers.models.olmo_hybrid.modeling_olmo_hybrid (top-level), transformers.models.olmoe.modeling_olmoe (top-level), transformers.models.openai.modeling_openai (top-level), transformers.models.openai_privacy_filter.modeling_openai_privacy_filter (top-level), transformers.models.opt.modeling_opt (top-level), transformers.models.qwen2.modeling_qwen2 (top-level), transformers.models.ovis2.modeling_ovis2 (top-level), transformers.models.owlv2.modeling_owlv2 (top-level), transformers.models.owlvit.modeling_owlvit (top-level), transformers.models.paddleocr_vl.image_processing_paddleocr_vl (top-level), transformers.models.paddleocr_vl.image_processing_pil_paddleocr_vl (top-level), transformers.models.paddleocr_vl.modeling_paddleocr_vl (top-level), transformers.models.paligemma.modeling_paligemma (top-level), transformers.models.patchtsmixer.modeling_patchtsmixer (top-level), transformers.models.patchtst.modeling_patchtst (top-level), transformers.models.pe_audio.modeling_pe_audio (top-level), transformers.models.pe_audio_video.modeling_pe_audio_video (top-level), transformers.models.pe_video.modeling_pe_video (top-level), transformers.models.pegasus.modeling_pegasus (top-level), transformers.models.pegasus_x.modeling_pegasus_x (top-level), transformers.models.perceiver.modeling_perceiver (top-level), transformers.models.perception_lm.processing_perception_lm (top-level), transformers.models.persimmon.modeling_persimmon (top-level), transformers.models.phi.modeling_phi (top-level), transformers.models.phi3.modeling_phi3 (top-level), transformers.models.phi4_multimodal.modeling_phi4_multimodal (top-level), transformers.models.phimoe.modeling_phimoe (top-level), transformers.models.pi0.modeling_pi0 (top-level), transformers.models.pixio.modeling_pixio (top-level), transformers.models.pixtral.modeling_pixtral (top-level), transformers.models.plbart.modeling_plbart (top-level), transformers.models.poolformer.modeling_poolformer (top-level), transformers.models.pp_doclayout_v2.modeling_pp_doclayout_v2 (top-level), transformers.models.pp_doclayout_v3.modeling_pp_doclayout_v3 (top-level), transformers.models.prophetnet.tokenization_prophetnet (top-level), transformers.models.pvt.modeling_pvt (top-level), transformers.models.qianfan_ocr.modeling_qianfan_ocr (top-level), transformers.models.qwen2_5_omni.modeling_qwen2_5_omni (top-level), transformers.models.qwen2_5_vl.modeling_qwen2_5_vl (top-level), transformers.models.qwen2_audio.modeling_qwen2_audio (top-level), transformers.models.qwen2_moe.modeling_qwen2_moe (top-level), transformers.models.qwen2_vl.image_processing_pil_qwen2_vl (top-level), transformers.models.qwen2_vl.image_processing_qwen2_vl (top-level), transformers.models.qwen2_vl.modeling_qwen2_vl (top-level), transformers.models.qwen3.modeling_qwen3 (top-level), transformers.models.qwen3_5.modeling_qwen3_5 (top-level), transformers.models.qwen3_5_moe.modeling_qwen3_5_moe (top-level), transformers.models.qwen3_moe.modeling_qwen3_moe (top-level), transformers.models.qwen3_next.modeling_qwen3_next (top-level), transformers.models.qwen3_omni_moe.modeling_qwen3_omni_moe (top-level), transformers.models.qwen3_vl.modeling_qwen3_vl (top-level), transformers.models.qwen3_vl_moe.modeling_qwen3_vl_moe (top-level), transformers.models.rag.modeling_rag (top-level), transformers.models.rag.retrieval_rag (top-level), transformers.models.recurrent_gemma.modeling_recurrent_gemma (top-level), transformers.models.reformer.modeling_reformer (top-level), transformers.models.roberta_prelayernorm.modeling_roberta_prelayernorm (top-level), transformers.models.roc_bert.modeling_roc_bert (top-level), transformers.models.roformer.modeling_roformer (top-level), transformers.models.rt_detr.modeling_rt_detr (top-level), transformers.models.rt_detr_v2.modeling_rt_detr_v2 (top-level), transformers.models.sam.image_processing_pil_sam (top-level), transformers.models.sam.image_processing_sam (top-level), transformers.models.sam.modeling_sam (top-level), transformers.models.sam2.modeling_sam2 (top-level), transformers.models.sam2_video.modeling_sam2_video (top-level), transformers.models.sam3.modeling_sam3 (top-level), transformers.models.sam3_lite_text.modeling_sam3_lite_text (top-level), transformers.models.sam3_tracker.modeling_sam3_tracker (top-level), transformers.models.sam3_tracker_video.modeling_sam3_tracker_video (top-level), transformers.models.sam3_video.modeling_sam3_video (top-level), transformers.models.sam_hq.modeling_sam_hq (top-level), transformers.models.seed_oss.modeling_seed_oss (top-level), transformers.models.seggpt.modeling_seggpt (top-level), transformers.models.sew.modeling_sew (top-level), transformers.models.sew_d.modeling_sew_d (top-level), transformers.models.shieldgemma2.processing_shieldgemma2 (top-level), transformers.models.siglip2.modeling_siglip2 (top-level), transformers.models.smollm3.modeling_smollm3 (top-level), transformers.models.smolvlm.modeling_smolvlm (top-level), transformers.models.solar_open.modeling_solar_open (top-level), transformers.models.speech_to_text.modeling_speech_to_text (top-level), transformers.models.splinter.modeling_splinter (top-level), transformers.models.stablelm.modeling_stablelm (top-level), transformers.models.starcoder2.modeling_starcoder2 (top-level), transformers.models.swiftformer.modeling_swiftformer (top-level), transformers.models.swin.modeling_swin (top-level), transformers.models.swin2sr.modeling_swin2sr (top-level), transformers.models.swinv2.modeling_swinv2 (top-level), transformers.models.t5gemma.modeling_t5gemma (top-level), transformers.models.t5gemma2.modeling_t5gemma2 (top-level), transformers.models.tapas.tokenization_tapas (top-level), transformers.models.time_series_transformer.modeling_time_series_transformer (top-level), transformers.models.timesfm.modeling_timesfm (top-level), transformers.models.timesfm2_5.modeling_timesfm2_5 (top-level), transformers.models.udop.modeling_udop (top-level), transformers.models.unispeech.modeling_unispeech (top-level), transformers.models.unispeech_sat.modeling_unispeech_sat (top-level), transformers.models.uvdoc.configuration_uvdoc (top-level), transformers.models.vaultgemma.modeling_vaultgemma (top-level), transformers.models.video_llama_3.image_processing_pil_video_llama_3 (top-level), transformers.models.video_llama_3.image_processing_video_llama_3 (top-level), transformers.models.video_llama_3.modeling_video_llama_3 (top-level), transformers.models.videomae.modeling_videomae (top-level), transformers.models.videomt.modeling_videomt (top-level), transformers.models.vilt.image_processing_pil_vilt (top-level), transformers.models.vilt.modeling_vilt (top-level), transformers.models.vit.modeling_vit (top-level), transformers.models.vit_mae.modeling_vit_mae (top-level), transformers.models.vit_msn.modeling_vit_msn (top-level), transformers.models.vitdet.modeling_vitdet (top-level), transformers.models.vitpose_backbone.modeling_vitpose_backbone (top-level), transformers.models.vivit.modeling_vivit (top-level), transformers.models.vjepa2.modeling_vjepa2 (top-level), transformers.models.voxtral.modeling_voxtral (top-level), transformers.models.voxtral_realtime.modeling_voxtral_realtime (top-level), transformers.tokenization_mistral_common (top-level), transformers.models.wav2vec2.modeling_wav2vec2 (top-level), transformers.models.wav2vec2_with_lm.processing_wav2vec2_with_lm (top-level), transformers.models.whisper.modeling_whisper (top-level), transformers.models.whisper.generation_whisper (top-level), transformers.models.whisper.english_normalizer (top-level), transformers.models.x_clip.modeling_x_clip (top-level), transformers.models.xlm.modeling_xlm (top-level), transformers.models.xlm_roberta.modeling_xlm_roberta (top-level), transformers.models.xlm_roberta_xl.modeling_xlm_roberta_xl (top-level), transformers.models.xlnet.modeling_xlnet (top-level), transformers.models.xmod.modeling_xmod (top-level), transformers.models.yolos.modeling_yolos (top-level), transformers.models.youtu.modeling_youtu (top-level), transformers.models.zamba.modeling_zamba (top-level), transformers.models.zoedepth.image_processing_pil_zoedepth (top-level), transformers.models.zoedepth.image_processing_zoedepth (top-level), transformers.hf_argparser (top-level), transformers.pipelines.keypoint_matching (top-level), transformers.trainer_seq2seq (top-level), websockets.imports (top-level), websockets.asyncio.client (top-level), websockets.client (top-level), websockets.datastructures (top-level), websockets.frames (top-level), websockets.extensions.base (top-level), websockets.http11 (top-level), websockets.headers (top-level), websockets.protocol (top-level), websockets.streams (top-level), websockets.extensions.permessage_deflate (top-level), websockets.asyncio.connection (top-level), websockets.asyncio.messages (top-level), werkzeug.wrappers.request (top-level), werkzeug.datastructures.accept (top-level), werkzeug.datastructures.structures (top-level), werkzeug.datastructures.cache_control (top-level), werkzeug.datastructures.mixins (top-level), werkzeug.datastructures.auth (top-level), werkzeug.datastructures.csp (top-level), werkzeug.datastructures.etag (top-level), werkzeug.datastructures.file_storage (top-level), werkzeug.datastructures.headers (top-level), werkzeug.datastructures.range (top-level), werkzeug.middleware.shared_data (top-level), websockets.asyncio.server (top-level), websockets.server (top-level), websockets.sync.client (top-level), websockets.sync.connection (top-level), eth_account.account (top-level), eth_utils.abi (top-level), eth_typing.abi (top-level), eth_utils.types (top-level), eth_utils.conversions (top-level), eth_utils.decorators (top-level), eth_utils.applicators (top-level), eth_utils.functional (top-level), toolz.itertoolz (top-level), toolz.dicttoolz (top-level), eth_utils.humanize (top-level), eth_utils.logging (top-level), eth_utils.curried (top-level), rlp.sedes.raw (top-level), rlp.sedes.lists (top-level), rlp.lazy (top-level), shelve (top-level), web3.datastructures (top-level), web3._utils.formatters (top-level), multidict._abc (top-level), multidict._multidict_py (top-level), multidict (conditional), yarl._query (top-level), yarl._url (top-level), propcache._helpers_py (top-level), yarl._path (top-level), aiohttp.web (top-level), aiohttp.abc (top-level), frozenlist (top-level), aiohttp.client_reqrep (top-level), aiohttp.multipart (top-level), aiohttp.compression_utils (conditional), aiohttp.payload (top-level), aiodns (top-level), pycares (top-level), aiohttp.connector (conditional), aiohttp.web_response (top-level), aiohttp.web_log (top-level), aiohttp.client_middlewares (top-level), aiohttp.cookiejar (top-level), websockets.legacy.client (top-level), websockets.legacy.protocol (top-level), websockets.legacy.framing (top-level), anyio._backends._asyncio (top-level), anyio._core._asyncio_selector_thread (top-level), anyio._backends._trio (top-level), fsspec.conftest (top-level), fsspec.gui (top-level), fsspec.implementations.cache_metadata (conditional), fsspec.implementations.cached (top-level), pydantic.deprecated.decorator (top-level), pydantic.experimental.arguments_schema (top-level), pydantic.experimental.pipeline (top-level), pydantic.mypy (top-level), torch._dynamo.backends.cudagraphs (top-level), torch._dynamo.backends.torchxla (top-level), torch._dynamo.backends.tvm (top-level), torch._dynamo.polyfills.fx (top-level), torch._dynamo.test_case (top-level), torch.testing._internal.common_utils (top-level), torch._logging.scribe (top-level), torch.testing._internal.common_device_type (top-level), torch._dynamo.test_minifier_common (top-level), torch._export.converter (top-level), torch._export.passes.constant_folding (top-level), torch._export.tools (top-level), torch._functorch.benchmark_utils (conditional), torch._inductor.analysis.profile_analysis (top-level), torch._inductor.aoti_eager (top-level), torch._inductor.fuzzer (top-level), torch._inductor.fx_passes.graph_view (conditional), torch._inductor.fx_passes.overlap_manual_scheduling (conditional), torch._inductor.kernel.conv (conditional), torch._inductor.kernel.custom_op (top-level), torch._inductor.lookup_table.choices (conditional), torch._inductor.mock_cache (conditional), torch._lazy.extract_compiled_graph (top-level), torch._prims.context (conditional), torch._prims.executor (top-level), torch._subclasses.complex_tensor._ops.common (top-level), torch._subclasses.complex_tensor._ops.aten (conditional), torch.ao.ns._numeric_suite (top-level), torch.ao.pruning._experimental.pruner.base_structured_sparsifier (top-level), torch.ao.pruning._experimental.pruner.prune_functions (top-level), torch.ao.pruning._experimental.pruner.FPGM_pruner (top-level), torch.ao.quantization.fx._model_report.detector (top-level), torch.ao.quantization.fx._model_report.model_report (top-level), torch.ao.quantization.fx.lstm_utils (conditional), torch.distributed._dist2 (top-level), torch.distributed._shard.sharded_optim (top-level), torch.distributed._shard.sharded_optim.api (top-level), torch.distributed.algorithms.ddp_comm_hooks.ddp_zero_hook (top-level), torch.distributed.algorithms.model_averaging.hierarchical_model_averager (top-level), torch.distributed.checkpoint._experimental.builder (top-level), torch.distributed.checkpoint._experimental.checkpoint_process (top-level), torch.distributed.checkpoint.state_dict (top-level), torch.distributed.collective_utils (conditional), torch.distributed.debug._frontend (top-level), torch.distributed.flight_recorder.components.fr_logger (top-level), torch.distributed.flight_recorder.components.config_manager (top-level), torch.distributed.elastic.control_plane (top-level), torch.distributed.elastic.utils.data.cycling_iterator (top-level), torch.distributed.elastic.utils.data.elastic_distributed_sampler (top-level), torch.distributed.flight_recorder.fr_trace (top-level), torch.distributed.fsdp._trace_utils (top-level), torch.distributed.fsdp.sharded_grad_scaler (top-level), torch.distributed.run (top-level), torch.distributed.launcher.api (top-level), torch.distributed.pipelining._IR (top-level), torch.distributed.pipelining._backward (top-level), torch.distributed.pipelining.stage (top-level), torch.distributed.pipelining.schedules (top-level), torch.distributed.pipelining.microbatch (top-level), torch.distributed.tensor.experimental._tp_transform (top-level), torch.export._patches (top-level), torch.fx.experimental.debug (top-level), torch.fx.experimental.graph_gradual_typechecker (top-level), torch.fx.experimental.unification.core (top-level), torch.fx.experimental.unification.multipledispatch.core (top-level), torch.fx.experimental.unification.unification_tools (top-level), torch.fx.experimental.meta_tracer (top-level), torch.fx.experimental.migrate_gradual_types.constraint_generator (top-level), torch.fx.experimental.migrate_gradual_types.constraint_transformation (top-level), torch.fx.experimental.normalize (top-level), torch.fx.experimental.rewriter (top-level), torch.fx.passes.pass_manager (top-level), torch.fx.passes.utils.source_matcher_utils (top-level), torch.jit._decompositions (top-level), torch.jit._shape_functions (top-level), torch.nn.utils._deprecation_utils (top-level), torch.nn.utils.prune (top-level), torch.onnx._internal.exporter._isolated (conditional), torch.onnx._internal.torchscript_exporter._experimental (top-level), torch.onnx._internal.torchscript_exporter.verification (top-level), torch.utils.benchmark.utils.common (top-level), torch.utils.benchmark.utils.timer (top-level), torch.utils.benchmark.utils._stubs (top-level), torch.utils.benchmark.utils.valgrind_wrapper.timer_interface (top-level), torch.utils.benchmark.utils.fuzzer (top-level), torch.testing._internal.opinfo.core (top-level), torch.testing._internal.opinfo.utils (top-level), torch.testing._internal.opinfo.definitions._masked (top-level), torch.testing._internal.common_methods_invocations (top-level), torch.testing._internal.opinfo.definitions.linalg (top-level), torch.testing._internal.opinfo.definitions.signal (top-level), torch.testing._internal.common_distributed (top-level), torch.testing._internal.common_fsdp (top-level), torch.testing._internal.common_nn (top-level), torch.testing._internal.common_mps (top-level), torch.testing._internal.common_quantization (top-level), torch.testing._internal.distributed._tensor.common_dtensor (top-level), torch.testing._internal.distributed.checkpoint_utils (top-level), torch.testing._internal.distributed.distributed_test (top-level), torch.testing._internal.hypothesis_utils (top-level), torch.testing._internal.inductor_utils (top-level), torch.testing._internal.logging_utils (top-level), torch.utils._strobelight.cli_function_profiler (top-level), torch.utils.benchmark.examples.spectral_ops_fuzz_test (top-level), torch.utils.benchmark.utils.compile (top-level), torch.utils.bundled_inputs (top-level), torchgen.context (conditional), torchgen.selective_build.selector (top-level), torchgen.dest.ufunc (conditional), torchgen.gen_aoti_c_shim (conditional), torchgen.native_function_generation (conditional), torchgen.gen_functionalization_type (conditional), torchgen.gen_vmap_plumbing (conditional), torchgen.gen (conditional), torchgen.api.python (conditional), torch.xpu._gpu_trace (top-level), websockets.legacy.auth (top-level), websockets.legacy.server (top-level), websockets.sync.server (top-level), dbm.dumb (top-level)","localhost","efc05125-2661-468f-a13d-cfc3e2dde706","False"
"C:\Users\tsmit\OneDrive\Desktop\realai\realai\__init__.py","1993","        # Registry of loaded plugins: name -> metadata","localhost","efc05125-2661-468f-a13d-cfc3e2dde706","False"
"C:\Users\tsmit\OneDrive\Desktop\realai\realai\__init__.py","4942","    def load_plugin(","localhost","efc05125-2661-468f-a13d-cfc3e2dde706","False"
"C:\Users\tsmit\OneDrive\Desktop\realai\realai\__init__.py","4995","        """"""Discover and load all plugins in the given package namespace.","localhost","efc05125-2661-468f-a13d-cfc3e2dde706","False"
"C:\Users\tsmit\OneDrive\Desktop\realai\realai\__init__.py","4997","        Returns a list of successfully loaded plugin names.","localhost","efc05125-2661-468f-a13d-cfc3e2dde706","False"
"C:\Users\tsmit\OneDrive\Desktop\realai\realai\__init__.py","5008","                    self.load_plugin(mod_name)","localhost","efc05125-2661-468f-a13d-cfc3e2dde706","False"
"C:\Users\tsmit\OneDrive\Desktop\realai\realai\__init__.py","8796","            return self.model.load_plugin(**kwargs)","localhost","efc05125-2661-468f-a13d-cfc3e2dde706","False"
"C:\Users\tsmit\OneDrive\Desktop\realai\realai\__init__.py","8800","            return self.model.load_plugin(plugin_name, config)","localhost","efc05125-2661-468f-a13d-cfc3e2dde706","False"
"C:\Users\tsmit\OneDrive\Desktop\realai\realai\realai\realai\__init__.py","1993","        # Registry of loaded plugins: name -> metadata","localhost","efc05125-2661-468f-a13d-cfc3e2dde706","False"
"C:\Users\tsmit\OneDrive\Desktop\realai\realai\realai\realai\__init__.py","4942","    def load_plugin(","localhost","efc05125-2661-468f-a13d-cfc3e2dde706","False"
"C:\Users\tsmit\OneDrive\Desktop\realai\realai\realai\realai\__init__.py","4995","        """"""Discover and load all plugins in the given package namespace.","localhost","efc05125-2661-468f-a13d-cfc3e2dde706","False"
"C:\Users\tsmit\OneDrive\Desktop\realai\realai\realai\realai\__init__.py","4997","        Returns a list of successfully loaded plugin names.","localhost","efc05125-2661-468f-a13d-cfc3e2dde706","False"
"C:\Users\tsmit\OneDrive\Desktop\realai\realai\realai\realai\__init__.py","5008","                    self.load_plugin(mod_name)","localhost","efc05125-2661-468f-a13d-cfc3e2dde706","False"
"C:\Users\tsmit\OneDrive\Desktop\realai\realai\realai\realai\__init__.py","8796","            return self.model.load_plugin(**kwargs)","localhost","efc05125-2661-468f-a13d-cfc3e2dde706","False"
"C:\Users\tsmit\OneDrive\Desktop\realai\realai\realai\realai\__init__.py","8800","            return self.model.load_plugin(plugin_name, config)","localhost","efc05125-2661-468f-a13d-cfc3e2dde706","False"
"C:\Users\tsmit\OneDrive\Desktop\realai - Copy\API.md","582","Load plugins via `client.plugins.load(plugin_name=""sample_plugin"")` or discover and load all local plugins with `client.model.load_all_plugins()`.","localhost","efc05125-2661-468f-a13d-cfc3e2dde706","False"
"C:\Users\tsmit\OneDrive\Desktop\realai - Copy\examples_limitless.py","347","    plugin = client.plugins.load(","localhost","efc05125-2661-468f-a13d-cfc3e2dde706","False"
"C:\Users\tsmit\OneDrive\Desktop\realai - Copy\README.md","422","plugin = client.plugins.load(","localhost","efc05125-2661-468f-a13d-cfc3e2dde706","False"
"C:\Users\tsmit\OneDrive\Desktop\realai - Copy\README.md","484","- `client.plugins.load(**kwargs)` - Load plugins","localhost","efc05125-2661-468f-a13d-cfc3e2dde706","False"
"C:\Users\tsmit\backups\realai-sync-20260508-090605\realai-main\API.md","605","Load plugins via `client.plugins.load(plugin_name=""sample_plugin"")` or discover and load all local plugins with `client.model.load_all_plugins()`.","localhost","7ebcff13-347d-4a97-853b-1de03b53b19f","False"
"C:\Users\tsmit\backups\realai-sync-20260508-090605\realai-main\README.md","445","plugin = client.plugins.load(","localhost","7ebcff13-347d-4a97-853b-1de03b53b19f","False"
"C:\Users\tsmit\backups\realai-sync-20260508-090605\realai-main\README.md","507","- `client.plugins.load(**kwargs)` - Load plugins","localhost","7ebcff13-347d-4a97-853b-1de03b53b19f","False"
"C:\Users\tsmit\backups\realai-sync-20260508-090605\realai-main\README.md","690","- ? `plugin system`: load local plugins from the `plugins/` package. Plugins expose `register(model, config)` and may attach methods to the `RealAI` model. Use `client.plugins.load(...)` or `client.model.load_all_plugins()` to discover local plugins.","localhost","7ebcff13-347d-4a97-853b-1de03b53b19f","False"
"C:\Users\tsmit\backups\realai-sync-20260508-090605\realai-main\test_realai.py","837","    response = client.plugins.load(","localhost","7ebcff13-347d-4a97-853b-1de03b53b19f","False"
"C:\Users\tsmit\backups\realai-sync-20260508-090605\realai-main\test_realai.py","849","    response = client.plugins.load(plugin_name=""sample_plugin"")","localhost","7ebcff13-347d-4a97-853b-1de03b53b19f","False"
"C:\Users\tsmit\backups\realai-sync-20260508-090605\realai-main\test_realai.py","861","    """"""Test discovery and loading of all plugins in `plugins` package.""""""","localhost","7ebcff13-347d-4a97-853b-1de03b53b19f","False"
"C:\Users\tsmit\backups\realai-sync-20260508-090605\realai-main\test_realai.py","2439","    from realai.plugin_marketplace import PluginDiscovery, PluginManifest","localhost","7ebcff13-347d-4a97-853b-1de03b53b19f","False"
"C:\Users\tsmit\backups\realai-sync-20260508-090605\realai-main\test_realai.py","2445","    discovery = PluginDiscovery(manifests_path=tmp_path)","localhost","7ebcff13-347d-4a97-853b-1de03b53b19f","False"
"C:\Users\tsmit\backups\realai-sync-20260508-090605\realai-main\test_realai.py","2472","    success = discovery.uninstall(""test-plugin"")","localhost","7ebcff13-347d-4a97-853b-1de03b53b19f","False"
"C:\Users\tsmit\backups\realai-sync-20260508-090605\realai-main\.github\agents\agent.md","96","    ??? plugin_system()           # load_plugin / load_all_plugins","localhost","7ebcff13-347d-4a97-853b-1de03b53b19f","False"
"C:\Users\tsmit\backups\realai-sync-20260508-090605\realai-main\.github\agents\bootstrap.md","189","Plugins are auto-discovered by `client.plugins.load_all_plugins()`.","localhost","7ebcff13-347d-4a97-853b-1de03b53b19f","False"
"C:\Users\tsmit\backups\realai-sync-20260508-090605\realai-main\.github\agents\memory.md","59","- **Plugin discovery**: `load_all_plugins()` scans the `plugins/` directory for","localhost","7ebcff13-347d-4a97-853b-1de03b53b19f","False"
"C:\Users\tsmit\backups\realai-sync-20260508-090605\realai-main\realai\api_server.py","732","                discovery = PluginDiscovery()","localhost","7ebcff13-347d-4a97-853b-1de03b53b19f","False"
"C:\Users\tsmit\backups\realai-sync-20260508-090605\realai-main\realai\api_server.py","1024","                    from realai.plugin_marketplace import PluginDiscovery, PluginManifest","localhost","7ebcff13-347d-4a97-853b-1de03b53b19f","False"
"C:\Users\tsmit\backups\realai-sync-20260508-090605\realai-main\realai\api_server.py","1035","                    discovery = PluginDiscovery()","localhost","7ebcff13-347d-4a97-853b-1de03b53b19f","False"
"C:\Users\tsmit\backups\realai-sync-20260508-090605\realai-main\realai\api_server.py","1044","                    discovery = PluginDiscovery()","localhost","7ebcff13-347d-4a97-853b-1de03b53b19f","False"
"C:\Users\tsmit\backups\realai-sync-20260508-090605\realai-main\realai\plugin_marketplace.py","8","    from realai.plugin_marketplace import PluginDiscovery, PluginManifest","localhost","7ebcff13-347d-4a97-853b-1de03b53b19f","False"
"C:\Users\tsmit\backups\realai-sync-20260508-090605\realai-main\realai\plugin_marketplace.py","10","    discovery = PluginDiscovery()","localhost","7ebcff13-347d-4a97-853b-1de03b53b19f","False"
"C:\Users\tsmit\backups\realai-sync-20260508-090605\realai-main\realai\__init__.py","2107","        # Registry of loaded plugins: name -> metadata","localhost","7ebcff13-347d-4a97-853b-1de03b53b19f","False"
"C:\Users\tsmit\backups\realai-sync-20260508-090605\realai-main\realai\__init__.py","5473","    def load_plugin(","localhost","7ebcff13-347d-4a97-853b-1de03b53b19f","False"
"C:\Users\tsmit\backups\realai-sync-20260508-090605\realai-main\realai\__init__.py","5526","        """"""Discover and load all plugins in the given package namespace.","localhost","7ebcff13-347d-4a97-853b-1de03b53b19f","False"
"C:\Users\tsmit\backups\realai-sync-20260508-090605\realai-main\realai\__init__.py","5528","        Returns a list of successfully loaded plugin names.","localhost","7ebcff13-347d-4a97-853b-1de03b53b19f","False"
"C:\Users\tsmit\backups\realai-sync-20260508-090605\realai-main\realai\__init__.py","5539","                    self.load_plugin(mod_name)","localhost","7ebcff13-347d-4a97-853b-1de03b53b19f","False"
"C:\Users\tsmit\backups\realai-sync-20260508-090605\realai-main\realai\__init__.py","9327","            return self.model.load_plugin(**kwargs)","localhost","7ebcff13-347d-4a97-853b-1de03b53b19f","False"
"C:\Users\tsmit\backups\realai-sync-20260508-090605\realai-main\realai\__init__.py","9331","            return self.model.load_plugin(plugin_name, config)","localhost","7ebcff13-347d-4a97-853b-1de03b53b19f","False"
"C:\Users\tsmit\backups\realai-sync-20260508-090605\realai_sdk\API.md","605","Load plugins via `client.plugins.load(plugin_name=""sample_plugin"")` or discover and load all local plugins with `client.model.load_all_plugins()`.","localhost","7ebcff13-347d-4a97-853b-1de03b53b19f","False"
"C:\Users\tsmit\backups\realai-sync-20260508-090605\realai_sdk\README.md","445","plugin = client.plugins.load(","localhost","7ebcff13-347d-4a97-853b-1de03b53b19f","False"
"C:\Users\tsmit\backups\realai-sync-20260508-090605\realai_sdk\README.md","507","- `client.plugins.load(**kwargs)` - Load plugins","localhost","7ebcff13-347d-4a97-853b-1de03b53b19f","False"
"C:\Users\tsmit\backups\realai-sync-20260508-090605\realai_sdk\README.md","690","- ? `plugin system`: load local plugins from the `plugins/` package. Plugins expose `register(model, config)` and may attach methods to the `RealAI` model. Use `client.plugins.load(...)` or `client.model.load_all_plugins()` to discover local plugins.","localhost","7ebcff13-347d-4a97-853b-1de03b53b19f","False"
"C:\RealAI_Recovery_SAFE\C__realai_.backup_clean_backup_20260708_112400_.github_agents_agent.md","96","    ??? plugin_system()           # load_plugin / load_all_plugins","localhost","0e862e3d-d40c-45f1-b617-ab607357f66b","False"
"C:\RealAI_Recovery_SAFE\C__realai_.backup_clean_backup_20260708_112400_.github_agents_bootstrap.md","189","Plugins are auto-discovered by `client.plugins.load_all_plugins()`.","localhost","0e862e3d-d40c-45f1-b617-ab607357f66b","False"
"C:\RealAI_Recovery_SAFE\C__realai_.backup_clean_backup_20260708_112400_.github_agents_memory.md","59","- **Plugin discovery**: `load_all_plugins()` scans the `plugins/` directory for","localhost","0e862e3d-d40c-45f1-b617-ab607357f66b","False"
"C:\RealAI_Recovery_SAFE\C__realai_.backup_clean_backup_20260708_112400_agents_agent.md","96","    ??? plugin_system()           # load_plugin / load_all_plugins","localhost","0e862e3d-d40c-45f1-b617-ab607357f66b","False"
"C:\RealAI_Recovery_SAFE\C__realai_.backup_clean_backup_20260708_112400_agents_bootstrap.md","189","Plugins are auto-discovered by `client.plugins.load_all_plugins()`.","localhost","0e862e3d-d40c-45f1-b617-ab607357f66b","False"
"C:\RealAI_Recovery_SAFE\C__realai_.backup_clean_backup_20260708_112400_agents_memory.md","59","- **Plugin discovery**: `load_all_plugins()` scans the `plugins/` directory for","localhost","0e862e3d-d40c-45f1-b617-ab607357f66b","False"
"C:\RealAI_Recovery_SAFE\C__realai_.backup_clean_backup_20260708_112400_API.md","605","Load plugins via `client.plugins.load(plugin_name=""sample_plugin"")` or discover and load all local plugins with `client.model.load_all_plugins()`.","localhost","0e862e3d-d40c-45f1-b617-ab607357f66b","False"
"C:\RealAI_Recovery_SAFE\C__realai_.backup_clean_backup_20260708_112400_realai_og_mess_realai_.github_agents_agent.md","96","    ??? plugin_system()           # load_plugin / load_all_plugins","localhost","0e862e3d-d40c-45f1-b617-ab607357f66b","False"
"C:\RealAI_Recovery_SAFE\C__realai_.backup_clean_backup_20260708_112400_realai_og_mess_realai_.github_agents_bootstrap.md","189","Plugins are auto-discovered by `client.plugins.load_all_plugins()`.","localhost","0e862e3d-d40c-45f1-b617-ab607357f66b","False"
"C:\RealAI_Recovery_SAFE\C__realai_.backup_clean_backup_20260708_112400_realai_og_mess_realai_.github_agents_memory.md","59","- **Plugin discovery**: `load_all_plugins()` scans the `plugins/` directory for","localhost","0e862e3d-d40c-45f1-b617-ab607357f66b","False"
"C:\RealAI_Recovery_SAFE\C__realai_.backup_clean_backup_20260708_112400_realai_og_mess_realai_.kilo_worktrees_cotton-mistake_.github_agents_agent.md","96","    ??? plugin_system()           # load_plugin / load_all_plugins","localhost","0e862e3d-d40c-45f1-b617-ab607357f66b","False"
"C:\RealAI_Recovery_SAFE\C__realai_.backup_clean_backup_20260708_112400_realai_og_mess_realai_.kilo_worktrees_cotton-mistake_.github_agents_bootstrap.md","189","Plugins are auto-discovered by `client.plugins.load_all_plugins()`.","localhost","0e862e3d-d40c-45f1-b617-ab607357f66b","False"
"C:\RealAI_Recovery_SAFE\C__realai_.backup_clean_backup_20260708_112400_realai_og_mess_realai_.kilo_worktrees_cotton-mistake_.github_agents_memory.md","59","- **Plugin discovery**: `load_all_plugins()` scans the `plugins/` directory for","localhost","0e862e3d-d40c-45f1-b617-ab607357f66b","False"
"C:\RealAI_Recovery_SAFE\C__realai_.backup_clean_backup_20260708_112400_realai_og_mess_realai_.kilo_worktrees_cotton-mistake_agents_agent.md","96","    ??? plugin_system()           # load_plugin / load_all_plugins","localhost","0e862e3d-d40c-45f1-b617-ab607357f66b","False"
"C:\RealAI_Recovery_SAFE\C__realai_.backup_clean_backup_20260708_112400_realai_og_mess_realai_.kilo_worktrees_cotton-mistake_agents_bootstrap.md","189","Plugins are auto-discovered by `client.plugins.load_all_plugins()`.","localhost","0e862e3d-d40c-45f1-b617-ab607357f66b","False"
"C:\RealAI_Recovery_SAFE\C__realai_.backup_clean_backup_20260708_112400_realai_og_mess_realai_.kilo_worktrees_cotton-mistake_agents_memory.md","59","- **Plugin discovery**: `load_all_plugins()` scans the `plugins/` directory for","localhost","0e862e3d-d40c-45f1-b617-ab607357f66b","False"
"C:\RealAI_Recovery_SAFE\C__realai_.backup_clean_backup_20260708_112400_realai_og_mess_realai_.kilo_worktrees_cotton-mistake_API.md","605","Load plugins via `client.plugins.load(plugin_name=""sample_plugin"")` or discover and load all local plugins with `client.model.load_all_plugins()`.","localhost","0e862e3d-d40c-45f1-b617-ab607357f66b","False"
"C:\RealAI_Recovery_SAFE\C__realai_.backup_clean_backup_20260708_112400_realai_og_mess_realai_.kilo_worktrees_cotton-mistake_realai_api_server.py","764","                discovery = PluginDiscovery()","localhost","0e862e3d-d40c-45f1-b617-ab607357f66b","False"
"C:\RealAI_Recovery_SAFE\C__realai_.backup_clean_backup_20260708_112400_realai_og_mess_realai_.kilo_worktrees_cotton-mistake_realai_api_server.py","1056","                    from realai.plugin_marketplace import PluginDiscovery, PluginManifest","localhost","0e862e3d-d40c-45f1-b617-ab607357f66b","False"
"C:\RealAI_Recovery_SAFE\C__realai_.backup_clean_backup_20260708_112400_realai_og_mess_realai_.kilo_worktrees_cotton-mistake_realai_api_server.py","1067","                    discovery = PluginDiscovery()","localhost","0e862e3d-d40c-45f1-b617-ab607357f66b","False"
"C:\RealAI_Recovery_SAFE\C__realai_.backup_clean_backup_20260708_112400_realai_og_mess_realai_.kilo_worktrees_cotton-mistake_realai_api_server.py","1076","                    discovery = PluginDiscovery()","localhost","0e862e3d-d40c-45f1-b617-ab607357f66b","False"
"C:\RealAI_Recovery_SAFE\C__realai_.backup_clean_backup_20260708_112400_realai_og_mess_realai_.kilo_worktrees_cotton-mistake_realai_plugin_marketplace.py","8","    from realai.plugin_marketplace import PluginDiscovery, PluginManifest","localhost","0e862e3d-d40c-45f1-b617-ab607357f66b","False"
"C:\RealAI_Recovery_SAFE\C__realai_.backup_clean_backup_20260708_112400_realai_og_mess_realai_.kilo_worktrees_cotton-mistake_realai_plugin_marketplace.py","10","    discovery = PluginDiscovery()","localhost","0e862e3d-d40c-45f1-b617-ab607357f66b","False"
"C:\RealAI_Recovery_SAFE\C__realai_.backup_clean_backup_20260708_112400_realai_og_mess_realai_.kilo_worktrees_cotton-mistake_realai___init__.py","2107","        # Registry of loaded plugins: name -> metadata","localhost","0e862e3d-d40c-45f1-b617-ab607357f66b","False"
"C:\RealAI_Recovery_SAFE\C__realai_.backup_clean_backup_20260708_112400_realai_og_mess_realai_.kilo_worktrees_cotton-mistake_realai___init__.py","5493","    def load_plugin(","localhost","0e862e3d-d40c-45f1-b617-ab607357f66b","False"
"C:\RealAI_Recovery_SAFE\C__realai_.backup_clean_backup_20260708_112400_realai_og_mess_realai_.kilo_worktrees_cotton-mistake_realai___init__.py","5546","        """"""Discover and load all plugins in the given package namespace.","localhost","0e862e3d-d40c-45f1-b617-ab607357f66b","False"
"C:\RealAI_Recovery_SAFE\C__realai_.backup_clean_backup_20260708_112400_realai_og_mess_realai_.kilo_worktrees_cotton-mistake_realai___init__.py","5548","        Returns a list of successfully loaded plugin names.","localhost","0e862e3d-d40c-45f1-b617-ab607357f66b","False"
"C:\RealAI_Recovery_SAFE\C__realai_.backup_clean_backup_20260708_112400_realai_og_mess_realai_.kilo_worktrees_cotton-mistake_realai___init__.py","5559","                    self.load_plugin(mod_name)","localhost","0e862e3d-d40c-45f1-b617-ab607357f66b","False"
"C:\RealAI_Recovery_SAFE\C__realai_.backup_clean_backup_20260708_112400_realai_og_mess_realai_.kilo_worktrees_cotton-mistake_realai___init__.py","9347","            return self.model.load_plugin(**kwargs)","localhost","0e862e3d-d40c-45f1-b617-ab607357f66b","False"
"C:\RealAI_Recovery_SAFE\C__realai_.backup_clean_backup_20260708_112400_realai_og_mess_realai_.kilo_worktrees_cotton-mistake_realai___init__.py","9351","            return self.model.load_plugin(plugin_name, config)","localhost","0e862e3d-d40c-45f1-b617-ab607357f66b","False"
