2026-04-06 04:45:32,365 19412 [INFO ] - ============================================================
2026-04-06 04:45:32,751 19412 [INFO ] - 2.7.1
2026-04-06 04:45:33,416 14024 [INFO ] - ============================================================
2026-04-06 04:45:33,701 14024 [INFO ] - Chocolatey v2.7.1
2026-04-06 04:45:33,796 14024 [INFO ] - 3 validations performed. 3 success(es), 0 warning(s), and 0 error(s).
2026-04-06 04:45:33,811 14024 [INFO ] - Upgrading the following packages:
2026-04-06 04:45:33,811 14024 [INFO ] - python;visualstudio2026-workload-vctools
2026-04-06 04:45:33,811 14024 [INFO ] - By upgrading, you accept licenses for the packages.
2026-04-06 04:45:34,050 14024 [WARN ] - python is not installed. Installing...
2026-04-06 04:45:35,071 14024 [INFO ] - [NuGet]   GET https://community.chocolatey.org/api/v2/$metadata
2026-04-06 04:45:35,392 14024 [INFO ] - [NuGet]   OK https://community.chocolatey.org/api/v2/$metadata 319ms
2026-04-06 04:45:35,407 14024 [INFO ] - [NuGet]   GET https://community.chocolatey.org/api/v2/Packages()?$filter=(tolower(Id) eq 'python') and IsLatestVersion&semVerLevel=2.0.0
2026-04-06 04:45:35,692 14024 [INFO ] - [NuGet]   OK https://community.chocolatey.org/api/v2/Packages()?$filter=(tolower(Id) eq 'python') and IsLatestVersion&semVerLevel=2.0.0 277ms
2026-04-06 04:45:35,724 14024 [INFO ] - [NuGet]   GET https://community.chocolatey.org/api/v2/Packages(Id='python',Version='3.14.3')
2026-04-06 04:45:36,172 14024 [INFO ] - [NuGet]   OK https://community.chocolatey.org/api/v2/Packages(Id='python',Version='3.14.3') 452ms
2026-04-06 04:45:36,188 14024 [INFO ] - [NuGet]   GET https://community.chocolatey.org/api/v2/Packages(Id='python3',Version='3.14.3')
2026-04-06 04:45:36,544 14024 [INFO ] - [NuGet]   OK https://community.chocolatey.org/api/v2/Packages(Id='python3',Version='3.14.3') 345ms
2026-04-06 04:45:36,553 14024 [INFO ] - [NuGet]   GET https://community.chocolatey.org/api/v2/Packages(Id='python314',Version='3.14.3')
2026-04-06 04:45:36,898 14024 [INFO ] - [NuGet]   OK https://community.chocolatey.org/api/v2/Packages(Id='python314',Version='3.14.3') 344ms
2026-04-06 04:45:36,922 14024 [INFO ] - [NuGet]   GET https://community.chocolatey.org/api/v2/FindPackagesById()?id='vcredist2015'&semVerLevel=2.0.0
2026-04-06 04:45:37,055 14024 [INFO ] - [NuGet]   OK https://community.chocolatey.org/api/v2/FindPackagesById()?id='vcredist2015'&semVerLevel=2.0.0 136ms
2026-04-06 04:45:37,119 14024 [INFO ] - [NuGet]   GET http://community.chocolatey.org/api/v2/FindPackagesById?id='vcredist2015'&$skiptoken='1757831706953','14.0.23506','vcredist2015'
2026-04-06 04:45:37,740 14024 [INFO ] - [NuGet]   OK http://community.chocolatey.org/api/v2/FindPackagesById?id='vcredist2015'&$skiptoken='1757831706953','14.0.23506','vcredist2015' 616ms
2026-04-06 04:45:37,740 14024 [INFO ] - [NuGet]   GET https://community.chocolatey.org/api/v2/FindPackagesById()?id='vcredist140'&semVerLevel=2.0.0
2026-04-06 04:45:37,835 14024 [INFO ] - [NuGet]   OK https://community.chocolatey.org/api/v2/FindPackagesById()?id='vcredist140'&semVerLevel=2.0.0 85ms
2026-04-06 04:45:38,175 14024 [INFO ] - [NuGet]   GET http://community.chocolatey.org/api/v2/FindPackagesById?id='vcredist140'&$skiptoken='1758917989857','14.24.28127.4','vcredist140'
2026-04-06 04:45:38,405 14024 [INFO ] - [NuGet]   OK http://community.chocolatey.org/api/v2/FindPackagesById?id='vcredist140'&$skiptoken='1758917989857','14.24.28127.4','vcredist140' 242ms
2026-04-06 04:45:38,468 14024 [INFO ] - [NuGet]   GET http://community.chocolatey.org/api/v2/FindPackagesById?id='vcredist140'&$skiptoken='1758917088380','14.0.24516-preview5','vcredist140'
2026-04-06 04:45:38,755 14024 [INFO ] - [NuGet]   OK http://community.chocolatey.org/api/v2/FindPackagesById?id='vcredist140'&$skiptoken='1758917088380','14.0.24516-preview5','vcredist140' 282ms
2026-04-06 04:45:38,755 14024 [INFO ] - [NuGet]   GET https://community.chocolatey.org/api/v2/FindPackagesById()?id='chocolatey-core.extension'&semVerLevel=2.0.0
2026-04-06 04:45:38,897 14024 [INFO ] - [NuGet]   OK https://community.chocolatey.org/api/v2/FindPackagesById()?id='chocolatey-core.extension'&semVerLevel=2.0.0 136ms
2026-04-06 04:45:38,929 14024 [INFO ] - [NuGet]   GET http://community.chocolatey.org/api/v2/FindPackagesById?id='chocolatey-core.extension'&$skiptoken='1757694056117','0.1.2','chocolatey-core.extension'
2026-04-06 04:45:39,438 14024 [INFO ] - [NuGet]   OK http://community.chocolatey.org/api/v2/FindPackagesById?id='chocolatey-core.extension'&$skiptoken='1757694056117','0.1.2','chocolatey-core.extension' 497ms
2026-04-06 04:45:39,438 14024 [INFO ] - [NuGet]   GET https://community.chocolatey.org/api/v2/FindPackagesById()?id='chocolatey-compatibility.extension'&semVerLevel=2.0.0
2026-04-06 04:45:39,711 14024 [INFO ] - [NuGet]   OK https://community.chocolatey.org/api/v2/FindPackagesById()?id='chocolatey-compatibility.extension'&semVerLevel=2.0.0 280ms
2026-04-06 04:45:39,727 14024 [INFO ] - [NuGet]   GET http://community.chocolatey.org/api/v2/FindPackagesById?id='chocolatey-compatibility.extension'&$skiptoken='1775157323107','1.0.0','chocolatey-compatibility.extension'
2026-04-06 04:45:40,330 14024 [INFO ] - [NuGet]   OK http://community.chocolatey.org/api/v2/FindPackagesById?id='chocolatey-compatibility.extension'&$skiptoken='1775157323107','1.0.0','chocolatey-compatibility.extension' 604ms
2026-04-06 04:45:40,330 14024 [INFO ] - [NuGet]   GET https://community.chocolatey.org/api/v2/FindPackagesById()?id='kb3033929'&semVerLevel=2.0.0
2026-04-06 04:45:40,588 14024 [INFO ] - [NuGet]   OK https://community.chocolatey.org/api/v2/FindPackagesById()?id='kb3033929'&semVerLevel=2.0.0 264ms
2026-04-06 04:45:40,603 14024 [INFO ] - [NuGet]   GET http://community.chocolatey.org/api/v2/FindPackagesById?id='kb3033929'&$skiptoken='1757852403537','1.0.0','kb3033929'
2026-04-06 04:45:41,798 14024 [INFO ] - [NuGet]   OK http://community.chocolatey.org/api/v2/FindPackagesById?id='kb3033929'&$skiptoken='1757852403537','1.0.0','kb3033929' 1181ms
2026-04-06 04:45:41,798 14024 [INFO ] - [NuGet]   GET https://community.chocolatey.org/api/v2/FindPackagesById()?id='chocolatey-windowsupdate.extension'&semVerLevel=2.0.0
2026-04-06 04:45:42,051 14024 [INFO ] - [NuGet]   OK https://community.chocolatey.org/api/v2/FindPackagesById()?id='chocolatey-windowsupdate.extension'&semVerLevel=2.0.0 252ms
2026-04-06 04:45:42,067 14024 [INFO ] - [NuGet]   GET http://community.chocolatey.org/api/v2/FindPackagesById?id='chocolatey-windowsupdate.extension'&$skiptoken='1758091804557','1.0.1','chocolatey-windowsupdate.extension'
2026-04-06 04:45:42,632 14024 [INFO ] - [NuGet]   OK http://community.chocolatey.org/api/v2/FindPackagesById?id='chocolatey-windowsupdate.extension'&$skiptoken='1758091804557','1.0.1','chocolatey-windowsupdate.extension' 556ms
2026-04-06 04:45:42,637 14024 [INFO ] - [NuGet]   GET https://community.chocolatey.org/api/v2/FindPackagesById()?id='kb3035131'&semVerLevel=2.0.0
2026-04-06 04:45:42,939 14024 [INFO ] - [NuGet]   OK https://community.chocolatey.org/api/v2/FindPackagesById()?id='kb3035131'&semVerLevel=2.0.0 305ms
2026-04-06 04:45:42,953 14024 [INFO ] - [NuGet]   GET http://community.chocolatey.org/api/v2/FindPackagesById?id='kb3035131'&$skiptoken='1758694790893','1.0.0','kb3035131'
2026-04-06 04:45:43,528 14024 [INFO ] - [NuGet]   OK http://community.chocolatey.org/api/v2/FindPackagesById?id='kb3035131'&$skiptoken='1758694790893','1.0.0','kb3035131' 576ms
2026-04-06 04:45:43,528 14024 [INFO ] - [NuGet]   GET https://community.chocolatey.org/api/v2/FindPackagesById()?id='kb2919355'&semVerLevel=2.0.0
2026-04-06 04:45:43,787 14024 [INFO ] - [NuGet]   OK https://community.chocolatey.org/api/v2/FindPackagesById()?id='kb2919355'&semVerLevel=2.0.0 263ms
2026-04-06 04:45:43,803 14024 [INFO ] - [NuGet]   GET http://community.chocolatey.org/api/v2/FindPackagesById?id='kb2919355'&$skiptoken='1759018786213','1.0.20160719','kb2919355'
2026-04-06 04:45:44,360 14024 [INFO ] - [NuGet]   OK http://community.chocolatey.org/api/v2/FindPackagesById?id='kb2919355'&$skiptoken='1759018786213','1.0.20160719','kb2919355' 557ms
2026-04-06 04:45:44,360 14024 [INFO ] - [NuGet]   GET https://community.chocolatey.org/api/v2/FindPackagesById()?id='kb2919442'&semVerLevel=2.0.0
2026-04-06 04:45:44,613 14024 [INFO ] - [NuGet]   OK https://community.chocolatey.org/api/v2/FindPackagesById()?id='kb2919442'&semVerLevel=2.0.0 257ms
2026-04-06 04:45:44,613 14024 [INFO ] - [NuGet]   GET http://community.chocolatey.org/api/v2/FindPackagesById?id='kb2919442'&$skiptoken='1758687599443','1.0.20160719','kb2919442'
2026-04-06 04:45:44,981 14024 [INFO ] - [NuGet]   OK http://community.chocolatey.org/api/v2/FindPackagesById?id='kb2919442'&$skiptoken='1758687599443','1.0.20160719','kb2919442' 365ms
2026-04-06 04:45:44,997 14024 [INFO ] - [NuGet]   GET https://community.chocolatey.org/api/v2/FindPackagesById()?id='kb2999226'&semVerLevel=2.0.0
2026-04-06 04:45:45,093 14024 [INFO ] - [NuGet]   OK https://community.chocolatey.org/api/v2/FindPackagesById()?id='kb2999226'&semVerLevel=2.0.0 106ms
2026-04-06 04:45:45,110 14024 [INFO ] - [NuGet]   GET http://community.chocolatey.org/api/v2/FindPackagesById?id='kb2999226'&$skiptoken='1757864999427','1.0.20161030','kb2999226'
2026-04-06 04:45:45,283 14024 [INFO ] - [NuGet]   OK http://community.chocolatey.org/api/v2/FindPackagesById?id='kb2999226'&$skiptoken='1757864999427','1.0.20161030','kb2999226' 175ms
2026-04-06 04:45:45,330 14024 [INFO ] - [NuGet] Resolving dependency information took 0 ms
2026-04-06 04:45:45,330 14024 [INFO ] - [NuGet]   GET https://community.chocolatey.org/api/v2/Packages(Id='chocolatey-compatibility.extension',Version='1.0.0')
2026-04-06 04:45:45,552 14024 [INFO ] - [NuGet]   OK https://community.chocolatey.org/api/v2/Packages(Id='chocolatey-compatibility.extension',Version='1.0.0') 217ms
2026-04-06 04:45:45,568 14024 [INFO ] - Downloading package from source 'https://community.chocolatey.org/api/v2/'
2026-04-06 04:45:45,568 14024 [INFO ] - [NuGet]   GET https://community.chocolatey.org/api/v2/package/chocolatey-compatibility.extension/1.0.0
2026-04-06 04:45:46,157 14024 [INFO ] - [NuGet]   OK https://community.chocolatey.org/api/v2/package/chocolatey-compatibility.extension/1.0.0 580ms
2026-04-06 04:45:46,173 14024 [INFO ] - [NuGet] Acquiring lock for the installation of chocolatey-compatibility.extension 1.0.0
2026-04-06 04:45:46,173 14024 [INFO ] - [NuGet] Acquired lock for the installation of chocolatey-compatibility.extension 1.0.0
2026-04-06 04:45:46,268 14024 [INFO ] - [NuGet] Installed chocolatey-compatibility.extension 1.0.0 from https://community.chocolatey.org/api/v2/ with content hash cRfCv902OWoBUREOIdPpWS5y7Hm+qpscBpEeJ0X2IC1qNkoChFKHPM/X8H0jeutO/o/6tD/4uNSmUueRWjJWjQ==.
2026-04-06 04:45:46,284 14024 [INFO ] - [NuGet] Adding package 'chocolatey-compatibility.extension.1.0.0' to folder 'C:\ProgramData\chocolatey\lib'
2026-04-06 04:45:46,476 14024 [INFO ] - [NuGet] Added package 'chocolatey-compatibility.extension.1.0.0' to folder 'C:\ProgramData\chocolatey\lib'
2026-04-06 04:45:46,476 14024 [INFO ] - 
chocolatey-compatibility.extension v1.0.0 [Approved]
2026-04-06 04:45:46,492 14024 [INFO ] - chocolatey-compatibility.extension package files upgrade completed. Performing other installation steps.
2026-04-06 04:45:48,095 14024 [WARN ] -  Installed/updated chocolatey-compatibility extensions.
2026-04-06 04:45:48,126 14024 [INFO ] -  The upgrade of chocolatey-compatibility.extension was successful.
2026-04-06 04:45:48,126 14024 [INFO ] -   Deployed to 'C:\ProgramData\chocolatey\extensions\chocolatey-compatibility'
2026-04-06 04:45:48,126 14024 [INFO ] - [NuGet]   GET https://community.chocolatey.org/api/v2/Packages(Id='chocolatey-core.extension',Version='1.4.0')
2026-04-06 04:45:48,493 14024 [INFO ] - [NuGet]   OK https://community.chocolatey.org/api/v2/Packages(Id='chocolatey-core.extension',Version='1.4.0') 369ms
2026-04-06 04:45:48,493 14024 [INFO ] - Downloading package from source 'https://community.chocolatey.org/api/v2/'
2026-04-06 04:45:48,493 14024 [INFO ] - [NuGet]   GET https://community.chocolatey.org/api/v2/package/chocolatey-core.extension/1.4.0
2026-04-06 04:45:49,182 14024 [INFO ] - [NuGet]   OK https://community.chocolatey.org/api/v2/package/chocolatey-core.extension/1.4.0 677ms
2026-04-06 04:45:49,182 14024 [INFO ] - [NuGet] Acquiring lock for the installation of chocolatey-core.extension 1.4.0
2026-04-06 04:45:49,184 14024 [INFO ] - [NuGet] Acquired lock for the installation of chocolatey-core.extension 1.4.0
2026-04-06 04:45:49,200 14024 [INFO ] - [NuGet] Installed chocolatey-core.extension 1.4.0 from https://community.chocolatey.org/api/v2/ with content hash ePZsQlm8eur8F379bOGYgRKz73/ENtMw2+fvYBMIoXleuU1OEXcxo77hGEOeWAn7BZJ7Bl4U0MafTi+TvcfhGw==.
2026-04-06 04:45:49,228 14024 [INFO ] - [NuGet] Adding package 'chocolatey-core.extension.1.4.0 : chocolatey-compatibility.extension [1.0.0, )' to folder 'C:\ProgramData\chocolatey\lib'
2026-04-06 04:45:49,371 14024 [INFO ] - [NuGet] Added package 'chocolatey-core.extension.1.4.0 : chocolatey-compatibility.extension [1.0.0, )' to folder 'C:\ProgramData\chocolatey\lib'
2026-04-06 04:45:49,375 14024 [INFO ] - 
chocolatey-core.extension v1.4.0 [Approved]
2026-04-06 04:45:49,375 14024 [INFO ] - chocolatey-core.extension package files upgrade completed. Performing other installation steps.
2026-04-06 04:45:50,905 14024 [WARN ] -  Installed/updated chocolatey-core extensions.
2026-04-06 04:45:50,913 14024 [INFO ] -  The upgrade of chocolatey-core.extension was successful.
2026-04-06 04:45:50,913 14024 [INFO ] -   Deployed to 'C:\ProgramData\chocolatey\extensions\chocolatey-core'
2026-04-06 04:45:50,913 14024 [INFO ] - [NuGet]   GET https://community.chocolatey.org/api/v2/Packages(Id='chocolatey-windowsupdate.extension',Version='1.0.5')
2026-04-06 04:45:51,302 14024 [INFO ] - [NuGet]   OK https://community.chocolatey.org/api/v2/Packages(Id='chocolatey-windowsupdate.extension',Version='1.0.5') 386ms
2026-04-06 04:45:51,302 14024 [INFO ] - Downloading package from source 'https://community.chocolatey.org/api/v2/'
2026-04-06 04:45:51,302 14024 [INFO ] - [NuGet]   GET https://community.chocolatey.org/api/v2/package/chocolatey-windowsupdate.extension/1.0.5
2026-04-06 04:45:52,050 14024 [INFO ] - [NuGet]   OK https://community.chocolatey.org/api/v2/package/chocolatey-windowsupdate.extension/1.0.5 752ms
2026-04-06 04:45:52,050 14024 [INFO ] - [NuGet] Acquiring lock for the installation of chocolatey-windowsupdate.extension 1.0.5
2026-04-06 04:45:52,050 14024 [INFO ] - [NuGet] Acquired lock for the installation of chocolatey-windowsupdate.extension 1.0.5
2026-04-06 04:45:52,066 14024 [INFO ] - [NuGet] Installed chocolatey-windowsupdate.extension 1.0.5 from https://community.chocolatey.org/api/v2/ with content hash uZdp2WxTVq8bq8ksHoeK3EnOmZgyBnMEJf7p9ycVpQKUvEz4T8XjGB0bg6svF8lBvEq9lDhkDXQI1qnnJOxf4A==.
2026-04-06 04:45:52,082 14024 [INFO ] - [NuGet] Adding package 'chocolatey-windowsupdate.extension.1.0.5' to folder 'C:\ProgramData\chocolatey\lib'
2026-04-06 04:45:52,194 14024 [INFO ] - [NuGet] Added package 'chocolatey-windowsupdate.extension.1.0.5' to folder 'C:\ProgramData\chocolatey\lib'
2026-04-06 04:45:52,194 14024 [INFO ] - 
chocolatey-windowsupdate.extension v1.0.5 [Approved]
2026-04-06 04:45:52,194 14024 [INFO ] - chocolatey-windowsupdate.extension package files upgrade completed. Performing other installation steps.
2026-04-06 04:45:53,736 14024 [WARN ] -  Installed/updated chocolatey-windowsupdate extensions.
2026-04-06 04:45:53,740 14024 [INFO ] -  The upgrade of chocolatey-windowsupdate.extension was successful.
2026-04-06 04:45:53,740 14024 [INFO ] -   Deployed to 'C:\ProgramData\chocolatey\extensions\chocolatey-windowsupdate'
2026-04-06 04:45:53,740 14024 [INFO ] - [NuGet]   GET https://community.chocolatey.org/api/v2/Packages(Id='KB2919442',Version='1.0.20160915')
2026-04-06 04:45:53,959 14024 [INFO ] - [NuGet]   OK https://community.chocolatey.org/api/v2/Packages(Id='KB2919442',Version='1.0.20160915') 216ms
2026-04-06 04:45:53,959 14024 [INFO ] - Downloading package from source 'https://community.chocolatey.org/api/v2/'
2026-04-06 04:45:53,959 14024 [INFO ] - [NuGet]   GET https://community.chocolatey.org/api/v2/package/KB2919442/1.0.20160915
2026-04-06 04:45:54,276 14024 [INFO ] - [NuGet]   OK https://community.chocolatey.org/api/v2/package/KB2919442/1.0.20160915 309ms
2026-04-06 04:45:54,276 14024 [INFO ] - [NuGet] Acquiring lock for the installation of KB2919442 1.0.20160915
2026-04-06 04:45:54,276 14024 [INFO ] - [NuGet] Acquired lock for the installation of KB2919442 1.0.20160915
2026-04-06 04:45:54,284 14024 [INFO ] - [NuGet] Installed KB2919442 1.0.20160915 from https://community.chocolatey.org/api/v2/ with content hash TQeoUGG09UgFxQ8kkrknyaOGchD6tctB4eWoyVVNZmGcyMVSTSyvgeB3xmPdF/BLXueGJfRFhEtaGKUF3pE6eA==.
2026-04-06 04:45:54,308 14024 [INFO ] - [NuGet] Adding package 'KB2919442.1.0.20160915' to folder 'C:\ProgramData\chocolatey\lib'
2026-04-06 04:45:54,324 14024 [INFO ] - [NuGet] Added package 'KB2919442.1.0.20160915' to folder 'C:\ProgramData\chocolatey\lib'
2026-04-06 04:45:54,329 14024 [INFO ] - 
KB2919442 v1.0.20160915 [Approved]
2026-04-06 04:45:54,329 14024 [INFO ] - KB2919442 package files upgrade completed. Performing other installation steps.
2026-04-06 04:45:54,832 14024 [INFO ] - VERBOSE: Loading module from path 'C:\ProgramData\chocolatey\helpers\Chocolatey.PowerShell.dll'.
2026-04-06 04:45:54,911 14024 [INFO ] - VERBOSE: Importing cmdlet 'Get-EnvironmentVariable'.
2026-04-06 04:45:54,911 14024 [INFO ] - VERBOSE: Importing cmdlet 'Get-EnvironmentVariableNames'.
2026-04-06 04:45:54,911 14024 [INFO ] - VERBOSE: Importing cmdlet 'Install-ChocolateyPath'.
2026-04-06 04:45:54,911 14024 [INFO ] - VERBOSE: Importing cmdlet 'Set-EnvironmentVariable'.
2026-04-06 04:45:54,911 14024 [INFO ] - VERBOSE: Importing cmdlet 'Test-ProcessAdminRights'.
2026-04-06 04:45:54,911 14024 [INFO ] - VERBOSE: Importing cmdlet 'Uninstall-ChocolateyPath'.
2026-04-06 04:45:54,911 14024 [INFO ] - VERBOSE: Importing cmdlet 'Update-SessionEnvironment'.
2026-04-06 04:45:54,926 14024 [INFO ] - VERBOSE: Exporting function 'Format-FileSize'.
2026-04-06 04:45:54,926 14024 [INFO ] - VERBOSE: Exporting function 'Get-ChecksumValid'.
2026-04-06 04:45:54,926 14024 [INFO ] - VERBOSE: Exporting function 'Get-ChocolateyConfigValue'.
2026-04-06 04:45:54,926 14024 [INFO ] - VERBOSE: Exporting function 'Get-ChocolateyPath'.
2026-04-06 04:45:54,926 14024 [INFO ] - VERBOSE: Exporting function 'Get-ChocolateyUnzip'.
2026-04-06 04:45:54,926 14024 [INFO ] - VERBOSE: Exporting function 'Get-ChocolateyWebFile'.
2026-04-06 04:45:54,926 14024 [INFO ] - VERBOSE: Exporting function 'Get-FtpFile'.
2026-04-06 04:45:54,926 14024 [INFO ] - VERBOSE: Exporting function 'Get-OSArchitectureWidth'.
2026-04-06 04:45:54,926 14024 [INFO ] - VERBOSE: Exporting function 'Get-PackageParameters'.
2026-04-06 04:45:54,926 14024 [INFO ] - VERBOSE: Exporting function 'Get-PackageParametersBuiltIn'.
2026-04-06 04:45:54,926 14024 [INFO ] - VERBOSE: Exporting function 'Get-ToolsLocation'.
2026-04-06 04:45:54,926 14024 [INFO ] - VERBOSE: Exporting function 'Get-UACEnabled'.
2026-04-06 04:45:54,926 14024 [INFO ] - VERBOSE: Exporting function 'Get-UninstallRegistryKey'.
2026-04-06 04:45:54,926 14024 [INFO ] - VERBOSE: Exporting function 'Get-VirusCheckValid'.
2026-04-06 04:45:54,926 14024 [INFO ] - VERBOSE: Exporting function 'Get-WebFile'.
2026-04-06 04:45:54,926 14024 [INFO ] - VERBOSE: Exporting function 'Get-WebFileName'.
2026-04-06 04:45:54,926 14024 [INFO ] - VERBOSE: Exporting function 'Get-WebHeaders'.
2026-04-06 04:45:54,926 14024 [INFO ] - VERBOSE: Exporting function 'Install-BinFile'.
2026-04-06 04:45:54,926 14024 [INFO ] - VERBOSE: Exporting function 'Install-ChocolateyEnvironmentVariable'.
2026-04-06 04:45:54,926 14024 [INFO ] - VERBOSE: Exporting function 'Install-ChocolateyExplorerMenuItem'.
2026-04-06 04:45:54,926 14024 [INFO ] - VERBOSE: Exporting function 'Install-ChocolateyFileAssociation'.
2026-04-06 04:45:54,926 14024 [INFO ] - VERBOSE: Exporting function 'Install-ChocolateyInstallPackage'.
2026-04-06 04:45:54,926 14024 [INFO ] - VERBOSE: Exporting function 'Install-ChocolateyPackage'.
2026-04-06 04:45:54,926 14024 [INFO ] - VERBOSE: Exporting function 'Install-ChocolateyPinnedTaskBarItem'.
2026-04-06 04:45:54,926 14024 [INFO ] - VERBOSE: Exporting function 'Install-ChocolateyPowershellCommand'.
2026-04-06 04:45:54,926 14024 [INFO ] - VERBOSE: Exporting function 'Install-ChocolateyShortcut'.
2026-04-06 04:45:54,926 14024 [INFO ] - VERBOSE: Exporting function 'Install-ChocolateyVsixPackage'.
2026-04-06 04:45:54,926 14024 [INFO ] - VERBOSE: Exporting function 'Install-ChocolateyZipPackage'.
2026-04-06 04:45:54,926 14024 [INFO ] - VERBOSE: Exporting function 'Install-Vsix'.
2026-04-06 04:45:54,926 14024 [INFO ] - VERBOSE: Exporting function 'Set-PowerShellExitCode'.
2026-04-06 04:45:54,926 14024 [INFO ] - VERBOSE: Exporting function 'Start-ChocolateyProcessAsAdmin'.
2026-04-06 04:45:54,926 14024 [INFO ] - VERBOSE: Exporting function 'Uninstall-BinFile'.
2026-04-06 04:45:54,926 14024 [INFO ] - VERBOSE: Exporting function 'Uninstall-ChocolateyEnvironmentVariable'.
2026-04-06 04:45:54,926 14024 [INFO ] - VERBOSE: Exporting function 'Uninstall-ChocolateyPackage'.
2026-04-06 04:45:54,926 14024 [INFO ] - VERBOSE: Exporting function 'Uninstall-ChocolateyZipPackage'.
2026-04-06 04:45:54,926 14024 [INFO ] - VERBOSE: Exporting function 'Write-FunctionCallLogMessage'.
2026-04-06 04:45:54,926 14024 [INFO ] - VERBOSE: Exporting cmdlet 'Get-EnvironmentVariable'.
2026-04-06 04:45:54,926 14024 [INFO ] - VERBOSE: Exporting cmdlet 'Get-EnvironmentVariableNames'.
2026-04-06 04:45:54,926 14024 [INFO ] - VERBOSE: Exporting cmdlet 'Install-ChocolateyPath'.
2026-04-06 04:45:54,926 14024 [INFO ] - VERBOSE: Exporting cmdlet 'Set-EnvironmentVariable'.
2026-04-06 04:45:54,926 14024 [INFO ] - VERBOSE: Exporting cmdlet 'Test-ProcessAdminRights'.
2026-04-06 04:45:54,926 14024 [INFO ] - VERBOSE: Exporting cmdlet 'Uninstall-ChocolateyPath'.
2026-04-06 04:45:54,926 14024 [INFO ] - VERBOSE: Exporting cmdlet 'Update-SessionEnvironment'.
2026-04-06 04:45:54,926 14024 [INFO ] - VERBOSE: Exporting alias 'Get-ProcessorBits'.
2026-04-06 04:45:54,926 14024 [INFO ] - VERBOSE: Exporting alias 'Get-OSBitness'.
2026-04-06 04:45:54,926 14024 [INFO ] - VERBOSE: Exporting alias 'Get-InstallRegistryKey'.
2026-04-06 04:45:54,926 14024 [INFO ] - VERBOSE: Exporting alias 'Generate-BinFile'.
2026-04-06 04:45:54,926 14024 [INFO ] - VERBOSE: Exporting alias 'Add-BinFile'.
2026-04-06 04:45:54,926 14024 [INFO ] - VERBOSE: Exporting alias 'Start-ChocolateyProcess'.
2026-04-06 04:45:54,926 14024 [INFO ] - VERBOSE: Exporting alias 'Invoke-ChocolateyProcess'.
2026-04-06 04:45:54,926 14024 [INFO ] - VERBOSE: Exporting alias 'Remove-BinFile'.
2026-04-06 04:45:54,926 14024 [INFO ] - VERBOSE: Exporting alias 'refreshenv'.
2026-04-06 04:45:54,942 14024 [INFO ] - VERBOSE: Loading module from path 'C:\ProgramData\chocolatey\extensions\chocolatey-compatibility\chocolatey-compatibility.psm1'.
2026-04-06 04:45:55,038 14024 [INFO ] - VERBOSE: Exporting function 'Install-ChocolateyDesktopLink'.
2026-04-06 04:45:55,054 14024 [INFO ] - VERBOSE: Exporting function 'Write-ChocolateyFailure'.
2026-04-06 04:45:55,070 14024 [INFO ] - VERBOSE: Exporting function 'Write-ChocolateySuccess'.
2026-04-06 04:45:55,086 14024 [INFO ] - VERBOSE: Exporting function 'Write-FileUpdateLog'.
2026-04-06 04:45:55,086 14024 [INFO ] - VERBOSE: Importing function 'Install-ChocolateyDesktopLink'.
2026-04-06 04:45:55,086 14024 [INFO ] - VERBOSE: Importing function 'Write-ChocolateyFailure'.
2026-04-06 04:45:55,086 14024 [INFO ] - VERBOSE: Importing function 'Write-ChocolateySuccess'.
2026-04-06 04:45:55,086 14024 [INFO ] - VERBOSE: Importing function 'Write-FileUpdateLog'.
2026-04-06 04:45:55,086 14024 [INFO ] - VERBOSE: Loading module from path 'C:\ProgramData\chocolatey\extensions\chocolatey-core\chocolatey-core.psm1'.
2026-04-06 04:45:55,308 14024 [INFO ] - VERBOSE: Exporting function 'Get-AppInstallLocation'.
2026-04-06 04:45:55,308 14024 [INFO ] - VERBOSE: Exporting function 'Get-AvailableDriveLetter'.
2026-04-06 04:45:55,308 14024 [INFO ] - VERBOSE: Exporting function 'Get-EffectiveProxy'.
2026-04-06 04:45:55,308 14024 [INFO ] - VERBOSE: Exporting function 'Get-PackageCacheLocation'.
2026-04-06 04:45:55,308 14024 [INFO ] - VERBOSE: Exporting function 'Get-WebContent'.
2026-04-06 04:45:55,308 14024 [INFO ] - VERBOSE: Exporting function 'Register-Application'.
2026-04-06 04:45:55,308 14024 [INFO ] - VERBOSE: Exporting function 'Remove-Process'.
2026-04-06 04:45:55,308 14024 [INFO ] - VERBOSE: Importing function 'Get-AppInstallLocation'.
2026-04-06 04:45:55,308 14024 [INFO ] - VERBOSE: Importing function 'Get-AvailableDriveLetter'.
2026-04-06 04:45:55,308 14024 [INFO ] - VERBOSE: Importing function 'Get-EffectiveProxy'.
2026-04-06 04:45:55,308 14024 [INFO ] - VERBOSE: Importing function 'Get-PackageCacheLocation'.
2026-04-06 04:45:55,308 14024 [INFO ] - VERBOSE: Importing function 'Get-WebContent'.
2026-04-06 04:45:55,308 14024 [INFO ] - VERBOSE: Importing function 'Register-Application'.
2026-04-06 04:45:55,308 14024 [INFO ] - VERBOSE: Importing function 'Remove-Process'.
2026-04-06 04:45:55,308 14024 [INFO ] - VERBOSE: Loading module from path 'C:\ProgramData\chocolatey\extensions\chocolatey-windowsupdate\chocolatey-windowsupdate.psm1'.
2026-04-06 04:45:55,467 14024 [INFO ] - VERBOSE: Exporting function 'Install-WindowsUpdate'.
2026-04-06 04:45:55,467 14024 [INFO ] - VERBOSE: Exporting function 'Test-WindowsUpdate'.
2026-04-06 04:45:55,467 14024 [INFO ] - VERBOSE: Importing function 'Install-WindowsUpdate'.
2026-04-06 04:45:55,467 14024 [INFO ] - VERBOSE: Importing function 'Test-WindowsUpdate'.
2026-04-06 04:45:55,467 14024 [INFO ] - VERBOSE: Exporting function 'Format-FileSize'.
2026-04-06 04:45:55,467 14024 [INFO ] - VERBOSE: Exporting function 'Get-ChecksumValid'.
2026-04-06 04:45:55,467 14024 [INFO ] - VERBOSE: Exporting function 'Get-ChocolateyConfigValue'.
2026-04-06 04:45:55,467 14024 [INFO ] - VERBOSE: Exporting function 'Get-ChocolateyPath'.
2026-04-06 04:45:55,467 14024 [INFO ] - VERBOSE: Exporting function 'Get-ChocolateyUnzip'.
2026-04-06 04:45:55,467 14024 [INFO ] - VERBOSE: Exporting function 'Get-ChocolateyWebFile'.
2026-04-06 04:45:55,467 14024 [INFO ] - VERBOSE: Exporting function 'Get-FtpFile'.
2026-04-06 04:45:55,467 14024 [INFO ] - VERBOSE: Exporting function 'Get-OSArchitectureWidth'.
2026-04-06 04:45:55,467 14024 [INFO ] - VERBOSE: Exporting function 'Get-PackageParameters'.
2026-04-06 04:45:55,467 14024 [INFO ] - VERBOSE: Exporting function 'Get-PackageParametersBuiltIn'.
2026-04-06 04:45:55,467 14024 [INFO ] - VERBOSE: Exporting function 'Get-ToolsLocation'.
2026-04-06 04:45:55,467 14024 [INFO ] - VERBOSE: Exporting function 'Get-UACEnabled'.
2026-04-06 04:45:55,467 14024 [INFO ] - VERBOSE: Exporting function 'Get-UninstallRegistryKey'.
2026-04-06 04:45:55,467 14024 [INFO ] - VERBOSE: Exporting function 'Get-VirusCheckValid'.
2026-04-06 04:45:55,467 14024 [INFO ] - VERBOSE: Exporting function 'Get-WebFile'.
2026-04-06 04:45:55,467 14024 [INFO ] - VERBOSE: Exporting function 'Get-WebFileName'.
2026-04-06 04:45:55,467 14024 [INFO ] - VERBOSE: Exporting function 'Get-WebHeaders'.
2026-04-06 04:45:55,467 14024 [INFO ] - VERBOSE: Exporting function 'Install-BinFile'.
2026-04-06 04:45:55,467 14024 [INFO ] - VERBOSE: Exporting function 'Install-ChocolateyEnvironmentVariable'.
2026-04-06 04:45:55,467 14024 [INFO ] - VERBOSE: Exporting function 'Install-ChocolateyExplorerMenuItem'.
2026-04-06 04:45:55,467 14024 [INFO ] - VERBOSE: Exporting function 'Install-ChocolateyFileAssociation'.
2026-04-06 04:45:55,482 14024 [INFO ] - VERBOSE: Exporting function 'Install-ChocolateyInstallPackage'.
2026-04-06 04:45:55,482 14024 [INFO ] - VERBOSE: Exporting function 'Install-ChocolateyPackage'.
2026-04-06 04:45:55,482 14024 [INFO ] - VERBOSE: Exporting function 'Install-ChocolateyPinnedTaskBarItem'.
2026-04-06 04:45:55,482 14024 [INFO ] - VERBOSE: Exporting function 'Install-ChocolateyPowershellCommand'.
2026-04-06 04:45:55,482 14024 [INFO ] - VERBOSE: Exporting function 'Install-ChocolateyShortcut'.
2026-04-06 04:45:55,482 14024 [INFO ] - VERBOSE: Exporting function 'Install-ChocolateyVsixPackage'.
2026-04-06 04:45:55,482 14024 [INFO ] - VERBOSE: Exporting function 'Install-ChocolateyZipPackage'.
2026-04-06 04:45:55,482 14024 [INFO ] - VERBOSE: Exporting function 'Install-Vsix'.
2026-04-06 04:45:55,482 14024 [INFO ] - VERBOSE: Exporting function 'Set-PowerShellExitCode'.
2026-04-06 04:45:55,482 14024 [INFO ] - VERBOSE: Exporting function 'Start-ChocolateyProcessAsAdmin'.
2026-04-06 04:45:55,482 14024 [INFO ] - VERBOSE: Exporting function 'Uninstall-BinFile'.
2026-04-06 04:45:55,482 14024 [INFO ] - VERBOSE: Exporting function 'Uninstall-ChocolateyEnvironmentVariable'.
2026-04-06 04:45:55,482 14024 [INFO ] - VERBOSE: Exporting function 'Uninstall-ChocolateyPackage'.
2026-04-06 04:45:55,482 14024 [INFO ] - VERBOSE: Exporting function 'Uninstall-ChocolateyZipPackage'.
2026-04-06 04:45:55,482 14024 [INFO ] - VERBOSE: Exporting function 'Write-FunctionCallLogMessage'.
2026-04-06 04:45:55,482 14024 [INFO ] - VERBOSE: Exporting function 'Install-ChocolateyDesktopLink'.
2026-04-06 04:45:55,482 14024 [INFO ] - VERBOSE: Exporting function 'Write-ChocolateyFailure'.
2026-04-06 04:45:55,482 14024 [INFO ] - VERBOSE: Exporting function 'Write-ChocolateySuccess'.
2026-04-06 04:45:55,482 14024 [INFO ] - VERBOSE: Exporting function 'Write-FileUpdateLog'.
2026-04-06 04:45:55,482 14024 [INFO ] - VERBOSE: Exporting function 'Get-AppInstallLocation'.
2026-04-06 04:45:55,482 14024 [INFO ] - VERBOSE: Exporting function 'Get-AvailableDriveLetter'.
2026-04-06 04:45:55,482 14024 [INFO ] - VERBOSE: Exporting function 'Get-EffectiveProxy'.
2026-04-06 04:45:55,482 14024 [INFO ] - VERBOSE: Exporting function 'Get-PackageCacheLocation'.
2026-04-06 04:45:55,482 14024 [INFO ] - VERBOSE: Exporting function 'Get-WebContent'.
2026-04-06 04:45:55,482 14024 [INFO ] - VERBOSE: Exporting function 'Register-Application'.
2026-04-06 04:45:55,482 14024 [INFO ] - VERBOSE: Exporting function 'Remove-Process'.
2026-04-06 04:45:55,482 14024 [INFO ] - VERBOSE: Exporting function 'Install-WindowsUpdate'.
2026-04-06 04:45:55,482 14024 [INFO ] - VERBOSE: Exporting function 'Test-WindowsUpdate'.
2026-04-06 04:45:55,482 14024 [INFO ] - VERBOSE: Exporting cmdlet 'Get-EnvironmentVariable'.
2026-04-06 04:45:55,482 14024 [INFO ] - VERBOSE: Exporting cmdlet 'Get-EnvironmentVariableNames'.
2026-04-06 04:45:55,482 14024 [INFO ] - VERBOSE: Exporting cmdlet 'Install-ChocolateyPath'.
2026-04-06 04:45:55,482 14024 [INFO ] - VERBOSE: Exporting cmdlet 'Set-EnvironmentVariable'.
2026-04-06 04:45:55,482 14024 [INFO ] - VERBOSE: Exporting cmdlet 'Test-ProcessAdminRights'.
2026-04-06 04:45:55,482 14024 [INFO ] - VERBOSE: Exporting cmdlet 'Uninstall-ChocolateyPath'.
2026-04-06 04:45:55,482 14024 [INFO ] - VERBOSE: Exporting cmdlet 'Update-SessionEnvironment'.
2026-04-06 04:45:55,482 14024 [INFO ] - VERBOSE: Exporting cmdlet 'Get-EnvironmentVariable'.
2026-04-06 04:45:55,482 14024 [INFO ] - VERBOSE: Exporting cmdlet 'Get-EnvironmentVariableNames'.
2026-04-06 04:45:55,482 14024 [INFO ] - VERBOSE: Exporting cmdlet 'Install-ChocolateyPath'.
2026-04-06 04:45:55,482 14024 [INFO ] - VERBOSE: Exporting cmdlet 'Set-EnvironmentVariable'.
2026-04-06 04:45:55,482 14024 [INFO ] - VERBOSE: Exporting cmdlet 'Test-ProcessAdminRights'.
2026-04-06 04:45:55,482 14024 [INFO ] - VERBOSE: Exporting cmdlet 'Uninstall-ChocolateyPath'.
2026-04-06 04:45:55,482 14024 [INFO ] - VERBOSE: Exporting cmdlet 'Update-SessionEnvironment'.
2026-04-06 04:45:55,482 14024 [INFO ] - VERBOSE: Exporting alias 'Get-ProcessorBits'.
2026-04-06 04:45:55,482 14024 [INFO ] - VERBOSE: Exporting alias 'Get-OSBitness'.
2026-04-06 04:45:55,482 14024 [INFO ] - VERBOSE: Exporting alias 'Get-InstallRegistryKey'.
2026-04-06 04:45:55,482 14024 [INFO ] - VERBOSE: Exporting alias 'Generate-BinFile'.
2026-04-06 04:45:55,482 14024 [INFO ] - VERBOSE: Exporting alias 'Add-BinFile'.
2026-04-06 04:45:55,482 14024 [INFO ] - VERBOSE: Exporting alias 'Start-ChocolateyProcess'.
2026-04-06 04:45:55,482 14024 [INFO ] - VERBOSE: Exporting alias 'Invoke-ChocolateyProcess'.
2026-04-06 04:45:55,482 14024 [INFO ] - VERBOSE: Exporting alias 'Remove-BinFile'.
2026-04-06 04:45:55,482 14024 [INFO ] - VERBOSE: Exporting alias 'refreshenv'.
2026-04-06 04:45:55,482 14024 [INFO ] - VERBOSE: Importing cmdlet 'Get-EnvironmentVariable'.
2026-04-06 04:45:55,482 14024 [INFO ] - VERBOSE: Importing cmdlet 'Get-EnvironmentVariableNames'.
2026-04-06 04:45:55,482 14024 [INFO ] - VERBOSE: Importing cmdlet 'Install-ChocolateyPath'.
2026-04-06 04:45:55,482 14024 [INFO ] - VERBOSE: Importing cmdlet 'Set-EnvironmentVariable'.
2026-04-06 04:45:55,482 14024 [INFO ] - VERBOSE: Importing cmdlet 'Test-ProcessAdminRights'.
2026-04-06 04:45:55,482 14024 [INFO ] - VERBOSE: Importing cmdlet 'Uninstall-ChocolateyPath'.
2026-04-06 04:45:55,482 14024 [INFO ] - VERBOSE: Importing cmdlet 'Update-SessionEnvironment'.
2026-04-06 04:45:55,482 14024 [INFO ] - VERBOSE: Importing function 'Format-FileSize'.
2026-04-06 04:45:55,482 14024 [INFO ] - VERBOSE: Importing function 'Get-AppInstallLocation'.
2026-04-06 04:45:55,482 14024 [INFO ] - VERBOSE: Importing function 'Get-AvailableDriveLetter'.
2026-04-06 04:45:55,482 14024 [INFO ] - VERBOSE: Importing function 'Get-ChecksumValid'.
2026-04-06 04:45:55,482 14024 [INFO ] - VERBOSE: Importing function 'Get-ChocolateyConfigValue'.
2026-04-06 04:45:55,482 14024 [INFO ] - VERBOSE: Importing function 'Get-ChocolateyPath'.
2026-04-06 04:45:55,482 14024 [INFO ] - VERBOSE: Importing function 'Get-ChocolateyUnzip'.
2026-04-06 04:45:55,482 14024 [INFO ] - VERBOSE: Importing function 'Get-ChocolateyWebFile'.
2026-04-06 04:45:55,482 14024 [INFO ] - VERBOSE: Importing function 'Get-EffectiveProxy'.
2026-04-06 04:45:55,482 14024 [INFO ] - VERBOSE: Importing function 'Get-FtpFile'.
2026-04-06 04:45:55,482 14024 [INFO ] - VERBOSE: Importing function 'Get-OSArchitectureWidth'.
2026-04-06 04:45:55,482 14024 [INFO ] - VERBOSE: Importing function 'Get-PackageCacheLocation'.
2026-04-06 04:45:55,482 14024 [INFO ] - VERBOSE: Importing function 'Get-PackageParameters'.
2026-04-06 04:45:55,482 14024 [INFO ] - VERBOSE: Importing function 'Get-PackageParametersBuiltIn'.
2026-04-06 04:45:55,482 14024 [INFO ] - VERBOSE: Importing function 'Get-ToolsLocation'.
2026-04-06 04:45:55,482 14024 [INFO ] - VERBOSE: Importing function 'Get-UACEnabled'.
2026-04-06 04:45:55,498 14024 [INFO ] - VERBOSE: Importing function 'Get-UninstallRegistryKey'.
2026-04-06 04:45:55,498 14024 [INFO ] - VERBOSE: Importing function 'Get-VirusCheckValid'.
2026-04-06 04:45:55,498 14024 [INFO ] - VERBOSE: Importing function 'Get-WebContent'.
2026-04-06 04:45:55,498 14024 [INFO ] - VERBOSE: Importing function 'Get-WebFile'.
2026-04-06 04:45:55,498 14024 [INFO ] - VERBOSE: Importing function 'Get-WebFileName'.
2026-04-06 04:45:55,498 14024 [INFO ] - VERBOSE: Importing function 'Get-WebHeaders'.
2026-04-06 04:45:55,498 14024 [INFO ] - VERBOSE: Importing function 'Install-BinFile'.
2026-04-06 04:45:55,498 14024 [INFO ] - VERBOSE: Importing function 'Install-ChocolateyDesktopLink'.
2026-04-06 04:45:55,498 14024 [INFO ] - VERBOSE: Importing function 'Install-ChocolateyEnvironmentVariable'.
2026-04-06 04:45:55,498 14024 [INFO ] - VERBOSE: Importing function 'Install-ChocolateyExplorerMenuItem'.
2026-04-06 04:45:55,498 14024 [INFO ] - VERBOSE: Importing function 'Install-ChocolateyFileAssociation'.
2026-04-06 04:45:55,498 14024 [INFO ] - VERBOSE: Importing function 'Install-ChocolateyInstallPackage'.
2026-04-06 04:45:55,498 14024 [INFO ] - VERBOSE: Importing function 'Install-ChocolateyPackage'.
2026-04-06 04:45:55,498 14024 [INFO ] - VERBOSE: Importing function 'Install-ChocolateyPinnedTaskBarItem'.
2026-04-06 04:45:55,498 14024 [INFO ] - VERBOSE: Importing function 'Install-ChocolateyPowershellCommand'.
2026-04-06 04:45:55,498 14024 [INFO ] - VERBOSE: Importing function 'Install-ChocolateyShortcut'.
2026-04-06 04:45:55,498 14024 [INFO ] - VERBOSE: Importing function 'Install-ChocolateyVsixPackage'.
2026-04-06 04:45:55,498 14024 [INFO ] - VERBOSE: Importing function 'Install-ChocolateyZipPackage'.
2026-04-06 04:45:55,498 14024 [INFO ] - VERBOSE: Importing function 'Install-Vsix'.
2026-04-06 04:45:55,498 14024 [INFO ] - VERBOSE: Importing function 'Install-WindowsUpdate'.
2026-04-06 04:45:55,498 14024 [INFO ] - VERBOSE: Importing function 'Register-Application'.
2026-04-06 04:45:55,498 14024 [INFO ] - VERBOSE: Importing function 'Remove-Process'.
2026-04-06 04:45:55,498 14024 [INFO ] - VERBOSE: Importing function 'Set-PowerShellExitCode'.
2026-04-06 04:45:55,498 14024 [INFO ] - VERBOSE: Importing function 'Start-ChocolateyProcessAsAdmin'.
2026-04-06 04:45:55,498 14024 [INFO ] - VERBOSE: Importing function 'Test-WindowsUpdate'.
2026-04-06 04:45:55,498 14024 [INFO ] - VERBOSE: Importing function 'Uninstall-BinFile'.
2026-04-06 04:45:55,498 14024 [INFO ] - VERBOSE: Importing function 'Uninstall-ChocolateyEnvironmentVariable'.
2026-04-06 04:45:55,498 14024 [INFO ] - VERBOSE: Importing function 'Uninstall-ChocolateyPackage'.
2026-04-06 04:45:55,498 14024 [INFO ] - VERBOSE: Importing function 'Uninstall-ChocolateyZipPackage'.
2026-04-06 04:45:55,498 14024 [INFO ] - VERBOSE: Importing function 'Write-ChocolateyFailure'.
2026-04-06 04:45:55,498 14024 [INFO ] - VERBOSE: Importing function 'Write-ChocolateySuccess'.
2026-04-06 04:45:55,498 14024 [INFO ] - VERBOSE: Importing function 'Write-FileUpdateLog'.
2026-04-06 04:45:55,498 14024 [INFO ] - VERBOSE: Importing function 'Write-FunctionCallLogMessage'.
2026-04-06 04:45:55,498 14024 [INFO ] - VERBOSE: Importing alias 'Add-BinFile'.
2026-04-06 04:45:55,498 14024 [INFO ] - VERBOSE: Importing alias 'Generate-BinFile'.
2026-04-06 04:45:55,498 14024 [INFO ] - VERBOSE: Importing alias 'Get-InstallRegistryKey'.
2026-04-06 04:45:55,498 14024 [INFO ] - VERBOSE: Importing alias 'Get-OSBitness'.
2026-04-06 04:45:55,498 14024 [INFO ] - VERBOSE: Importing alias 'Get-ProcessorBits'.
2026-04-06 04:45:55,498 14024 [INFO ] - VERBOSE: Importing alias 'Invoke-ChocolateyProcess'.
2026-04-06 04:45:55,498 14024 [INFO ] - VERBOSE: Importing alias 'refreshenv'.
2026-04-06 04:45:55,498 14024 [INFO ] - VERBOSE: Importing alias 'Remove-BinFile'.
2026-04-06 04:45:55,498 14024 [INFO ] - VERBOSE: Importing alias 'Start-ChocolateyProcess'.
2026-04-06 04:45:55,689 14024 [INFO ] - Skipping installation because this hotfix only applies to Windows 8.1 and Windows Server 2012 R2.
2026-04-06 04:45:55,752 14024 [INFO ] -  The upgrade of KB2919442 was successful.
2026-04-06 04:45:55,752 14024 [INFO ] -   Software install location not explicitly set, it could be in package or
  default install location of installer.
2026-04-06 04:45:55,752 14024 [INFO ] - [NuGet]   GET https://community.chocolatey.org/api/v2/Packages(Id='KB2919355',Version='1.0.20160915')
2026-04-06 04:45:56,147 14024 [INFO ] - [NuGet]   OK https://community.chocolatey.org/api/v2/Packages(Id='KB2919355',Version='1.0.20160915') 384ms
2026-04-06 04:45:56,151 14024 [INFO ] - Downloading package from source 'https://community.chocolatey.org/api/v2/'
2026-04-06 04:45:56,153 14024 [INFO ] - [NuGet]   GET https://community.chocolatey.org/api/v2/package/KB2919355/1.0.20160915
2026-04-06 04:45:56,737 14024 [INFO ] - [NuGet]   OK https://community.chocolatey.org/api/v2/package/KB2919355/1.0.20160915 594ms
2026-04-06 04:45:56,737 14024 [INFO ] - [NuGet] Acquiring lock for the installation of KB2919355 1.0.20160915
2026-04-06 04:45:56,737 14024 [INFO ] - [NuGet] Acquired lock for the installation of KB2919355 1.0.20160915
2026-04-06 04:45:56,756 14024 [INFO ] - [NuGet] Installed KB2919355 1.0.20160915 from https://community.chocolatey.org/api/v2/ with content hash RCCHts7pC4SV1kJdKJMOC3mzKtjmiShaBkl0KmTsF1G9mNKNXB1qWckzDOQ++J4rIIhk6RWEjQhjb3eFKxOmLg==.
2026-04-06 04:45:56,769 14024 [INFO ] - [NuGet] Adding package 'KB2919355.1.0.20160915 : kb2919442 [1.0.20160915, )' to folder 'C:\ProgramData\chocolatey\lib'
2026-04-06 04:45:56,785 14024 [INFO ] - [NuGet] Added package 'KB2919355.1.0.20160915 : kb2919442 [1.0.20160915, )' to folder 'C:\ProgramData\chocolatey\lib'
2026-04-06 04:45:56,785 14024 [INFO ] - 
KB2919355 v1.0.20160915 [Approved]
2026-04-06 04:45:56,800 14024 [INFO ] - KB2919355 package files upgrade completed. Performing other installation steps.
2026-04-06 04:45:56,863 14024 [INFO ] - VERBOSE: Loading module from path 'C:\ProgramData\chocolatey\helpers\Chocolatey.PowerShell.dll'.
2026-04-06 04:45:56,879 14024 [INFO ] - VERBOSE: Importing cmdlet 'Get-EnvironmentVariable'.
2026-04-06 04:45:56,879 14024 [INFO ] - VERBOSE: Importing cmdlet 'Get-EnvironmentVariableNames'.
2026-04-06 04:45:56,879 14024 [INFO ] - VERBOSE: Importing cmdlet 'Install-ChocolateyPath'.
2026-04-06 04:45:56,879 14024 [INFO ] - VERBOSE: Importing cmdlet 'Set-EnvironmentVariable'.
2026-04-06 04:45:56,879 14024 [INFO ] - VERBOSE: Importing cmdlet 'Test-ProcessAdminRights'.
2026-04-06 04:45:56,879 14024 [INFO ] - VERBOSE: Importing cmdlet 'Uninstall-ChocolateyPath'.
2026-04-06 04:45:56,879 14024 [INFO ] - VERBOSE: Importing cmdlet 'Update-SessionEnvironment'.
2026-04-06 04:45:56,879 14024 [INFO ] - VERBOSE: Exporting function 'Format-FileSize'.
2026-04-06 04:45:56,879 14024 [INFO ] - VERBOSE: Exporting function 'Get-ChecksumValid'.
2026-04-06 04:45:56,879 14024 [INFO ] - VERBOSE: Exporting function 'Get-ChocolateyConfigValue'.
2026-04-06 04:45:56,879 14024 [INFO ] - VERBOSE: Exporting function 'Get-ChocolateyPath'.
2026-04-06 04:45:56,879 14024 [INFO ] - VERBOSE: Exporting function 'Get-ChocolateyUnzip'.
2026-04-06 04:45:56,879 14024 [INFO ] - VERBOSE: Exporting function 'Get-ChocolateyWebFile'.
2026-04-06 04:45:56,879 14024 [INFO ] - VERBOSE: Exporting function 'Get-FtpFile'.
2026-04-06 04:45:56,879 14024 [INFO ] - VERBOSE: Exporting function 'Get-OSArchitectureWidth'.
2026-04-06 04:45:56,879 14024 [INFO ] - VERBOSE: Exporting function 'Get-PackageParameters'.
2026-04-06 04:45:56,879 14024 [INFO ] - VERBOSE: Exporting function 'Get-PackageParametersBuiltIn'.
2026-04-06 04:45:56,879 14024 [INFO ] - VERBOSE: Exporting function 'Get-ToolsLocation'.
2026-04-06 04:45:56,879 14024 [INFO ] - VERBOSE: Exporting function 'Get-UACEnabled'.
2026-04-06 04:45:56,879 14024 [INFO ] - VERBOSE: Exporting function 'Get-UninstallRegistryKey'.
2026-04-06 04:45:56,879 14024 [INFO ] - VERBOSE: Exporting function 'Get-VirusCheckValid'.
2026-04-06 04:45:56,879 14024 [INFO ] - VERBOSE: Exporting function 'Get-WebFile'.
2026-04-06 04:45:56,879 14024 [INFO ] - VERBOSE: Exporting function 'Get-WebFileName'.
2026-04-06 04:45:56,879 14024 [INFO ] - VERBOSE: Exporting function 'Get-WebHeaders'.
2026-04-06 04:45:56,879 14024 [INFO ] - VERBOSE: Exporting function 'Install-BinFile'.
2026-04-06 04:45:56,879 14024 [INFO ] - VERBOSE: Exporting function 'Install-ChocolateyEnvironmentVariable'.
2026-04-06 04:45:56,879 14024 [INFO ] - VERBOSE: Exporting function 'Install-ChocolateyExplorerMenuItem'.
2026-04-06 04:45:56,879 14024 [INFO ] - VERBOSE: Exporting function 'Install-ChocolateyFileAssociation'.
2026-04-06 04:45:56,879 14024 [INFO ] - VERBOSE: Exporting function 'Install-ChocolateyInstallPackage'.
2026-04-06 04:45:56,879 14024 [INFO ] - VERBOSE: Exporting function 'Install-ChocolateyPackage'.
2026-04-06 04:45:56,879 14024 [INFO ] - VERBOSE: Exporting function 'Install-ChocolateyPinnedTaskBarItem'.
2026-04-06 04:45:56,879 14024 [INFO ] - VERBOSE: Exporting function 'Install-ChocolateyPowershellCommand'.
2026-04-06 04:45:56,879 14024 [INFO ] - VERBOSE: Exporting function 'Install-ChocolateyShortcut'.
2026-04-06 04:45:56,879 14024 [INFO ] - VERBOSE: Exporting function 'Install-ChocolateyVsixPackage'.
2026-04-06 04:45:56,879 14024 [INFO ] - VERBOSE: Exporting function 'Install-ChocolateyZipPackage'.
2026-04-06 04:45:56,879 14024 [INFO ] - VERBOSE: Exporting function 'Install-Vsix'.
2026-04-06 04:45:56,879 14024 [INFO ] - VERBOSE: Exporting function 'Set-PowerShellExitCode'.
2026-04-06 04:45:56,879 14024 [INFO ] - VERBOSE: Exporting function 'Start-ChocolateyProcessAsAdmin'.
2026-04-06 04:45:56,879 14024 [INFO ] - VERBOSE: Exporting function 'Uninstall-BinFile'.
2026-04-06 04:45:56,879 14024 [INFO ] - VERBOSE: Exporting function 'Uninstall-ChocolateyEnvironmentVariable'.
2026-04-06 04:45:56,879 14024 [INFO ] - VERBOSE: Exporting function 'Uninstall-ChocolateyPackage'.
2026-04-06 04:45:56,879 14024 [INFO ] - VERBOSE: Exporting function 'Uninstall-ChocolateyZipPackage'.
2026-04-06 04:45:56,879 14024 [INFO ] - VERBOSE: Exporting function 'Write-FunctionCallLogMessage'.
2026-04-06 04:45:56,879 14024 [INFO ] - VERBOSE: Exporting cmdlet 'Get-EnvironmentVariable'.
2026-04-06 04:45:56,879 14024 [INFO ] - VERBOSE: Exporting cmdlet 'Get-EnvironmentVariableNames'.
2026-04-06 04:45:56,879 14024 [INFO ] - VERBOSE: Exporting cmdlet 'Install-ChocolateyPath'.
2026-04-06 04:45:56,879 14024 [INFO ] - VERBOSE: Exporting cmdlet 'Set-EnvironmentVariable'.
2026-04-06 04:45:56,879 14024 [INFO ] - VERBOSE: Exporting cmdlet 'Test-ProcessAdminRights'.
2026-04-06 04:45:56,879 14024 [INFO ] - VERBOSE: Exporting cmdlet 'Uninstall-ChocolateyPath'.
2026-04-06 04:45:56,879 14024 [INFO ] - VERBOSE: Exporting cmdlet 'Update-SessionEnvironment'.
2026-04-06 04:45:56,879 14024 [INFO ] - VERBOSE: Exporting alias 'Get-ProcessorBits'.
2026-04-06 04:45:56,879 14024 [INFO ] - VERBOSE: Exporting alias 'Get-OSBitness'.
2026-04-06 04:45:56,879 14024 [INFO ] - VERBOSE: Exporting alias 'Get-InstallRegistryKey'.
2026-04-06 04:45:56,879 14024 [INFO ] - VERBOSE: Exporting alias 'Generate-BinFile'.
2026-04-06 04:45:56,879 14024 [INFO ] - VERBOSE: Exporting alias 'Add-BinFile'.
2026-04-06 04:45:56,879 14024 [INFO ] - VERBOSE: Exporting alias 'Start-ChocolateyProcess'.
2026-04-06 04:45:56,879 14024 [INFO ] - VERBOSE: Exporting alias 'Invoke-ChocolateyProcess'.
2026-04-06 04:45:56,879 14024 [INFO ] - VERBOSE: Exporting alias 'Remove-BinFile'.
2026-04-06 04:45:56,879 14024 [INFO ] - VERBOSE: Exporting alias 'refreshenv'.
2026-04-06 04:45:56,895 14024 [INFO ] - VERBOSE: Loading module from path 'C:\ProgramData\chocolatey\extensions\chocolatey-compatibility\chocolatey-compatibility.psm1'.
2026-04-06 04:45:56,895 14024 [INFO ] - VERBOSE: Exporting function 'Install-ChocolateyDesktopLink'.
2026-04-06 04:45:56,895 14024 [INFO ] - VERBOSE: Exporting function 'Write-ChocolateyFailure'.
2026-04-06 04:45:56,895 14024 [INFO ] - VERBOSE: Exporting function 'Write-ChocolateySuccess'.
2026-04-06 04:45:56,895 14024 [INFO ] - VERBOSE: Exporting function 'Write-FileUpdateLog'.
2026-04-06 04:45:56,895 14024 [INFO ] - VERBOSE: Importing function 'Install-ChocolateyDesktopLink'.
2026-04-06 04:45:56,895 14024 [INFO ] - VERBOSE: Importing function 'Write-ChocolateyFailure'.
2026-04-06 04:45:56,895 14024 [INFO ] - VERBOSE: Importing function 'Write-ChocolateySuccess'.
2026-04-06 04:45:56,895 14024 [INFO ] - VERBOSE: Importing function 'Write-FileUpdateLog'.
2026-04-06 04:45:56,895 14024 [INFO ] - VERBOSE: Loading module from path 'C:\ProgramData\chocolatey\extensions\chocolatey-core\chocolatey-core.psm1'.
2026-04-06 04:45:56,926 14024 [INFO ] - VERBOSE: Exporting function 'Get-AppInstallLocation'.
2026-04-06 04:45:56,926 14024 [INFO ] - VERBOSE: Exporting function 'Get-AvailableDriveLetter'.
2026-04-06 04:45:56,926 14024 [INFO ] - VERBOSE: Exporting function 'Get-EffectiveProxy'.
2026-04-06 04:45:56,926 14024 [INFO ] - VERBOSE: Exporting function 'Get-PackageCacheLocation'.
2026-04-06 04:45:56,926 14024 [INFO ] - VERBOSE: Exporting function 'Get-WebContent'.
2026-04-06 04:45:56,926 14024 [INFO ] - VERBOSE: Exporting function 'Register-Application'.
2026-04-06 04:45:56,926 14024 [INFO ] - VERBOSE: Exporting function 'Remove-Process'.
2026-04-06 04:45:56,926 14024 [INFO ] - VERBOSE: Importing function 'Get-AppInstallLocation'.
2026-04-06 04:45:56,926 14024 [INFO ] - VERBOSE: Importing function 'Get-AvailableDriveLetter'.
2026-04-06 04:45:56,926 14024 [INFO ] - VERBOSE: Importing function 'Get-EffectiveProxy'.
2026-04-06 04:45:56,926 14024 [INFO ] - VERBOSE: Importing function 'Get-PackageCacheLocation'.
2026-04-06 04:45:56,926 14024 [INFO ] - VERBOSE: Importing function 'Get-WebContent'.
2026-04-06 04:45:56,926 14024 [INFO ] - VERBOSE: Importing function 'Register-Application'.
2026-04-06 04:45:56,926 14024 [INFO ] - VERBOSE: Importing function 'Remove-Process'.
2026-04-06 04:45:56,926 14024 [INFO ] - VERBOSE: Loading module from path 'C:\ProgramData\chocolatey\extensions\chocolatey-windowsupdate\chocolatey-windowsupdate.psm1'.
2026-04-06 04:45:56,926 14024 [INFO ] - VERBOSE: Exporting function 'Install-WindowsUpdate'.
2026-04-06 04:45:56,926 14024 [INFO ] - VERBOSE: Exporting function 'Test-WindowsUpdate'.
2026-04-06 04:45:56,942 14024 [INFO ] - VERBOSE: Importing function 'Install-WindowsUpdate'.
2026-04-06 04:45:56,942 14024 [INFO ] - VERBOSE: Importing function 'Test-WindowsUpdate'.
2026-04-06 04:45:56,942 14024 [INFO ] - VERBOSE: Exporting function 'Format-FileSize'.
2026-04-06 04:45:56,942 14024 [INFO ] - VERBOSE: Exporting function 'Get-ChecksumValid'.
2026-04-06 04:45:56,942 14024 [INFO ] - VERBOSE: Exporting function 'Get-ChocolateyConfigValue'.
2026-04-06 04:45:56,942 14024 [INFO ] - VERBOSE: Exporting function 'Get-ChocolateyPath'.
2026-04-06 04:45:56,942 14024 [INFO ] - VERBOSE: Exporting function 'Get-ChocolateyUnzip'.
2026-04-06 04:45:56,942 14024 [INFO ] - VERBOSE: Exporting function 'Get-ChocolateyWebFile'.
2026-04-06 04:45:56,942 14024 [INFO ] - VERBOSE: Exporting function 'Get-FtpFile'.
2026-04-06 04:45:56,942 14024 [INFO ] - VERBOSE: Exporting function 'Get-OSArchitectureWidth'.
2026-04-06 04:45:56,942 14024 [INFO ] - VERBOSE: Exporting function 'Get-PackageParameters'.
2026-04-06 04:45:56,942 14024 [INFO ] - VERBOSE: Exporting function 'Get-PackageParametersBuiltIn'.
2026-04-06 04:45:56,942 14024 [INFO ] - VERBOSE: Exporting function 'Get-ToolsLocation'.
2026-04-06 04:45:56,942 14024 [INFO ] - VERBOSE: Exporting function 'Get-UACEnabled'.
2026-04-06 04:45:56,942 14024 [INFO ] - VERBOSE: Exporting function 'Get-UninstallRegistryKey'.
2026-04-06 04:45:56,942 14024 [INFO ] - VERBOSE: Exporting function 'Get-VirusCheckValid'.
2026-04-06 04:45:56,942 14024 [INFO ] - VERBOSE: Exporting function 'Get-WebFile'.
2026-04-06 04:45:56,942 14024 [INFO ] - VERBOSE: Exporting function 'Get-WebFileName'.
2026-04-06 04:45:56,942 14024 [INFO ] - VERBOSE: Exporting function 'Get-WebHeaders'.
2026-04-06 04:45:56,942 14024 [INFO ] - VERBOSE: Exporting function 'Install-BinFile'.
2026-04-06 04:45:56,942 14024 [INFO ] - VERBOSE: Exporting function 'Install-ChocolateyEnvironmentVariable'.
2026-04-06 04:45:56,942 14024 [INFO ] - VERBOSE: Exporting function 'Install-ChocolateyExplorerMenuItem'.
2026-04-06 04:45:56,942 14024 [INFO ] - VERBOSE: Exporting function 'Install-ChocolateyFileAssociation'.
2026-04-06 04:45:56,942 14024 [INFO ] - VERBOSE: Exporting function 'Install-ChocolateyInstallPackage'.
2026-04-06 04:45:56,942 14024 [INFO ] - VERBOSE: Exporting function 'Install-ChocolateyPackage'.
2026-04-06 04:45:56,942 14024 [INFO ] - VERBOSE: Exporting function 'Install-ChocolateyPinnedTaskBarItem'.
2026-04-06 04:45:56,942 14024 [INFO ] - VERBOSE: Exporting function 'Install-ChocolateyPowershellCommand'.
2026-04-06 04:45:56,942 14024 [INFO ] - VERBOSE: Exporting function 'Install-ChocolateyShortcut'.
2026-04-06 04:45:56,942 14024 [INFO ] - VERBOSE: Exporting function 'Install-ChocolateyVsixPackage'.
2026-04-06 04:45:56,942 14024 [INFO ] - VERBOSE: Exporting function 'Install-ChocolateyZipPackage'.
2026-04-06 04:45:56,942 14024 [INFO ] - VERBOSE: Exporting function 'Install-Vsix'.
2026-04-06 04:45:56,942 14024 [INFO ] - VERBOSE: Exporting function 'Set-PowerShellExitCode'.
2026-04-06 04:45:56,942 14024 [INFO ] - VERBOSE: Exporting function 'Start-ChocolateyProcessAsAdmin'.
2026-04-06 04:45:56,942 14024 [INFO ] - VERBOSE: Exporting function 'Uninstall-BinFile'.
2026-04-06 04:45:56,942 14024 [INFO ] - VERBOSE: Exporting function 'Uninstall-ChocolateyEnvironmentVariable'.
2026-04-06 04:45:56,942 14024 [INFO ] - VERBOSE: Exporting function 'Uninstall-ChocolateyPackage'.
2026-04-06 04:45:56,942 14024 [INFO ] - VERBOSE: Exporting function 'Uninstall-ChocolateyZipPackage'.
2026-04-06 04:45:56,942 14024 [INFO ] - VERBOSE: Exporting function 'Write-FunctionCallLogMessage'.
2026-04-06 04:45:56,942 14024 [INFO ] - VERBOSE: Exporting function 'Install-ChocolateyDesktopLink'.
2026-04-06 04:45:56,942 14024 [INFO ] - VERBOSE: Exporting function 'Write-ChocolateyFailure'.
2026-04-06 04:45:56,942 14024 [INFO ] - VERBOSE: Exporting function 'Write-ChocolateySuccess'.
2026-04-06 04:45:56,942 14024 [INFO ] - VERBOSE: Exporting function 'Write-FileUpdateLog'.
2026-04-06 04:45:56,942 14024 [INFO ] - VERBOSE: Exporting function 'Get-AppInstallLocation'.
2026-04-06 04:45:56,942 14024 [INFO ] - VERBOSE: Exporting function 'Get-AvailableDriveLetter'.
2026-04-06 04:45:56,942 14024 [INFO ] - VERBOSE: Exporting function 'Get-EffectiveProxy'.
2026-04-06 04:45:56,942 14024 [INFO ] - VERBOSE: Exporting function 'Get-PackageCacheLocation'.
2026-04-06 04:45:56,942 14024 [INFO ] - VERBOSE: Exporting function 'Get-WebContent'.
2026-04-06 04:45:56,942 14024 [INFO ] - VERBOSE: Exporting function 'Register-Application'.
2026-04-06 04:45:56,942 14024 [INFO ] - VERBOSE: Exporting function 'Remove-Process'.
2026-04-06 04:45:56,942 14024 [INFO ] - VERBOSE: Exporting function 'Install-WindowsUpdate'.
2026-04-06 04:45:56,942 14024 [INFO ] - VERBOSE: Exporting function 'Test-WindowsUpdate'.
2026-04-06 04:45:56,942 14024 [INFO ] - VERBOSE: Exporting cmdlet 'Get-EnvironmentVariable'.
2026-04-06 04:45:56,942 14024 [INFO ] - VERBOSE: Exporting cmdlet 'Get-EnvironmentVariableNames'.
2026-04-06 04:45:56,942 14024 [INFO ] - VERBOSE: Exporting cmdlet 'Install-ChocolateyPath'.
2026-04-06 04:45:56,942 14024 [INFO ] - VERBOSE: Exporting cmdlet 'Set-EnvironmentVariable'.
2026-04-06 04:45:56,942 14024 [INFO ] - VERBOSE: Exporting cmdlet 'Test-ProcessAdminRights'.
2026-04-06 04:45:56,942 14024 [INFO ] - VERBOSE: Exporting cmdlet 'Uninstall-ChocolateyPath'.
2026-04-06 04:45:56,942 14024 [INFO ] - VERBOSE: Exporting cmdlet 'Update-SessionEnvironment'.
2026-04-06 04:45:56,942 14024 [INFO ] - VERBOSE: Exporting cmdlet 'Get-EnvironmentVariable'.
2026-04-06 04:45:56,942 14024 [INFO ] - VERBOSE: Exporting cmdlet 'Get-EnvironmentVariableNames'.
2026-04-06 04:45:56,942 14024 [INFO ] - VERBOSE: Exporting cmdlet 'Install-ChocolateyPath'.
2026-04-06 04:45:56,942 14024 [INFO ] - VERBOSE: Exporting cmdlet 'Set-EnvironmentVariable'.
2026-04-06 04:45:56,942 14024 [INFO ] - VERBOSE: Exporting cmdlet 'Test-ProcessAdminRights'.
2026-04-06 04:45:56,942 14024 [INFO ] - VERBOSE: Exporting cmdlet 'Uninstall-ChocolateyPath'.
2026-04-06 04:45:56,942 14024 [INFO ] - VERBOSE: Exporting cmdlet 'Update-SessionEnvironment'.
2026-04-06 04:45:56,942 14024 [INFO ] - VERBOSE: Exporting alias 'Get-ProcessorBits'.
2026-04-06 04:45:56,942 14024 [INFO ] - VERBOSE: Exporting alias 'Get-OSBitness'.
2026-04-06 04:45:56,942 14024 [INFO ] - VERBOSE: Exporting alias 'Get-InstallRegistryKey'.
2026-04-06 04:45:56,942 14024 [INFO ] - VERBOSE: Exporting alias 'Generate-BinFile'.
2026-04-06 04:45:56,942 14024 [INFO ] - VERBOSE: Exporting alias 'Add-BinFile'.
2026-04-06 04:45:56,942 14024 [INFO ] - VERBOSE: Exporting alias 'Start-ChocolateyProcess'.
2026-04-06 04:45:56,942 14024 [INFO ] - VERBOSE: Exporting alias 'Invoke-ChocolateyProcess'.
2026-04-06 04:45:56,958 14024 [INFO ] - VERBOSE: Exporting alias 'Remove-BinFile'.
2026-04-06 04:45:56,958 14024 [INFO ] - VERBOSE: Exporting alias 'refreshenv'.
2026-04-06 04:45:56,958 14024 [INFO ] - VERBOSE: Importing cmdlet 'Get-EnvironmentVariable'.
2026-04-06 04:45:56,958 14024 [INFO ] - VERBOSE: Importing cmdlet 'Get-EnvironmentVariableNames'.
2026-04-06 04:45:56,958 14024 [INFO ] - VERBOSE: Importing cmdlet 'Install-ChocolateyPath'.
2026-04-06 04:45:56,958 14024 [INFO ] - VERBOSE: Importing cmdlet 'Set-EnvironmentVariable'.
2026-04-06 04:45:56,958 14024 [INFO ] - VERBOSE: Importing cmdlet 'Test-ProcessAdminRights'.
2026-04-06 04:45:56,958 14024 [INFO ] - VERBOSE: Importing cmdlet 'Uninstall-ChocolateyPath'.
2026-04-06 04:45:56,958 14024 [INFO ] - VERBOSE: Importing cmdlet 'Update-SessionEnvironment'.
2026-04-06 04:45:56,958 14024 [INFO ] - VERBOSE: Importing function 'Format-FileSize'.
2026-04-06 04:45:56,958 14024 [INFO ] - VERBOSE: Importing function 'Get-AppInstallLocation'.
2026-04-06 04:45:56,958 14024 [INFO ] - VERBOSE: Importing function 'Get-AvailableDriveLetter'.
2026-04-06 04:45:56,958 14024 [INFO ] - VERBOSE: Importing function 'Get-ChecksumValid'.
2026-04-06 04:45:56,958 14024 [INFO ] - VERBOSE: Importing function 'Get-ChocolateyConfigValue'.
2026-04-06 04:45:56,958 14024 [INFO ] - VERBOSE: Importing function 'Get-ChocolateyPath'.
2026-04-06 04:45:56,958 14024 [INFO ] - VERBOSE: Importing function 'Get-ChocolateyUnzip'.
2026-04-06 04:45:56,958 14024 [INFO ] - VERBOSE: Importing function 'Get-ChocolateyWebFile'.
2026-04-06 04:45:56,958 14024 [INFO ] - VERBOSE: Importing function 'Get-EffectiveProxy'.
2026-04-06 04:45:56,958 14024 [INFO ] - VERBOSE: Importing function 'Get-FtpFile'.
2026-04-06 04:45:56,958 14024 [INFO ] - VERBOSE: Importing function 'Get-OSArchitectureWidth'.
2026-04-06 04:45:56,958 14024 [INFO ] - VERBOSE: Importing function 'Get-PackageCacheLocation'.
2026-04-06 04:45:56,958 14024 [INFO ] - VERBOSE: Importing function 'Get-PackageParameters'.
2026-04-06 04:45:56,958 14024 [INFO ] - VERBOSE: Importing function 'Get-PackageParametersBuiltIn'.
2026-04-06 04:45:56,958 14024 [INFO ] - VERBOSE: Importing function 'Get-ToolsLocation'.
2026-04-06 04:45:56,958 14024 [INFO ] - VERBOSE: Importing function 'Get-UACEnabled'.
2026-04-06 04:45:56,958 14024 [INFO ] - VERBOSE: Importing function 'Get-UninstallRegistryKey'.
2026-04-06 04:45:56,958 14024 [INFO ] - VERBOSE: Importing function 'Get-VirusCheckValid'.
2026-04-06 04:45:56,958 14024 [INFO ] - VERBOSE: Importing function 'Get-WebContent'.
2026-04-06 04:45:56,958 14024 [INFO ] - VERBOSE: Importing function 'Get-WebFile'.
2026-04-06 04:45:56,958 14024 [INFO ] - VERBOSE: Importing function 'Get-WebFileName'.
2026-04-06 04:45:56,958 14024 [INFO ] - VERBOSE: Importing function 'Get-WebHeaders'.
2026-04-06 04:45:56,958 14024 [INFO ] - VERBOSE: Importing function 'Install-BinFile'.
2026-04-06 04:45:56,958 14024 [INFO ] - VERBOSE: Importing function 'Install-ChocolateyDesktopLink'.
2026-04-06 04:45:56,958 14024 [INFO ] - VERBOSE: Importing function 'Install-ChocolateyEnvironmentVariable'.
2026-04-06 04:45:56,958 14024 [INFO ] - VERBOSE: Importing function 'Install-ChocolateyExplorerMenuItem'.
2026-04-06 04:45:56,958 14024 [INFO ] - VERBOSE: Importing function 'Install-ChocolateyFileAssociation'.
2026-04-06 04:45:56,958 14024 [INFO ] - VERBOSE: Importing function 'Install-ChocolateyInstallPackage'.
2026-04-06 04:45:56,958 14024 [INFO ] - VERBOSE: Importing function 'Install-ChocolateyPackage'.
2026-04-06 04:45:56,958 14024 [INFO ] - VERBOSE: Importing function 'Install-ChocolateyPinnedTaskBarItem'.
2026-04-06 04:45:56,958 14024 [INFO ] - VERBOSE: Importing function 'Install-ChocolateyPowershellCommand'.
2026-04-06 04:45:56,958 14024 [INFO ] - VERBOSE: Importing function 'Install-ChocolateyShortcut'.
2026-04-06 04:45:56,958 14024 [INFO ] - VERBOSE: Importing function 'Install-ChocolateyVsixPackage'.
2026-04-06 04:45:56,958 14024 [INFO ] - VERBOSE: Importing function 'Install-ChocolateyZipPackage'.
2026-04-06 04:45:56,958 14024 [INFO ] - VERBOSE: Importing function 'Install-Vsix'.
2026-04-06 04:45:56,958 14024 [INFO ] - VERBOSE: Importing function 'Install-WindowsUpdate'.
2026-04-06 04:45:56,958 14024 [INFO ] - VERBOSE: Importing function 'Register-Application'.
2026-04-06 04:45:56,958 14024 [INFO ] - VERBOSE: Importing function 'Remove-Process'.
2026-04-06 04:45:56,958 14024 [INFO ] - VERBOSE: Importing function 'Set-PowerShellExitCode'.
2026-04-06 04:45:56,958 14024 [INFO ] - VERBOSE: Importing function 'Start-ChocolateyProcessAsAdmin'.
2026-04-06 04:45:56,958 14024 [INFO ] - VERBOSE: Importing function 'Test-WindowsUpdate'.
2026-04-06 04:45:56,958 14024 [INFO ] - VERBOSE: Importing function 'Uninstall-BinFile'.
2026-04-06 04:45:56,958 14024 [INFO ] - VERBOSE: Importing function 'Uninstall-ChocolateyEnvironmentVariable'.
2026-04-06 04:45:56,958 14024 [INFO ] - VERBOSE: Importing function 'Uninstall-ChocolateyPackage'.
2026-04-06 04:45:56,958 14024 [INFO ] - VERBOSE: Importing function 'Uninstall-ChocolateyZipPackage'.
2026-04-06 04:45:56,958 14024 [INFO ] - VERBOSE: Importing function 'Write-ChocolateyFailure'.
2026-04-06 04:45:56,958 14024 [INFO ] - VERBOSE: Importing function 'Write-ChocolateySuccess'.
2026-04-06 04:45:56,958 14024 [INFO ] - VERBOSE: Importing function 'Write-FileUpdateLog'.
2026-04-06 04:45:56,958 14024 [INFO ] - VERBOSE: Importing function 'Write-FunctionCallLogMessage'.
2026-04-06 04:45:56,958 14024 [INFO ] - VERBOSE: Importing alias 'Add-BinFile'.
2026-04-06 04:45:56,958 14024 [INFO ] - VERBOSE: Importing alias 'Generate-BinFile'.
2026-04-06 04:45:56,958 14024 [INFO ] - VERBOSE: Importing alias 'Get-InstallRegistryKey'.
2026-04-06 04:45:56,958 14024 [INFO ] - VERBOSE: Importing alias 'Get-OSBitness'.
2026-04-06 04:45:56,958 14024 [INFO ] - VERBOSE: Importing alias 'Get-ProcessorBits'.
2026-04-06 04:45:56,958 14024 [INFO ] - VERBOSE: Importing alias 'Invoke-ChocolateyProcess'.
2026-04-06 04:45:56,958 14024 [INFO ] - VERBOSE: Importing alias 'refreshenv'.
2026-04-06 04:45:56,958 14024 [INFO ] - VERBOSE: Importing alias 'Remove-BinFile'.
2026-04-06 04:45:56,958 14024 [INFO ] - VERBOSE: Importing alias 'Start-ChocolateyProcess'.
2026-04-06 04:45:57,053 14024 [INFO ] - Skipping installation because this hotfix only applies to Windows 8.1 and Windows Server 2012 R2.
2026-04-06 04:45:57,085 14024 [INFO ] -  The upgrade of KB2919355 was successful.
2026-04-06 04:45:57,085 14024 [INFO ] -   Software install location not explicitly set, it could be in package or
  default install location of installer.
2026-04-06 04:45:57,101 14024 [INFO ] - [NuGet]   GET https://community.chocolatey.org/api/v2/Packages(Id='KB2999226',Version='1.0.20181019')
2026-04-06 04:45:57,534 14024 [INFO ] - [NuGet]   OK https://community.chocolatey.org/api/v2/Packages(Id='KB2999226',Version='1.0.20181019') 432ms
2026-04-06 04:45:57,534 14024 [INFO ] - Downloading package from source 'https://community.chocolatey.org/api/v2/'
2026-04-06 04:45:57,534 14024 [INFO ] - [NuGet]   GET https://community.chocolatey.org/api/v2/package/KB2999226/1.0.20181019
2026-04-06 04:45:58,194 14024 [INFO ] - [NuGet]   OK https://community.chocolatey.org/api/v2/package/KB2999226/1.0.20181019 657ms
2026-04-06 04:45:58,194 14024 [INFO ] - [NuGet] Acquiring lock for the installation of KB2999226 1.0.20181019
2026-04-06 04:45:58,194 14024 [INFO ] - [NuGet] Acquired lock for the installation of KB2999226 1.0.20181019
2026-04-06 04:45:58,208 14024 [INFO ] - [NuGet] Installed KB2999226 1.0.20181019 from https://community.chocolatey.org/api/v2/ with content hash I835VAD2tV0upl6KII8haovTLip3QkrtfdjcrxqdzVPiy+x4E9dln+FBgfl/R5phzD0AWgWmIC7g6PVusrpF+w==.
2026-04-06 04:45:58,223 14024 [INFO ] - [NuGet] Adding package 'KB2999226.1.0.20181019 : chocolatey-windowsupdate.extension [1.0.2, ), kb2919355 [1.0.20160915, )' to folder 'C:\ProgramData\chocolatey\lib'
2026-04-06 04:45:58,255 14024 [INFO ] - [NuGet] Added package 'KB2999226.1.0.20181019 : chocolatey-windowsupdate.extension [1.0.2, ), kb2919355 [1.0.20160915, )' to folder 'C:\ProgramData\chocolatey\lib'
2026-04-06 04:45:58,255 14024 [INFO ] - 
KB2999226 v1.0.20181019 [Approved]
2026-04-06 04:45:58,255 14024 [INFO ] - KB2999226 package files upgrade completed. Performing other installation steps.
2026-04-06 04:45:58,318 14024 [INFO ] - VERBOSE: Loading module from path 'C:\ProgramData\chocolatey\helpers\Chocolatey.PowerShell.dll'.
2026-04-06 04:45:58,333 14024 [INFO ] - VERBOSE: Importing cmdlet 'Get-EnvironmentVariable'.
2026-04-06 04:45:58,333 14024 [INFO ] - VERBOSE: Importing cmdlet 'Get-EnvironmentVariableNames'.
2026-04-06 04:45:58,333 14024 [INFO ] - VERBOSE: Importing cmdlet 'Install-ChocolateyPath'.
2026-04-06 04:45:58,333 14024 [INFO ] - VERBOSE: Importing cmdlet 'Set-EnvironmentVariable'.
2026-04-06 04:45:58,333 14024 [INFO ] - VERBOSE: Importing cmdlet 'Test-ProcessAdminRights'.
2026-04-06 04:45:58,333 14024 [INFO ] - VERBOSE: Importing cmdlet 'Uninstall-ChocolateyPath'.
2026-04-06 04:45:58,333 14024 [INFO ] - VERBOSE: Importing cmdlet 'Update-SessionEnvironment'.
2026-04-06 04:45:58,333 14024 [INFO ] - VERBOSE: Exporting function 'Format-FileSize'.
2026-04-06 04:45:58,333 14024 [INFO ] - VERBOSE: Exporting function 'Get-ChecksumValid'.
2026-04-06 04:45:58,333 14024 [INFO ] - VERBOSE: Exporting function 'Get-ChocolateyConfigValue'.
2026-04-06 04:45:58,333 14024 [INFO ] - VERBOSE: Exporting function 'Get-ChocolateyPath'.
2026-04-06 04:45:58,333 14024 [INFO ] - VERBOSE: Exporting function 'Get-ChocolateyUnzip'.
2026-04-06 04:45:58,333 14024 [INFO ] - VERBOSE: Exporting function 'Get-ChocolateyWebFile'.
2026-04-06 04:45:58,333 14024 [INFO ] - VERBOSE: Exporting function 'Get-FtpFile'.
2026-04-06 04:45:58,333 14024 [INFO ] - VERBOSE: Exporting function 'Get-OSArchitectureWidth'.
2026-04-06 04:45:58,333 14024 [INFO ] - VERBOSE: Exporting function 'Get-PackageParameters'.
2026-04-06 04:45:58,333 14024 [INFO ] - VERBOSE: Exporting function 'Get-PackageParametersBuiltIn'.
2026-04-06 04:45:58,333 14024 [INFO ] - VERBOSE: Exporting function 'Get-ToolsLocation'.
2026-04-06 04:45:58,333 14024 [INFO ] - VERBOSE: Exporting function 'Get-UACEnabled'.
2026-04-06 04:45:58,333 14024 [INFO ] - VERBOSE: Exporting function 'Get-UninstallRegistryKey'.
2026-04-06 04:45:58,333 14024 [INFO ] - VERBOSE: Exporting function 'Get-VirusCheckValid'.
2026-04-06 04:45:58,333 14024 [INFO ] - VERBOSE: Exporting function 'Get-WebFile'.
2026-04-06 04:45:58,333 14024 [INFO ] - VERBOSE: Exporting function 'Get-WebFileName'.
2026-04-06 04:45:58,333 14024 [INFO ] - VERBOSE: Exporting function 'Get-WebHeaders'.
2026-04-06 04:45:58,333 14024 [INFO ] - VERBOSE: Exporting function 'Install-BinFile'.
2026-04-06 04:45:58,333 14024 [INFO ] - VERBOSE: Exporting function 'Install-ChocolateyEnvironmentVariable'.
2026-04-06 04:45:58,333 14024 [INFO ] - VERBOSE: Exporting function 'Install-ChocolateyExplorerMenuItem'.
2026-04-06 04:45:58,333 14024 [INFO ] - VERBOSE: Exporting function 'Install-ChocolateyFileAssociation'.
2026-04-06 04:45:58,333 14024 [INFO ] - VERBOSE: Exporting function 'Install-ChocolateyInstallPackage'.
2026-04-06 04:45:58,333 14024 [INFO ] - VERBOSE: Exporting function 'Install-ChocolateyPackage'.
2026-04-06 04:45:58,333 14024 [INFO ] - VERBOSE: Exporting function 'Install-ChocolateyPinnedTaskBarItem'.
2026-04-06 04:45:58,333 14024 [INFO ] - VERBOSE: Exporting function 'Install-ChocolateyPowershellCommand'.
2026-04-06 04:45:58,333 14024 [INFO ] - VERBOSE: Exporting function 'Install-ChocolateyShortcut'.
2026-04-06 04:45:58,333 14024 [INFO ] - VERBOSE: Exporting function 'Install-ChocolateyVsixPackage'.
2026-04-06 04:45:58,333 14024 [INFO ] - VERBOSE: Exporting function 'Install-ChocolateyZipPackage'.
2026-04-06 04:45:58,333 14024 [INFO ] - VERBOSE: Exporting function 'Install-Vsix'.
2026-04-06 04:45:58,333 14024 [INFO ] - VERBOSE: Exporting function 'Set-PowerShellExitCode'.
2026-04-06 04:45:58,333 14024 [INFO ] - VERBOSE: Exporting function 'Start-ChocolateyProcessAsAdmin'.
2026-04-06 04:45:58,333 14024 [INFO ] - VERBOSE: Exporting function 'Uninstall-BinFile'.
2026-04-06 04:45:58,333 14024 [INFO ] - VERBOSE: Exporting function 'Uninstall-ChocolateyEnvironmentVariable'.
2026-04-06 04:45:58,333 14024 [INFO ] - VERBOSE: Exporting function 'Uninstall-ChocolateyPackage'.
2026-04-06 04:45:58,333 14024 [INFO ] - VERBOSE: Exporting function 'Uninstall-ChocolateyZipPackage'.
2026-04-06 04:45:58,333 14024 [INFO ] - VERBOSE: Exporting function 'Write-FunctionCallLogMessage'.
2026-04-06 04:45:58,333 14024 [INFO ] - VERBOSE: Exporting cmdlet 'Get-EnvironmentVariable'.
2026-04-06 04:45:58,333 14024 [INFO ] - VERBOSE: Exporting cmdlet 'Get-EnvironmentVariableNames'.
2026-04-06 04:45:58,333 14024 [INFO ] - VERBOSE: Exporting cmdlet 'Install-ChocolateyPath'.
2026-04-06 04:45:58,333 14024 [INFO ] - VERBOSE: Exporting cmdlet 'Set-EnvironmentVariable'.
2026-04-06 04:45:58,333 14024 [INFO ] - VERBOSE: Exporting cmdlet 'Test-ProcessAdminRights'.
2026-04-06 04:45:58,333 14024 [INFO ] - VERBOSE: Exporting cmdlet 'Uninstall-ChocolateyPath'.
2026-04-06 04:45:58,333 14024 [INFO ] - VERBOSE: Exporting cmdlet 'Update-SessionEnvironment'.
2026-04-06 04:45:58,333 14024 [INFO ] - VERBOSE: Exporting alias 'Get-ProcessorBits'.
2026-04-06 04:45:58,333 14024 [INFO ] - VERBOSE: Exporting alias 'Get-OSBitness'.
2026-04-06 04:45:58,333 14024 [INFO ] - VERBOSE: Exporting alias 'Get-InstallRegistryKey'.
2026-04-06 04:45:58,333 14024 [INFO ] - VERBOSE: Exporting alias 'Generate-BinFile'.
2026-04-06 04:45:58,333 14024 [INFO ] - VERBOSE: Exporting alias 'Add-BinFile'.
2026-04-06 04:45:58,333 14024 [INFO ] - VERBOSE: Exporting alias 'Start-ChocolateyProcess'.
2026-04-06 04:45:58,333 14024 [INFO ] - VERBOSE: Exporting alias 'Invoke-ChocolateyProcess'.
2026-04-06 04:45:58,333 14024 [INFO ] - VERBOSE: Exporting alias 'Remove-BinFile'.
2026-04-06 04:45:58,333 14024 [INFO ] - VERBOSE: Exporting alias 'refreshenv'.
2026-04-06 04:45:58,349 14024 [INFO ] - VERBOSE: Loading module from path 'C:\ProgramData\chocolatey\extensions\chocolatey-compatibility\chocolatey-compatibility.psm1'.
2026-04-06 04:45:58,349 14024 [INFO ] - VERBOSE: Exporting function 'Install-ChocolateyDesktopLink'.
2026-04-06 04:45:58,349 14024 [INFO ] - VERBOSE: Exporting function 'Write-ChocolateyFailure'.
2026-04-06 04:45:58,349 14024 [INFO ] - VERBOSE: Exporting function 'Write-ChocolateySuccess'.
2026-04-06 04:45:58,349 14024 [INFO ] - VERBOSE: Exporting function 'Write-FileUpdateLog'.
2026-04-06 04:45:58,349 14024 [INFO ] - VERBOSE: Importing function 'Install-ChocolateyDesktopLink'.
2026-04-06 04:45:58,349 14024 [INFO ] - VERBOSE: Importing function 'Write-ChocolateyFailure'.
2026-04-06 04:45:58,349 14024 [INFO ] - VERBOSE: Importing function 'Write-ChocolateySuccess'.
2026-04-06 04:45:58,349 14024 [INFO ] - VERBOSE: Importing function 'Write-FileUpdateLog'.
2026-04-06 04:45:58,349 14024 [INFO ] - VERBOSE: Loading module from path 'C:\ProgramData\chocolatey\extensions\chocolatey-core\chocolatey-core.psm1'.
2026-04-06 04:45:58,382 14024 [INFO ] - VERBOSE: Exporting function 'Get-AppInstallLocation'.
2026-04-06 04:45:58,382 14024 [INFO ] - VERBOSE: Exporting function 'Get-AvailableDriveLetter'.
2026-04-06 04:45:58,382 14024 [INFO ] - VERBOSE: Exporting function 'Get-EffectiveProxy'.
2026-04-06 04:45:58,382 14024 [INFO ] - VERBOSE: Exporting function 'Get-PackageCacheLocation'.
2026-04-06 04:45:58,382 14024 [INFO ] - VERBOSE: Exporting function 'Get-WebContent'.
2026-04-06 04:45:58,382 14024 [INFO ] - VERBOSE: Exporting function 'Register-Application'.
2026-04-06 04:45:58,382 14024 [INFO ] - VERBOSE: Exporting function 'Remove-Process'.
2026-04-06 04:45:58,382 14024 [INFO ] - VERBOSE: Importing function 'Get-AppInstallLocation'.
2026-04-06 04:45:58,382 14024 [INFO ] - VERBOSE: Importing function 'Get-AvailableDriveLetter'.
2026-04-06 04:45:58,382 14024 [INFO ] - VERBOSE: Importing function 'Get-EffectiveProxy'.
2026-04-06 04:45:58,382 14024 [INFO ] - VERBOSE: Importing function 'Get-PackageCacheLocation'.
2026-04-06 04:45:58,382 14024 [INFO ] - VERBOSE: Importing function 'Get-WebContent'.
2026-04-06 04:45:58,382 14024 [INFO ] - VERBOSE: Importing function 'Register-Application'.
2026-04-06 04:45:58,382 14024 [INFO ] - VERBOSE: Importing function 'Remove-Process'.
2026-04-06 04:45:58,382 14024 [INFO ] - VERBOSE: Loading module from path 'C:\ProgramData\chocolatey\extensions\chocolatey-windowsupdate\chocolatey-windowsupdate.psm1'.
2026-04-06 04:45:58,414 14024 [INFO ] - VERBOSE: Exporting function 'Install-WindowsUpdate'.
2026-04-06 04:45:58,414 14024 [INFO ] - VERBOSE: Exporting function 'Test-WindowsUpdate'.
2026-04-06 04:45:58,414 14024 [INFO ] - VERBOSE: Importing function 'Install-WindowsUpdate'.
2026-04-06 04:45:58,414 14024 [INFO ] - VERBOSE: Importing function 'Test-WindowsUpdate'.
2026-04-06 04:45:58,414 14024 [INFO ] - VERBOSE: Exporting function 'Format-FileSize'.
2026-04-06 04:45:58,414 14024 [INFO ] - VERBOSE: Exporting function 'Get-ChecksumValid'.
2026-04-06 04:45:58,414 14024 [INFO ] - VERBOSE: Exporting function 'Get-ChocolateyConfigValue'.
2026-04-06 04:45:58,414 14024 [INFO ] - VERBOSE: Exporting function 'Get-ChocolateyPath'.
2026-04-06 04:45:58,414 14024 [INFO ] - VERBOSE: Exporting function 'Get-ChocolateyUnzip'.
2026-04-06 04:45:58,414 14024 [INFO ] - VERBOSE: Exporting function 'Get-ChocolateyWebFile'.
2026-04-06 04:45:58,414 14024 [INFO ] - VERBOSE: Exporting function 'Get-FtpFile'.
2026-04-06 04:45:58,414 14024 [INFO ] - VERBOSE: Exporting function 'Get-OSArchitectureWidth'.
2026-04-06 04:45:58,414 14024 [INFO ] - VERBOSE: Exporting function 'Get-PackageParameters'.
2026-04-06 04:45:58,414 14024 [INFO ] - VERBOSE: Exporting function 'Get-PackageParametersBuiltIn'.
2026-04-06 04:45:58,414 14024 [INFO ] - VERBOSE: Exporting function 'Get-ToolsLocation'.
2026-04-06 04:45:58,414 14024 [INFO ] - VERBOSE: Exporting function 'Get-UACEnabled'.
2026-04-06 04:45:58,414 14024 [INFO ] - VERBOSE: Exporting function 'Get-UninstallRegistryKey'.
2026-04-06 04:45:58,414 14024 [INFO ] - VERBOSE: Exporting function 'Get-VirusCheckValid'.
2026-04-06 04:45:58,414 14024 [INFO ] - VERBOSE: Exporting function 'Get-WebFile'.
2026-04-06 04:45:58,414 14024 [INFO ] - VERBOSE: Exporting function 'Get-WebFileName'.
2026-04-06 04:45:58,414 14024 [INFO ] - VERBOSE: Exporting function 'Get-WebHeaders'.
2026-04-06 04:45:58,414 14024 [INFO ] - VERBOSE: Exporting function 'Install-BinFile'.
2026-04-06 04:45:58,414 14024 [INFO ] - VERBOSE: Exporting function 'Install-ChocolateyEnvironmentVariable'.
2026-04-06 04:45:58,414 14024 [INFO ] - VERBOSE: Exporting function 'Install-ChocolateyExplorerMenuItem'.
2026-04-06 04:45:58,414 14024 [INFO ] - VERBOSE: Exporting function 'Install-ChocolateyFileAssociation'.
2026-04-06 04:45:58,414 14024 [INFO ] - VERBOSE: Exporting function 'Install-ChocolateyInstallPackage'.
2026-04-06 04:45:58,414 14024 [INFO ] - VERBOSE: Exporting function 'Install-ChocolateyPackage'.
2026-04-06 04:45:58,414 14024 [INFO ] - VERBOSE: Exporting function 'Install-ChocolateyPinnedTaskBarItem'.
2026-04-06 04:45:58,414 14024 [INFO ] - VERBOSE: Exporting function 'Install-ChocolateyPowershellCommand'.
2026-04-06 04:45:58,414 14024 [INFO ] - VERBOSE: Exporting function 'Install-ChocolateyShortcut'.
2026-04-06 04:45:58,414 14024 [INFO ] - VERBOSE: Exporting function 'Install-ChocolateyVsixPackage'.
2026-04-06 04:45:58,414 14024 [INFO ] - VERBOSE: Exporting function 'Install-ChocolateyZipPackage'.
2026-04-06 04:45:58,414 14024 [INFO ] - VERBOSE: Exporting function 'Install-Vsix'.
2026-04-06 04:45:58,414 14024 [INFO ] - VERBOSE: Exporting function 'Set-PowerShellExitCode'.
2026-04-06 04:45:58,414 14024 [INFO ] - VERBOSE: Exporting function 'Start-ChocolateyProcessAsAdmin'.
2026-04-06 04:45:58,414 14024 [INFO ] - VERBOSE: Exporting function 'Uninstall-BinFile'.
2026-04-06 04:45:58,414 14024 [INFO ] - VERBOSE: Exporting function 'Uninstall-ChocolateyEnvironmentVariable'.
2026-04-06 04:45:58,414 14024 [INFO ] - VERBOSE: Exporting function 'Uninstall-ChocolateyPackage'.
2026-04-06 04:45:58,414 14024 [INFO ] - VERBOSE: Exporting function 'Uninstall-ChocolateyZipPackage'.
2026-04-06 04:45:58,414 14024 [INFO ] - VERBOSE: Exporting function 'Write-FunctionCallLogMessage'.
2026-04-06 04:45:58,414 14024 [INFO ] - VERBOSE: Exporting function 'Install-ChocolateyDesktopLink'.
2026-04-06 04:45:58,414 14024 [INFO ] - VERBOSE: Exporting function 'Write-ChocolateyFailure'.
2026-04-06 04:45:58,414 14024 [INFO ] - VERBOSE: Exporting function 'Write-ChocolateySuccess'.
2026-04-06 04:45:58,414 14024 [INFO ] - VERBOSE: Exporting function 'Write-FileUpdateLog'.
2026-04-06 04:45:58,414 14024 [INFO ] - VERBOSE: Exporting function 'Get-AppInstallLocation'.
2026-04-06 04:45:58,414 14024 [INFO ] - VERBOSE: Exporting function 'Get-AvailableDriveLetter'.
2026-04-06 04:45:58,414 14024 [INFO ] - VERBOSE: Exporting function 'Get-EffectiveProxy'.
2026-04-06 04:45:58,414 14024 [INFO ] - VERBOSE: Exporting function 'Get-PackageCacheLocation'.
2026-04-06 04:45:58,414 14024 [INFO ] - VERBOSE: Exporting function 'Get-WebContent'.
2026-04-06 04:45:58,414 14024 [INFO ] - VERBOSE: Exporting function 'Register-Application'.
2026-04-06 04:45:58,414 14024 [INFO ] - VERBOSE: Exporting function 'Remove-Process'.
2026-04-06 04:45:58,414 14024 [INFO ] - VERBOSE: Exporting function 'Install-WindowsUpdate'.
2026-04-06 04:45:58,414 14024 [INFO ] - VERBOSE: Exporting function 'Test-WindowsUpdate'.
2026-04-06 04:45:58,414 14024 [INFO ] - VERBOSE: Exporting cmdlet 'Get-EnvironmentVariable'.
2026-04-06 04:45:58,414 14024 [INFO ] - VERBOSE: Exporting cmdlet 'Get-EnvironmentVariableNames'.
2026-04-06 04:45:58,414 14024 [INFO ] - VERBOSE: Exporting cmdlet 'Install-ChocolateyPath'.
2026-04-06 04:45:58,414 14024 [INFO ] - VERBOSE: Exporting cmdlet 'Set-EnvironmentVariable'.
2026-04-06 04:45:58,414 14024 [INFO ] - VERBOSE: Exporting cmdlet 'Test-ProcessAdminRights'.
2026-04-06 04:45:58,414 14024 [INFO ] - VERBOSE: Exporting cmdlet 'Uninstall-ChocolateyPath'.
2026-04-06 04:45:58,414 14024 [INFO ] - VERBOSE: Exporting cmdlet 'Update-SessionEnvironment'.
2026-04-06 04:45:58,414 14024 [INFO ] - VERBOSE: Exporting cmdlet 'Get-EnvironmentVariable'.
2026-04-06 04:45:58,414 14024 [INFO ] - VERBOSE: Exporting cmdlet 'Get-EnvironmentVariableNames'.
2026-04-06 04:45:58,414 14024 [INFO ] - VERBOSE: Exporting cmdlet 'Install-ChocolateyPath'.
2026-04-06 04:45:58,414 14024 [INFO ] - VERBOSE: Exporting cmdlet 'Set-EnvironmentVariable'.
2026-04-06 04:45:58,429 14024 [INFO ] - VERBOSE: Exporting cmdlet 'Test-ProcessAdminRights'.
2026-04-06 04:45:58,429 14024 [INFO ] - VERBOSE: Exporting cmdlet 'Uninstall-ChocolateyPath'.
2026-04-06 04:45:58,429 14024 [INFO ] - VERBOSE: Exporting cmdlet 'Update-SessionEnvironment'.
2026-04-06 04:45:58,429 14024 [INFO ] - VERBOSE: Exporting alias 'Get-ProcessorBits'.
2026-04-06 04:45:58,429 14024 [INFO ] - VERBOSE: Exporting alias 'Get-OSBitness'.
2026-04-06 04:45:58,429 14024 [INFO ] - VERBOSE: Exporting alias 'Get-InstallRegistryKey'.
2026-04-06 04:45:58,429 14024 [INFO ] - VERBOSE: Exporting alias 'Generate-BinFile'.
2026-04-06 04:45:58,429 14024 [INFO ] - VERBOSE: Exporting alias 'Add-BinFile'.
2026-04-06 04:45:58,429 14024 [INFO ] - VERBOSE: Exporting alias 'Start-ChocolateyProcess'.
2026-04-06 04:45:58,429 14024 [INFO ] - VERBOSE: Exporting alias 'Invoke-ChocolateyProcess'.
2026-04-06 04:45:58,429 14024 [INFO ] - VERBOSE: Exporting alias 'Remove-BinFile'.
2026-04-06 04:45:58,429 14024 [INFO ] - VERBOSE: Exporting alias 'refreshenv'.
2026-04-06 04:45:58,429 14024 [INFO ] - VERBOSE: Importing cmdlet 'Get-EnvironmentVariable'.
2026-04-06 04:45:58,429 14024 [INFO ] - VERBOSE: Importing cmdlet 'Get-EnvironmentVariableNames'.
2026-04-06 04:45:58,429 14024 [INFO ] - VERBOSE: Importing cmdlet 'Install-ChocolateyPath'.
2026-04-06 04:45:58,429 14024 [INFO ] - VERBOSE: Importing cmdlet 'Set-EnvironmentVariable'.
2026-04-06 04:45:58,429 14024 [INFO ] - VERBOSE: Importing cmdlet 'Test-ProcessAdminRights'.
2026-04-06 04:45:58,429 14024 [INFO ] - VERBOSE: Importing cmdlet 'Uninstall-ChocolateyPath'.
2026-04-06 04:45:58,429 14024 [INFO ] - VERBOSE: Importing cmdlet 'Update-SessionEnvironment'.
2026-04-06 04:45:58,429 14024 [INFO ] - VERBOSE: Importing function 'Format-FileSize'.
2026-04-06 04:45:58,429 14024 [INFO ] - VERBOSE: Importing function 'Get-AppInstallLocation'.
2026-04-06 04:45:58,429 14024 [INFO ] - VERBOSE: Importing function 'Get-AvailableDriveLetter'.
2026-04-06 04:45:58,429 14024 [INFO ] - VERBOSE: Importing function 'Get-ChecksumValid'.
2026-04-06 04:45:58,429 14024 [INFO ] - VERBOSE: Importing function 'Get-ChocolateyConfigValue'.
2026-04-06 04:45:58,429 14024 [INFO ] - VERBOSE: Importing function 'Get-ChocolateyPath'.
2026-04-06 04:45:58,429 14024 [INFO ] - VERBOSE: Importing function 'Get-ChocolateyUnzip'.
2026-04-06 04:45:58,429 14024 [INFO ] - VERBOSE: Importing function 'Get-ChocolateyWebFile'.
2026-04-06 04:45:58,429 14024 [INFO ] - VERBOSE: Importing function 'Get-EffectiveProxy'.
2026-04-06 04:45:58,429 14024 [INFO ] - VERBOSE: Importing function 'Get-FtpFile'.
2026-04-06 04:45:58,429 14024 [INFO ] - VERBOSE: Importing function 'Get-OSArchitectureWidth'.
2026-04-06 04:45:58,429 14024 [INFO ] - VERBOSE: Importing function 'Get-PackageCacheLocation'.
2026-04-06 04:45:58,429 14024 [INFO ] - VERBOSE: Importing function 'Get-PackageParameters'.
2026-04-06 04:45:58,429 14024 [INFO ] - VERBOSE: Importing function 'Get-PackageParametersBuiltIn'.
2026-04-06 04:45:58,429 14024 [INFO ] - VERBOSE: Importing function 'Get-ToolsLocation'.
2026-04-06 04:45:58,429 14024 [INFO ] - VERBOSE: Importing function 'Get-UACEnabled'.
2026-04-06 04:45:58,429 14024 [INFO ] - VERBOSE: Importing function 'Get-UninstallRegistryKey'.
2026-04-06 04:45:58,429 14024 [INFO ] - VERBOSE: Importing function 'Get-VirusCheckValid'.
2026-04-06 04:45:58,429 14024 [INFO ] - VERBOSE: Importing function 'Get-WebContent'.
2026-04-06 04:45:58,429 14024 [INFO ] - VERBOSE: Importing function 'Get-WebFile'.
2026-04-06 04:45:58,429 14024 [INFO ] - VERBOSE: Importing function 'Get-WebFileName'.
2026-04-06 04:45:58,429 14024 [INFO ] - VERBOSE: Importing function 'Get-WebHeaders'.
2026-04-06 04:45:58,429 14024 [INFO ] - VERBOSE: Importing function 'Install-BinFile'.
2026-04-06 04:45:58,429 14024 [INFO ] - VERBOSE: Importing function 'Install-ChocolateyDesktopLink'.
2026-04-06 04:45:58,429 14024 [INFO ] - VERBOSE: Importing function 'Install-ChocolateyEnvironmentVariable'.
2026-04-06 04:45:58,429 14024 [INFO ] - VERBOSE: Importing function 'Install-ChocolateyExplorerMenuItem'.
2026-04-06 04:45:58,429 14024 [INFO ] - VERBOSE: Importing function 'Install-ChocolateyFileAssociation'.
2026-04-06 04:45:58,429 14024 [INFO ] - VERBOSE: Importing function 'Install-ChocolateyInstallPackage'.
2026-04-06 04:45:58,429 14024 [INFO ] - VERBOSE: Importing function 'Install-ChocolateyPackage'.
2026-04-06 04:45:58,429 14024 [INFO ] - VERBOSE: Importing function 'Install-ChocolateyPinnedTaskBarItem'.
2026-04-06 04:45:58,429 14024 [INFO ] - VERBOSE: Importing function 'Install-ChocolateyPowershellCommand'.
2026-04-06 04:45:58,429 14024 [INFO ] - VERBOSE: Importing function 'Install-ChocolateyShortcut'.
2026-04-06 04:45:58,429 14024 [INFO ] - VERBOSE: Importing function 'Install-ChocolateyVsixPackage'.
2026-04-06 04:45:58,429 14024 [INFO ] - VERBOSE: Importing function 'Install-ChocolateyZipPackage'.
2026-04-06 04:45:58,429 14024 [INFO ] - VERBOSE: Importing function 'Install-Vsix'.
2026-04-06 04:45:58,429 14024 [INFO ] - VERBOSE: Importing function 'Install-WindowsUpdate'.
2026-04-06 04:45:58,429 14024 [INFO ] - VERBOSE: Importing function 'Register-Application'.
2026-04-06 04:45:58,429 14024 [INFO ] - VERBOSE: Importing function 'Remove-Process'.
2026-04-06 04:45:58,429 14024 [INFO ] - VERBOSE: Importing function 'Set-PowerShellExitCode'.
2026-04-06 04:45:58,429 14024 [INFO ] - VERBOSE: Importing function 'Start-ChocolateyProcessAsAdmin'.
2026-04-06 04:45:58,429 14024 [INFO ] - VERBOSE: Importing function 'Test-WindowsUpdate'.
2026-04-06 04:45:58,429 14024 [INFO ] - VERBOSE: Importing function 'Uninstall-BinFile'.
2026-04-06 04:45:58,429 14024 [INFO ] - VERBOSE: Importing function 'Uninstall-ChocolateyEnvironmentVariable'.
2026-04-06 04:45:58,429 14024 [INFO ] - VERBOSE: Importing function 'Uninstall-ChocolateyPackage'.
2026-04-06 04:45:58,429 14024 [INFO ] - VERBOSE: Importing function 'Uninstall-ChocolateyZipPackage'.
2026-04-06 04:45:58,429 14024 [INFO ] - VERBOSE: Importing function 'Write-ChocolateyFailure'.
2026-04-06 04:45:58,429 14024 [INFO ] - VERBOSE: Importing function 'Write-ChocolateySuccess'.
2026-04-06 04:45:58,429 14024 [INFO ] - VERBOSE: Importing function 'Write-FileUpdateLog'.
2026-04-06 04:45:58,429 14024 [INFO ] - VERBOSE: Importing function 'Write-FunctionCallLogMessage'.
2026-04-06 04:45:58,429 14024 [INFO ] - VERBOSE: Importing alias 'Add-BinFile'.
2026-04-06 04:45:58,429 14024 [INFO ] - VERBOSE: Importing alias 'Generate-BinFile'.
2026-04-06 04:45:58,429 14024 [INFO ] - VERBOSE: Importing alias 'Get-InstallRegistryKey'.
2026-04-06 04:45:58,429 14024 [INFO ] - VERBOSE: Importing alias 'Get-OSBitness'.
2026-04-06 04:45:58,445 14024 [INFO ] - VERBOSE: Importing alias 'Get-ProcessorBits'.
2026-04-06 04:45:58,445 14024 [INFO ] - VERBOSE: Importing alias 'Invoke-ChocolateyProcess'.
2026-04-06 04:45:58,445 14024 [INFO ] - VERBOSE: Importing alias 'refreshenv'.
2026-04-06 04:45:58,445 14024 [INFO ] - VERBOSE: Importing alias 'Remove-BinFile'.
2026-04-06 04:45:58,445 14024 [INFO ] - VERBOSE: Importing alias 'Start-ChocolateyProcess'.
2026-04-06 04:45:58,477 14024 [INFO ] - VERBOSE: Obtaining operating system information
2026-04-06 04:45:58,732 14024 [INFO ] - VERBOSE: Perform operation 'Enumerate CimInstances' with following parameters, ''namespaceName' = root\cimv2,'className' = Win32_OperatingSystem'.
2026-04-06 04:45:58,811 14024 [INFO ] - VERBOSE: Operation 'Enumerate CimInstances' complete.
2026-04-06 04:45:58,811 14024 [INFO ] - VERBOSE: Operating system: Microsoft Windows 11 Home, version 10.0.26200, product type 'client'
2026-04-06 04:45:58,811 14024 [INFO ] - VERBOSE: Locating MSU rules for this operating system
2026-04-06 04:45:58,827 14024 [INFO ] - VERBOSE: No MSU rules defined for this operating system
2026-04-06 04:45:58,827 14024 [INFO ] - Skipping installation because update KB2999226 does not apply to this operating system (Microsoft Windows 11 Home).
2026-04-06 04:45:58,859 14024 [INFO ] -  The upgrade of KB2999226 was successful.
2026-04-06 04:45:58,859 14024 [INFO ] -   Software install location not explicitly set, it could be in package or
  default install location of installer.
2026-04-06 04:45:58,859 14024 [INFO ] - [NuGet]   GET https://community.chocolatey.org/api/v2/Packages(Id='KB3035131',Version='1.0.3')
2026-04-06 04:45:59,225 14024 [INFO ] - [NuGet]   OK https://community.chocolatey.org/api/v2/Packages(Id='KB3035131',Version='1.0.3') 364ms
2026-04-06 04:45:59,225 14024 [INFO ] - Downloading package from source 'https://community.chocolatey.org/api/v2/'
2026-04-06 04:45:59,225 14024 [INFO ] - [NuGet]   GET https://community.chocolatey.org/api/v2/package/KB3035131/1.0.3
2026-04-06 04:45:59,847 14024 [INFO ] - [NuGet]   OK https://community.chocolatey.org/api/v2/package/KB3035131/1.0.3 612ms
2026-04-06 04:45:59,847 14024 [INFO ] - [NuGet] Acquiring lock for the installation of KB3035131 1.0.3
2026-04-06 04:45:59,847 14024 [INFO ] - [NuGet] Acquired lock for the installation of KB3035131 1.0.3
2026-04-06 04:45:59,861 14024 [INFO ] - [NuGet] Installed KB3035131 1.0.3 from https://community.chocolatey.org/api/v2/ with content hash YSHu/anZrSNGjXxAQoDcqNjhdY2qjZQndonleto3HTnAbit/yA/ltRQrQCZ+kZqMgiJZk8gQ1snn6NupYsdxdg==.
2026-04-06 04:45:59,877 14024 [INFO ] - [NuGet] Adding package 'KB3035131.1.0.3 : chocolatey-windowsupdate.extension [1.0.4, )' to folder 'C:\ProgramData\chocolatey\lib'
2026-04-06 04:45:59,909 14024 [INFO ] - [NuGet] Added package 'KB3035131.1.0.3 : chocolatey-windowsupdate.extension [1.0.4, )' to folder 'C:\ProgramData\chocolatey\lib'
2026-04-06 04:45:59,909 14024 [INFO ] - 
KB3035131 v1.0.3 [Approved]
2026-04-06 04:45:59,909 14024 [INFO ] - KB3035131 package files upgrade completed. Performing other installation steps.
2026-04-06 04:45:59,972 14024 [INFO ] - VERBOSE: Loading module from path 'C:\ProgramData\chocolatey\helpers\Chocolatey.PowerShell.dll'.
2026-04-06 04:45:59,972 14024 [INFO ] - VERBOSE: Importing cmdlet 'Get-EnvironmentVariable'.
2026-04-06 04:45:59,972 14024 [INFO ] - VERBOSE: Importing cmdlet 'Get-EnvironmentVariableNames'.
2026-04-06 04:45:59,972 14024 [INFO ] - VERBOSE: Importing cmdlet 'Install-ChocolateyPath'.
2026-04-06 04:45:59,972 14024 [INFO ] - VERBOSE: Importing cmdlet 'Set-EnvironmentVariable'.
2026-04-06 04:45:59,972 14024 [INFO ] - VERBOSE: Importing cmdlet 'Test-ProcessAdminRights'.
2026-04-06 04:45:59,972 14024 [INFO ] - VERBOSE: Importing cmdlet 'Uninstall-ChocolateyPath'.
2026-04-06 04:45:59,972 14024 [INFO ] - VERBOSE: Importing cmdlet 'Update-SessionEnvironment'.
2026-04-06 04:45:59,988 14024 [INFO ] - VERBOSE: Exporting function 'Format-FileSize'.
2026-04-06 04:45:59,988 14024 [INFO ] - VERBOSE: Exporting function 'Get-ChecksumValid'.
2026-04-06 04:45:59,988 14024 [INFO ] - VERBOSE: Exporting function 'Get-ChocolateyConfigValue'.
2026-04-06 04:45:59,988 14024 [INFO ] - VERBOSE: Exporting function 'Get-ChocolateyPath'.
2026-04-06 04:45:59,988 14024 [INFO ] - VERBOSE: Exporting function 'Get-ChocolateyUnzip'.
2026-04-06 04:45:59,988 14024 [INFO ] - VERBOSE: Exporting function 'Get-ChocolateyWebFile'.
2026-04-06 04:45:59,988 14024 [INFO ] - VERBOSE: Exporting function 'Get-FtpFile'.
2026-04-06 04:45:59,988 14024 [INFO ] - VERBOSE: Exporting function 'Get-OSArchitectureWidth'.
2026-04-06 04:45:59,988 14024 [INFO ] - VERBOSE: Exporting function 'Get-PackageParameters'.
2026-04-06 04:45:59,988 14024 [INFO ] - VERBOSE: Exporting function 'Get-PackageParametersBuiltIn'.
2026-04-06 04:45:59,988 14024 [INFO ] - VERBOSE: Exporting function 'Get-ToolsLocation'.
2026-04-06 04:45:59,988 14024 [INFO ] - VERBOSE: Exporting function 'Get-UACEnabled'.
2026-04-06 04:45:59,988 14024 [INFO ] - VERBOSE: Exporting function 'Get-UninstallRegistryKey'.
2026-04-06 04:45:59,988 14024 [INFO ] - VERBOSE: Exporting function 'Get-VirusCheckValid'.
2026-04-06 04:45:59,988 14024 [INFO ] - VERBOSE: Exporting function 'Get-WebFile'.
2026-04-06 04:45:59,988 14024 [INFO ] - VERBOSE: Exporting function 'Get-WebFileName'.
2026-04-06 04:45:59,988 14024 [INFO ] - VERBOSE: Exporting function 'Get-WebHeaders'.
2026-04-06 04:45:59,988 14024 [INFO ] - VERBOSE: Exporting function 'Install-BinFile'.
2026-04-06 04:45:59,988 14024 [INFO ] - VERBOSE: Exporting function 'Install-ChocolateyEnvironmentVariable'.
2026-04-06 04:45:59,988 14024 [INFO ] - VERBOSE: Exporting function 'Install-ChocolateyExplorerMenuItem'.
2026-04-06 04:45:59,988 14024 [INFO ] - VERBOSE: Exporting function 'Install-ChocolateyFileAssociation'.
2026-04-06 04:45:59,988 14024 [INFO ] - VERBOSE: Exporting function 'Install-ChocolateyInstallPackage'.
2026-04-06 04:45:59,988 14024 [INFO ] - VERBOSE: Exporting function 'Install-ChocolateyPackage'.
2026-04-06 04:45:59,988 14024 [INFO ] - VERBOSE: Exporting function 'Install-ChocolateyPinnedTaskBarItem'.
2026-04-06 04:45:59,988 14024 [INFO ] - VERBOSE: Exporting function 'Install-ChocolateyPowershellCommand'.
2026-04-06 04:45:59,988 14024 [INFO ] - VERBOSE: Exporting function 'Install-ChocolateyShortcut'.
2026-04-06 04:45:59,988 14024 [INFO ] - VERBOSE: Exporting function 'Install-ChocolateyVsixPackage'.
2026-04-06 04:45:59,988 14024 [INFO ] - VERBOSE: Exporting function 'Install-ChocolateyZipPackage'.
2026-04-06 04:45:59,988 14024 [INFO ] - VERBOSE: Exporting function 'Install-Vsix'.
2026-04-06 04:45:59,988 14024 [INFO ] - VERBOSE: Exporting function 'Set-PowerShellExitCode'.
2026-04-06 04:45:59,988 14024 [INFO ] - VERBOSE: Exporting function 'Start-ChocolateyProcessAsAdmin'.
2026-04-06 04:45:59,988 14024 [INFO ] - VERBOSE: Exporting function 'Uninstall-BinFile'.
2026-04-06 04:45:59,988 14024 [INFO ] - VERBOSE: Exporting function 'Uninstall-ChocolateyEnvironmentVariable'.
2026-04-06 04:45:59,988 14024 [INFO ] - VERBOSE: Exporting function 'Uninstall-ChocolateyPackage'.
2026-04-06 04:45:59,988 14024 [INFO ] - VERBOSE: Exporting function 'Uninstall-ChocolateyZipPackage'.
2026-04-06 04:45:59,988 14024 [INFO ] - VERBOSE: Exporting function 'Write-FunctionCallLogMessage'.
2026-04-06 04:45:59,988 14024 [INFO ] - VERBOSE: Exporting cmdlet 'Get-EnvironmentVariable'.
2026-04-06 04:45:59,988 14024 [INFO ] - VERBOSE: Exporting cmdlet 'Get-EnvironmentVariableNames'.
2026-04-06 04:45:59,988 14024 [INFO ] - VERBOSE: Exporting cmdlet 'Install-ChocolateyPath'.
2026-04-06 04:45:59,988 14024 [INFO ] - VERBOSE: Exporting cmdlet 'Set-EnvironmentVariable'.
2026-04-06 04:45:59,988 14024 [INFO ] - VERBOSE: Exporting cmdlet 'Test-ProcessAdminRights'.
2026-04-06 04:45:59,988 14024 [INFO ] - VERBOSE: Exporting cmdlet 'Uninstall-ChocolateyPath'.
2026-04-06 04:45:59,988 14024 [INFO ] - VERBOSE: Exporting cmdlet 'Update-SessionEnvironment'.
2026-04-06 04:45:59,988 14024 [INFO ] - VERBOSE: Exporting alias 'Get-ProcessorBits'.
2026-04-06 04:45:59,988 14024 [INFO ] - VERBOSE: Exporting alias 'Get-OSBitness'.
2026-04-06 04:45:59,988 14024 [INFO ] - VERBOSE: Exporting alias 'Get-InstallRegistryKey'.
2026-04-06 04:45:59,988 14024 [INFO ] - VERBOSE: Exporting alias 'Generate-BinFile'.
2026-04-06 04:45:59,988 14024 [INFO ] - VERBOSE: Exporting alias 'Add-BinFile'.
2026-04-06 04:45:59,988 14024 [INFO ] - VERBOSE: Exporting alias 'Start-ChocolateyProcess'.
2026-04-06 04:45:59,988 14024 [INFO ] - VERBOSE: Exporting alias 'Invoke-ChocolateyProcess'.
2026-04-06 04:45:59,988 14024 [INFO ] - VERBOSE: Exporting alias 'Remove-BinFile'.
2026-04-06 04:45:59,988 14024 [INFO ] - VERBOSE: Exporting alias 'refreshenv'.
2026-04-06 04:46:00,003 14024 [INFO ] - VERBOSE: Loading module from path 'C:\ProgramData\chocolatey\extensions\chocolatey-compatibility\chocolatey-compatibility.psm1'.
2026-04-06 04:46:00,003 14024 [INFO ] - VERBOSE: Exporting function 'Install-ChocolateyDesktopLink'.
2026-04-06 04:46:00,003 14024 [INFO ] - VERBOSE: Exporting function 'Write-ChocolateyFailure'.
2026-04-06 04:46:00,003 14024 [INFO ] - VERBOSE: Exporting function 'Write-ChocolateySuccess'.
2026-04-06 04:46:00,003 14024 [INFO ] - VERBOSE: Exporting function 'Write-FileUpdateLog'.
2026-04-06 04:46:00,003 14024 [INFO ] - VERBOSE: Importing function 'Install-ChocolateyDesktopLink'.
2026-04-06 04:46:00,003 14024 [INFO ] - VERBOSE: Importing function 'Write-ChocolateyFailure'.
2026-04-06 04:46:00,003 14024 [INFO ] - VERBOSE: Importing function 'Write-ChocolateySuccess'.
2026-04-06 04:46:00,003 14024 [INFO ] - VERBOSE: Importing function 'Write-FileUpdateLog'.
2026-04-06 04:46:00,003 14024 [INFO ] - VERBOSE: Loading module from path 'C:\ProgramData\chocolatey\extensions\chocolatey-core\chocolatey-core.psm1'.
2026-04-06 04:46:00,035 14024 [INFO ] - VERBOSE: Exporting function 'Get-AppInstallLocation'.
2026-04-06 04:46:00,035 14024 [INFO ] - VERBOSE: Exporting function 'Get-AvailableDriveLetter'.
2026-04-06 04:46:00,035 14024 [INFO ] - VERBOSE: Exporting function 'Get-EffectiveProxy'.
2026-04-06 04:46:00,035 14024 [INFO ] - VERBOSE: Exporting function 'Get-PackageCacheLocation'.
2026-04-06 04:46:00,035 14024 [INFO ] - VERBOSE: Exporting function 'Get-WebContent'.
2026-04-06 04:46:00,035 14024 [INFO ] - VERBOSE: Exporting function 'Register-Application'.
2026-04-06 04:46:00,035 14024 [INFO ] - VERBOSE: Exporting function 'Remove-Process'.
2026-04-06 04:46:00,035 14024 [INFO ] - VERBOSE: Importing function 'Get-AppInstallLocation'.
2026-04-06 04:46:00,035 14024 [INFO ] - VERBOSE: Importing function 'Get-AvailableDriveLetter'.
2026-04-06 04:46:00,035 14024 [INFO ] - VERBOSE: Importing function 'Get-EffectiveProxy'.
2026-04-06 04:46:00,035 14024 [INFO ] - VERBOSE: Importing function 'Get-PackageCacheLocation'.
2026-04-06 04:46:00,035 14024 [INFO ] - VERBOSE: Importing function 'Get-WebContent'.
2026-04-06 04:46:00,035 14024 [INFO ] - VERBOSE: Importing function 'Register-Application'.
2026-04-06 04:46:00,035 14024 [INFO ] - VERBOSE: Importing function 'Remove-Process'.
2026-04-06 04:46:00,035 14024 [INFO ] - VERBOSE: Loading module from path 'C:\ProgramData\chocolatey\extensions\chocolatey-windowsupdate\chocolatey-windowsupdate.psm1'.
2026-04-06 04:46:00,051 14024 [INFO ] - VERBOSE: Exporting function 'Install-WindowsUpdate'.
2026-04-06 04:46:00,051 14024 [INFO ] - VERBOSE: Exporting function 'Test-WindowsUpdate'.
2026-04-06 04:46:00,051 14024 [INFO ] - VERBOSE: Importing function 'Install-WindowsUpdate'.
2026-04-06 04:46:00,051 14024 [INFO ] - VERBOSE: Importing function 'Test-WindowsUpdate'.
2026-04-06 04:46:00,051 14024 [INFO ] - VERBOSE: Exporting function 'Format-FileSize'.
2026-04-06 04:46:00,051 14024 [INFO ] - VERBOSE: Exporting function 'Get-ChecksumValid'.
2026-04-06 04:46:00,051 14024 [INFO ] - VERBOSE: Exporting function 'Get-ChocolateyConfigValue'.
2026-04-06 04:46:00,051 14024 [INFO ] - VERBOSE: Exporting function 'Get-ChocolateyPath'.
2026-04-06 04:46:00,051 14024 [INFO ] - VERBOSE: Exporting function 'Get-ChocolateyUnzip'.
2026-04-06 04:46:00,051 14024 [INFO ] - VERBOSE: Exporting function 'Get-ChocolateyWebFile'.
2026-04-06 04:46:00,051 14024 [INFO ] - VERBOSE: Exporting function 'Get-FtpFile'.
2026-04-06 04:46:00,051 14024 [INFO ] - VERBOSE: Exporting function 'Get-OSArchitectureWidth'.
2026-04-06 04:46:00,051 14024 [INFO ] - VERBOSE: Exporting function 'Get-PackageParameters'.
2026-04-06 04:46:00,051 14024 [INFO ] - VERBOSE: Exporting function 'Get-PackageParametersBuiltIn'.
2026-04-06 04:46:00,051 14024 [INFO ] - VERBOSE: Exporting function 'Get-ToolsLocation'.
2026-04-06 04:46:00,051 14024 [INFO ] - VERBOSE: Exporting function 'Get-UACEnabled'.
2026-04-06 04:46:00,051 14024 [INFO ] - VERBOSE: Exporting function 'Get-UninstallRegistryKey'.
2026-04-06 04:46:00,051 14024 [INFO ] - VERBOSE: Exporting function 'Get-VirusCheckValid'.
2026-04-06 04:46:00,051 14024 [INFO ] - VERBOSE: Exporting function 'Get-WebFile'.
2026-04-06 04:46:00,051 14024 [INFO ] - VERBOSE: Exporting function 'Get-WebFileName'.
2026-04-06 04:46:00,051 14024 [INFO ] - VERBOSE: Exporting function 'Get-WebHeaders'.
2026-04-06 04:46:00,051 14024 [INFO ] - VERBOSE: Exporting function 'Install-BinFile'.
2026-04-06 04:46:00,051 14024 [INFO ] - VERBOSE: Exporting function 'Install-ChocolateyEnvironmentVariable'.
2026-04-06 04:46:00,051 14024 [INFO ] - VERBOSE: Exporting function 'Install-ChocolateyExplorerMenuItem'.
2026-04-06 04:46:00,051 14024 [INFO ] - VERBOSE: Exporting function 'Install-ChocolateyFileAssociation'.
2026-04-06 04:46:00,051 14024 [INFO ] - VERBOSE: Exporting function 'Install-ChocolateyInstallPackage'.
2026-04-06 04:46:00,051 14024 [INFO ] - VERBOSE: Exporting function 'Install-ChocolateyPackage'.
2026-04-06 04:46:00,051 14024 [INFO ] - VERBOSE: Exporting function 'Install-ChocolateyPinnedTaskBarItem'.
2026-04-06 04:46:00,051 14024 [INFO ] - VERBOSE: Exporting function 'Install-ChocolateyPowershellCommand'.
2026-04-06 04:46:00,051 14024 [INFO ] - VERBOSE: Exporting function 'Install-ChocolateyShortcut'.
2026-04-06 04:46:00,051 14024 [INFO ] - VERBOSE: Exporting function 'Install-ChocolateyVsixPackage'.
2026-04-06 04:46:00,051 14024 [INFO ] - VERBOSE: Exporting function 'Install-ChocolateyZipPackage'.
2026-04-06 04:46:00,051 14024 [INFO ] - VERBOSE: Exporting function 'Install-Vsix'.
2026-04-06 04:46:00,051 14024 [INFO ] - VERBOSE: Exporting function 'Set-PowerShellExitCode'.
2026-04-06 04:46:00,051 14024 [INFO ] - VERBOSE: Exporting function 'Start-ChocolateyProcessAsAdmin'.
2026-04-06 04:46:00,051 14024 [INFO ] - VERBOSE: Exporting function 'Uninstall-BinFile'.
2026-04-06 04:46:00,051 14024 [INFO ] - VERBOSE: Exporting function 'Uninstall-ChocolateyEnvironmentVariable'.
2026-04-06 04:46:00,051 14024 [INFO ] - VERBOSE: Exporting function 'Uninstall-ChocolateyPackage'.
2026-04-06 04:46:00,051 14024 [INFO ] - VERBOSE: Exporting function 'Uninstall-ChocolateyZipPackage'.
2026-04-06 04:46:00,051 14024 [INFO ] - VERBOSE: Exporting function 'Write-FunctionCallLogMessage'.
2026-04-06 04:46:00,051 14024 [INFO ] - VERBOSE: Exporting function 'Install-ChocolateyDesktopLink'.
2026-04-06 04:46:00,051 14024 [INFO ] - VERBOSE: Exporting function 'Write-ChocolateyFailure'.
2026-04-06 04:46:00,051 14024 [INFO ] - VERBOSE: Exporting function 'Write-ChocolateySuccess'.
2026-04-06 04:46:00,051 14024 [INFO ] - VERBOSE: Exporting function 'Write-FileUpdateLog'.
2026-04-06 04:46:00,051 14024 [INFO ] - VERBOSE: Exporting function 'Get-AppInstallLocation'.
2026-04-06 04:46:00,051 14024 [INFO ] - VERBOSE: Exporting function 'Get-AvailableDriveLetter'.
2026-04-06 04:46:00,051 14024 [INFO ] - VERBOSE: Exporting function 'Get-EffectiveProxy'.
2026-04-06 04:46:00,051 14024 [INFO ] - VERBOSE: Exporting function 'Get-PackageCacheLocation'.
2026-04-06 04:46:00,051 14024 [INFO ] - VERBOSE: Exporting function 'Get-WebContent'.
2026-04-06 04:46:00,051 14024 [INFO ] - VERBOSE: Exporting function 'Register-Application'.
2026-04-06 04:46:00,051 14024 [INFO ] - VERBOSE: Exporting function 'Remove-Process'.
2026-04-06 04:46:00,051 14024 [INFO ] - VERBOSE: Exporting function 'Install-WindowsUpdate'.
2026-04-06 04:46:00,051 14024 [INFO ] - VERBOSE: Exporting function 'Test-WindowsUpdate'.
2026-04-06 04:46:00,051 14024 [INFO ] - VERBOSE: Exporting cmdlet 'Get-EnvironmentVariable'.
2026-04-06 04:46:00,051 14024 [INFO ] - VERBOSE: Exporting cmdlet 'Get-EnvironmentVariableNames'.
2026-04-06 04:46:00,051 14024 [INFO ] - VERBOSE: Exporting cmdlet 'Install-ChocolateyPath'.
2026-04-06 04:46:00,067 14024 [INFO ] - VERBOSE: Exporting cmdlet 'Set-EnvironmentVariable'.
2026-04-06 04:46:00,067 14024 [INFO ] - VERBOSE: Exporting cmdlet 'Test-ProcessAdminRights'.
2026-04-06 04:46:00,067 14024 [INFO ] - VERBOSE: Exporting cmdlet 'Uninstall-ChocolateyPath'.
2026-04-06 04:46:00,067 14024 [INFO ] - VERBOSE: Exporting cmdlet 'Update-SessionEnvironment'.
2026-04-06 04:46:00,067 14024 [INFO ] - VERBOSE: Exporting cmdlet 'Get-EnvironmentVariable'.
2026-04-06 04:46:00,067 14024 [INFO ] - VERBOSE: Exporting cmdlet 'Get-EnvironmentVariableNames'.
2026-04-06 04:46:00,067 14024 [INFO ] - VERBOSE: Exporting cmdlet 'Install-ChocolateyPath'.
2026-04-06 04:46:00,067 14024 [INFO ] - VERBOSE: Exporting cmdlet 'Set-EnvironmentVariable'.
2026-04-06 04:46:00,067 14024 [INFO ] - VERBOSE: Exporting cmdlet 'Test-ProcessAdminRights'.
2026-04-06 04:46:00,067 14024 [INFO ] - VERBOSE: Exporting cmdlet 'Uninstall-ChocolateyPath'.
2026-04-06 04:46:00,067 14024 [INFO ] - VERBOSE: Exporting cmdlet 'Update-SessionEnvironment'.
2026-04-06 04:46:00,067 14024 [INFO ] - VERBOSE: Exporting alias 'Get-ProcessorBits'.
2026-04-06 04:46:00,067 14024 [INFO ] - VERBOSE: Exporting alias 'Get-OSBitness'.
2026-04-06 04:46:00,067 14024 [INFO ] - VERBOSE: Exporting alias 'Get-InstallRegistryKey'.
2026-04-06 04:46:00,067 14024 [INFO ] - VERBOSE: Exporting alias 'Generate-BinFile'.
2026-04-06 04:46:00,067 14024 [INFO ] - VERBOSE: Exporting alias 'Add-BinFile'.
2026-04-06 04:46:00,067 14024 [INFO ] - VERBOSE: Exporting alias 'Start-ChocolateyProcess'.
2026-04-06 04:46:00,067 14024 [INFO ] - VERBOSE: Exporting alias 'Invoke-ChocolateyProcess'.
2026-04-06 04:46:00,067 14024 [INFO ] - VERBOSE: Exporting alias 'Remove-BinFile'.
2026-04-06 04:46:00,067 14024 [INFO ] - VERBOSE: Exporting alias 'refreshenv'.
2026-04-06 04:46:00,067 14024 [INFO ] - VERBOSE: Importing cmdlet 'Get-EnvironmentVariable'.
2026-04-06 04:46:00,067 14024 [INFO ] - VERBOSE: Importing cmdlet 'Get-EnvironmentVariableNames'.
2026-04-06 04:46:00,067 14024 [INFO ] - VERBOSE: Importing cmdlet 'Install-ChocolateyPath'.
2026-04-06 04:46:00,067 14024 [INFO ] - VERBOSE: Importing cmdlet 'Set-EnvironmentVariable'.
2026-04-06 04:46:00,067 14024 [INFO ] - VERBOSE: Importing cmdlet 'Test-ProcessAdminRights'.
2026-04-06 04:46:00,067 14024 [INFO ] - VERBOSE: Importing cmdlet 'Uninstall-ChocolateyPath'.
2026-04-06 04:46:00,067 14024 [INFO ] - VERBOSE: Importing cmdlet 'Update-SessionEnvironment'.
2026-04-06 04:46:00,067 14024 [INFO ] - VERBOSE: Importing function 'Format-FileSize'.
2026-04-06 04:46:00,067 14024 [INFO ] - VERBOSE: Importing function 'Get-AppInstallLocation'.
2026-04-06 04:46:00,067 14024 [INFO ] - VERBOSE: Importing function 'Get-AvailableDriveLetter'.
2026-04-06 04:46:00,067 14024 [INFO ] - VERBOSE: Importing function 'Get-ChecksumValid'.
2026-04-06 04:46:00,067 14024 [INFO ] - VERBOSE: Importing function 'Get-ChocolateyConfigValue'.
2026-04-06 04:46:00,067 14024 [INFO ] - VERBOSE: Importing function 'Get-ChocolateyPath'.
2026-04-06 04:46:00,067 14024 [INFO ] - VERBOSE: Importing function 'Get-ChocolateyUnzip'.
2026-04-06 04:46:00,067 14024 [INFO ] - VERBOSE: Importing function 'Get-ChocolateyWebFile'.
2026-04-06 04:46:00,067 14024 [INFO ] - VERBOSE: Importing function 'Get-EffectiveProxy'.
2026-04-06 04:46:00,067 14024 [INFO ] - VERBOSE: Importing function 'Get-FtpFile'.
2026-04-06 04:46:00,067 14024 [INFO ] - VERBOSE: Importing function 'Get-OSArchitectureWidth'.
2026-04-06 04:46:00,067 14024 [INFO ] - VERBOSE: Importing function 'Get-PackageCacheLocation'.
2026-04-06 04:46:00,067 14024 [INFO ] - VERBOSE: Importing function 'Get-PackageParameters'.
2026-04-06 04:46:00,067 14024 [INFO ] - VERBOSE: Importing function 'Get-PackageParametersBuiltIn'.
2026-04-06 04:46:00,067 14024 [INFO ] - VERBOSE: Importing function 'Get-ToolsLocation'.
2026-04-06 04:46:00,067 14024 [INFO ] - VERBOSE: Importing function 'Get-UACEnabled'.
2026-04-06 04:46:00,067 14024 [INFO ] - VERBOSE: Importing function 'Get-UninstallRegistryKey'.
2026-04-06 04:46:00,067 14024 [INFO ] - VERBOSE: Importing function 'Get-VirusCheckValid'.
2026-04-06 04:46:00,067 14024 [INFO ] - VERBOSE: Importing function 'Get-WebContent'.
2026-04-06 04:46:00,067 14024 [INFO ] - VERBOSE: Importing function 'Get-WebFile'.
2026-04-06 04:46:00,067 14024 [INFO ] - VERBOSE: Importing function 'Get-WebFileName'.
2026-04-06 04:46:00,067 14024 [INFO ] - VERBOSE: Importing function 'Get-WebHeaders'.
2026-04-06 04:46:00,067 14024 [INFO ] - VERBOSE: Importing function 'Install-BinFile'.
2026-04-06 04:46:00,067 14024 [INFO ] - VERBOSE: Importing function 'Install-ChocolateyDesktopLink'.
2026-04-06 04:46:00,067 14024 [INFO ] - VERBOSE: Importing function 'Install-ChocolateyEnvironmentVariable'.
2026-04-06 04:46:00,067 14024 [INFO ] - VERBOSE: Importing function 'Install-ChocolateyExplorerMenuItem'.
2026-04-06 04:46:00,067 14024 [INFO ] - VERBOSE: Importing function 'Install-ChocolateyFileAssociation'.
2026-04-06 04:46:00,067 14024 [INFO ] - VERBOSE: Importing function 'Install-ChocolateyInstallPackage'.
2026-04-06 04:46:00,067 14024 [INFO ] - VERBOSE: Importing function 'Install-ChocolateyPackage'.
2026-04-06 04:46:00,067 14024 [INFO ] - VERBOSE: Importing function 'Install-ChocolateyPinnedTaskBarItem'.
2026-04-06 04:46:00,067 14024 [INFO ] - VERBOSE: Importing function 'Install-ChocolateyPowershellCommand'.
2026-04-06 04:46:00,067 14024 [INFO ] - VERBOSE: Importing function 'Install-ChocolateyShortcut'.
2026-04-06 04:46:00,081 14024 [INFO ] - VERBOSE: Importing function 'Install-ChocolateyVsixPackage'.
2026-04-06 04:46:00,081 14024 [INFO ] - VERBOSE: Importing function 'Install-ChocolateyZipPackage'.
2026-04-06 04:46:00,081 14024 [INFO ] - VERBOSE: Importing function 'Install-Vsix'.
2026-04-06 04:46:00,081 14024 [INFO ] - VERBOSE: Importing function 'Install-WindowsUpdate'.
2026-04-06 04:46:00,081 14024 [INFO ] - VERBOSE: Importing function 'Register-Application'.
2026-04-06 04:46:00,081 14024 [INFO ] - VERBOSE: Importing function 'Remove-Process'.
2026-04-06 04:46:00,083 14024 [INFO ] - VERBOSE: Importing function 'Set-PowerShellExitCode'.
2026-04-06 04:46:00,083 14024 [INFO ] - VERBOSE: Importing function 'Start-ChocolateyProcessAsAdmin'.
2026-04-06 04:46:00,083 14024 [INFO ] - VERBOSE: Importing function 'Test-WindowsUpdate'.
2026-04-06 04:46:00,083 14024 [INFO ] - VERBOSE: Importing function 'Uninstall-BinFile'.
2026-04-06 04:46:00,083 14024 [INFO ] - VERBOSE: Importing function 'Uninstall-ChocolateyEnvironmentVariable'.
2026-04-06 04:46:00,083 14024 [INFO ] - VERBOSE: Importing function 'Uninstall-ChocolateyPackage'.
2026-04-06 04:46:00,083 14024 [INFO ] - VERBOSE: Importing function 'Uninstall-ChocolateyZipPackage'.
2026-04-06 04:46:00,083 14024 [INFO ] - VERBOSE: Importing function 'Write-ChocolateyFailure'.
2026-04-06 04:46:00,085 14024 [INFO ] - VERBOSE: Importing function 'Write-ChocolateySuccess'.
2026-04-06 04:46:00,085 14024 [INFO ] - VERBOSE: Importing function 'Write-FileUpdateLog'.
2026-04-06 04:46:00,085 14024 [INFO ] - VERBOSE: Importing function 'Write-FunctionCallLogMessage'.
2026-04-06 04:46:00,085 14024 [INFO ] - VERBOSE: Importing alias 'Add-BinFile'.
2026-04-06 04:46:00,085 14024 [INFO ] - VERBOSE: Importing alias 'Generate-BinFile'.
2026-04-06 04:46:00,085 14024 [INFO ] - VERBOSE: Importing alias 'Get-InstallRegistryKey'.
2026-04-06 04:46:00,085 14024 [INFO ] - VERBOSE: Importing alias 'Get-OSBitness'.
2026-04-06 04:46:00,085 14024 [INFO ] - VERBOSE: Importing alias 'Get-ProcessorBits'.
2026-04-06 04:46:00,085 14024 [INFO ] - VERBOSE: Importing alias 'Invoke-ChocolateyProcess'.
2026-04-06 04:46:00,087 14024 [INFO ] - VERBOSE: Importing alias 'refreshenv'.
2026-04-06 04:46:00,087 14024 [INFO ] - VERBOSE: Importing alias 'Remove-BinFile'.
2026-04-06 04:46:00,087 14024 [INFO ] - VERBOSE: Importing alias 'Start-ChocolateyProcess'.
2026-04-06 04:46:00,099 14024 [INFO ] - VERBOSE: Obtaining operating system information
2026-04-06 04:46:00,131 14024 [INFO ] - VERBOSE: Perform operation 'Enumerate CimInstances' with following parameters, ''namespaceName' = root\cimv2,'className' = Win32_OperatingSystem'.
2026-04-06 04:46:00,194 14024 [INFO ] - VERBOSE: Operation 'Enumerate CimInstances' complete.
2026-04-06 04:46:00,194 14024 [INFO ] - VERBOSE: Operating system: Microsoft Windows 11 Home, version 10.0.26200, product type 'client'
2026-04-06 04:46:00,194 14024 [INFO ] - VERBOSE: Locating MSU rules for this operating system
2026-04-06 04:46:00,194 14024 [INFO ] - VERBOSE: No MSU rules defined for this operating system
2026-04-06 04:46:00,194 14024 [INFO ] - Skipping installation because update KB3035131 does not apply to this operating system (Microsoft Windows 11 Home).
2026-04-06 04:46:00,232 14024 [INFO ] -  The upgrade of KB3035131 was successful.
2026-04-06 04:46:00,232 14024 [INFO ] -   Software install location not explicitly set, it could be in package or
  default install location of installer.
2026-04-06 04:46:00,248 14024 [INFO ] - [NuGet]   GET https://community.chocolatey.org/api/v2/Packages(Id='KB3033929',Version='1.0.5')
2026-04-06 04:46:00,646 14024 [INFO ] - [NuGet]   OK https://community.chocolatey.org/api/v2/Packages(Id='KB3033929',Version='1.0.5') 411ms
2026-04-06 04:46:00,662 14024 [INFO ] - Downloading package from source 'https://community.chocolatey.org/api/v2/'
2026-04-06 04:46:00,662 14024 [INFO ] - [NuGet]   GET https://community.chocolatey.org/api/v2/package/KB3033929/1.0.5
2026-04-06 04:46:01,204 14024 [INFO ] - [NuGet]   OK https://community.chocolatey.org/api/v2/package/KB3033929/1.0.5 551ms
2026-04-06 04:46:01,204 14024 [INFO ] - [NuGet] Acquiring lock for the installation of KB3033929 1.0.5
2026-04-06 04:46:01,220 14024 [INFO ] - [NuGet] Acquired lock for the installation of KB3033929 1.0.5
2026-04-06 04:46:01,226 14024 [INFO ] - [NuGet] Installed KB3033929 1.0.5 from https://community.chocolatey.org/api/v2/ with content hash BVvLl4AxeRTgkbQpccUzxjs6epyKL4b9amFyG74KpWdjJ1yOS4cQf2K5oYW5+SmUkh7ICJjLPMEgdJAFK3snRw==.
2026-04-06 04:46:01,235 14024 [INFO ] - [NuGet] Adding package 'KB3033929.1.0.5 : chocolatey-windowsupdate.extension [1.0.4, ), kb3035131 [1.0.3, )' to folder 'C:\ProgramData\chocolatey\lib'
2026-04-06 04:46:01,267 14024 [INFO ] - [NuGet] Added package 'KB3033929.1.0.5 : chocolatey-windowsupdate.extension [1.0.4, ), kb3035131 [1.0.3, )' to folder 'C:\ProgramData\chocolatey\lib'
2026-04-06 04:46:01,267 14024 [INFO ] - 
KB3033929 v1.0.5 [Approved]
2026-04-06 04:46:01,267 14024 [INFO ] - KB3033929 package files upgrade completed. Performing other installation steps.
2026-04-06 04:46:01,331 14024 [INFO ] - VERBOSE: Loading module from path 'C:\ProgramData\chocolatey\helpers\Chocolatey.PowerShell.dll'.
2026-04-06 04:46:01,331 14024 [INFO ] - VERBOSE: Importing cmdlet 'Get-EnvironmentVariable'.
2026-04-06 04:46:01,331 14024 [INFO ] - VERBOSE: Importing cmdlet 'Get-EnvironmentVariableNames'.
2026-04-06 04:46:01,331 14024 [INFO ] - VERBOSE: Importing cmdlet 'Install-ChocolateyPath'.
2026-04-06 04:46:01,331 14024 [INFO ] - VERBOSE: Importing cmdlet 'Set-EnvironmentVariable'.
2026-04-06 04:46:01,331 14024 [INFO ] - VERBOSE: Importing cmdlet 'Test-ProcessAdminRights'.
2026-04-06 04:46:01,331 14024 [INFO ] - VERBOSE: Importing cmdlet 'Uninstall-ChocolateyPath'.
2026-04-06 04:46:01,331 14024 [INFO ] - VERBOSE: Importing cmdlet 'Update-SessionEnvironment'.
2026-04-06 04:46:01,346 14024 [INFO ] - VERBOSE: Exporting function 'Format-FileSize'.
2026-04-06 04:46:01,346 14024 [INFO ] - VERBOSE: Exporting function 'Get-ChecksumValid'.
2026-04-06 04:46:01,346 14024 [INFO ] - VERBOSE: Exporting function 'Get-ChocolateyConfigValue'.
2026-04-06 04:46:01,346 14024 [INFO ] - VERBOSE: Exporting function 'Get-ChocolateyPath'.
2026-04-06 04:46:01,346 14024 [INFO ] - VERBOSE: Exporting function 'Get-ChocolateyUnzip'.
2026-04-06 04:46:01,346 14024 [INFO ] - VERBOSE: Exporting function 'Get-ChocolateyWebFile'.
2026-04-06 04:46:01,346 14024 [INFO ] - VERBOSE: Exporting function 'Get-FtpFile'.
2026-04-06 04:46:01,346 14024 [INFO ] - VERBOSE: Exporting function 'Get-OSArchitectureWidth'.
2026-04-06 04:46:01,346 14024 [INFO ] - VERBOSE: Exporting function 'Get-PackageParameters'.
2026-04-06 04:46:01,346 14024 [INFO ] - VERBOSE: Exporting function 'Get-PackageParametersBuiltIn'.
2026-04-06 04:46:01,346 14024 [INFO ] - VERBOSE: Exporting function 'Get-ToolsLocation'.
2026-04-06 04:46:01,346 14024 [INFO ] - VERBOSE: Exporting function 'Get-UACEnabled'.
2026-04-06 04:46:01,346 14024 [INFO ] - VERBOSE: Exporting function 'Get-UninstallRegistryKey'.
2026-04-06 04:46:01,346 14024 [INFO ] - VERBOSE: Exporting function 'Get-VirusCheckValid'.
2026-04-06 04:46:01,346 14024 [INFO ] - VERBOSE: Exporting function 'Get-WebFile'.
2026-04-06 04:46:01,346 14024 [INFO ] - VERBOSE: Exporting function 'Get-WebFileName'.
2026-04-06 04:46:01,346 14024 [INFO ] - VERBOSE: Exporting function 'Get-WebHeaders'.
2026-04-06 04:46:01,346 14024 [INFO ] - VERBOSE: Exporting function 'Install-BinFile'.
2026-04-06 04:46:01,346 14024 [INFO ] - VERBOSE: Exporting function 'Install-ChocolateyEnvironmentVariable'.
2026-04-06 04:46:01,346 14024 [INFO ] - VERBOSE: Exporting function 'Install-ChocolateyExplorerMenuItem'.
2026-04-06 04:46:01,346 14024 [INFO ] - VERBOSE: Exporting function 'Install-ChocolateyFileAssociation'.
2026-04-06 04:46:01,346 14024 [INFO ] - VERBOSE: Exporting function 'Install-ChocolateyInstallPackage'.
2026-04-06 04:46:01,346 14024 [INFO ] - VERBOSE: Exporting function 'Install-ChocolateyPackage'.
2026-04-06 04:46:01,346 14024 [INFO ] - VERBOSE: Exporting function 'Install-ChocolateyPinnedTaskBarItem'.
2026-04-06 04:46:01,346 14024 [INFO ] - VERBOSE: Exporting function 'Install-ChocolateyPowershellCommand'.
2026-04-06 04:46:01,346 14024 [INFO ] - VERBOSE: Exporting function 'Install-ChocolateyShortcut'.
2026-04-06 04:46:01,346 14024 [INFO ] - VERBOSE: Exporting function 'Install-ChocolateyVsixPackage'.
2026-04-06 04:46:01,346 14024 [INFO ] - VERBOSE: Exporting function 'Install-ChocolateyZipPackage'.
2026-04-06 04:46:01,346 14024 [INFO ] - VERBOSE: Exporting function 'Install-Vsix'.
2026-04-06 04:46:01,346 14024 [INFO ] - VERBOSE: Exporting function 'Set-PowerShellExitCode'.
2026-04-06 04:46:01,346 14024 [INFO ] - VERBOSE: Exporting function 'Start-ChocolateyProcessAsAdmin'.
2026-04-06 04:46:01,346 14024 [INFO ] - VERBOSE: Exporting function 'Uninstall-BinFile'.
2026-04-06 04:46:01,346 14024 [INFO ] - VERBOSE: Exporting function 'Uninstall-ChocolateyEnvironmentVariable'.
2026-04-06 04:46:01,346 14024 [INFO ] - VERBOSE: Exporting function 'Uninstall-ChocolateyPackage'.
2026-04-06 04:46:01,346 14024 [INFO ] - VERBOSE: Exporting function 'Uninstall-ChocolateyZipPackage'.
2026-04-06 04:46:01,346 14024 [INFO ] - VERBOSE: Exporting function 'Write-FunctionCallLogMessage'.
2026-04-06 04:46:01,346 14024 [INFO ] - VERBOSE: Exporting cmdlet 'Get-EnvironmentVariable'.
2026-04-06 04:46:01,346 14024 [INFO ] - VERBOSE: Exporting cmdlet 'Get-EnvironmentVariableNames'.
2026-04-06 04:46:01,346 14024 [INFO ] - VERBOSE: Exporting cmdlet 'Install-ChocolateyPath'.
2026-04-06 04:46:01,346 14024 [INFO ] - VERBOSE: Exporting cmdlet 'Set-EnvironmentVariable'.
2026-04-06 04:46:01,346 14024 [INFO ] - VERBOSE: Exporting cmdlet 'Test-ProcessAdminRights'.
2026-04-06 04:46:01,346 14024 [INFO ] - VERBOSE: Exporting cmdlet 'Uninstall-ChocolateyPath'.
2026-04-06 04:46:01,346 14024 [INFO ] - VERBOSE: Exporting cmdlet 'Update-SessionEnvironment'.
2026-04-06 04:46:01,346 14024 [INFO ] - VERBOSE: Exporting alias 'Get-ProcessorBits'.
2026-04-06 04:46:01,346 14024 [INFO ] - VERBOSE: Exporting alias 'Get-OSBitness'.
2026-04-06 04:46:01,346 14024 [INFO ] - VERBOSE: Exporting alias 'Get-InstallRegistryKey'.
2026-04-06 04:46:01,346 14024 [INFO ] - VERBOSE: Exporting alias 'Generate-BinFile'.
2026-04-06 04:46:01,346 14024 [INFO ] - VERBOSE: Exporting alias 'Add-BinFile'.
2026-04-06 04:46:01,346 14024 [INFO ] - VERBOSE: Exporting alias 'Start-ChocolateyProcess'.
2026-04-06 04:46:01,346 14024 [INFO ] - VERBOSE: Exporting alias 'Invoke-ChocolateyProcess'.
2026-04-06 04:46:01,346 14024 [INFO ] - VERBOSE: Exporting alias 'Remove-BinFile'.
2026-04-06 04:46:01,346 14024 [INFO ] - VERBOSE: Exporting alias 'refreshenv'.
2026-04-06 04:46:01,346 14024 [INFO ] - VERBOSE: Loading module from path 'C:\ProgramData\chocolatey\extensions\chocolatey-compatibility\chocolatey-compatibility.psm1'.
2026-04-06 04:46:01,368 14024 [INFO ] - VERBOSE: Exporting function 'Install-ChocolateyDesktopLink'.
2026-04-06 04:46:01,370 14024 [INFO ] - VERBOSE: Exporting function 'Write-ChocolateyFailure'.
2026-04-06 04:46:01,370 14024 [INFO ] - VERBOSE: Exporting function 'Write-ChocolateySuccess'.
2026-04-06 04:46:01,370 14024 [INFO ] - VERBOSE: Exporting function 'Write-FileUpdateLog'.
2026-04-06 04:46:01,370 14024 [INFO ] - VERBOSE: Importing function 'Install-ChocolateyDesktopLink'.
2026-04-06 04:46:01,370 14024 [INFO ] - VERBOSE: Importing function 'Write-ChocolateyFailure'.
2026-04-06 04:46:01,370 14024 [INFO ] - VERBOSE: Importing function 'Write-ChocolateySuccess'.
2026-04-06 04:46:01,370 14024 [INFO ] - VERBOSE: Importing function 'Write-FileUpdateLog'.
2026-04-06 04:46:01,375 14024 [INFO ] - VERBOSE: Loading module from path 'C:\ProgramData\chocolatey\extensions\chocolatey-core\chocolatey-core.psm1'.
2026-04-06 04:46:01,394 14024 [INFO ] - VERBOSE: Exporting function 'Get-AppInstallLocation'.
2026-04-06 04:46:01,396 14024 [INFO ] - VERBOSE: Exporting function 'Get-AvailableDriveLetter'.
2026-04-06 04:46:01,396 14024 [INFO ] - VERBOSE: Exporting function 'Get-EffectiveProxy'.
2026-04-06 04:46:01,396 14024 [INFO ] - VERBOSE: Exporting function 'Get-PackageCacheLocation'.
2026-04-06 04:46:01,396 14024 [INFO ] - VERBOSE: Exporting function 'Get-WebContent'.
2026-04-06 04:46:01,396 14024 [INFO ] - VERBOSE: Exporting function 'Register-Application'.
2026-04-06 04:46:01,398 14024 [INFO ] - VERBOSE: Exporting function 'Remove-Process'.
2026-04-06 04:46:01,398 14024 [INFO ] - VERBOSE: Importing function 'Get-AppInstallLocation'.
2026-04-06 04:46:01,398 14024 [INFO ] - VERBOSE: Importing function 'Get-AvailableDriveLetter'.
2026-04-06 04:46:01,398 14024 [INFO ] - VERBOSE: Importing function 'Get-EffectiveProxy'.
2026-04-06 04:46:01,398 14024 [INFO ] - VERBOSE: Importing function 'Get-PackageCacheLocation'.
2026-04-06 04:46:01,398 14024 [INFO ] - VERBOSE: Importing function 'Get-WebContent'.
2026-04-06 04:46:01,398 14024 [INFO ] - VERBOSE: Importing function 'Register-Application'.
2026-04-06 04:46:01,398 14024 [INFO ] - VERBOSE: Importing function 'Remove-Process'.
2026-04-06 04:46:01,400 14024 [INFO ] - VERBOSE: Loading module from path 'C:\ProgramData\chocolatey\extensions\chocolatey-windowsupdate\chocolatey-windowsupdate.psm1'.
2026-04-06 04:46:01,410 14024 [INFO ] - VERBOSE: Exporting function 'Install-WindowsUpdate'.
2026-04-06 04:46:01,410 14024 [INFO ] - VERBOSE: Exporting function 'Test-WindowsUpdate'.
2026-04-06 04:46:01,410 14024 [INFO ] - VERBOSE: Importing function 'Install-WindowsUpdate'.
2026-04-06 04:46:01,410 14024 [INFO ] - VERBOSE: Importing function 'Test-WindowsUpdate'.
2026-04-06 04:46:01,410 14024 [INFO ] - VERBOSE: Exporting function 'Format-FileSize'.
2026-04-06 04:46:01,412 14024 [INFO ] - VERBOSE: Exporting function 'Get-ChecksumValid'.
2026-04-06 04:46:01,412 14024 [INFO ] - VERBOSE: Exporting function 'Get-ChocolateyConfigValue'.
2026-04-06 04:46:01,412 14024 [INFO ] - VERBOSE: Exporting function 'Get-ChocolateyPath'.
2026-04-06 04:46:01,412 14024 [INFO ] - VERBOSE: Exporting function 'Get-ChocolateyUnzip'.
2026-04-06 04:46:01,412 14024 [INFO ] - VERBOSE: Exporting function 'Get-ChocolateyWebFile'.
2026-04-06 04:46:01,412 14024 [INFO ] - VERBOSE: Exporting function 'Get-FtpFile'.
2026-04-06 04:46:01,412 14024 [INFO ] - VERBOSE: Exporting function 'Get-OSArchitectureWidth'.
2026-04-06 04:46:01,412 14024 [INFO ] - VERBOSE: Exporting function 'Get-PackageParameters'.
2026-04-06 04:46:01,412 14024 [INFO ] - VERBOSE: Exporting function 'Get-PackageParametersBuiltIn'.
2026-04-06 04:46:01,414 14024 [INFO ] - VERBOSE: Exporting function 'Get-ToolsLocation'.
2026-04-06 04:46:01,414 14024 [INFO ] - VERBOSE: Exporting function 'Get-UACEnabled'.
2026-04-06 04:46:01,414 14024 [INFO ] - VERBOSE: Exporting function 'Get-UninstallRegistryKey'.
2026-04-06 04:46:01,414 14024 [INFO ] - VERBOSE: Exporting function 'Get-VirusCheckValid'.
2026-04-06 04:46:01,414 14024 [INFO ] - VERBOSE: Exporting function 'Get-WebFile'.
2026-04-06 04:46:01,414 14024 [INFO ] - VERBOSE: Exporting function 'Get-WebFileName'.
2026-04-06 04:46:01,414 14024 [INFO ] - VERBOSE: Exporting function 'Get-WebHeaders'.
2026-04-06 04:46:01,414 14024 [INFO ] - VERBOSE: Exporting function 'Install-BinFile'.
2026-04-06 04:46:01,414 14024 [INFO ] - VERBOSE: Exporting function 'Install-ChocolateyEnvironmentVariable'.
2026-04-06 04:46:01,414 14024 [INFO ] - VERBOSE: Exporting function 'Install-ChocolateyExplorerMenuItem'.
2026-04-06 04:46:01,416 14024 [INFO ] - VERBOSE: Exporting function 'Install-ChocolateyFileAssociation'.
2026-04-06 04:46:01,416 14024 [INFO ] - VERBOSE: Exporting function 'Install-ChocolateyInstallPackage'.
2026-04-06 04:46:01,416 14024 [INFO ] - VERBOSE: Exporting function 'Install-ChocolateyPackage'.
2026-04-06 04:46:01,416 14024 [INFO ] - VERBOSE: Exporting function 'Install-ChocolateyPinnedTaskBarItem'.
2026-04-06 04:46:01,416 14024 [INFO ] - VERBOSE: Exporting function 'Install-ChocolateyPowershellCommand'.
2026-04-06 04:46:01,416 14024 [INFO ] - VERBOSE: Exporting function 'Install-ChocolateyShortcut'.
2026-04-06 04:46:01,416 14024 [INFO ] - VERBOSE: Exporting function 'Install-ChocolateyVsixPackage'.
2026-04-06 04:46:01,416 14024 [INFO ] - VERBOSE: Exporting function 'Install-ChocolateyZipPackage'.
2026-04-06 04:46:01,416 14024 [INFO ] - VERBOSE: Exporting function 'Install-Vsix'.
2026-04-06 04:46:01,418 14024 [INFO ] - VERBOSE: Exporting function 'Set-PowerShellExitCode'.
2026-04-06 04:46:01,418 14024 [INFO ] - VERBOSE: Exporting function 'Start-ChocolateyProcessAsAdmin'.
2026-04-06 04:46:01,418 14024 [INFO ] - VERBOSE: Exporting function 'Uninstall-BinFile'.
2026-04-06 04:46:01,418 14024 [INFO ] - VERBOSE: Exporting function 'Uninstall-ChocolateyEnvironmentVariable'.
2026-04-06 04:46:01,418 14024 [INFO ] - VERBOSE: Exporting function 'Uninstall-ChocolateyPackage'.
2026-04-06 04:46:01,418 14024 [INFO ] - VERBOSE: Exporting function 'Uninstall-ChocolateyZipPackage'.
2026-04-06 04:46:01,418 14024 [INFO ] - VERBOSE: Exporting function 'Write-FunctionCallLogMessage'.
2026-04-06 04:46:01,418 14024 [INFO ] - VERBOSE: Exporting function 'Install-ChocolateyDesktopLink'.
2026-04-06 04:46:01,418 14024 [INFO ] - VERBOSE: Exporting function 'Write-ChocolateyFailure'.
2026-04-06 04:46:01,420 14024 [INFO ] - VERBOSE: Exporting function 'Write-ChocolateySuccess'.
2026-04-06 04:46:01,420 14024 [INFO ] - VERBOSE: Exporting function 'Write-FileUpdateLog'.
2026-04-06 04:46:01,420 14024 [INFO ] - VERBOSE: Exporting function 'Get-AppInstallLocation'.
2026-04-06 04:46:01,420 14024 [INFO ] - VERBOSE: Exporting function 'Get-AvailableDriveLetter'.
2026-04-06 04:46:01,420 14024 [INFO ] - VERBOSE: Exporting function 'Get-EffectiveProxy'.
2026-04-06 04:46:01,420 14024 [INFO ] - VERBOSE: Exporting function 'Get-PackageCacheLocation'.
2026-04-06 04:46:01,420 14024 [INFO ] - VERBOSE: Exporting function 'Get-WebContent'.
2026-04-06 04:46:01,420 14024 [INFO ] - VERBOSE: Exporting function 'Register-Application'.
2026-04-06 04:46:01,420 14024 [INFO ] - VERBOSE: Exporting function 'Remove-Process'.
2026-04-06 04:46:01,420 14024 [INFO ] - VERBOSE: Exporting function 'Install-WindowsUpdate'.
2026-04-06 04:46:01,422 14024 [INFO ] - VERBOSE: Exporting function 'Test-WindowsUpdate'.
2026-04-06 04:46:01,422 14024 [INFO ] - VERBOSE: Exporting cmdlet 'Get-EnvironmentVariable'.
2026-04-06 04:46:01,422 14024 [INFO ] - VERBOSE: Exporting cmdlet 'Get-EnvironmentVariableNames'.
2026-04-06 04:46:01,422 14024 [INFO ] - VERBOSE: Exporting cmdlet 'Install-ChocolateyPath'.
2026-04-06 04:46:01,422 14024 [INFO ] - VERBOSE: Exporting cmdlet 'Set-EnvironmentVariable'.
2026-04-06 04:46:01,422 14024 [INFO ] - VERBOSE: Exporting cmdlet 'Test-ProcessAdminRights'.
2026-04-06 04:46:01,422 14024 [INFO ] - VERBOSE: Exporting cmdlet 'Uninstall-ChocolateyPath'.
2026-04-06 04:46:01,422 14024 [INFO ] - VERBOSE: Exporting cmdlet 'Update-SessionEnvironment'.
2026-04-06 04:46:01,422 14024 [INFO ] - VERBOSE: Exporting cmdlet 'Get-EnvironmentVariable'.
2026-04-06 04:46:01,424 14024 [INFO ] - VERBOSE: Exporting cmdlet 'Get-EnvironmentVariableNames'.
2026-04-06 04:46:01,424 14024 [INFO ] - VERBOSE: Exporting cmdlet 'Install-ChocolateyPath'.
2026-04-06 04:46:01,424 14024 [INFO ] - VERBOSE: Exporting cmdlet 'Set-EnvironmentVariable'.
2026-04-06 04:46:01,424 14024 [INFO ] - VERBOSE: Exporting cmdlet 'Test-ProcessAdminRights'.
2026-04-06 04:46:01,424 14024 [INFO ] - VERBOSE: Exporting cmdlet 'Uninstall-ChocolateyPath'.
2026-04-06 04:46:01,424 14024 [INFO ] - VERBOSE: Exporting cmdlet 'Update-SessionEnvironment'.
2026-04-06 04:46:01,424 14024 [INFO ] - VERBOSE: Exporting alias 'Get-ProcessorBits'.
2026-04-06 04:46:01,424 14024 [INFO ] - VERBOSE: Exporting alias 'Get-OSBitness'.
2026-04-06 04:46:01,426 14024 [INFO ] - VERBOSE: Exporting alias 'Get-InstallRegistryKey'.
2026-04-06 04:46:01,426 14024 [INFO ] - VERBOSE: Exporting alias 'Generate-BinFile'.
2026-04-06 04:46:01,426 14024 [INFO ] - VERBOSE: Exporting alias 'Add-BinFile'.
2026-04-06 04:46:01,426 14024 [INFO ] - VERBOSE: Exporting alias 'Start-ChocolateyProcess'.
2026-04-06 04:46:01,426 14024 [INFO ] - VERBOSE: Exporting alias 'Invoke-ChocolateyProcess'.
2026-04-06 04:46:01,426 14024 [INFO ] - VERBOSE: Exporting alias 'Remove-BinFile'.
2026-04-06 04:46:01,426 14024 [INFO ] - VERBOSE: Exporting alias 'refreshenv'.
2026-04-06 04:46:01,426 14024 [INFO ] - VERBOSE: Importing cmdlet 'Get-EnvironmentVariable'.
2026-04-06 04:46:01,426 14024 [INFO ] - VERBOSE: Importing cmdlet 'Get-EnvironmentVariableNames'.
2026-04-06 04:46:01,428 14024 [INFO ] - VERBOSE: Importing cmdlet 'Install-ChocolateyPath'.
2026-04-06 04:46:01,428 14024 [INFO ] - VERBOSE: Importing cmdlet 'Set-EnvironmentVariable'.
2026-04-06 04:46:01,428 14024 [INFO ] - VERBOSE: Importing cmdlet 'Test-ProcessAdminRights'.
2026-04-06 04:46:01,428 14024 [INFO ] - VERBOSE: Importing cmdlet 'Uninstall-ChocolateyPath'.
2026-04-06 04:46:01,428 14024 [INFO ] - VERBOSE: Importing cmdlet 'Update-SessionEnvironment'.
2026-04-06 04:46:01,428 14024 [INFO ] - VERBOSE: Importing function 'Format-FileSize'.
2026-04-06 04:46:01,428 14024 [INFO ] - VERBOSE: Importing function 'Get-AppInstallLocation'.
2026-04-06 04:46:01,428 14024 [INFO ] - VERBOSE: Importing function 'Get-AvailableDriveLetter'.
2026-04-06 04:46:01,428 14024 [INFO ] - VERBOSE: Importing function 'Get-ChecksumValid'.
2026-04-06 04:46:01,430 14024 [INFO ] - VERBOSE: Importing function 'Get-ChocolateyConfigValue'.
2026-04-06 04:46:01,430 14024 [INFO ] - VERBOSE: Importing function 'Get-ChocolateyPath'.
2026-04-06 04:46:01,430 14024 [INFO ] - VERBOSE: Importing function 'Get-ChocolateyUnzip'.
2026-04-06 04:46:01,430 14024 [INFO ] - VERBOSE: Importing function 'Get-ChocolateyWebFile'.
2026-04-06 04:46:01,430 14024 [INFO ] - VERBOSE: Importing function 'Get-EffectiveProxy'.
2026-04-06 04:46:01,430 14024 [INFO ] - VERBOSE: Importing function 'Get-FtpFile'.
2026-04-06 04:46:01,430 14024 [INFO ] - VERBOSE: Importing function 'Get-OSArchitectureWidth'.
2026-04-06 04:46:01,430 14024 [INFO ] - VERBOSE: Importing function 'Get-PackageCacheLocation'.
2026-04-06 04:46:01,430 14024 [INFO ] - VERBOSE: Importing function 'Get-PackageParameters'.
2026-04-06 04:46:01,430 14024 [INFO ] - VERBOSE: Importing function 'Get-PackageParametersBuiltIn'.
2026-04-06 04:46:01,432 14024 [INFO ] - VERBOSE: Importing function 'Get-ToolsLocation'.
2026-04-06 04:46:01,432 14024 [INFO ] - VERBOSE: Importing function 'Get-UACEnabled'.
2026-04-06 04:46:01,432 14024 [INFO ] - VERBOSE: Importing function 'Get-UninstallRegistryKey'.
2026-04-06 04:46:01,432 14024 [INFO ] - VERBOSE: Importing function 'Get-VirusCheckValid'.
2026-04-06 04:46:01,432 14024 [INFO ] - VERBOSE: Importing function 'Get-WebContent'.
2026-04-06 04:46:01,432 14024 [INFO ] - VERBOSE: Importing function 'Get-WebFile'.
2026-04-06 04:46:01,432 14024 [INFO ] - VERBOSE: Importing function 'Get-WebFileName'.
2026-04-06 04:46:01,432 14024 [INFO ] - VERBOSE: Importing function 'Get-WebHeaders'.
2026-04-06 04:46:01,432 14024 [INFO ] - VERBOSE: Importing function 'Install-BinFile'.
2026-04-06 04:46:01,434 14024 [INFO ] - VERBOSE: Importing function 'Install-ChocolateyDesktopLink'.
2026-04-06 04:46:01,434 14024 [INFO ] - VERBOSE: Importing function 'Install-ChocolateyEnvironmentVariable'.
2026-04-06 04:46:01,434 14024 [INFO ] - VERBOSE: Importing function 'Install-ChocolateyExplorerMenuItem'.
2026-04-06 04:46:01,434 14024 [INFO ] - VERBOSE: Importing function 'Install-ChocolateyFileAssociation'.
2026-04-06 04:46:01,434 14024 [INFO ] - VERBOSE: Importing function 'Install-ChocolateyInstallPackage'.
2026-04-06 04:46:01,434 14024 [INFO ] - VERBOSE: Importing function 'Install-ChocolateyPackage'.
2026-04-06 04:46:01,434 14024 [INFO ] - VERBOSE: Importing function 'Install-ChocolateyPinnedTaskBarItem'.
2026-04-06 04:46:01,434 14024 [INFO ] - VERBOSE: Importing function 'Install-ChocolateyPowershellCommand'.
2026-04-06 04:46:01,434 14024 [INFO ] - VERBOSE: Importing function 'Install-ChocolateyShortcut'.
2026-04-06 04:46:01,436 14024 [INFO ] - VERBOSE: Importing function 'Install-ChocolateyVsixPackage'.
2026-04-06 04:46:01,436 14024 [INFO ] - VERBOSE: Importing function 'Install-ChocolateyZipPackage'.
2026-04-06 04:46:01,436 14024 [INFO ] - VERBOSE: Importing function 'Install-Vsix'.
2026-04-06 04:46:01,436 14024 [INFO ] - VERBOSE: Importing function 'Install-WindowsUpdate'.
2026-04-06 04:46:01,436 14024 [INFO ] - VERBOSE: Importing function 'Register-Application'.
2026-04-06 04:46:01,436 14024 [INFO ] - VERBOSE: Importing function 'Remove-Process'.
2026-04-06 04:46:01,436 14024 [INFO ] - VERBOSE: Importing function 'Set-PowerShellExitCode'.
2026-04-06 04:46:01,436 14024 [INFO ] - VERBOSE: Importing function 'Start-ChocolateyProcessAsAdmin'.
2026-04-06 04:46:01,436 14024 [INFO ] - VERBOSE: Importing function 'Test-WindowsUpdate'.
2026-04-06 04:46:01,438 14024 [INFO ] - VERBOSE: Importing function 'Uninstall-BinFile'.
2026-04-06 04:46:01,438 14024 [INFO ] - VERBOSE: Importing function 'Uninstall-ChocolateyEnvironmentVariable'.
2026-04-06 04:46:01,438 14024 [INFO ] - VERBOSE: Importing function 'Uninstall-ChocolateyPackage'.
2026-04-06 04:46:01,438 14024 [INFO ] - VERBOSE: Importing function 'Uninstall-ChocolateyZipPackage'.
2026-04-06 04:46:01,438 14024 [INFO ] - VERBOSE: Importing function 'Write-ChocolateyFailure'.
2026-04-06 04:46:01,438 14024 [INFO ] - VERBOSE: Importing function 'Write-ChocolateySuccess'.
2026-04-06 04:46:01,438 14024 [INFO ] - VERBOSE: Importing function 'Write-FileUpdateLog'.
2026-04-06 04:46:01,438 14024 [INFO ] - VERBOSE: Importing function 'Write-FunctionCallLogMessage'.
2026-04-06 04:46:01,438 14024 [INFO ] - VERBOSE: Importing alias 'Add-BinFile'.
2026-04-06 04:46:01,440 14024 [INFO ] - VERBOSE: Importing alias 'Generate-BinFile'.
2026-04-06 04:46:01,440 14024 [INFO ] - VERBOSE: Importing alias 'Get-InstallRegistryKey'.
2026-04-06 04:46:01,440 14024 [INFO ] - VERBOSE: Importing alias 'Get-OSBitness'.
2026-04-06 04:46:01,440 14024 [INFO ] - VERBOSE: Importing alias 'Get-ProcessorBits'.
2026-04-06 04:46:01,440 14024 [INFO ] - VERBOSE: Importing alias 'Invoke-ChocolateyProcess'.
2026-04-06 04:46:01,440 14024 [INFO ] - VERBOSE: Importing alias 'refreshenv'.
2026-04-06 04:46:01,440 14024 [INFO ] - VERBOSE: Importing alias 'Remove-BinFile'.
2026-04-06 04:46:01,440 14024 [INFO ] - VERBOSE: Importing alias 'Start-ChocolateyProcess'.
2026-04-06 04:46:01,457 14024 [INFO ] - VERBOSE: Obtaining operating system information
2026-04-06 04:46:01,473 14024 [INFO ] - VERBOSE: Perform operation 'Enumerate CimInstances' with following parameters, ''namespaceName' = root\cimv2,'className' = Win32_OperatingSystem'.
2026-04-06 04:46:01,552 14024 [INFO ] - VERBOSE: Operation 'Enumerate CimInstances' complete.
2026-04-06 04:46:01,556 14024 [INFO ] - VERBOSE: Operating system: Microsoft Windows 11 Home, version 10.0.26200, product type 'client'
2026-04-06 04:46:01,556 14024 [INFO ] - VERBOSE: Locating MSU rules for this operating system
2026-04-06 04:46:01,556 14024 [INFO ] - VERBOSE: No MSU rules defined for this operating system
2026-04-06 04:46:01,556 14024 [INFO ] - Skipping installation because update KB3033929 does not apply to this operating system (Microsoft Windows 11 Home).
2026-04-06 04:46:01,584 14024 [INFO ] -  The upgrade of KB3033929 was successful.
2026-04-06 04:46:01,584 14024 [INFO ] -   Software install location not explicitly set, it could be in package or
  default install location of installer.
2026-04-06 04:46:01,584 14024 [INFO ] - [NuGet]   GET https://community.chocolatey.org/api/v2/Packages(Id='vcredist140',Version='14.50.35719')
2026-04-06 04:46:01,853 14024 [INFO ] - [NuGet]   OK https://community.chocolatey.org/api/v2/Packages(Id='vcredist140',Version='14.50.35719') 259ms
2026-04-06 04:46:01,862 14024 [INFO ] - Downloading package from source 'https://community.chocolatey.org/api/v2/'
2026-04-06 04:46:01,862 14024 [INFO ] - [NuGet]   GET https://community.chocolatey.org/api/v2/package/vcredist140/14.50.35719
2026-04-06 04:46:02,170 14024 [INFO ] - [NuGet]   OK https://community.chocolatey.org/api/v2/package/vcredist140/14.50.35719 320ms
2026-04-06 04:46:02,170 14024 [INFO ] - [NuGet] Acquiring lock for the installation of vcredist140 14.50.35719
2026-04-06 04:46:02,186 14024 [INFO ] - [NuGet] Acquired lock for the installation of vcredist140 14.50.35719
2026-04-06 04:46:02,195 14024 [INFO ] - [NuGet] Installed vcredist140 14.50.35719 from https://community.chocolatey.org/api/v2/ with content hash TqvQeGetoF18WeNUPQDAKPQgQuZtZC7NnmilHeuLYhtJJbLBcw7gaQyWUKuwazFNzlWyY4p8hcUZC41OSguz3Q==.
2026-04-06 04:46:02,207 14024 [INFO ] - [NuGet] Adding package 'vcredist140.14.50.35719 : chocolatey-core.extension [1.3.3, ), kb2919355 [1.0.20160915, ), kb2999226 [1.0.20170509, ), kb3033929 [1.0.3, )' to folder 'C:\ProgramData\chocolatey\lib'
2026-04-06 04:46:02,296 14024 [INFO ] - [NuGet] Added package 'vcredist140.14.50.35719 : chocolatey-core.extension [1.3.3, ), kb2919355 [1.0.20160915, ), kb2999226 [1.0.20170509, ), kb3033929 [1.0.3, )' to folder 'C:\ProgramData\chocolatey\lib'
2026-04-06 04:46:02,296 14024 [INFO ] - 
vcredist140 v14.50.35719 [Approved]
2026-04-06 04:46:02,296 14024 [INFO ] - vcredist140 package files upgrade completed. Performing other installation steps.
2026-04-06 04:46:02,359 14024 [INFO ] - VERBOSE: Loading module from path 'C:\ProgramData\chocolatey\helpers\Chocolatey.PowerShell.dll'.
2026-04-06 04:46:02,359 14024 [INFO ] - VERBOSE: Importing cmdlet 'Get-EnvironmentVariable'.
2026-04-06 04:46:02,359 14024 [INFO ] - VERBOSE: Importing cmdlet 'Get-EnvironmentVariableNames'.
2026-04-06 04:46:02,359 14024 [INFO ] - VERBOSE: Importing cmdlet 'Install-ChocolateyPath'.
2026-04-06 04:46:02,359 14024 [INFO ] - VERBOSE: Importing cmdlet 'Set-EnvironmentVariable'.
2026-04-06 04:46:02,374 14024 [INFO ] - VERBOSE: Importing cmdlet 'Test-ProcessAdminRights'.
2026-04-06 04:46:02,374 14024 [INFO ] - VERBOSE: Importing cmdlet 'Uninstall-ChocolateyPath'.
2026-04-06 04:46:02,374 14024 [INFO ] - VERBOSE: Importing cmdlet 'Update-SessionEnvironment'.
2026-04-06 04:46:02,374 14024 [INFO ] - VERBOSE: Exporting function 'Format-FileSize'.
2026-04-06 04:46:02,374 14024 [INFO ] - VERBOSE: Exporting function 'Get-ChecksumValid'.
2026-04-06 04:46:02,374 14024 [INFO ] - VERBOSE: Exporting function 'Get-ChocolateyConfigValue'.
2026-04-06 04:46:02,374 14024 [INFO ] - VERBOSE: Exporting function 'Get-ChocolateyPath'.
2026-04-06 04:46:02,374 14024 [INFO ] - VERBOSE: Exporting function 'Get-ChocolateyUnzip'.
2026-04-06 04:46:02,374 14024 [INFO ] - VERBOSE: Exporting function 'Get-ChocolateyWebFile'.
2026-04-06 04:46:02,374 14024 [INFO ] - VERBOSE: Exporting function 'Get-FtpFile'.
2026-04-06 04:46:02,374 14024 [INFO ] - VERBOSE: Exporting function 'Get-OSArchitectureWidth'.
2026-04-06 04:46:02,374 14024 [INFO ] - VERBOSE: Exporting function 'Get-PackageParameters'.
2026-04-06 04:46:02,374 14024 [INFO ] - VERBOSE: Exporting function 'Get-PackageParametersBuiltIn'.
2026-04-06 04:46:02,374 14024 [INFO ] - VERBOSE: Exporting function 'Get-ToolsLocation'.
2026-04-06 04:46:02,374 14024 [INFO ] - VERBOSE: Exporting function 'Get-UACEnabled'.
2026-04-06 04:46:02,374 14024 [INFO ] - VERBOSE: Exporting function 'Get-UninstallRegistryKey'.
2026-04-06 04:46:02,374 14024 [INFO ] - VERBOSE: Exporting function 'Get-VirusCheckValid'.
2026-04-06 04:46:02,374 14024 [INFO ] - VERBOSE: Exporting function 'Get-WebFile'.
2026-04-06 04:46:02,374 14024 [INFO ] - VERBOSE: Exporting function 'Get-WebFileName'.
2026-04-06 04:46:02,374 14024 [INFO ] - VERBOSE: Exporting function 'Get-WebHeaders'.
2026-04-06 04:46:02,374 14024 [INFO ] - VERBOSE: Exporting function 'Install-BinFile'.
2026-04-06 04:46:02,374 14024 [INFO ] - VERBOSE: Exporting function 'Install-ChocolateyEnvironmentVariable'.
2026-04-06 04:46:02,374 14024 [INFO ] - VERBOSE: Exporting function 'Install-ChocolateyExplorerMenuItem'.
2026-04-06 04:46:02,374 14024 [INFO ] - VERBOSE: Exporting function 'Install-ChocolateyFileAssociation'.
2026-04-06 04:46:02,374 14024 [INFO ] - VERBOSE: Exporting function 'Install-ChocolateyInstallPackage'.
2026-04-06 04:46:02,374 14024 [INFO ] - VERBOSE: Exporting function 'Install-ChocolateyPackage'.
2026-04-06 04:46:02,374 14024 [INFO ] - VERBOSE: Exporting function 'Install-ChocolateyPinnedTaskBarItem'.
2026-04-06 04:46:02,374 14024 [INFO ] - VERBOSE: Exporting function 'Install-ChocolateyPowershellCommand'.
2026-04-06 04:46:02,374 14024 [INFO ] - VERBOSE: Exporting function 'Install-ChocolateyShortcut'.
2026-04-06 04:46:02,374 14024 [INFO ] - VERBOSE: Exporting function 'Install-ChocolateyVsixPackage'.
2026-04-06 04:46:02,374 14024 [INFO ] - VERBOSE: Exporting function 'Install-ChocolateyZipPackage'.
2026-04-06 04:46:02,374 14024 [INFO ] - VERBOSE: Exporting function 'Install-Vsix'.
2026-04-06 04:46:02,374 14024 [INFO ] - VERBOSE: Exporting function 'Set-PowerShellExitCode'.
2026-04-06 04:46:02,374 14024 [INFO ] - VERBOSE: Exporting function 'Start-ChocolateyProcessAsAdmin'.
2026-04-06 04:46:02,374 14024 [INFO ] - VERBOSE: Exporting function 'Uninstall-BinFile'.
2026-04-06 04:46:02,374 14024 [INFO ] - VERBOSE: Exporting function 'Uninstall-ChocolateyEnvironmentVariable'.
2026-04-06 04:46:02,374 14024 [INFO ] - VERBOSE: Exporting function 'Uninstall-ChocolateyPackage'.
2026-04-06 04:46:02,374 14024 [INFO ] - VERBOSE: Exporting function 'Uninstall-ChocolateyZipPackage'.
2026-04-06 04:46:02,374 14024 [INFO ] - VERBOSE: Exporting function 'Write-FunctionCallLogMessage'.
2026-04-06 04:46:02,374 14024 [INFO ] - VERBOSE: Exporting cmdlet 'Get-EnvironmentVariable'.
2026-04-06 04:46:02,374 14024 [INFO ] - VERBOSE: Exporting cmdlet 'Get-EnvironmentVariableNames'.
2026-04-06 04:46:02,374 14024 [INFO ] - VERBOSE: Exporting cmdlet 'Install-ChocolateyPath'.
2026-04-06 04:46:02,374 14024 [INFO ] - VERBOSE: Exporting cmdlet 'Set-EnvironmentVariable'.
2026-04-06 04:46:02,374 14024 [INFO ] - VERBOSE: Exporting cmdlet 'Test-ProcessAdminRights'.
2026-04-06 04:46:02,374 14024 [INFO ] - VERBOSE: Exporting cmdlet 'Uninstall-ChocolateyPath'.
2026-04-06 04:46:02,374 14024 [INFO ] - VERBOSE: Exporting cmdlet 'Update-SessionEnvironment'.
2026-04-06 04:46:02,374 14024 [INFO ] - VERBOSE: Exporting alias 'Get-ProcessorBits'.
2026-04-06 04:46:02,374 14024 [INFO ] - VERBOSE: Exporting alias 'Get-OSBitness'.
2026-04-06 04:46:02,374 14024 [INFO ] - VERBOSE: Exporting alias 'Get-InstallRegistryKey'.
2026-04-06 04:46:02,374 14024 [INFO ] - VERBOSE: Exporting alias 'Generate-BinFile'.
2026-04-06 04:46:02,374 14024 [INFO ] - VERBOSE: Exporting alias 'Add-BinFile'.
2026-04-06 04:46:02,374 14024 [INFO ] - VERBOSE: Exporting alias 'Start-ChocolateyProcess'.
2026-04-06 04:46:02,374 14024 [INFO ] - VERBOSE: Exporting alias 'Invoke-ChocolateyProcess'.
2026-04-06 04:46:02,374 14024 [INFO ] - VERBOSE: Exporting alias 'Remove-BinFile'.
2026-04-06 04:46:02,374 14024 [INFO ] - VERBOSE: Exporting alias 'refreshenv'.
2026-04-06 04:46:02,390 14024 [INFO ] - VERBOSE: Loading module from path 'C:\ProgramData\chocolatey\extensions\chocolatey-compatibility\chocolatey-compatibility.psm1'.
2026-04-06 04:46:02,397 14024 [INFO ] - VERBOSE: Exporting function 'Install-ChocolateyDesktopLink'.
2026-04-06 04:46:02,397 14024 [INFO ] - VERBOSE: Exporting function 'Write-ChocolateyFailure'.
2026-04-06 04:46:02,397 14024 [INFO ] - VERBOSE: Exporting function 'Write-ChocolateySuccess'.
2026-04-06 04:46:02,397 14024 [INFO ] - VERBOSE: Exporting function 'Write-FileUpdateLog'.
2026-04-06 04:46:02,397 14024 [INFO ] - VERBOSE: Importing function 'Install-ChocolateyDesktopLink'.
2026-04-06 04:46:02,397 14024 [INFO ] - VERBOSE: Importing function 'Write-ChocolateyFailure'.
2026-04-06 04:46:02,406 14024 [INFO ] - VERBOSE: Importing function 'Write-ChocolateySuccess'.
2026-04-06 04:46:02,406 14024 [INFO ] - VERBOSE: Importing function 'Write-FileUpdateLog'.
2026-04-06 04:46:02,406 14024 [INFO ] - VERBOSE: Loading module from path 'C:\ProgramData\chocolatey\extensions\chocolatey-core\chocolatey-core.psm1'.
2026-04-06 04:46:02,426 14024 [INFO ] - VERBOSE: Exporting function 'Get-AppInstallLocation'.
2026-04-06 04:46:02,426 14024 [INFO ] - VERBOSE: Exporting function 'Get-AvailableDriveLetter'.
2026-04-06 04:46:02,428 14024 [INFO ] - VERBOSE: Exporting function 'Get-EffectiveProxy'.
2026-04-06 04:46:02,428 14024 [INFO ] - VERBOSE: Exporting function 'Get-PackageCacheLocation'.
2026-04-06 04:46:02,428 14024 [INFO ] - VERBOSE: Exporting function 'Get-WebContent'.
2026-04-06 04:46:02,428 14024 [INFO ] - VERBOSE: Exporting function 'Register-Application'.
2026-04-06 04:46:02,428 14024 [INFO ] - VERBOSE: Exporting function 'Remove-Process'.
2026-04-06 04:46:02,428 14024 [INFO ] - VERBOSE: Importing function 'Get-AppInstallLocation'.
2026-04-06 04:46:02,430 14024 [INFO ] - VERBOSE: Importing function 'Get-AvailableDriveLetter'.
2026-04-06 04:46:02,430 14024 [INFO ] - VERBOSE: Importing function 'Get-EffectiveProxy'.
2026-04-06 04:46:02,430 14024 [INFO ] - VERBOSE: Importing function 'Get-PackageCacheLocation'.
2026-04-06 04:46:02,430 14024 [INFO ] - VERBOSE: Importing function 'Get-WebContent'.
2026-04-06 04:46:02,430 14024 [INFO ] - VERBOSE: Importing function 'Register-Application'.
2026-04-06 04:46:02,430 14024 [INFO ] - VERBOSE: Importing function 'Remove-Process'.
2026-04-06 04:46:02,432 14024 [INFO ] - VERBOSE: Loading module from path 'C:\ProgramData\chocolatey\extensions\chocolatey-windowsupdate\chocolatey-windowsupdate.psm1'.
2026-04-06 04:46:02,432 14024 [INFO ] - VERBOSE: Exporting function 'Install-WindowsUpdate'.
2026-04-06 04:46:02,438 14024 [INFO ] - VERBOSE: Exporting function 'Test-WindowsUpdate'.
2026-04-06 04:46:02,438 14024 [INFO ] - VERBOSE: Importing function 'Install-WindowsUpdate'.
2026-04-06 04:46:02,438 14024 [INFO ] - VERBOSE: Importing function 'Test-WindowsUpdate'.
2026-04-06 04:46:02,440 14024 [INFO ] - VERBOSE: Exporting function 'Format-FileSize'.
2026-04-06 04:46:02,440 14024 [INFO ] - VERBOSE: Exporting function 'Get-ChecksumValid'.
2026-04-06 04:46:02,440 14024 [INFO ] - VERBOSE: Exporting function 'Get-ChocolateyConfigValue'.
2026-04-06 04:46:02,440 14024 [INFO ] - VERBOSE: Exporting function 'Get-ChocolateyPath'.
2026-04-06 04:46:02,440 14024 [INFO ] - VERBOSE: Exporting function 'Get-ChocolateyUnzip'.
2026-04-06 04:46:02,440 14024 [INFO ] - VERBOSE: Exporting function 'Get-ChocolateyWebFile'.
2026-04-06 04:46:02,440 14024 [INFO ] - VERBOSE: Exporting function 'Get-FtpFile'.
2026-04-06 04:46:02,440 14024 [INFO ] - VERBOSE: Exporting function 'Get-OSArchitectureWidth'.
2026-04-06 04:46:02,440 14024 [INFO ] - VERBOSE: Exporting function 'Get-PackageParameters'.
2026-04-06 04:46:02,442 14024 [INFO ] - VERBOSE: Exporting function 'Get-PackageParametersBuiltIn'.
2026-04-06 04:46:02,442 14024 [INFO ] - VERBOSE: Exporting function 'Get-ToolsLocation'.
2026-04-06 04:46:02,442 14024 [INFO ] - VERBOSE: Exporting function 'Get-UACEnabled'.
2026-04-06 04:46:02,442 14024 [INFO ] - VERBOSE: Exporting function 'Get-UninstallRegistryKey'.
2026-04-06 04:46:02,442 14024 [INFO ] - VERBOSE: Exporting function 'Get-VirusCheckValid'.
2026-04-06 04:46:02,442 14024 [INFO ] - VERBOSE: Exporting function 'Get-WebFile'.
2026-04-06 04:46:02,442 14024 [INFO ] - VERBOSE: Exporting function 'Get-WebFileName'.
2026-04-06 04:46:02,442 14024 [INFO ] - VERBOSE: Exporting function 'Get-WebHeaders'.
2026-04-06 04:46:02,442 14024 [INFO ] - VERBOSE: Exporting function 'Install-BinFile'.
2026-04-06 04:46:02,444 14024 [INFO ] - VERBOSE: Exporting function 'Install-ChocolateyEnvironmentVariable'.
2026-04-06 04:46:02,444 14024 [INFO ] - VERBOSE: Exporting function 'Install-ChocolateyExplorerMenuItem'.
2026-04-06 04:46:02,444 14024 [INFO ] - VERBOSE: Exporting function 'Install-ChocolateyFileAssociation'.
2026-04-06 04:46:02,444 14024 [INFO ] - VERBOSE: Exporting function 'Install-ChocolateyInstallPackage'.
2026-04-06 04:46:02,444 14024 [INFO ] - VERBOSE: Exporting function 'Install-ChocolateyPackage'.
2026-04-06 04:46:02,444 14024 [INFO ] - VERBOSE: Exporting function 'Install-ChocolateyPinnedTaskBarItem'.
2026-04-06 04:46:02,444 14024 [INFO ] - VERBOSE: Exporting function 'Install-ChocolateyPowershellCommand'.
2026-04-06 04:46:02,444 14024 [INFO ] - VERBOSE: Exporting function 'Install-ChocolateyShortcut'.
2026-04-06 04:46:02,444 14024 [INFO ] - VERBOSE: Exporting function 'Install-ChocolateyVsixPackage'.
2026-04-06 04:46:02,446 14024 [INFO ] - VERBOSE: Exporting function 'Install-ChocolateyZipPackage'.
2026-04-06 04:46:02,446 14024 [INFO ] - VERBOSE: Exporting function 'Install-Vsix'.
2026-04-06 04:46:02,446 14024 [INFO ] - VERBOSE: Exporting function 'Set-PowerShellExitCode'.
2026-04-06 04:46:02,446 14024 [INFO ] - VERBOSE: Exporting function 'Start-ChocolateyProcessAsAdmin'.
2026-04-06 04:46:02,446 14024 [INFO ] - VERBOSE: Exporting function 'Uninstall-BinFile'.
2026-04-06 04:46:02,446 14024 [INFO ] - VERBOSE: Exporting function 'Uninstall-ChocolateyEnvironmentVariable'.
2026-04-06 04:46:02,446 14024 [INFO ] - VERBOSE: Exporting function 'Uninstall-ChocolateyPackage'.
2026-04-06 04:46:02,446 14024 [INFO ] - VERBOSE: Exporting function 'Uninstall-ChocolateyZipPackage'.
2026-04-06 04:46:02,446 14024 [INFO ] - VERBOSE: Exporting function 'Write-FunctionCallLogMessage'.
2026-04-06 04:46:02,446 14024 [INFO ] - VERBOSE: Exporting function 'Install-ChocolateyDesktopLink'.
2026-04-06 04:46:02,448 14024 [INFO ] - VERBOSE: Exporting function 'Write-ChocolateyFailure'.
2026-04-06 04:46:02,448 14024 [INFO ] - VERBOSE: Exporting function 'Write-ChocolateySuccess'.
2026-04-06 04:46:02,448 14024 [INFO ] - VERBOSE: Exporting function 'Write-FileUpdateLog'.
2026-04-06 04:46:02,448 14024 [INFO ] - VERBOSE: Exporting function 'Get-AppInstallLocation'.
2026-04-06 04:46:02,448 14024 [INFO ] - VERBOSE: Exporting function 'Get-AvailableDriveLetter'.
2026-04-06 04:46:02,448 14024 [INFO ] - VERBOSE: Exporting function 'Get-EffectiveProxy'.
2026-04-06 04:46:02,448 14024 [INFO ] - VERBOSE: Exporting function 'Get-PackageCacheLocation'.
2026-04-06 04:46:02,448 14024 [INFO ] - VERBOSE: Exporting function 'Get-WebContent'.
2026-04-06 04:46:02,448 14024 [INFO ] - VERBOSE: Exporting function 'Register-Application'.
2026-04-06 04:46:02,450 14024 [INFO ] - VERBOSE: Exporting function 'Remove-Process'.
2026-04-06 04:46:02,450 14024 [INFO ] - VERBOSE: Exporting function 'Install-WindowsUpdate'.
2026-04-06 04:46:02,450 14024 [INFO ] - VERBOSE: Exporting function 'Test-WindowsUpdate'.
2026-04-06 04:46:02,450 14024 [INFO ] - VERBOSE: Exporting cmdlet 'Get-EnvironmentVariable'.
2026-04-06 04:46:02,450 14024 [INFO ] - VERBOSE: Exporting cmdlet 'Get-EnvironmentVariableNames'.
2026-04-06 04:46:02,450 14024 [INFO ] - VERBOSE: Exporting cmdlet 'Install-ChocolateyPath'.
2026-04-06 04:46:02,450 14024 [INFO ] - VERBOSE: Exporting cmdlet 'Set-EnvironmentVariable'.
2026-04-06 04:46:02,450 14024 [INFO ] - VERBOSE: Exporting cmdlet 'Test-ProcessAdminRights'.
2026-04-06 04:46:02,450 14024 [INFO ] - VERBOSE: Exporting cmdlet 'Uninstall-ChocolateyPath'.
2026-04-06 04:46:02,450 14024 [INFO ] - VERBOSE: Exporting cmdlet 'Update-SessionEnvironment'.
2026-04-06 04:46:02,452 14024 [INFO ] - VERBOSE: Exporting cmdlet 'Get-EnvironmentVariable'.
2026-04-06 04:46:02,452 14024 [INFO ] - VERBOSE: Exporting cmdlet 'Get-EnvironmentVariableNames'.
2026-04-06 04:46:02,452 14024 [INFO ] - VERBOSE: Exporting cmdlet 'Install-ChocolateyPath'.
2026-04-06 04:46:02,452 14024 [INFO ] - VERBOSE: Exporting cmdlet 'Set-EnvironmentVariable'.
2026-04-06 04:46:02,452 14024 [INFO ] - VERBOSE: Exporting cmdlet 'Test-ProcessAdminRights'.
2026-04-06 04:46:02,452 14024 [INFO ] - VERBOSE: Exporting cmdlet 'Uninstall-ChocolateyPath'.
2026-04-06 04:46:02,452 14024 [INFO ] - VERBOSE: Exporting cmdlet 'Update-SessionEnvironment'.
2026-04-06 04:46:02,452 14024 [INFO ] - VERBOSE: Exporting alias 'Get-ProcessorBits'.
2026-04-06 04:46:02,453 14024 [INFO ] - VERBOSE: Exporting alias 'Get-OSBitness'.
2026-04-06 04:46:02,453 14024 [INFO ] - VERBOSE: Exporting alias 'Get-InstallRegistryKey'.
2026-04-06 04:46:02,453 14024 [INFO ] - VERBOSE: Exporting alias 'Generate-BinFile'.
2026-04-06 04:46:02,453 14024 [INFO ] - VERBOSE: Exporting alias 'Add-BinFile'.
2026-04-06 04:46:02,453 14024 [INFO ] - VERBOSE: Exporting alias 'Start-ChocolateyProcess'.
2026-04-06 04:46:02,453 14024 [INFO ] - VERBOSE: Exporting alias 'Invoke-ChocolateyProcess'.
2026-04-06 04:46:02,453 14024 [INFO ] - VERBOSE: Exporting alias 'Remove-BinFile'.
2026-04-06 04:46:02,453 14024 [INFO ] - VERBOSE: Exporting alias 'refreshenv'.
2026-04-06 04:46:02,455 14024 [INFO ] - VERBOSE: Importing cmdlet 'Get-EnvironmentVariable'.
2026-04-06 04:46:02,455 14024 [INFO ] - VERBOSE: Importing cmdlet 'Get-EnvironmentVariableNames'.
2026-04-06 04:46:02,455 14024 [INFO ] - VERBOSE: Importing cmdlet 'Install-ChocolateyPath'.
2026-04-06 04:46:02,455 14024 [INFO ] - VERBOSE: Importing cmdlet 'Set-EnvironmentVariable'.
2026-04-06 04:46:02,455 14024 [INFO ] - VERBOSE: Importing cmdlet 'Test-ProcessAdminRights'.
2026-04-06 04:46:02,455 14024 [INFO ] - VERBOSE: Importing cmdlet 'Uninstall-ChocolateyPath'.
2026-04-06 04:46:02,455 14024 [INFO ] - VERBOSE: Importing cmdlet 'Update-SessionEnvironment'.
2026-04-06 04:46:02,455 14024 [INFO ] - VERBOSE: Importing function 'Format-FileSize'.
2026-04-06 04:46:02,455 14024 [INFO ] - VERBOSE: Importing function 'Get-AppInstallLocation'.
2026-04-06 04:46:02,457 14024 [INFO ] - VERBOSE: Importing function 'Get-AvailableDriveLetter'.
2026-04-06 04:46:02,457 14024 [INFO ] - VERBOSE: Importing function 'Get-ChecksumValid'.
2026-04-06 04:46:02,457 14024 [INFO ] - VERBOSE: Importing function 'Get-ChocolateyConfigValue'.
2026-04-06 04:46:02,457 14024 [INFO ] - VERBOSE: Importing function 'Get-ChocolateyPath'.
2026-04-06 04:46:02,457 14024 [INFO ] - VERBOSE: Importing function 'Get-ChocolateyUnzip'.
2026-04-06 04:46:02,457 14024 [INFO ] - VERBOSE: Importing function 'Get-ChocolateyWebFile'.
2026-04-06 04:46:02,457 14024 [INFO ] - VERBOSE: Importing function 'Get-EffectiveProxy'.
2026-04-06 04:46:02,457 14024 [INFO ] - VERBOSE: Importing function 'Get-FtpFile'.
2026-04-06 04:46:02,459 14024 [INFO ] - VERBOSE: Importing function 'Get-OSArchitectureWidth'.
2026-04-06 04:46:02,459 14024 [INFO ] - VERBOSE: Importing function 'Get-PackageCacheLocation'.
2026-04-06 04:46:02,459 14024 [INFO ] - VERBOSE: Importing function 'Get-PackageParameters'.
2026-04-06 04:46:02,459 14024 [INFO ] - VERBOSE: Importing function 'Get-PackageParametersBuiltIn'.
2026-04-06 04:46:02,459 14024 [INFO ] - VERBOSE: Importing function 'Get-ToolsLocation'.
2026-04-06 04:46:02,459 14024 [INFO ] - VERBOSE: Importing function 'Get-UACEnabled'.
2026-04-06 04:46:02,459 14024 [INFO ] - VERBOSE: Importing function 'Get-UninstallRegistryKey'.
2026-04-06 04:46:02,459 14024 [INFO ] - VERBOSE: Importing function 'Get-VirusCheckValid'.
2026-04-06 04:46:02,461 14024 [INFO ] - VERBOSE: Importing function 'Get-WebContent'.
2026-04-06 04:46:02,461 14024 [INFO ] - VERBOSE: Importing function 'Get-WebFile'.
2026-04-06 04:46:02,461 14024 [INFO ] - VERBOSE: Importing function 'Get-WebFileName'.
2026-04-06 04:46:02,461 14024 [INFO ] - VERBOSE: Importing function 'Get-WebHeaders'.
2026-04-06 04:46:02,461 14024 [INFO ] - VERBOSE: Importing function 'Install-BinFile'.
2026-04-06 04:46:02,461 14024 [INFO ] - VERBOSE: Importing function 'Install-ChocolateyDesktopLink'.
2026-04-06 04:46:02,461 14024 [INFO ] - VERBOSE: Importing function 'Install-ChocolateyEnvironmentVariable'.
2026-04-06 04:46:02,461 14024 [INFO ] - VERBOSE: Importing function 'Install-ChocolateyExplorerMenuItem'.
2026-04-06 04:46:02,461 14024 [INFO ] - VERBOSE: Importing function 'Install-ChocolateyFileAssociation'.
2026-04-06 04:46:02,463 14024 [INFO ] - VERBOSE: Importing function 'Install-ChocolateyInstallPackage'.
2026-04-06 04:46:02,463 14024 [INFO ] - VERBOSE: Importing function 'Install-ChocolateyPackage'.
2026-04-06 04:46:02,463 14024 [INFO ] - VERBOSE: Importing function 'Install-ChocolateyPinnedTaskBarItem'.
2026-04-06 04:46:02,463 14024 [INFO ] - VERBOSE: Importing function 'Install-ChocolateyPowershellCommand'.
2026-04-06 04:46:02,463 14024 [INFO ] - VERBOSE: Importing function 'Install-ChocolateyShortcut'.
2026-04-06 04:46:02,463 14024 [INFO ] - VERBOSE: Importing function 'Install-ChocolateyVsixPackage'.
2026-04-06 04:46:02,463 14024 [INFO ] - VERBOSE: Importing function 'Install-ChocolateyZipPackage'.
2026-04-06 04:46:02,463 14024 [INFO ] - VERBOSE: Importing function 'Install-Vsix'.
2026-04-06 04:46:02,463 14024 [INFO ] - VERBOSE: Importing function 'Install-WindowsUpdate'.
2026-04-06 04:46:02,465 14024 [INFO ] - VERBOSE: Importing function 'Register-Application'.
2026-04-06 04:46:02,465 14024 [INFO ] - VERBOSE: Importing function 'Remove-Process'.
2026-04-06 04:46:02,465 14024 [INFO ] - VERBOSE: Importing function 'Set-PowerShellExitCode'.
2026-04-06 04:46:02,465 14024 [INFO ] - VERBOSE: Importing function 'Start-ChocolateyProcessAsAdmin'.
2026-04-06 04:46:02,465 14024 [INFO ] - VERBOSE: Importing function 'Test-WindowsUpdate'.
2026-04-06 04:46:02,465 14024 [INFO ] - VERBOSE: Importing function 'Uninstall-BinFile'.
2026-04-06 04:46:02,465 14024 [INFO ] - VERBOSE: Importing function 'Uninstall-ChocolateyEnvironmentVariable'.
2026-04-06 04:46:02,465 14024 [INFO ] - VERBOSE: Importing function 'Uninstall-ChocolateyPackage'.
2026-04-06 04:46:02,465 14024 [INFO ] - VERBOSE: Importing function 'Uninstall-ChocolateyZipPackage'.
2026-04-06 04:46:02,467 14024 [INFO ] - VERBOSE: Importing function 'Write-ChocolateyFailure'.
2026-04-06 04:46:02,467 14024 [INFO ] - VERBOSE: Importing function 'Write-ChocolateySuccess'.
2026-04-06 04:46:02,467 14024 [INFO ] - VERBOSE: Importing function 'Write-FileUpdateLog'.
2026-04-06 04:46:02,467 14024 [INFO ] - VERBOSE: Importing function 'Write-FunctionCallLogMessage'.
2026-04-06 04:46:02,469 14024 [INFO ] - VERBOSE: Importing alias 'Add-BinFile'.
2026-04-06 04:46:02,469 14024 [INFO ] - VERBOSE: Importing alias 'Generate-BinFile'.
2026-04-06 04:46:02,469 14024 [INFO ] - VERBOSE: Importing alias 'Get-InstallRegistryKey'.
2026-04-06 04:46:02,469 14024 [INFO ] - VERBOSE: Importing alias 'Get-OSBitness'.
2026-04-06 04:46:02,469 14024 [INFO ] - VERBOSE: Importing alias 'Get-ProcessorBits'.
2026-04-06 04:46:02,469 14024 [INFO ] - VERBOSE: Importing alias 'Invoke-ChocolateyProcess'.
2026-04-06 04:46:02,471 14024 [INFO ] - VERBOSE: Importing alias 'refreshenv'.
2026-04-06 04:46:02,471 14024 [INFO ] - VERBOSE: Importing alias 'Remove-BinFile'.
2026-04-06 04:46:02,471 14024 [INFO ] - VERBOSE: Importing alias 'Start-ChocolateyProcess'.
2026-04-06 04:46:02,532 14024 [INFO ] - VERBOSE: Analyzing servicing information in the registry
2026-04-06 04:46:02,548 14024 [INFO ] - VERBOSE: Version of installed runtime for architecture x86 in the registry: 14.38.33135
2026-04-06 04:46:02,548 14024 [INFO ] - VERBOSE: Version of installed runtime for architecture x64 in the registry: 14.38.33135
2026-04-06 04:46:02,548 14024 [INFO ] - VERBOSE: Version number of runtime installed by this package: 14.50.35719
2026-04-06 04:46:02,548 14024 [INFO ] - VERBOSE: Runtime for architecture x86 applicable: True; version in registry: [14.38.33135]; should install: True
2026-04-06 04:46:02,548 14024 [INFO ] - VERBOSE: Installing runtime for architecture x86
2026-04-06 04:46:03,744 14024 [INFO ] - Downloading vcredist140-x86 
  from 'https://download.visualstudio.microsoft.com/download/pr/6f02464a-5e9b-486d-a506-c99a17db9a83/E7267C1BDF9237C0B4A28CF027C382B97AA909934F84F1C92D3FB9F04173B33E/VC_redist.x86.exe'
2026-04-06 04:46:14,397 14024 [INFO ] - 
2026-04-06 04:46:14,397 14024 [INFO ] - Download of VC_redist.x86.exe (6.56 MB) completed.
2026-04-06 04:46:17,671 14024 [INFO ] - Installing vcredist140-x86...
2026-04-06 04:46:24,684 14024 [INFO ] - vcredist140-x86 has been installed.
2026-04-06 04:46:24,684 14024 [INFO ] - VERBOSE: Runtime for architecture x64 applicable: True; version in registry: [14.38.33135]; should install: True
2026-04-06 04:46:24,684 14024 [INFO ] - VERBOSE: Installing runtime for architecture x64
2026-04-06 04:46:25,867 14024 [INFO ] - Downloading vcredist140-x64 64 bit
  from 'https://download.visualstudio.microsoft.com/download/pr/6f02464a-5e9b-486d-a506-c99a17db9a83/8995548DFFFCDE7C49987029C764355612BA6850EE09A7B6F0FDDC85BDC5C280/VC_redist.x64.exe'
2026-04-06 04:46:36,351 14024 [INFO ] - 
2026-04-06 04:46:36,351 14024 [INFO ] - Download of VC_redist.x64.exe (17.7 MB) completed.
2026-04-06 04:46:39,426 14024 [INFO ] - Installing vcredist140-x64...
2026-04-06 04:46:46,626 14024 [INFO ] - vcredist140-x64 has been installed.
2026-04-06 04:46:46,657 14024 [INFO ] -   vcredist140 may be able to be automatically uninstalled.
2026-04-06 04:46:46,689 14024 [INFO ] -  The upgrade of vcredist140 was successful.
2026-04-06 04:46:46,689 14024 [INFO ] -   Software installed as 'exe', install location is likely default.
2026-04-06 04:46:46,689 14024 [INFO ] - [NuGet]   GET https://community.chocolatey.org/api/v2/Packages(Id='vcredist2015',Version='14.0.24215.20170201')
2026-04-06 04:46:47,403 14024 [INFO ] - [NuGet]   OK https://community.chocolatey.org/api/v2/Packages(Id='vcredist2015',Version='14.0.24215.20170201') 700ms
2026-04-06 04:46:47,407 14024 [INFO ] - Downloading package from source 'https://community.chocolatey.org/api/v2/'
2026-04-06 04:46:47,409 14024 [INFO ] - [NuGet]   GET https://community.chocolatey.org/api/v2/package/vcredist2015/14.0.24215.20170201
2026-04-06 04:46:48,085 14024 [INFO ] - [NuGet]   OK https://community.chocolatey.org/api/v2/package/vcredist2015/14.0.24215.20170201 680ms
2026-04-06 04:46:48,085 14024 [INFO ] - [NuGet] Acquiring lock for the installation of vcredist2015 14.0.24215.20170201
2026-04-06 04:46:48,085 14024 [INFO ] - [NuGet] Acquired lock for the installation of vcredist2015 14.0.24215.20170201
2026-04-06 04:46:48,096 14024 [INFO ] - [NuGet] Installed vcredist2015 14.0.24215.20170201 from https://community.chocolatey.org/api/v2/ with content hash rEySFexkP2FDdfkT/ueyELfyGRBIqShMZjZteOW991sUQ6M/US8qD6fI/l3Fh3o4CXfS7/NXJPeU7qdsgsZe0A==.
2026-04-06 04:46:48,117 14024 [INFO ] - [NuGet] Adding package 'vcredist2015.14.0.24215.20170201 : vcredist140 [14.0.24215.1, )' to folder 'C:\ProgramData\chocolatey\lib'
2026-04-06 04:46:48,117 14024 [INFO ] - [NuGet] Added package 'vcredist2015.14.0.24215.20170201 : vcredist140 [14.0.24215.1, )' to folder 'C:\ProgramData\chocolatey\lib'
2026-04-06 04:46:48,117 14024 [INFO ] - 
vcredist2015 v14.0.24215.20170201 [Approved]
2026-04-06 04:46:48,117 14024 [INFO ] - vcredist2015 package files upgrade completed. Performing other installation steps.
2026-04-06 04:46:48,133 14024 [INFO ] -  The upgrade of vcredist2015 was successful.
2026-04-06 04:46:48,133 14024 [INFO ] -   Deployed to 'C:\ProgramData\chocolatey\lib\vcredist2015'
2026-04-06 04:46:48,133 14024 [INFO ] - [NuGet]   CACHE https://community.chocolatey.org/api/v2/Packages(Id='python314',Version='3.14.3')
2026-04-06 04:46:48,149 14024 [INFO ] - Downloading package from source 'https://community.chocolatey.org/api/v2/'
2026-04-06 04:46:48,149 14024 [INFO ] - [NuGet]   GET https://community.chocolatey.org/api/v2/package/python314/3.14.3
2026-04-06 04:46:48,807 14024 [INFO ] - [NuGet]   OK https://community.chocolatey.org/api/v2/package/python314/3.14.3 656ms
2026-04-06 04:46:48,808 14024 [INFO ] - [NuGet] Acquiring lock for the installation of python314 3.14.3
2026-04-06 04:46:48,808 14024 [INFO ] - [NuGet] Acquired lock for the installation of python314 3.14.3
2026-04-06 04:47:12,987 14024 [INFO ] - [NuGet] Installed python314 3.14.3 from https://community.chocolatey.org/api/v2/ with content hash L4lBBgJ/1HGWEaCvna+oxOBtbT36G6lPwjMw/Kt5TLpvL21fEZC0nI1UD7FzgR0lkh8IOP/HwDYncCkGCnpOeA==.
2026-04-06 04:47:13,005 14024 [INFO ] - [NuGet] Adding package 'python314.3.14.3 : vcredist2015 [14.0.24215.20170201, )' to folder 'C:\ProgramData\chocolatey\lib'
2026-04-06 04:47:13,148 14024 [INFO ] - [NuGet] Added package 'python314.3.14.3 : vcredist2015 [14.0.24215.20170201, )' to folder 'C:\ProgramData\chocolatey\lib'
2026-04-06 04:47:13,156 14024 [INFO ] - 
python314 v3.14.3 [Approved]
2026-04-06 04:47:13,158 14024 [INFO ] - python314 package files upgrade completed. Performing other installation steps.
2026-04-06 04:47:13,237 14024 [INFO ] - VERBOSE: Loading module from path 'C:\ProgramData\chocolatey\helpers\Chocolatey.PowerShell.dll'.
2026-04-06 04:47:13,238 14024 [INFO ] - VERBOSE: Importing cmdlet 'Get-EnvironmentVariable'.
2026-04-06 04:47:13,238 14024 [INFO ] - VERBOSE: Importing cmdlet 'Get-EnvironmentVariableNames'.
2026-04-06 04:47:13,238 14024 [INFO ] - VERBOSE: Importing cmdlet 'Install-ChocolateyPath'.
2026-04-06 04:47:13,239 14024 [INFO ] - VERBOSE: Importing cmdlet 'Set-EnvironmentVariable'.
2026-04-06 04:47:13,239 14024 [INFO ] - VERBOSE: Importing cmdlet 'Test-ProcessAdminRights'.
2026-04-06 04:47:13,239 14024 [INFO ] - VERBOSE: Importing cmdlet 'Uninstall-ChocolateyPath'.
2026-04-06 04:47:13,240 14024 [INFO ] - VERBOSE: Importing cmdlet 'Update-SessionEnvironment'.
2026-04-06 04:47:13,243 14024 [INFO ] - VERBOSE: Exporting function 'Format-FileSize'.
2026-04-06 04:47:13,243 14024 [INFO ] - VERBOSE: Exporting function 'Get-ChecksumValid'.
2026-04-06 04:47:13,243 14024 [INFO ] - VERBOSE: Exporting function 'Get-ChocolateyConfigValue'.
2026-04-06 04:47:13,244 14024 [INFO ] - VERBOSE: Exporting function 'Get-ChocolateyPath'.
2026-04-06 04:47:13,244 14024 [INFO ] - VERBOSE: Exporting function 'Get-ChocolateyUnzip'.
2026-04-06 04:47:13,244 14024 [INFO ] - VERBOSE: Exporting function 'Get-ChocolateyWebFile'.
2026-04-06 04:47:13,245 14024 [INFO ] - VERBOSE: Exporting function 'Get-FtpFile'.
2026-04-06 04:47:13,245 14024 [INFO ] - VERBOSE: Exporting function 'Get-OSArchitectureWidth'.
2026-04-06 04:47:13,245 14024 [INFO ] - VERBOSE: Exporting function 'Get-PackageParameters'.
2026-04-06 04:47:13,245 14024 [INFO ] - VERBOSE: Exporting function 'Get-PackageParametersBuiltIn'.
2026-04-06 04:47:13,246 14024 [INFO ] - VERBOSE: Exporting function 'Get-ToolsLocation'.
2026-04-06 04:47:13,246 14024 [INFO ] - VERBOSE: Exporting function 'Get-UACEnabled'.
2026-04-06 04:47:13,246 14024 [INFO ] - VERBOSE: Exporting function 'Get-UninstallRegistryKey'.
2026-04-06 04:47:13,247 14024 [INFO ] - VERBOSE: Exporting function 'Get-VirusCheckValid'.
2026-04-06 04:47:13,247 14024 [INFO ] - VERBOSE: Exporting function 'Get-WebFile'.
2026-04-06 04:47:13,247 14024 [INFO ] - VERBOSE: Exporting function 'Get-WebFileName'.
2026-04-06 04:47:13,247 14024 [INFO ] - VERBOSE: Exporting function 'Get-WebHeaders'.
2026-04-06 04:47:13,248 14024 [INFO ] - VERBOSE: Exporting function 'Install-BinFile'.
2026-04-06 04:47:13,248 14024 [INFO ] - VERBOSE: Exporting function 'Install-ChocolateyEnvironmentVariable'.
2026-04-06 04:47:13,248 14024 [INFO ] - VERBOSE: Exporting function 'Install-ChocolateyExplorerMenuItem'.
2026-04-06 04:47:13,249 14024 [INFO ] - VERBOSE: Exporting function 'Install-ChocolateyFileAssociation'.
2026-04-06 04:47:13,249 14024 [INFO ] - VERBOSE: Exporting function 'Install-ChocolateyInstallPackage'.
2026-04-06 04:47:13,249 14024 [INFO ] - VERBOSE: Exporting function 'Install-ChocolateyPackage'.
2026-04-06 04:47:13,249 14024 [INFO ] - VERBOSE: Exporting function 'Install-ChocolateyPinnedTaskBarItem'.
2026-04-06 04:47:13,250 14024 [INFO ] - VERBOSE: Exporting function 'Install-ChocolateyPowershellCommand'.
2026-04-06 04:47:13,250 14024 [INFO ] - VERBOSE: Exporting function 'Install-ChocolateyShortcut'.
2026-04-06 04:47:13,250 14024 [INFO ] - VERBOSE: Exporting function 'Install-ChocolateyVsixPackage'.
2026-04-06 04:47:13,251 14024 [INFO ] - VERBOSE: Exporting function 'Install-ChocolateyZipPackage'.
2026-04-06 04:47:13,251 14024 [INFO ] - VERBOSE: Exporting function 'Install-Vsix'.
2026-04-06 04:47:13,251 14024 [INFO ] - VERBOSE: Exporting function 'Set-PowerShellExitCode'.
2026-04-06 04:47:13,251 14024 [INFO ] - VERBOSE: Exporting function 'Start-ChocolateyProcessAsAdmin'.
2026-04-06 04:47:13,252 14024 [INFO ] - VERBOSE: Exporting function 'Uninstall-BinFile'.
2026-04-06 04:47:13,252 14024 [INFO ] - VERBOSE: Exporting function 'Uninstall-ChocolateyEnvironmentVariable'.
2026-04-06 04:47:13,252 14024 [INFO ] - VERBOSE: Exporting function 'Uninstall-ChocolateyPackage'.
2026-04-06 04:47:13,252 14024 [INFO ] - VERBOSE: Exporting function 'Uninstall-ChocolateyZipPackage'.
2026-04-06 04:47:13,253 14024 [INFO ] - VERBOSE: Exporting function 'Write-FunctionCallLogMessage'.
2026-04-06 04:47:13,253 14024 [INFO ] - VERBOSE: Exporting cmdlet 'Get-EnvironmentVariable'.
2026-04-06 04:47:13,253 14024 [INFO ] - VERBOSE: Exporting cmdlet 'Get-EnvironmentVariableNames'.
2026-04-06 04:47:13,254 14024 [INFO ] - VERBOSE: Exporting cmdlet 'Install-ChocolateyPath'.
2026-04-06 04:47:13,254 14024 [INFO ] - VERBOSE: Exporting cmdlet 'Set-EnvironmentVariable'.
2026-04-06 04:47:13,254 14024 [INFO ] - VERBOSE: Exporting cmdlet 'Test-ProcessAdminRights'.
2026-04-06 04:47:13,254 14024 [INFO ] - VERBOSE: Exporting cmdlet 'Uninstall-ChocolateyPath'.
2026-04-06 04:47:13,255 14024 [INFO ] - VERBOSE: Exporting cmdlet 'Update-SessionEnvironment'.
2026-04-06 04:47:13,255 14024 [INFO ] - VERBOSE: Exporting alias 'Get-ProcessorBits'.
2026-04-06 04:47:13,255 14024 [INFO ] - VERBOSE: Exporting alias 'Get-OSBitness'.
2026-04-06 04:47:13,256 14024 [INFO ] - VERBOSE: Exporting alias 'Get-InstallRegistryKey'.
2026-04-06 04:47:13,256 14024 [INFO ] - VERBOSE: Exporting alias 'Generate-BinFile'.
2026-04-06 04:47:13,257 14024 [INFO ] - VERBOSE: Exporting alias 'Add-BinFile'.
2026-04-06 04:47:13,257 14024 [INFO ] - VERBOSE: Exporting alias 'Start-ChocolateyProcess'.
2026-04-06 04:47:13,257 14024 [INFO ] - VERBOSE: Exporting alias 'Invoke-ChocolateyProcess'.
2026-04-06 04:47:13,257 14024 [INFO ] - VERBOSE: Exporting alias 'Remove-BinFile'.
2026-04-06 04:47:13,257 14024 [INFO ] - VERBOSE: Exporting alias 'refreshenv'.
2026-04-06 04:47:13,260 14024 [INFO ] - VERBOSE: Loading module from path 'C:\ProgramData\chocolatey\extensions\chocolatey-compatibility\chocolatey-compatibility.psm1'.
2026-04-06 04:47:13,269 14024 [INFO ] - VERBOSE: Exporting function 'Install-ChocolateyDesktopLink'.
2026-04-06 04:47:13,271 14024 [INFO ] - VERBOSE: Exporting function 'Write-ChocolateyFailure'.
2026-04-06 04:47:13,272 14024 [INFO ] - VERBOSE: Exporting function 'Write-ChocolateySuccess'.
2026-04-06 04:47:13,273 14024 [INFO ] - VERBOSE: Exporting function 'Write-FileUpdateLog'.
2026-04-06 04:47:13,273 14024 [INFO ] - VERBOSE: Importing function 'Install-ChocolateyDesktopLink'.
2026-04-06 04:47:13,273 14024 [INFO ] - VERBOSE: Importing function 'Write-ChocolateyFailure'.
2026-04-06 04:47:13,273 14024 [INFO ] - VERBOSE: Importing function 'Write-ChocolateySuccess'.
2026-04-06 04:47:13,275 14024 [INFO ] - VERBOSE: Importing function 'Write-FileUpdateLog'.
2026-04-06 04:47:13,276 14024 [INFO ] - VERBOSE: Loading module from path 'C:\ProgramData\chocolatey\extensions\chocolatey-core\chocolatey-core.psm1'.
2026-04-06 04:47:13,312 14024 [INFO ] - VERBOSE: Exporting function 'Get-AppInstallLocation'.
2026-04-06 04:47:13,313 14024 [INFO ] - VERBOSE: Exporting function 'Get-AvailableDriveLetter'.
2026-04-06 04:47:13,313 14024 [INFO ] - VERBOSE: Exporting function 'Get-EffectiveProxy'.
2026-04-06 04:47:13,314 14024 [INFO ] - VERBOSE: Exporting function 'Get-PackageCacheLocation'.
2026-04-06 04:47:13,314 14024 [INFO ] - VERBOSE: Exporting function 'Get-WebContent'.
2026-04-06 04:47:13,314 14024 [INFO ] - VERBOSE: Exporting function 'Register-Application'.
2026-04-06 04:47:13,315 14024 [INFO ] - VERBOSE: Exporting function 'Remove-Process'.
2026-04-06 04:47:13,315 14024 [INFO ] - VERBOSE: Importing function 'Get-AppInstallLocation'.
2026-04-06 04:47:13,316 14024 [INFO ] - VERBOSE: Importing function 'Get-AvailableDriveLetter'.
2026-04-06 04:47:13,316 14024 [INFO ] - VERBOSE: Importing function 'Get-EffectiveProxy'.
2026-04-06 04:47:13,316 14024 [INFO ] - VERBOSE: Importing function 'Get-PackageCacheLocation'.
2026-04-06 04:47:13,316 14024 [INFO ] - VERBOSE: Importing function 'Get-WebContent'.
2026-04-06 04:47:13,317 14024 [INFO ] - VERBOSE: Importing function 'Register-Application'.
2026-04-06 04:47:13,317 14024 [INFO ] - VERBOSE: Importing function 'Remove-Process'.
2026-04-06 04:47:13,318 14024 [INFO ] - VERBOSE: Loading module from path 'C:\ProgramData\chocolatey\extensions\chocolatey-windowsupdate\chocolatey-windowsupdate.psm1'.
2026-04-06 04:47:13,326 14024 [INFO ] - VERBOSE: Exporting function 'Install-WindowsUpdate'.
2026-04-06 04:47:13,326 14024 [INFO ] - VERBOSE: Exporting function 'Test-WindowsUpdate'.
2026-04-06 04:47:13,326 14024 [INFO ] - VERBOSE: Importing function 'Install-WindowsUpdate'.
2026-04-06 04:47:13,327 14024 [INFO ] - VERBOSE: Importing function 'Test-WindowsUpdate'.
2026-04-06 04:47:13,327 14024 [INFO ] - VERBOSE: Exporting function 'Format-FileSize'.
2026-04-06 04:47:13,328 14024 [INFO ] - VERBOSE: Exporting function 'Get-ChecksumValid'.
2026-04-06 04:47:13,328 14024 [INFO ] - VERBOSE: Exporting function 'Get-ChocolateyConfigValue'.
2026-04-06 04:47:13,329 14024 [INFO ] - VERBOSE: Exporting function 'Get-ChocolateyPath'.
2026-04-06 04:47:13,329 14024 [INFO ] - VERBOSE: Exporting function 'Get-ChocolateyUnzip'.
2026-04-06 04:47:13,329 14024 [INFO ] - VERBOSE: Exporting function 'Get-ChocolateyWebFile'.
2026-04-06 04:47:13,329 14024 [INFO ] - VERBOSE: Exporting function 'Get-FtpFile'.
2026-04-06 04:47:13,330 14024 [INFO ] - VERBOSE: Exporting function 'Get-OSArchitectureWidth'.
2026-04-06 04:47:13,330 14024 [INFO ] - VERBOSE: Exporting function 'Get-PackageParameters'.
2026-04-06 04:47:13,330 14024 [INFO ] - VERBOSE: Exporting function 'Get-PackageParametersBuiltIn'.
2026-04-06 04:47:13,332 14024 [INFO ] - VERBOSE: Exporting function 'Get-ToolsLocation'.
2026-04-06 04:47:13,332 14024 [INFO ] - VERBOSE: Exporting function 'Get-UACEnabled'.
2026-04-06 04:47:13,332 14024 [INFO ] - VERBOSE: Exporting function 'Get-UninstallRegistryKey'.
2026-04-06 04:47:13,332 14024 [INFO ] - VERBOSE: Exporting function 'Get-VirusCheckValid'.
2026-04-06 04:47:13,333 14024 [INFO ] - VERBOSE: Exporting function 'Get-WebFile'.
2026-04-06 04:47:13,333 14024 [INFO ] - VERBOSE: Exporting function 'Get-WebFileName'.
2026-04-06 04:47:13,333 14024 [INFO ] - VERBOSE: Exporting function 'Get-WebHeaders'.
2026-04-06 04:47:13,333 14024 [INFO ] - VERBOSE: Exporting function 'Install-BinFile'.
2026-04-06 04:47:13,334 14024 [INFO ] - VERBOSE: Exporting function 'Install-ChocolateyEnvironmentVariable'.
2026-04-06 04:47:13,334 14024 [INFO ] - VERBOSE: Exporting function 'Install-ChocolateyExplorerMenuItem'.
2026-04-06 04:47:13,334 14024 [INFO ] - VERBOSE: Exporting function 'Install-ChocolateyFileAssociation'.
2026-04-06 04:47:13,335 14024 [INFO ] - VERBOSE: Exporting function 'Install-ChocolateyInstallPackage'.
2026-04-06 04:47:13,335 14024 [INFO ] - VERBOSE: Exporting function 'Install-ChocolateyPackage'.
2026-04-06 04:47:13,335 14024 [INFO ] - VERBOSE: Exporting function 'Install-ChocolateyPinnedTaskBarItem'.
2026-04-06 04:47:13,335 14024 [INFO ] - VERBOSE: Exporting function 'Install-ChocolateyPowershellCommand'.
2026-04-06 04:47:13,336 14024 [INFO ] - VERBOSE: Exporting function 'Install-ChocolateyShortcut'.
2026-04-06 04:47:13,336 14024 [INFO ] - VERBOSE: Exporting function 'Install-ChocolateyVsixPackage'.
2026-04-06 04:47:13,336 14024 [INFO ] - VERBOSE: Exporting function 'Install-ChocolateyZipPackage'.
2026-04-06 04:47:13,336 14024 [INFO ] - VERBOSE: Exporting function 'Install-Vsix'.
2026-04-06 04:47:13,336 14024 [INFO ] - VERBOSE: Exporting function 'Set-PowerShellExitCode'.
2026-04-06 04:47:13,336 14024 [INFO ] - VERBOSE: Exporting function 'Start-ChocolateyProcessAsAdmin'.
2026-04-06 04:47:13,337 14024 [INFO ] - VERBOSE: Exporting function 'Uninstall-BinFile'.
2026-04-06 04:47:13,337 14024 [INFO ] - VERBOSE: Exporting function 'Uninstall-ChocolateyEnvironmentVariable'.
2026-04-06 04:47:13,337 14024 [INFO ] - VERBOSE: Exporting function 'Uninstall-ChocolateyPackage'.
2026-04-06 04:47:13,337 14024 [INFO ] - VERBOSE: Exporting function 'Uninstall-ChocolateyZipPackage'.
2026-04-06 04:47:13,338 14024 [INFO ] - VERBOSE: Exporting function 'Write-FunctionCallLogMessage'.
2026-04-06 04:47:13,338 14024 [INFO ] - VERBOSE: Exporting function 'Install-ChocolateyDesktopLink'.
2026-04-06 04:47:13,338 14024 [INFO ] - VERBOSE: Exporting function 'Write-ChocolateyFailure'.
2026-04-06 04:47:13,339 14024 [INFO ] - VERBOSE: Exporting function 'Write-ChocolateySuccess'.
2026-04-06 04:47:13,339 14024 [INFO ] - VERBOSE: Exporting function 'Write-FileUpdateLog'.
2026-04-06 04:47:13,340 14024 [INFO ] - VERBOSE: Exporting function 'Get-AppInstallLocation'.
2026-04-06 04:47:13,340 14024 [INFO ] - VERBOSE: Exporting function 'Get-AvailableDriveLetter'.
2026-04-06 04:47:13,340 14024 [INFO ] - VERBOSE: Exporting function 'Get-EffectiveProxy'.
2026-04-06 04:47:13,340 14024 [INFO ] - VERBOSE: Exporting function 'Get-PackageCacheLocation'.
2026-04-06 04:47:13,340 14024 [INFO ] - VERBOSE: Exporting function 'Get-WebContent'.
2026-04-06 04:47:13,341 14024 [INFO ] - VERBOSE: Exporting function 'Register-Application'.
2026-04-06 04:47:13,341 14024 [INFO ] - VERBOSE: Exporting function 'Remove-Process'.
2026-04-06 04:47:13,341 14024 [INFO ] - VERBOSE: Exporting function 'Install-WindowsUpdate'.
2026-04-06 04:47:13,342 14024 [INFO ] - VERBOSE: Exporting function 'Test-WindowsUpdate'.
2026-04-06 04:47:13,342 14024 [INFO ] - VERBOSE: Exporting cmdlet 'Get-EnvironmentVariable'.
2026-04-06 04:47:13,342 14024 [INFO ] - VERBOSE: Exporting cmdlet 'Get-EnvironmentVariableNames'.
2026-04-06 04:47:13,342 14024 [INFO ] - VERBOSE: Exporting cmdlet 'Install-ChocolateyPath'.
2026-04-06 04:47:13,343 14024 [INFO ] - VERBOSE: Exporting cmdlet 'Set-EnvironmentVariable'.
2026-04-06 04:47:13,343 14024 [INFO ] - VERBOSE: Exporting cmdlet 'Test-ProcessAdminRights'.
2026-04-06 04:47:13,343 14024 [INFO ] - VERBOSE: Exporting cmdlet 'Uninstall-ChocolateyPath'.
2026-04-06 04:47:13,344 14024 [INFO ] - VERBOSE: Exporting cmdlet 'Update-SessionEnvironment'.
2026-04-06 04:47:13,344 14024 [INFO ] - VERBOSE: Exporting cmdlet 'Get-EnvironmentVariable'.
2026-04-06 04:47:13,344 14024 [INFO ] - VERBOSE: Exporting cmdlet 'Get-EnvironmentVariableNames'.
2026-04-06 04:47:13,344 14024 [INFO ] - VERBOSE: Exporting cmdlet 'Install-ChocolateyPath'.
2026-04-06 04:47:13,344 14024 [INFO ] - VERBOSE: Exporting cmdlet 'Set-EnvironmentVariable'.
2026-04-06 04:47:13,345 14024 [INFO ] - VERBOSE: Exporting cmdlet 'Test-ProcessAdminRights'.
2026-04-06 04:47:13,345 14024 [INFO ] - VERBOSE: Exporting cmdlet 'Uninstall-ChocolateyPath'.
2026-04-06 04:47:13,345 14024 [INFO ] - VERBOSE: Exporting cmdlet 'Update-SessionEnvironment'.
2026-04-06 04:47:13,346 14024 [INFO ] - VERBOSE: Exporting alias 'Get-ProcessorBits'.
2026-04-06 04:47:13,346 14024 [INFO ] - VERBOSE: Exporting alias 'Get-OSBitness'.
2026-04-06 04:47:13,346 14024 [INFO ] - VERBOSE: Exporting alias 'Get-InstallRegistryKey'.
2026-04-06 04:47:13,346 14024 [INFO ] - VERBOSE: Exporting alias 'Generate-BinFile'.
2026-04-06 04:47:13,347 14024 [INFO ] - VERBOSE: Exporting alias 'Add-BinFile'.
2026-04-06 04:47:13,347 14024 [INFO ] - VERBOSE: Exporting alias 'Start-ChocolateyProcess'.
2026-04-06 04:47:13,347 14024 [INFO ] - VERBOSE: Exporting alias 'Invoke-ChocolateyProcess'.
2026-04-06 04:47:13,348 14024 [INFO ] - VERBOSE: Exporting alias 'Remove-BinFile'.
2026-04-06 04:47:13,348 14024 [INFO ] - VERBOSE: Exporting alias 'refreshenv'.
2026-04-06 04:47:13,348 14024 [INFO ] - VERBOSE: Importing cmdlet 'Get-EnvironmentVariable'.
2026-04-06 04:47:13,349 14024 [INFO ] - VERBOSE: Importing cmdlet 'Get-EnvironmentVariableNames'.
2026-04-06 04:47:13,349 14024 [INFO ] - VERBOSE: Importing cmdlet 'Install-ChocolateyPath'.
2026-04-06 04:47:13,349 14024 [INFO ] - VERBOSE: Importing cmdlet 'Set-EnvironmentVariable'.
2026-04-06 04:47:13,350 14024 [INFO ] - VERBOSE: Importing cmdlet 'Test-ProcessAdminRights'.
2026-04-06 04:47:13,350 14024 [INFO ] - VERBOSE: Importing cmdlet 'Uninstall-ChocolateyPath'.
2026-04-06 04:47:13,350 14024 [INFO ] - VERBOSE: Importing cmdlet 'Update-SessionEnvironment'.
2026-04-06 04:47:13,350 14024 [INFO ] - VERBOSE: Importing function 'Format-FileSize'.
2026-04-06 04:47:13,351 14024 [INFO ] - VERBOSE: Importing function 'Get-AppInstallLocation'.
2026-04-06 04:47:13,351 14024 [INFO ] - VERBOSE: Importing function 'Get-AvailableDriveLetter'.
2026-04-06 04:47:13,351 14024 [INFO ] - VERBOSE: Importing function 'Get-ChecksumValid'.
2026-04-06 04:47:13,352 14024 [INFO ] - VERBOSE: Importing function 'Get-ChocolateyConfigValue'.
2026-04-06 04:47:13,352 14024 [INFO ] - VERBOSE: Importing function 'Get-ChocolateyPath'.
2026-04-06 04:47:13,352 14024 [INFO ] - VERBOSE: Importing function 'Get-ChocolateyUnzip'.
2026-04-06 04:47:13,352 14024 [INFO ] - VERBOSE: Importing function 'Get-ChocolateyWebFile'.
2026-04-06 04:47:13,354 14024 [INFO ] - VERBOSE: Importing function 'Get-EffectiveProxy'.
2026-04-06 04:47:13,354 14024 [INFO ] - VERBOSE: Importing function 'Get-FtpFile'.
2026-04-06 04:47:13,354 14024 [INFO ] - VERBOSE: Importing function 'Get-OSArchitectureWidth'.
2026-04-06 04:47:13,354 14024 [INFO ] - VERBOSE: Importing function 'Get-PackageCacheLocation'.
2026-04-06 04:47:13,355 14024 [INFO ] - VERBOSE: Importing function 'Get-PackageParameters'.
2026-04-06 04:47:13,355 14024 [INFO ] - VERBOSE: Importing function 'Get-PackageParametersBuiltIn'.
2026-04-06 04:47:13,355 14024 [INFO ] - VERBOSE: Importing function 'Get-ToolsLocation'.
2026-04-06 04:47:13,356 14024 [INFO ] - VERBOSE: Importing function 'Get-UACEnabled'.
2026-04-06 04:47:13,356 14024 [INFO ] - VERBOSE: Importing function 'Get-UninstallRegistryKey'.
2026-04-06 04:47:13,356 14024 [INFO ] - VERBOSE: Importing function 'Get-VirusCheckValid'.
2026-04-06 04:47:13,356 14024 [INFO ] - VERBOSE: Importing function 'Get-WebContent'.
2026-04-06 04:47:13,357 14024 [INFO ] - VERBOSE: Importing function 'Get-WebFile'.
2026-04-06 04:47:13,357 14024 [INFO ] - VERBOSE: Importing function 'Get-WebFileName'.
2026-04-06 04:47:13,357 14024 [INFO ] - VERBOSE: Importing function 'Get-WebHeaders'.
2026-04-06 04:47:13,357 14024 [INFO ] - VERBOSE: Importing function 'Install-BinFile'.
2026-04-06 04:47:13,357 14024 [INFO ] - VERBOSE: Importing function 'Install-ChocolateyDesktopLink'.
2026-04-06 04:47:13,358 14024 [INFO ] - VERBOSE: Importing function 'Install-ChocolateyEnvironmentVariable'.
2026-04-06 04:47:13,358 14024 [INFO ] - VERBOSE: Importing function 'Install-ChocolateyExplorerMenuItem'.
2026-04-06 04:47:13,358 14024 [INFO ] - VERBOSE: Importing function 'Install-ChocolateyFileAssociation'.
2026-04-06 04:47:13,358 14024 [INFO ] - VERBOSE: Importing function 'Install-ChocolateyInstallPackage'.
2026-04-06 04:47:13,359 14024 [INFO ] - VERBOSE: Importing function 'Install-ChocolateyPackage'.
2026-04-06 04:47:13,359 14024 [INFO ] - VERBOSE: Importing function 'Install-ChocolateyPinnedTaskBarItem'.
2026-04-06 04:47:13,359 14024 [INFO ] - VERBOSE: Importing function 'Install-ChocolateyPowershellCommand'.
2026-04-06 04:47:13,359 14024 [INFO ] - VERBOSE: Importing function 'Install-ChocolateyShortcut'.
2026-04-06 04:47:13,360 14024 [INFO ] - VERBOSE: Importing function 'Install-ChocolateyVsixPackage'.
2026-04-06 04:47:13,360 14024 [INFO ] - VERBOSE: Importing function 'Install-ChocolateyZipPackage'.
2026-04-06 04:47:13,360 14024 [INFO ] - VERBOSE: Importing function 'Install-Vsix'.
2026-04-06 04:47:13,361 14024 [INFO ] - VERBOSE: Importing function 'Install-WindowsUpdate'.
2026-04-06 04:47:13,361 14024 [INFO ] - VERBOSE: Importing function 'Register-Application'.
2026-04-06 04:47:13,361 14024 [INFO ] - VERBOSE: Importing function 'Remove-Process'.
2026-04-06 04:47:13,361 14024 [INFO ] - VERBOSE: Importing function 'Set-PowerShellExitCode'.
2026-04-06 04:47:13,362 14024 [INFO ] - VERBOSE: Importing function 'Start-ChocolateyProcessAsAdmin'.
2026-04-06 04:47:13,362 14024 [INFO ] - VERBOSE: Importing function 'Test-WindowsUpdate'.
2026-04-06 04:47:13,362 14024 [INFO ] - VERBOSE: Importing function 'Uninstall-BinFile'.
2026-04-06 04:47:13,363 14024 [INFO ] - VERBOSE: Importing function 'Uninstall-ChocolateyEnvironmentVariable'.
2026-04-06 04:47:13,363 14024 [INFO ] - VERBOSE: Importing function 'Uninstall-ChocolateyPackage'.
2026-04-06 04:47:13,363 14024 [INFO ] - VERBOSE: Importing function 'Uninstall-ChocolateyZipPackage'.
2026-04-06 04:47:13,363 14024 [INFO ] - VERBOSE: Importing function 'Write-ChocolateyFailure'.
2026-04-06 04:47:13,364 14024 [INFO ] - VERBOSE: Importing function 'Write-ChocolateySuccess'.
2026-04-06 04:47:13,364 14024 [INFO ] - VERBOSE: Importing function 'Write-FileUpdateLog'.
2026-04-06 04:47:13,364 14024 [INFO ] - VERBOSE: Importing function 'Write-FunctionCallLogMessage'.
2026-04-06 04:47:13,365 14024 [INFO ] - VERBOSE: Importing alias 'Add-BinFile'.
2026-04-06 04:47:13,365 14024 [INFO ] - VERBOSE: Importing alias 'Generate-BinFile'.
2026-04-06 04:47:13,365 14024 [INFO ] - VERBOSE: Importing alias 'Get-InstallRegistryKey'.
2026-04-06 04:47:13,365 14024 [INFO ] - VERBOSE: Importing alias 'Get-OSBitness'.
2026-04-06 04:47:13,366 14024 [INFO ] - VERBOSE: Importing alias 'Get-ProcessorBits'.
2026-04-06 04:47:13,366 14024 [INFO ] - VERBOSE: Importing alias 'Invoke-ChocolateyProcess'.
2026-04-06 04:47:13,366 14024 [INFO ] - VERBOSE: Importing alias 'refreshenv'.
2026-04-06 04:47:13,367 14024 [INFO ] - VERBOSE: Importing alias 'Remove-BinFile'.
2026-04-06 04:47:13,367 14024 [INFO ] - VERBOSE: Importing alias 'Start-ChocolateyProcess'.
2026-04-06 04:47:13,421 14024 [INFO ] - Installing 64-bit python314...
2026-04-06 04:47:37,001 14024 [INFO ] - python314 has been installed.
2026-04-06 04:47:39,768 14024 [INFO ] - Added C:\ProgramData\chocolatey\bin\python3.14.exe shim pointed to 'c:\python314\python.exe'.
2026-04-06 04:47:39,792 14024 [INFO ] - VERBOSE: Refreshing environment variables from the registry.
2026-04-06 04:47:39,838 14024 [INFO ] - Python installed to: 'C:\Python314'
2026-04-06 04:47:39,858 14024 [INFO ] - Restricting write permissions to Administrators
2026-04-06 04:47:40,851 14024 [INFO ] -   python314 can be automatically uninstalled.
2026-04-06 04:47:40,851 14024 [WARN ] - Environment Vars (like PATH) have changed. Close/reopen your shell to
 see the changes (or in powershell/cmd.exe just type `refreshenv`).
2026-04-06 04:47:41,011 14024 [INFO ] -  The upgrade of python314 was successful.
2026-04-06 04:47:41,012 14024 [INFO ] -   Software installed as 'exe', install location is likely default.
2026-04-06 04:47:41,013 14024 [INFO ] - [NuGet]   CACHE https://community.chocolatey.org/api/v2/Packages(Id='python3',Version='3.14.3')
2026-04-06 04:47:41,019 14024 [INFO ] - Downloading package from source 'https://community.chocolatey.org/api/v2/'
2026-04-06 04:47:41,019 14024 [INFO ] - [NuGet]   GET https://community.chocolatey.org/api/v2/package/python3/3.14.3
2026-04-06 04:47:41,746 14024 [INFO ] - [NuGet]   OK https://community.chocolatey.org/api/v2/package/python3/3.14.3 736ms
2026-04-06 04:47:41,746 14024 [INFO ] - [NuGet] Acquiring lock for the installation of python3 3.14.3
2026-04-06 04:47:41,746 14024 [INFO ] - [NuGet] Acquired lock for the installation of python3 3.14.3
2026-04-06 04:47:41,762 14024 [INFO ] - [NuGet] Installed python3 3.14.3 from https://community.chocolatey.org/api/v2/ with content hash 3V9n3okskpjvgDh7KoL8hNrkMwsRPSui4kiULTKCE4GfZwrNgQdzyy9rCDDw+0PGEM4KT33Y3FEHFtdDlFiu8w==.
2026-04-06 04:47:41,777 14024 [INFO ] - [NuGet] Adding package 'python3.3.14.3 : python314 [3.14.3, 3.14.3]' to folder 'C:\ProgramData\chocolatey\lib'
2026-04-06 04:47:41,777 14024 [INFO ] - [NuGet] Added package 'python3.3.14.3 : python314 [3.14.3, 3.14.3]' to folder 'C:\ProgramData\chocolatey\lib'
2026-04-06 04:47:41,777 14024 [INFO ] - 
python3 v3.14.3 [Approved]
2026-04-06 04:47:41,777 14024 [INFO ] - python3 package files upgrade completed. Performing other installation steps.
2026-04-06 04:47:41,812 14024 [INFO ] -  The upgrade of python3 was successful.
2026-04-06 04:47:41,812 14024 [INFO ] -   Deployed to 'C:\ProgramData\chocolatey\lib\python3'
2026-04-06 04:47:41,817 14024 [INFO ] - Downloading package from source 'https://community.chocolatey.org/api/v2/'
2026-04-06 04:47:41,818 14024 [INFO ] - [NuGet]   GET https://community.chocolatey.org/api/v2/package/python/3.14.3
2026-04-06 04:47:42,447 14024 [INFO ] - [NuGet]   OK https://community.chocolatey.org/api/v2/package/python/3.14.3 628ms
2026-04-06 04:47:42,447 14024 [INFO ] - [NuGet] Acquiring lock for the installation of python 3.14.3
2026-04-06 04:47:42,448 14024 [INFO ] - [NuGet] Acquired lock for the installation of python 3.14.3
2026-04-06 04:47:42,452 14024 [INFO ] - [NuGet] Installed python 3.14.3 from https://community.chocolatey.org/api/v2/ with content hash neVRLhEJuwc5akdG5Og8jIZTmGxMozsGqHhaVlV3nVyUY4a4mvvucBQXFot1O+gofxqd4t+eqPY7iElqI4oPaw==.
2026-04-06 04:47:42,466 14024 [INFO ] - [NuGet] Adding package 'python.3.14.3 : python3 [3.14.3, 3.14.3]' to folder 'C:\ProgramData\chocolatey\lib'
2026-04-06 04:47:42,470 14024 [INFO ] - [NuGet] Added package 'python.3.14.3 : python3 [3.14.3, 3.14.3]' to folder 'C:\ProgramData\chocolatey\lib'
2026-04-06 04:47:42,472 14024 [INFO ] - 
python v3.14.3 [Approved]
2026-04-06 04:47:42,474 14024 [INFO ] - python package files upgrade completed. Performing other installation steps.
2026-04-06 04:47:42,498 14024 [INFO ] -  The upgrade of python was successful.
2026-04-06 04:47:42,498 14024 [INFO ] -   Deployed to 'C:\ProgramData\chocolatey\lib\python'
2026-04-06 04:47:42,550 14024 [WARN ] - visualstudio2026-workload-vctools is not installed. Installing...
2026-04-06 04:47:42,600 14024 [INFO ] - [NuGet]   GET https://community.chocolatey.org/api/v2/Packages()?$filter=(tolower(Id) eq 'visualstudio2026-workload-vctools') and IsLatestVersion&semVerLevel=2.0.0
2026-04-06 04:47:42,915 14024 [INFO ] - [NuGet]   OK https://community.chocolatey.org/api/v2/Packages()?$filter=(tolower(Id) eq 'visualstudio2026-workload-vctools') and IsLatestVersion&semVerLevel=2.0.0 311ms
2026-04-06 04:47:42,919 14024 [INFO ] - [NuGet]   GET https://community.chocolatey.org/api/v2/Packages(Id='visualstudio2026-workload-vctools',Version='1.0.0')
2026-04-06 04:47:43,263 14024 [INFO ] - [NuGet]   OK https://community.chocolatey.org/api/v2/Packages(Id='visualstudio2026-workload-vctools',Version='1.0.0') 344ms
2026-04-06 04:47:43,263 14024 [INFO ] - [NuGet]   GET https://community.chocolatey.org/api/v2/FindPackagesById()?id='chocolatey-visualstudio.extension'&semVerLevel=2.0.0
2026-04-06 04:47:43,668 14024 [INFO ] - [NuGet]   OK https://community.chocolatey.org/api/v2/FindPackagesById()?id='chocolatey-visualstudio.extension'&semVerLevel=2.0.0 401ms
2026-04-06 04:47:43,754 14024 [INFO ] - [NuGet]   GET http://community.chocolatey.org/api/v2/FindPackagesById?id='chocolatey-visualstudio.extension'&$skiptoken='1757767801403','1.10.0-preview3','chocolatey-visualstudio.extension'
2026-04-06 04:47:44,334 14024 [INFO ] - [NuGet]   OK http://community.chocolatey.org/api/v2/FindPackagesById?id='chocolatey-visualstudio.extension'&$skiptoken='1757767801403','1.10.0-preview3','chocolatey-visualstudio.extension' 593ms
2026-04-06 04:47:44,350 14024 [INFO ] - [NuGet]   GET https://community.chocolatey.org/api/v2/FindPackagesById()?id='visualstudio-installer'&semVerLevel=2.0.0
2026-04-06 04:47:44,629 14024 [INFO ] - [NuGet]   OK https://community.chocolatey.org/api/v2/FindPackagesById()?id='visualstudio-installer'&semVerLevel=2.0.0 277ms
2026-04-06 04:47:44,643 14024 [INFO ] - [NuGet]   GET http://community.chocolatey.org/api/v2/FindPackagesById?id='visualstudio-installer'&$skiptoken='1757969396837','2.0.0','visualstudio-installer'
2026-04-06 04:47:45,496 14024 [INFO ] - [NuGet]   OK http://community.chocolatey.org/api/v2/FindPackagesById?id='visualstudio-installer'&$skiptoken='1757969396837','2.0.0','visualstudio-installer' 865ms
2026-04-06 04:47:45,496 14024 [INFO ] - [NuGet]   GET https://community.chocolatey.org/api/v2/FindPackagesById()?id='visualstudio2026buildtools'&semVerLevel=2.0.0
2026-04-06 04:47:45,639 14024 [INFO ] - [NuGet]   OK https://community.chocolatey.org/api/v2/FindPackagesById()?id='visualstudio2026buildtools'&semVerLevel=2.0.0 134ms
2026-04-06 04:47:45,717 14024 [INFO ] - [NuGet]   GET http://community.chocolatey.org/api/v2/FindPackagesById?id='visualstudio2026buildtools'&$skiptoken='1763273116640','118.0.0','visualstudio2026buildtools'
2026-04-06 04:47:46,049 14024 [INFO ] - [NuGet]   OK http://community.chocolatey.org/api/v2/FindPackagesById?id='visualstudio2026buildtools'&$skiptoken='1763273116640','118.0.0','visualstudio2026buildtools' 341ms
2026-04-06 04:47:46,049 14024 [INFO ] - [NuGet]   GET https://community.chocolatey.org/api/v2/FindPackagesById()?id='dotnetfx'&semVerLevel=2.0.0
2026-04-06 04:47:46,325 14024 [INFO ] - [NuGet]   OK https://community.chocolatey.org/api/v2/FindPackagesById()?id='dotnetfx'&semVerLevel=2.0.0 275ms
2026-04-06 04:47:46,405 14024 [INFO ] - [NuGet]   GET http://community.chocolatey.org/api/v2/FindPackagesById?id='dotnetfx'&$skiptoken='1757954113557','4.8.0-preview3','dotnetfx'
2026-04-06 04:47:46,816 14024 [INFO ] - [NuGet]   OK http://community.chocolatey.org/api/v2/FindPackagesById?id='dotnetfx'&$skiptoken='1757954113557','4.8.0-preview3','dotnetfx' 399ms
2026-04-06 04:47:46,816 14024 [INFO ] - [NuGet]   GET https://community.chocolatey.org/api/v2/FindPackagesById()?id='chocolatey-dotnetfx.extension'&semVerLevel=2.0.0
2026-04-06 04:47:47,028 14024 [INFO ] - [NuGet]   OK https://community.chocolatey.org/api/v2/FindPackagesById()?id='chocolatey-dotnetfx.extension'&semVerLevel=2.0.0 224ms
2026-04-06 04:47:47,044 14024 [INFO ] - [NuGet]   GET http://community.chocolatey.org/api/v2/FindPackagesById?id='chocolatey-dotnetfx.extension'&$skiptoken='1758927002630','1.0.0','chocolatey-dotnetfx.extension'
2026-04-06 04:47:47,582 14024 [INFO ] - [NuGet]   OK http://community.chocolatey.org/api/v2/FindPackagesById?id='chocolatey-dotnetfx.extension'&$skiptoken='1758927002630','1.0.0','chocolatey-dotnetfx.extension' 548ms
2026-04-06 04:47:47,597 14024 [INFO ] - [NuGet]   CACHE https://community.chocolatey.org/api/v2/FindPackagesById()?id='kb2919355'&semVerLevel=2.0.0
2026-04-06 04:47:47,599 14024 [INFO ] - [NuGet]   CACHE http://community.chocolatey.org/api/v2/FindPackagesById?id='kb2919355'&$skiptoken='1759018786213','1.0.20160719','kb2919355'
2026-04-06 04:47:47,600 14024 [INFO ] - [NuGet]   CACHE https://community.chocolatey.org/api/v2/FindPackagesById()?id='kb2919442'&semVerLevel=2.0.0
2026-04-06 04:47:47,602 14024 [INFO ] - [NuGet]   CACHE http://community.chocolatey.org/api/v2/FindPackagesById?id='kb2919442'&$skiptoken='1758687599443','1.0.20160719','kb2919442'
2026-04-06 04:47:47,603 14024 [INFO ] - [NuGet]   CACHE https://community.chocolatey.org/api/v2/FindPackagesById()?id='vcredist140'&semVerLevel=2.0.0
2026-04-06 04:47:47,608 14024 [INFO ] - [NuGet]   CACHE http://community.chocolatey.org/api/v2/FindPackagesById?id='vcredist140'&$skiptoken='1758917989857','14.24.28127.4','vcredist140'
2026-04-06 04:47:47,611 14024 [INFO ] - [NuGet]   CACHE http://community.chocolatey.org/api/v2/FindPackagesById?id='vcredist140'&$skiptoken='1758917088380','14.0.24516-preview5','vcredist140'
2026-04-06 04:47:47,615 14024 [INFO ] - [NuGet]   CACHE https://community.chocolatey.org/api/v2/FindPackagesById()?id='chocolatey-core.extension'&semVerLevel=2.0.0
2026-04-06 04:47:47,617 14024 [INFO ] - [NuGet]   CACHE http://community.chocolatey.org/api/v2/FindPackagesById?id='chocolatey-core.extension'&$skiptoken='1757694056117','0.1.2','chocolatey-core.extension'
2026-04-06 04:47:47,619 14024 [INFO ] - [NuGet]   CACHE https://community.chocolatey.org/api/v2/FindPackagesById()?id='chocolatey-compatibility.extension'&semVerLevel=2.0.0
2026-04-06 04:47:47,620 14024 [INFO ] - [NuGet]   CACHE http://community.chocolatey.org/api/v2/FindPackagesById?id='chocolatey-compatibility.extension'&$skiptoken='1775157323107','1.0.0','chocolatey-compatibility.extension'
2026-04-06 04:47:47,621 14024 [INFO ] - [NuGet]   CACHE https://community.chocolatey.org/api/v2/FindPackagesById()?id='kb3033929'&semVerLevel=2.0.0
2026-04-06 04:47:47,622 14024 [INFO ] - [NuGet]   CACHE http://community.chocolatey.org/api/v2/FindPackagesById?id='kb3033929'&$skiptoken='1757852403537','1.0.0','kb3033929'
2026-04-06 04:47:47,623 14024 [INFO ] - [NuGet]   CACHE https://community.chocolatey.org/api/v2/FindPackagesById()?id='chocolatey-windowsupdate.extension'&semVerLevel=2.0.0
2026-04-06 04:47:47,624 14024 [INFO ] - [NuGet]   CACHE http://community.chocolatey.org/api/v2/FindPackagesById?id='chocolatey-windowsupdate.extension'&$skiptoken='1758091804557','1.0.1','chocolatey-windowsupdate.extension'
2026-04-06 04:47:47,625 14024 [INFO ] - [NuGet]   CACHE https://community.chocolatey.org/api/v2/FindPackagesById()?id='kb3035131'&semVerLevel=2.0.0
2026-04-06 04:47:47,626 14024 [INFO ] - [NuGet]   CACHE http://community.chocolatey.org/api/v2/FindPackagesById?id='kb3035131'&$skiptoken='1758694790893','1.0.0','kb3035131'
2026-04-06 04:47:47,627 14024 [INFO ] - [NuGet]   CACHE https://community.chocolatey.org/api/v2/FindPackagesById()?id='kb2999226'&semVerLevel=2.0.0
2026-04-06 04:47:47,629 14024 [INFO ] - [NuGet]   CACHE http://community.chocolatey.org/api/v2/FindPackagesById?id='kb2999226'&$skiptoken='1757864999427','1.0.20161030','kb2999226'
2026-04-06 04:47:47,648 14024 [INFO ] - [NuGet] Resolving dependency information took 0 ms
2026-04-06 04:47:47,648 14024 [INFO ] - [NuGet]   GET https://community.chocolatey.org/api/v2/Packages(Id='chocolatey-dotnetfx.extension',Version='1.0.1')
2026-04-06 04:47:47,871 14024 [INFO ] - [NuGet]   OK https://community.chocolatey.org/api/v2/Packages(Id='chocolatey-dotnetfx.extension',Version='1.0.1') 213ms
2026-04-06 04:47:47,871 14024 [INFO ] - Downloading package from source 'https://community.chocolatey.org/api/v2/'
2026-04-06 04:47:47,871 14024 [INFO ] - [NuGet]   GET https://community.chocolatey.org/api/v2/package/chocolatey-dotnetfx.extension/1.0.1
2026-04-06 04:47:48,311 14024 [INFO ] - [NuGet]   OK https://community.chocolatey.org/api/v2/package/chocolatey-dotnetfx.extension/1.0.1 432ms
2026-04-06 04:47:48,312 14024 [INFO ] - [NuGet] Acquiring lock for the installation of chocolatey-dotnetfx.extension 1.0.1
2026-04-06 04:47:48,313 14024 [INFO ] - [NuGet] Acquired lock for the installation of chocolatey-dotnetfx.extension 1.0.1
2026-04-06 04:47:48,323 14024 [INFO ] - [NuGet] Installed chocolatey-dotnetfx.extension 1.0.1 from https://community.chocolatey.org/api/v2/ with content hash IfDdlUI5bT4GGrTyCwJJw733AdHEsRdx93CL3Y7FlAzKEqjyfMlAcbz64qN4x5ddz5RwIqNqC7fPh2kh+VMxkQ==.
2026-04-06 04:47:48,346 14024 [INFO ] - [NuGet] Adding package 'chocolatey-dotnetfx.extension.1.0.1' to folder 'C:\ProgramData\chocolatey\lib'
2026-04-06 04:47:48,409 14024 [INFO ] - [NuGet] Added package 'chocolatey-dotnetfx.extension.1.0.1' to folder 'C:\ProgramData\chocolatey\lib'
2026-04-06 04:47:48,409 14024 [INFO ] - 
chocolatey-dotnetfx.extension v1.0.1
2026-04-06 04:47:48,409 14024 [INFO ] - chocolatey-dotnetfx.extension package files upgrade completed. Performing other installation steps.
2026-04-06 04:47:49,963 14024 [WARN ] -  Installed/updated chocolatey-dotnetfx extensions.
2026-04-06 04:47:49,966 14024 [INFO ] -  The upgrade of chocolatey-dotnetfx.extension was successful.
2026-04-06 04:47:49,966 14024 [INFO ] -   Deployed to 'C:\ProgramData\chocolatey\extensions\chocolatey-dotnetfx'
2026-04-06 04:47:49,966 14024 [INFO ] - [NuGet]   GET https://community.chocolatey.org/api/v2/Packages(Id='chocolatey-visualstudio.extension',Version='1.13.0')
2026-04-06 04:47:50,315 14024 [INFO ] - [NuGet]   OK https://community.chocolatey.org/api/v2/Packages(Id='chocolatey-visualstudio.extension',Version='1.13.0') 357ms
2026-04-06 04:47:50,335 14024 [INFO ] - Downloading package from source 'https://community.chocolatey.org/api/v2/'
2026-04-06 04:47:50,335 14024 [INFO ] - [NuGet]   GET https://community.chocolatey.org/api/v2/package/chocolatey-visualstudio.extension/1.13.0
2026-04-06 04:47:51,557 14024 [INFO ] - [NuGet]   OK https://community.chocolatey.org/api/v2/package/chocolatey-visualstudio.extension/1.13.0 1219ms
2026-04-06 04:47:51,558 14024 [INFO ] - [NuGet] Acquiring lock for the installation of chocolatey-visualstudio.extension 1.13.0
2026-04-06 04:47:51,559 14024 [INFO ] - [NuGet] Acquired lock for the installation of chocolatey-visualstudio.extension 1.13.0
2026-04-06 04:47:51,643 14024 [INFO ] - [NuGet] Installed chocolatey-visualstudio.extension 1.13.0 from https://community.chocolatey.org/api/v2/ with content hash Z0ogZI5b0w73Py3VoDfOu9C51sq1CzKx3W7kaapp0V+aX1fxAV39oTqy64EFUep+TguYnB/foUeKQbkaH2Oxvg==.
2026-04-06 04:47:51,660 14024 [INFO ] - [NuGet] Adding package 'chocolatey-visualstudio.extension.1.13.0' to folder 'C:\ProgramData\chocolatey\lib'
2026-04-06 04:47:52,735 14024 [INFO ] - [NuGet] Added package 'chocolatey-visualstudio.extension.1.13.0' to folder 'C:\ProgramData\chocolatey\lib'
2026-04-06 04:47:52,737 14024 [INFO ] - 
chocolatey-visualstudio.extension v1.13.0
2026-04-06 04:47:52,739 14024 [INFO ] - chocolatey-visualstudio.extension package files upgrade completed. Performing other installation steps.
2026-04-06 04:47:54,339 14024 [WARN ] -  Installed/updated chocolatey-visualstudio extensions.
2026-04-06 04:47:54,347 14024 [INFO ] -  The upgrade of chocolatey-visualstudio.extension was successful.
2026-04-06 04:47:54,347 14024 [INFO ] -   Deployed to 'C:\ProgramData\chocolatey\extensions\chocolatey-visualstudio'
2026-04-06 04:47:54,348 14024 [INFO ] - [NuGet]   GET https://community.chocolatey.org/api/v2/Packages(Id='dotnetfx',Version='4.8.0.20220524')
2026-04-06 04:47:54,645 14024 [INFO ] - [NuGet]   OK https://community.chocolatey.org/api/v2/Packages(Id='dotnetfx',Version='4.8.0.20220524') 296ms
2026-04-06 04:47:54,651 14024 [INFO ] - Downloading package from source 'https://community.chocolatey.org/api/v2/'
2026-04-06 04:47:54,652 14024 [INFO ] - [NuGet]   GET https://community.chocolatey.org/api/v2/package/dotnetfx/4.8.0.20220524
2026-04-06 04:47:55,168 14024 [INFO ] - [NuGet]   OK https://community.chocolatey.org/api/v2/package/dotnetfx/4.8.0.20220524 515ms
2026-04-06 04:47:55,169 14024 [INFO ] - [NuGet] Acquiring lock for the installation of dotnetfx 4.8.0.20220524
2026-04-06 04:47:55,169 14024 [INFO ] - [NuGet] Acquired lock for the installation of dotnetfx 4.8.0.20220524
2026-04-06 04:47:55,174 14024 [INFO ] - [NuGet] Installed dotnetfx 4.8.0.20220524 from https://community.chocolatey.org/api/v2/ with content hash Uup80lWGnYJaoV9FkVojptQ2h4g2vtaWLXPQqf8Vagw+aKESfIYqckGM+7+++otSvazmMxSQ3pdufoIcLQ5dqQ==.
2026-04-06 04:47:55,197 14024 [INFO ] - [NuGet] Adding package 'dotnetfx.4.8.0.20220524 : chocolatey-dotnetfx.extension [1.0.1, ), kb2919355 [1.0.20160915, )' to folder 'C:\ProgramData\chocolatey\lib'
2026-04-06 04:47:55,229 14024 [INFO ] - [NuGet] Added package 'dotnetfx.4.8.0.20220524 : chocolatey-dotnetfx.extension [1.0.1, ), kb2919355 [1.0.20160915, )' to folder 'C:\ProgramData\chocolatey\lib'
2026-04-06 04:47:55,230 14024 [INFO ] - 
dotnetfx v4.8.0.20220524 [Approved]
2026-04-06 04:47:55,232 14024 [INFO ] - dotnetfx package files upgrade completed. Performing other installation steps.
2026-04-06 04:47:55,304 14024 [INFO ] - VERBOSE: Loading module from path 'C:\ProgramData\chocolatey\helpers\Chocolatey.PowerShell.dll'.
2026-04-06 04:47:55,305 14024 [INFO ] - VERBOSE: Importing cmdlet 'Get-EnvironmentVariable'.
2026-04-06 04:47:55,306 14024 [INFO ] - VERBOSE: Importing cmdlet 'Get-EnvironmentVariableNames'.
2026-04-06 04:47:55,306 14024 [INFO ] - VERBOSE: Importing cmdlet 'Install-ChocolateyPath'.
2026-04-06 04:47:55,306 14024 [INFO ] - VERBOSE: Importing cmdlet 'Set-EnvironmentVariable'.
2026-04-06 04:47:55,306 14024 [INFO ] - VERBOSE: Importing cmdlet 'Test-ProcessAdminRights'.
2026-04-06 04:47:55,306 14024 [INFO ] - VERBOSE: Importing cmdlet 'Uninstall-ChocolateyPath'.
2026-04-06 04:47:55,307 14024 [INFO ] - VERBOSE: Importing cmdlet 'Update-SessionEnvironment'.
2026-04-06 04:47:55,309 14024 [INFO ] - VERBOSE: Exporting function 'Format-FileSize'.
2026-04-06 04:47:55,309 14024 [INFO ] - VERBOSE: Exporting function 'Get-ChecksumValid'.
2026-04-06 04:47:55,309 14024 [INFO ] - VERBOSE: Exporting function 'Get-ChocolateyConfigValue'.
2026-04-06 04:47:55,310 14024 [INFO ] - VERBOSE: Exporting function 'Get-ChocolateyPath'.
2026-04-06 04:47:55,310 14024 [INFO ] - VERBOSE: Exporting function 'Get-ChocolateyUnzip'.
2026-04-06 04:47:55,310 14024 [INFO ] - VERBOSE: Exporting function 'Get-ChocolateyWebFile'.
2026-04-06 04:47:55,310 14024 [INFO ] - VERBOSE: Exporting function 'Get-FtpFile'.
2026-04-06 04:47:55,310 14024 [INFO ] - VERBOSE: Exporting function 'Get-OSArchitectureWidth'.
2026-04-06 04:47:55,311 14024 [INFO ] - VERBOSE: Exporting function 'Get-PackageParameters'.
2026-04-06 04:47:55,311 14024 [INFO ] - VERBOSE: Exporting function 'Get-PackageParametersBuiltIn'.
2026-04-06 04:47:55,311 14024 [INFO ] - VERBOSE: Exporting function 'Get-ToolsLocation'.
2026-04-06 04:47:55,311 14024 [INFO ] - VERBOSE: Exporting function 'Get-UACEnabled'.
2026-04-06 04:47:55,311 14024 [INFO ] - VERBOSE: Exporting function 'Get-UninstallRegistryKey'.
2026-04-06 04:47:55,312 14024 [INFO ] - VERBOSE: Exporting function 'Get-VirusCheckValid'.
2026-04-06 04:47:55,312 14024 [INFO ] - VERBOSE: Exporting function 'Get-WebFile'.
2026-04-06 04:47:55,312 14024 [INFO ] - VERBOSE: Exporting function 'Get-WebFileName'.
2026-04-06 04:47:55,312 14024 [INFO ] - VERBOSE: Exporting function 'Get-WebHeaders'.
2026-04-06 04:47:55,313 14024 [INFO ] - VERBOSE: Exporting function 'Install-BinFile'.
2026-04-06 04:47:55,313 14024 [INFO ] - VERBOSE: Exporting function 'Install-ChocolateyEnvironmentVariable'.
2026-04-06 04:47:55,313 14024 [INFO ] - VERBOSE: Exporting function 'Install-ChocolateyExplorerMenuItem'.
2026-04-06 04:47:55,313 14024 [INFO ] - VERBOSE: Exporting function 'Install-ChocolateyFileAssociation'.
2026-04-06 04:47:55,313 14024 [INFO ] - VERBOSE: Exporting function 'Install-ChocolateyInstallPackage'.
2026-04-06 04:47:55,314 14024 [INFO ] - VERBOSE: Exporting function 'Install-ChocolateyPackage'.
2026-04-06 04:47:55,314 14024 [INFO ] - VERBOSE: Exporting function 'Install-ChocolateyPinnedTaskBarItem'.
2026-04-06 04:47:55,314 14024 [INFO ] - VERBOSE: Exporting function 'Install-ChocolateyPowershellCommand'.
2026-04-06 04:47:55,314 14024 [INFO ] - VERBOSE: Exporting function 'Install-ChocolateyShortcut'.
2026-04-06 04:47:55,314 14024 [INFO ] - VERBOSE: Exporting function 'Install-ChocolateyVsixPackage'.
2026-04-06 04:47:55,315 14024 [INFO ] - VERBOSE: Exporting function 'Install-ChocolateyZipPackage'.
2026-04-06 04:47:55,315 14024 [INFO ] - VERBOSE: Exporting function 'Install-Vsix'.
2026-04-06 04:47:55,315 14024 [INFO ] - VERBOSE: Exporting function 'Set-PowerShellExitCode'.
2026-04-06 04:47:55,315 14024 [INFO ] - VERBOSE: Exporting function 'Start-ChocolateyProcessAsAdmin'.
2026-04-06 04:47:55,316 14024 [INFO ] - VERBOSE: Exporting function 'Uninstall-BinFile'.
2026-04-06 04:47:55,316 14024 [INFO ] - VERBOSE: Exporting function 'Uninstall-ChocolateyEnvironmentVariable'.
2026-04-06 04:47:55,316 14024 [INFO ] - VERBOSE: Exporting function 'Uninstall-ChocolateyPackage'.
2026-04-06 04:47:55,316 14024 [INFO ] - VERBOSE: Exporting function 'Uninstall-ChocolateyZipPackage'.
2026-04-06 04:47:55,316 14024 [INFO ] - VERBOSE: Exporting function 'Write-FunctionCallLogMessage'.
2026-04-06 04:47:55,317 14024 [INFO ] - VERBOSE: Exporting cmdlet 'Get-EnvironmentVariable'.
2026-04-06 04:47:55,317 14024 [INFO ] - VERBOSE: Exporting cmdlet 'Get-EnvironmentVariableNames'.
2026-04-06 04:47:55,317 14024 [INFO ] - VERBOSE: Exporting cmdlet 'Install-ChocolateyPath'.
2026-04-06 04:47:55,317 14024 [INFO ] - VERBOSE: Exporting cmdlet 'Set-EnvironmentVariable'.
2026-04-06 04:47:55,317 14024 [INFO ] - VERBOSE: Exporting cmdlet 'Test-ProcessAdminRights'.
2026-04-06 04:47:55,318 14024 [INFO ] - VERBOSE: Exporting cmdlet 'Uninstall-ChocolateyPath'.
2026-04-06 04:47:55,318 14024 [INFO ] - VERBOSE: Exporting cmdlet 'Update-SessionEnvironment'.
2026-04-06 04:47:55,318 14024 [INFO ] - VERBOSE: Exporting alias 'Get-ProcessorBits'.
2026-04-06 04:47:55,318 14024 [INFO ] - VERBOSE: Exporting alias 'Get-OSBitness'.
2026-04-06 04:47:55,319 14024 [INFO ] - VERBOSE: Exporting alias 'Get-InstallRegistryKey'.
2026-04-06 04:47:55,319 14024 [INFO ] - VERBOSE: Exporting alias 'Generate-BinFile'.
2026-04-06 04:47:55,319 14024 [INFO ] - VERBOSE: Exporting alias 'Add-BinFile'.
2026-04-06 04:47:55,319 14024 [INFO ] - VERBOSE: Exporting alias 'Start-ChocolateyProcess'.
2026-04-06 04:47:55,319 14024 [INFO ] - VERBOSE: Exporting alias 'Invoke-ChocolateyProcess'.
2026-04-06 04:47:55,319 14024 [INFO ] - VERBOSE: Exporting alias 'Remove-BinFile'.
2026-04-06 04:47:55,321 14024 [INFO ] - VERBOSE: Exporting alias 'refreshenv'.
2026-04-06 04:47:55,323 14024 [INFO ] - VERBOSE: Loading module from path 'C:\ProgramData\chocolatey\extensions\chocolatey-compatibility\chocolatey-compatibility.psm1'.
2026-04-06 04:47:55,332 14024 [INFO ] - VERBOSE: Exporting function 'Install-ChocolateyDesktopLink'.
2026-04-06 04:47:55,333 14024 [INFO ] - VERBOSE: Exporting function 'Write-ChocolateyFailure'.
2026-04-06 04:47:55,334 14024 [INFO ] - VERBOSE: Exporting function 'Write-ChocolateySuccess'.
2026-04-06 04:47:55,335 14024 [INFO ] - VERBOSE: Exporting function 'Write-FileUpdateLog'.
2026-04-06 04:47:55,335 14024 [INFO ] - VERBOSE: Importing function 'Install-ChocolateyDesktopLink'.
2026-04-06 04:47:55,336 14024 [INFO ] - VERBOSE: Importing function 'Write-ChocolateyFailure'.
2026-04-06 04:47:55,336 14024 [INFO ] - VERBOSE: Importing function 'Write-ChocolateySuccess'.
2026-04-06 04:47:55,336 14024 [INFO ] - VERBOSE: Importing function 'Write-FileUpdateLog'.
2026-04-06 04:47:55,337 14024 [INFO ] - VERBOSE: Loading module from path 'C:\ProgramData\chocolatey\extensions\chocolatey-core\chocolatey-core.psm1'.
2026-04-06 04:47:55,357 14024 [INFO ] - VERBOSE: Exporting function 'Get-AppInstallLocation'.
2026-04-06 04:47:55,357 14024 [INFO ] - VERBOSE: Exporting function 'Get-AvailableDriveLetter'.
2026-04-06 04:47:55,358 14024 [INFO ] - VERBOSE: Exporting function 'Get-EffectiveProxy'.
2026-04-06 04:47:55,358 14024 [INFO ] - VERBOSE: Exporting function 'Get-PackageCacheLocation'.
2026-04-06 04:47:55,358 14024 [INFO ] - VERBOSE: Exporting function 'Get-WebContent'.
2026-04-06 04:47:55,359 14024 [INFO ] - VERBOSE: Exporting function 'Register-Application'.
2026-04-06 04:47:55,359 14024 [INFO ] - VERBOSE: Exporting function 'Remove-Process'.
2026-04-06 04:47:55,359 14024 [INFO ] - VERBOSE: Importing function 'Get-AppInstallLocation'.
2026-04-06 04:47:55,359 14024 [INFO ] - VERBOSE: Importing function 'Get-AvailableDriveLetter'.
2026-04-06 04:47:55,361 14024 [INFO ] - VERBOSE: Importing function 'Get-EffectiveProxy'.
2026-04-06 04:47:55,361 14024 [INFO ] - VERBOSE: Importing function 'Get-PackageCacheLocation'.
2026-04-06 04:47:55,361 14024 [INFO ] - VERBOSE: Importing function 'Get-WebContent'.
2026-04-06 04:47:55,361 14024 [INFO ] - VERBOSE: Importing function 'Register-Application'.
2026-04-06 04:47:55,361 14024 [INFO ] - VERBOSE: Importing function 'Remove-Process'.
2026-04-06 04:47:55,363 14024 [INFO ] - VERBOSE: Loading module from path 'C:\ProgramData\chocolatey\extensions\chocolatey-dotnetfx\chocolatey-dotnetfx.psm1'.
2026-04-06 04:47:55,452 14024 [INFO ] - VERBOSE: Exporting function 'Install-DotNetFramework'.
2026-04-06 04:47:55,452 14024 [INFO ] - VERBOSE: Exporting function 'Install-DotNetDevPack'.
2026-04-06 04:47:55,453 14024 [INFO ] - VERBOSE: Importing function 'Install-DotNetDevPack'.
2026-04-06 04:47:55,453 14024 [INFO ] - VERBOSE: Importing function 'Install-DotNetFramework'.
2026-04-06 04:47:55,454 14024 [INFO ] - VERBOSE: Loading module from path 'C:\ProgramData\chocolatey\extensions\chocolatey-visualstudio\chocolatey-visualstudio.extension.psm1'.
2026-04-06 04:47:56,451 14024 [INFO ] - VERBOSE: Exporting function 'Add-VisualStudioComponent'.
2026-04-06 04:47:56,451 14024 [INFO ] - VERBOSE: Exporting function 'Add-VisualStudioWorkload'.
2026-04-06 04:47:56,451 14024 [INFO ] - VERBOSE: Exporting function 'Get-VisualStudioInstaller'.
2026-04-06 04:47:56,452 14024 [INFO ] - VERBOSE: Exporting function 'Get-VisualStudioInstallerHealth'.
2026-04-06 04:47:56,452 14024 [INFO ] - VERBOSE: Exporting function 'Get-VisualStudioInstance'.
2026-04-06 04:47:56,452 14024 [INFO ] - VERBOSE: Exporting function 'Get-VisualStudioVsixInstaller'.
2026-04-06 04:47:56,452 14024 [INFO ] - VERBOSE: Exporting function 'Install-VisualStudio'.
2026-04-06 04:47:56,453 14024 [INFO ] - VERBOSE: Exporting function 'Install-VisualStudioInstaller'.
2026-04-06 04:47:56,453 14024 [INFO ] - VERBOSE: Exporting function 'Install-VisualStudioVsixExtension'.
2026-04-06 04:47:56,453 14024 [INFO ] - VERBOSE: Exporting function 'Remove-VisualStudioComponent'.
2026-04-06 04:47:56,453 14024 [INFO ] - VERBOSE: Exporting function 'Remove-VisualStudioProduct'.
2026-04-06 04:47:56,453 14024 [INFO ] - VERBOSE: Exporting function 'Remove-VisualStudioWorkload'.
2026-04-06 04:47:56,454 14024 [INFO ] - VERBOSE: Exporting function 'Uninstall-VisualStudio'.
2026-04-06 04:47:56,454 14024 [INFO ] - VERBOSE: Exporting function 'Uninstall-VisualStudioVsixExtension'.
2026-04-06 04:47:56,454 14024 [INFO ] - VERBOSE: Importing function 'Add-VisualStudioComponent'.
2026-04-06 04:47:56,455 14024 [INFO ] - VERBOSE: Importing function 'Add-VisualStudioWorkload'.
2026-04-06 04:47:56,455 14024 [INFO ] - VERBOSE: Importing function 'Get-VisualStudioInstaller'.
2026-04-06 04:47:56,455 14024 [INFO ] - VERBOSE: Importing function 'Get-VisualStudioInstallerHealth'.
2026-04-06 04:47:56,455 14024 [INFO ] - VERBOSE: Importing function 'Get-VisualStudioInstance'.
2026-04-06 04:47:56,455 14024 [INFO ] - VERBOSE: Importing function 'Get-VisualStudioVsixInstaller'.
2026-04-06 04:47:56,456 14024 [INFO ] - VERBOSE: Importing function 'Install-VisualStudio'.
2026-04-06 04:47:56,456 14024 [INFO ] - VERBOSE: Importing function 'Install-VisualStudioInstaller'.
2026-04-06 04:47:56,456 14024 [INFO ] - VERBOSE: Importing function 'Install-VisualStudioVsixExtension'.
2026-04-06 04:47:56,456 14024 [INFO ] - VERBOSE: Importing function 'Remove-VisualStudioComponent'.
2026-04-06 04:47:56,457 14024 [INFO ] - VERBOSE: Importing function 'Remove-VisualStudioProduct'.
2026-04-06 04:47:56,457 14024 [INFO ] - VERBOSE: Importing function 'Remove-VisualStudioWorkload'.
2026-04-06 04:47:56,457 14024 [INFO ] - VERBOSE: Importing function 'Uninstall-VisualStudio'.
2026-04-06 04:47:56,457 14024 [INFO ] - VERBOSE: Importing function 'Uninstall-VisualStudioVsixExtension'.
2026-04-06 04:47:56,458 14024 [INFO ] - VERBOSE: Loading module from path 'C:\ProgramData\chocolatey\extensions\chocolatey-windowsupdate\chocolatey-windowsupdate.psm1'.
2026-04-06 04:47:56,464 14024 [INFO ] - VERBOSE: Exporting function 'Install-WindowsUpdate'.
2026-04-06 04:47:56,464 14024 [INFO ] - VERBOSE: Exporting function 'Test-WindowsUpdate'.
2026-04-06 04:47:56,465 14024 [INFO ] - VERBOSE: Importing function 'Install-WindowsUpdate'.
2026-04-06 04:47:56,465 14024 [INFO ] - VERBOSE: Importing function 'Test-WindowsUpdate'.
2026-04-06 04:47:56,465 14024 [INFO ] - VERBOSE: Exporting function 'Format-FileSize'.
2026-04-06 04:47:56,466 14024 [INFO ] - VERBOSE: Exporting function 'Get-ChecksumValid'.
2026-04-06 04:47:56,466 14024 [INFO ] - VERBOSE: Exporting function 'Get-ChocolateyConfigValue'.
2026-04-06 04:47:56,466 14024 [INFO ] - VERBOSE: Exporting function 'Get-ChocolateyPath'.
2026-04-06 04:47:56,466 14024 [INFO ] - VERBOSE: Exporting function 'Get-ChocolateyUnzip'.
2026-04-06 04:47:56,467 14024 [INFO ] - VERBOSE: Exporting function 'Get-ChocolateyWebFile'.
2026-04-06 04:47:56,467 14024 [INFO ] - VERBOSE: Exporting function 'Get-FtpFile'.
2026-04-06 04:47:56,467 14024 [INFO ] - VERBOSE: Exporting function 'Get-OSArchitectureWidth'.
2026-04-06 04:47:56,467 14024 [INFO ] - VERBOSE: Exporting function 'Get-PackageParameters'.
2026-04-06 04:47:56,467 14024 [INFO ] - VERBOSE: Exporting function 'Get-PackageParametersBuiltIn'.
2026-04-06 04:47:56,468 14024 [INFO ] - VERBOSE: Exporting function 'Get-ToolsLocation'.
2026-04-06 04:47:56,468 14024 [INFO ] - VERBOSE: Exporting function 'Get-UACEnabled'.
2026-04-06 04:47:56,468 14024 [INFO ] - VERBOSE: Exporting function 'Get-UninstallRegistryKey'.
2026-04-06 04:47:56,468 14024 [INFO ] - VERBOSE: Exporting function 'Get-VirusCheckValid'.
2026-04-06 04:47:56,468 14024 [INFO ] - VERBOSE: Exporting function 'Get-WebFile'.
2026-04-06 04:47:56,469 14024 [INFO ] - VERBOSE: Exporting function 'Get-WebFileName'.
2026-04-06 04:47:56,469 14024 [INFO ] - VERBOSE: Exporting function 'Get-WebHeaders'.
2026-04-06 04:47:56,469 14024 [INFO ] - VERBOSE: Exporting function 'Install-BinFile'.
2026-04-06 04:47:56,469 14024 [INFO ] - VERBOSE: Exporting function 'Install-ChocolateyEnvironmentVariable'.
2026-04-06 04:47:56,469 14024 [INFO ] - VERBOSE: Exporting function 'Install-ChocolateyExplorerMenuItem'.
2026-04-06 04:47:56,470 14024 [INFO ] - VERBOSE: Exporting function 'Install-ChocolateyFileAssociation'.
2026-04-06 04:47:56,470 14024 [INFO ] - VERBOSE: Exporting function 'Install-ChocolateyInstallPackage'.
2026-04-06 04:47:56,470 14024 [INFO ] - VERBOSE: Exporting function 'Install-ChocolateyPackage'.
2026-04-06 04:47:56,470 14024 [INFO ] - VERBOSE: Exporting function 'Install-ChocolateyPinnedTaskBarItem'.
2026-04-06 04:47:56,471 14024 [INFO ] - VERBOSE: Exporting function 'Install-ChocolateyPowershellCommand'.
2026-04-06 04:47:56,471 14024 [INFO ] - VERBOSE: Exporting function 'Install-ChocolateyShortcut'.
2026-04-06 04:47:56,471 14024 [INFO ] - VERBOSE: Exporting function 'Install-ChocolateyVsixPackage'.
2026-04-06 04:47:56,471 14024 [INFO ] - VERBOSE: Exporting function 'Install-ChocolateyZipPackage'.
2026-04-06 04:47:56,471 14024 [INFO ] - VERBOSE: Exporting function 'Install-Vsix'.
2026-04-06 04:47:56,472 14024 [INFO ] - VERBOSE: Exporting function 'Set-PowerShellExitCode'.
2026-04-06 04:47:56,472 14024 [INFO ] - VERBOSE: Exporting function 'Start-ChocolateyProcessAsAdmin'.
2026-04-06 04:47:56,472 14024 [INFO ] - VERBOSE: Exporting function 'Uninstall-BinFile'.
2026-04-06 04:47:56,472 14024 [INFO ] - VERBOSE: Exporting function 'Uninstall-ChocolateyEnvironmentVariable'.
2026-04-06 04:47:56,473 14024 [INFO ] - VERBOSE: Exporting function 'Uninstall-ChocolateyPackage'.
2026-04-06 04:47:56,473 14024 [INFO ] - VERBOSE: Exporting function 'Uninstall-ChocolateyZipPackage'.
2026-04-06 04:47:56,473 14024 [INFO ] - VERBOSE: Exporting function 'Write-FunctionCallLogMessage'.
2026-04-06 04:47:56,473 14024 [INFO ] - VERBOSE: Exporting function 'Install-ChocolateyDesktopLink'.
2026-04-06 04:47:56,473 14024 [INFO ] - VERBOSE: Exporting function 'Write-ChocolateyFailure'.
2026-04-06 04:47:56,474 14024 [INFO ] - VERBOSE: Exporting function 'Write-ChocolateySuccess'.
2026-04-06 04:47:56,474 14024 [INFO ] - VERBOSE: Exporting function 'Write-FileUpdateLog'.
2026-04-06 04:47:56,474 14024 [INFO ] - VERBOSE: Exporting function 'Get-AppInstallLocation'.
2026-04-06 04:47:56,474 14024 [INFO ] - VERBOSE: Exporting function 'Get-AvailableDriveLetter'.
2026-04-06 04:47:56,475 14024 [INFO ] - VERBOSE: Exporting function 'Get-EffectiveProxy'.
2026-04-06 04:47:56,475 14024 [INFO ] - VERBOSE: Exporting function 'Get-PackageCacheLocation'.
2026-04-06 04:47:56,475 14024 [INFO ] - VERBOSE: Exporting function 'Get-WebContent'.
2026-04-06 04:47:56,475 14024 [INFO ] - VERBOSE: Exporting function 'Register-Application'.
2026-04-06 04:47:56,475 14024 [INFO ] - VERBOSE: Exporting function 'Remove-Process'.
2026-04-06 04:47:56,476 14024 [INFO ] - VERBOSE: Exporting function 'Install-DotNetDevPack'.
2026-04-06 04:47:56,476 14024 [INFO ] - VERBOSE: Exporting function 'Install-DotNetFramework'.
2026-04-06 04:47:56,476 14024 [INFO ] - VERBOSE: Exporting function 'Add-VisualStudioComponent'.
2026-04-06 04:47:56,476 14024 [INFO ] - VERBOSE: Exporting function 'Add-VisualStudioWorkload'.
2026-04-06 04:47:56,476 14024 [INFO ] - VERBOSE: Exporting function 'Get-VisualStudioInstaller'.
2026-04-06 04:47:56,477 14024 [INFO ] - VERBOSE: Exporting function 'Get-VisualStudioInstallerHealth'.
2026-04-06 04:47:56,477 14024 [INFO ] - VERBOSE: Exporting function 'Get-VisualStudioInstance'.
2026-04-06 04:47:56,477 14024 [INFO ] - VERBOSE: Exporting function 'Get-VisualStudioVsixInstaller'.
2026-04-06 04:47:56,477 14024 [INFO ] - VERBOSE: Exporting function 'Install-VisualStudio'.
2026-04-06 04:47:56,478 14024 [INFO ] - VERBOSE: Exporting function 'Install-VisualStudioInstaller'.
2026-04-06 04:47:56,478 14024 [INFO ] - VERBOSE: Exporting function 'Install-VisualStudioVsixExtension'.
2026-04-06 04:47:56,478 14024 [INFO ] - VERBOSE: Exporting function 'Remove-VisualStudioComponent'.
2026-04-06 04:47:56,478 14024 [INFO ] - VERBOSE: Exporting function 'Remove-VisualStudioProduct'.
2026-04-06 04:47:56,478 14024 [INFO ] - VERBOSE: Exporting function 'Remove-VisualStudioWorkload'.
2026-04-06 04:47:56,479 14024 [INFO ] - VERBOSE: Exporting function 'Uninstall-VisualStudio'.
2026-04-06 04:47:56,479 14024 [INFO ] - VERBOSE: Exporting function 'Uninstall-VisualStudioVsixExtension'.
2026-04-06 04:47:56,479 14024 [INFO ] - VERBOSE: Exporting function 'Install-WindowsUpdate'.
2026-04-06 04:47:56,479 14024 [INFO ] - VERBOSE: Exporting function 'Test-WindowsUpdate'.
2026-04-06 04:47:56,479 14024 [INFO ] - VERBOSE: Exporting cmdlet 'Get-EnvironmentVariable'.
2026-04-06 04:47:56,481 14024 [INFO ] - VERBOSE: Exporting cmdlet 'Get-EnvironmentVariableNames'.
2026-04-06 04:47:56,481 14024 [INFO ] - VERBOSE: Exporting cmdlet 'Install-ChocolateyPath'.
2026-04-06 04:47:56,481 14024 [INFO ] - VERBOSE: Exporting cmdlet 'Set-EnvironmentVariable'.
2026-04-06 04:47:56,481 14024 [INFO ] - VERBOSE: Exporting cmdlet 'Test-ProcessAdminRights'.
2026-04-06 04:47:56,481 14024 [INFO ] - VERBOSE: Exporting cmdlet 'Uninstall-ChocolateyPath'.
2026-04-06 04:47:56,482 14024 [INFO ] - VERBOSE: Exporting cmdlet 'Update-SessionEnvironment'.
2026-04-06 04:47:56,482 14024 [INFO ] - VERBOSE: Exporting cmdlet 'Get-EnvironmentVariable'.
2026-04-06 04:47:56,482 14024 [INFO ] - VERBOSE: Exporting cmdlet 'Get-EnvironmentVariableNames'.
2026-04-06 04:47:56,486 14024 [INFO ] - VERBOSE: Exporting cmdlet 'Install-ChocolateyPath'.
2026-04-06 04:47:56,486 14024 [INFO ] - VERBOSE: Exporting cmdlet 'Set-EnvironmentVariable'.
2026-04-06 04:47:56,486 14024 [INFO ] - VERBOSE: Exporting cmdlet 'Test-ProcessAdminRights'.
2026-04-06 04:47:56,486 14024 [INFO ] - VERBOSE: Exporting cmdlet 'Uninstall-ChocolateyPath'.
2026-04-06 04:47:56,486 14024 [INFO ] - VERBOSE: Exporting cmdlet 'Update-SessionEnvironment'.
2026-04-06 04:47:56,487 14024 [INFO ] - VERBOSE: Exporting alias 'Get-ProcessorBits'.
2026-04-06 04:47:56,487 14024 [INFO ] - VERBOSE: Exporting alias 'Get-OSBitness'.
2026-04-06 04:47:56,487 14024 [INFO ] - VERBOSE: Exporting alias 'Get-InstallRegistryKey'.
2026-04-06 04:47:56,487 14024 [INFO ] - VERBOSE: Exporting alias 'Generate-BinFile'.
2026-04-06 04:47:56,487 14024 [INFO ] - VERBOSE: Exporting alias 'Add-BinFile'.
2026-04-06 04:47:56,488 14024 [INFO ] - VERBOSE: Exporting alias 'Start-ChocolateyProcess'.
2026-04-06 04:47:56,488 14024 [INFO ] - VERBOSE: Exporting alias 'Invoke-ChocolateyProcess'.
2026-04-06 04:47:56,488 14024 [INFO ] - VERBOSE: Exporting alias 'Remove-BinFile'.
2026-04-06 04:47:56,488 14024 [INFO ] - VERBOSE: Exporting alias 'refreshenv'.
2026-04-06 04:47:56,489 14024 [INFO ] - VERBOSE: Importing cmdlet 'Get-EnvironmentVariable'.
2026-04-06 04:47:56,489 14024 [INFO ] - VERBOSE: Importing cmdlet 'Get-EnvironmentVariableNames'.
2026-04-06 04:47:56,489 14024 [INFO ] - VERBOSE: Importing cmdlet 'Install-ChocolateyPath'.
2026-04-06 04:47:56,489 14024 [INFO ] - VERBOSE: Importing cmdlet 'Set-EnvironmentVariable'.
2026-04-06 04:47:56,490 14024 [INFO ] - VERBOSE: Importing cmdlet 'Test-ProcessAdminRights'.
2026-04-06 04:47:56,490 14024 [INFO ] - VERBOSE: Importing cmdlet 'Uninstall-ChocolateyPath'.
2026-04-06 04:47:56,490 14024 [INFO ] - VERBOSE: Importing cmdlet 'Update-SessionEnvironment'.
2026-04-06 04:47:56,490 14024 [INFO ] - VERBOSE: Importing function 'Add-VisualStudioComponent'.
2026-04-06 04:47:56,490 14024 [INFO ] - VERBOSE: Importing function 'Add-VisualStudioWorkload'.
2026-04-06 04:47:56,491 14024 [INFO ] - VERBOSE: Importing function 'Format-FileSize'.
2026-04-06 04:47:56,491 14024 [INFO ] - VERBOSE: Importing function 'Get-AppInstallLocation'.
2026-04-06 04:47:56,491 14024 [INFO ] - VERBOSE: Importing function 'Get-AvailableDriveLetter'.
2026-04-06 04:47:56,491 14024 [INFO ] - VERBOSE: Importing function 'Get-ChecksumValid'.
2026-04-06 04:47:56,492 14024 [INFO ] - VERBOSE: Importing function 'Get-ChocolateyConfigValue'.
2026-04-06 04:47:56,492 14024 [INFO ] - VERBOSE: Importing function 'Get-ChocolateyPath'.
2026-04-06 04:47:56,492 14024 [INFO ] - VERBOSE: Importing function 'Get-ChocolateyUnzip'.
2026-04-06 04:47:56,492 14024 [INFO ] - VERBOSE: Importing function 'Get-ChocolateyWebFile'.
2026-04-06 04:47:56,492 14024 [INFO ] - VERBOSE: Importing function 'Get-EffectiveProxy'.
2026-04-06 04:47:56,493 14024 [INFO ] - VERBOSE: Importing function 'Get-FtpFile'.
2026-04-06 04:47:56,493 14024 [INFO ] - VERBOSE: Importing function 'Get-OSArchitectureWidth'.
2026-04-06 04:47:56,493 14024 [INFO ] - VERBOSE: Importing function 'Get-PackageCacheLocation'.
2026-04-06 04:47:56,494 14024 [INFO ] - VERBOSE: Importing function 'Get-PackageParameters'.
2026-04-06 04:47:56,494 14024 [INFO ] - VERBOSE: Importing function 'Get-PackageParametersBuiltIn'.
2026-04-06 04:47:56,494 14024 [INFO ] - VERBOSE: Importing function 'Get-ToolsLocation'.
2026-04-06 04:47:56,495 14024 [INFO ] - VERBOSE: Importing function 'Get-UACEnabled'.
2026-04-06 04:47:56,495 14024 [INFO ] - VERBOSE: Importing function 'Get-UninstallRegistryKey'.
2026-04-06 04:47:56,495 14024 [INFO ] - VERBOSE: Importing function 'Get-VirusCheckValid'.
2026-04-06 04:47:56,495 14024 [INFO ] - VERBOSE: Importing function 'Get-VisualStudioInstaller'.
2026-04-06 04:47:56,496 14024 [INFO ] - VERBOSE: Importing function 'Get-VisualStudioInstallerHealth'.
2026-04-06 04:47:56,496 14024 [INFO ] - VERBOSE: Importing function 'Get-VisualStudioInstance'.
2026-04-06 04:47:56,496 14024 [INFO ] - VERBOSE: Importing function 'Get-VisualStudioVsixInstaller'.
2026-04-06 04:47:56,496 14024 [INFO ] - VERBOSE: Importing function 'Get-WebContent'.
2026-04-06 04:47:56,496 14024 [INFO ] - VERBOSE: Importing function 'Get-WebFile'.
2026-04-06 04:47:56,497 14024 [INFO ] - VERBOSE: Importing function 'Get-WebFileName'.
2026-04-06 04:47:56,497 14024 [INFO ] - VERBOSE: Importing function 'Get-WebHeaders'.
2026-04-06 04:47:56,497 14024 [INFO ] - VERBOSE: Importing function 'Install-BinFile'.
2026-04-06 04:47:56,497 14024 [INFO ] - VERBOSE: Importing function 'Install-ChocolateyDesktopLink'.
2026-04-06 04:47:56,498 14024 [INFO ] - VERBOSE: Importing function 'Install-ChocolateyEnvironmentVariable'.
2026-04-06 04:47:56,498 14024 [INFO ] - VERBOSE: Importing function 'Install-ChocolateyExplorerMenuItem'.
2026-04-06 04:47:56,498 14024 [INFO ] - VERBOSE: Importing function 'Install-ChocolateyFileAssociation'.
2026-04-06 04:47:56,498 14024 [INFO ] - VERBOSE: Importing function 'Install-ChocolateyInstallPackage'.
2026-04-06 04:47:56,498 14024 [INFO ] - VERBOSE: Importing function 'Install-ChocolateyPackage'.
2026-04-06 04:47:56,499 14024 [INFO ] - VERBOSE: Importing function 'Install-ChocolateyPinnedTaskBarItem'.
2026-04-06 04:47:56,499 14024 [INFO ] - VERBOSE: Importing function 'Install-ChocolateyPowershellCommand'.
2026-04-06 04:47:56,499 14024 [INFO ] - VERBOSE: Importing function 'Install-ChocolateyShortcut'.
2026-04-06 04:47:56,499 14024 [INFO ] - VERBOSE: Importing function 'Install-ChocolateyVsixPackage'.
2026-04-06 04:47:56,499 14024 [INFO ] - VERBOSE: Importing function 'Install-ChocolateyZipPackage'.
2026-04-06 04:47:56,500 14024 [INFO ] - VERBOSE: Importing function 'Install-DotNetDevPack'.
2026-04-06 04:47:56,500 14024 [INFO ] - VERBOSE: Importing function 'Install-DotNetFramework'.
2026-04-06 04:47:56,500 14024 [INFO ] - VERBOSE: Importing function 'Install-VisualStudio'.
2026-04-06 04:47:56,500 14024 [INFO ] - VERBOSE: Importing function 'Install-VisualStudioInstaller'.
2026-04-06 04:47:56,500 14024 [INFO ] - VERBOSE: Importing function 'Install-VisualStudioVsixExtension'.
2026-04-06 04:47:56,501 14024 [INFO ] - VERBOSE: Importing function 'Install-Vsix'.
2026-04-06 04:47:56,501 14024 [INFO ] - VERBOSE: Importing function 'Install-WindowsUpdate'.
2026-04-06 04:47:56,501 14024 [INFO ] - VERBOSE: Importing function 'Register-Application'.
2026-04-06 04:47:56,501 14024 [INFO ] - VERBOSE: Importing function 'Remove-Process'.
2026-04-06 04:47:56,502 14024 [INFO ] - VERBOSE: Importing function 'Remove-VisualStudioComponent'.
2026-04-06 04:47:56,502 14024 [INFO ] - VERBOSE: Importing function 'Remove-VisualStudioProduct'.
2026-04-06 04:47:56,502 14024 [INFO ] - VERBOSE: Importing function 'Remove-VisualStudioWorkload'.
2026-04-06 04:47:56,502 14024 [INFO ] - VERBOSE: Importing function 'Set-PowerShellExitCode'.
2026-04-06 04:47:56,502 14024 [INFO ] - VERBOSE: Importing function 'Start-ChocolateyProcessAsAdmin'.
2026-04-06 04:47:56,503 14024 [INFO ] - VERBOSE: Importing function 'Test-WindowsUpdate'.
2026-04-06 04:47:56,503 14024 [INFO ] - VERBOSE: Importing function 'Uninstall-BinFile'.
2026-04-06 04:47:56,503 14024 [INFO ] - VERBOSE: Importing function 'Uninstall-ChocolateyEnvironmentVariable'.
2026-04-06 04:47:56,503 14024 [INFO ] - VERBOSE: Importing function 'Uninstall-ChocolateyPackage'.
2026-04-06 04:47:56,504 14024 [INFO ] - VERBOSE: Importing function 'Uninstall-ChocolateyZipPackage'.
2026-04-06 04:47:56,504 14024 [INFO ] - VERBOSE: Importing function 'Uninstall-VisualStudio'.
2026-04-06 04:47:56,504 14024 [INFO ] - VERBOSE: Importing function 'Uninstall-VisualStudioVsixExtension'.
2026-04-06 04:47:56,504 14024 [INFO ] - VERBOSE: Importing function 'Write-ChocolateyFailure'.
2026-04-06 04:47:56,504 14024 [INFO ] - VERBOSE: Importing function 'Write-ChocolateySuccess'.
2026-04-06 04:47:56,505 14024 [INFO ] - VERBOSE: Importing function 'Write-FileUpdateLog'.
2026-04-06 04:47:56,505 14024 [INFO ] - VERBOSE: Importing function 'Write-FunctionCallLogMessage'.
2026-04-06 04:47:56,505 14024 [INFO ] - VERBOSE: Importing alias 'Add-BinFile'.
2026-04-06 04:47:56,505 14024 [INFO ] - VERBOSE: Importing alias 'Generate-BinFile'.
2026-04-06 04:47:56,505 14024 [INFO ] - VERBOSE: Importing alias 'Get-InstallRegistryKey'.
2026-04-06 04:47:56,506 14024 [INFO ] - VERBOSE: Importing alias 'Get-OSBitness'.
2026-04-06 04:47:56,506 14024 [INFO ] - VERBOSE: Importing alias 'Get-ProcessorBits'.
2026-04-06 04:47:56,506 14024 [INFO ] - VERBOSE: Importing alias 'Invoke-ChocolateyProcess'.
2026-04-06 04:47:56,506 14024 [INFO ] - VERBOSE: Importing alias 'refreshenv'.
2026-04-06 04:47:56,507 14024 [INFO ] - VERBOSE: Importing alias 'Remove-BinFile'.
2026-04-06 04:47:56,507 14024 [INFO ] - VERBOSE: Importing alias 'Start-ChocolateyProcess'.
2026-04-06 04:47:56,544 14024 [INFO ] - Microsoft .NET Framework 4.8 or later is already installed.
2026-04-06 04:47:56,584 14024 [INFO ] -  The upgrade of dotnetfx was successful.
2026-04-06 04:47:56,585 14024 [INFO ] -   Software install location not explicitly set, it could be in package or
  default install location of installer.
2026-04-06 04:47:56,587 14024 [INFO ] - [NuGet]   GET https://community.chocolatey.org/api/v2/Packages(Id='visualstudio-installer',Version='2.0.7')
2026-04-06 04:47:56,813 14024 [INFO ] - [NuGet]   OK https://community.chocolatey.org/api/v2/Packages(Id='visualstudio-installer',Version='2.0.7') 225ms
2026-04-06 04:47:56,821 14024 [INFO ] - Downloading package from source 'https://community.chocolatey.org/api/v2/'
2026-04-06 04:47:56,822 14024 [INFO ] - [NuGet]   GET https://community.chocolatey.org/api/v2/package/visualstudio-installer/2.0.7
2026-04-06 04:47:57,217 14024 [INFO ] - [NuGet]   OK https://community.chocolatey.org/api/v2/package/visualstudio-installer/2.0.7 395ms
2026-04-06 04:47:57,218 14024 [INFO ] - [NuGet] Acquiring lock for the installation of visualstudio-installer 2.0.7
2026-04-06 04:47:57,218 14024 [INFO ] - [NuGet] Acquired lock for the installation of visualstudio-installer 2.0.7
2026-04-06 04:47:57,225 14024 [INFO ] - [NuGet] Installed visualstudio-installer 2.0.7 from https://community.chocolatey.org/api/v2/ with content hash cpA3jITo6orRMPvtIIxQmSmdV9xCVW90fCHxgu/YUYZZDtn+sApd+0mvisCLoMPpm267lDi+ChsZeEAWyw+WBw==.
2026-04-06 04:47:57,240 14024 [INFO ] - [NuGet] Adding package 'visualstudio-installer.2.0.7 : chocolatey-visualstudio.extension [1.13.0, )' to folder 'C:\ProgramData\chocolatey\lib'
2026-04-06 04:47:57,277 14024 [INFO ] - [NuGet] Added package 'visualstudio-installer.2.0.7 : chocolatey-visualstudio.extension [1.13.0, )' to folder 'C:\ProgramData\chocolatey\lib'
2026-04-06 04:47:57,279 14024 [INFO ] - 
visualstudio-installer v2.0.7 [Approved]
2026-04-06 04:47:57,282 14024 [INFO ] - visualstudio-installer package files upgrade completed. Performing other installation steps.
2026-04-06 04:47:57,352 14024 [INFO ] - VERBOSE: Loading module from path 'C:\ProgramData\chocolatey\helpers\Chocolatey.PowerShell.dll'.
2026-04-06 04:47:57,353 14024 [INFO ] - VERBOSE: Importing cmdlet 'Get-EnvironmentVariable'.
2026-04-06 04:47:57,355 14024 [INFO ] - VERBOSE: Importing cmdlet 'Get-EnvironmentVariableNames'.
2026-04-06 04:47:57,355 14024 [INFO ] - VERBOSE: Importing cmdlet 'Install-ChocolateyPath'.
2026-04-06 04:47:57,355 14024 [INFO ] - VERBOSE: Importing cmdlet 'Set-EnvironmentVariable'.
2026-04-06 04:47:57,355 14024 [INFO ] - VERBOSE: Importing cmdlet 'Test-ProcessAdminRights'.
2026-04-06 04:47:57,356 14024 [INFO ] - VERBOSE: Importing cmdlet 'Uninstall-ChocolateyPath'.
2026-04-06 04:47:57,356 14024 [INFO ] - VERBOSE: Importing cmdlet 'Update-SessionEnvironment'.
2026-04-06 04:47:57,358 14024 [INFO ] - VERBOSE: Exporting function 'Format-FileSize'.
2026-04-06 04:47:57,358 14024 [INFO ] - VERBOSE: Exporting function 'Get-ChecksumValid'.
2026-04-06 04:47:57,359 14024 [INFO ] - VERBOSE: Exporting function 'Get-ChocolateyConfigValue'.
2026-04-06 04:47:57,359 14024 [INFO ] - VERBOSE: Exporting function 'Get-ChocolateyPath'.
2026-04-06 04:47:57,359 14024 [INFO ] - VERBOSE: Exporting function 'Get-ChocolateyUnzip'.
2026-04-06 04:47:57,359 14024 [INFO ] - VERBOSE: Exporting function 'Get-ChocolateyWebFile'.
2026-04-06 04:47:57,360 14024 [INFO ] - VERBOSE: Exporting function 'Get-FtpFile'.
2026-04-06 04:47:57,360 14024 [INFO ] - VERBOSE: Exporting function 'Get-OSArchitectureWidth'.
2026-04-06 04:47:57,360 14024 [INFO ] - VERBOSE: Exporting function 'Get-PackageParameters'.
2026-04-06 04:47:57,360 14024 [INFO ] - VERBOSE: Exporting function 'Get-PackageParametersBuiltIn'.
2026-04-06 04:47:57,360 14024 [INFO ] - VERBOSE: Exporting function 'Get-ToolsLocation'.
2026-04-06 04:47:57,361 14024 [INFO ] - VERBOSE: Exporting function 'Get-UACEnabled'.
2026-04-06 04:47:57,361 14024 [INFO ] - VERBOSE: Exporting function 'Get-UninstallRegistryKey'.
2026-04-06 04:47:57,361 14024 [INFO ] - VERBOSE: Exporting function 'Get-VirusCheckValid'.
2026-04-06 04:47:57,361 14024 [INFO ] - VERBOSE: Exporting function 'Get-WebFile'.
2026-04-06 04:47:57,361 14024 [INFO ] - VERBOSE: Exporting function 'Get-WebFileName'.
2026-04-06 04:47:57,362 14024 [INFO ] - VERBOSE: Exporting function 'Get-WebHeaders'.
2026-04-06 04:47:57,362 14024 [INFO ] - VERBOSE: Exporting function 'Install-BinFile'.
2026-04-06 04:47:57,362 14024 [INFO ] - VERBOSE: Exporting function 'Install-ChocolateyEnvironmentVariable'.
2026-04-06 04:47:57,362 14024 [INFO ] - VERBOSE: Exporting function 'Install-ChocolateyExplorerMenuItem'.
2026-04-06 04:47:57,363 14024 [INFO ] - VERBOSE: Exporting function 'Install-ChocolateyFileAssociation'.
2026-04-06 04:47:57,363 14024 [INFO ] - VERBOSE: Exporting function 'Install-ChocolateyInstallPackage'.
2026-04-06 04:47:57,363 14024 [INFO ] - VERBOSE: Exporting function 'Install-ChocolateyPackage'.
2026-04-06 04:47:57,363 14024 [INFO ] - VERBOSE: Exporting function 'Install-ChocolateyPinnedTaskBarItem'.
2026-04-06 04:47:57,364 14024 [INFO ] - VERBOSE: Exporting function 'Install-ChocolateyPowershellCommand'.
2026-04-06 04:47:57,364 14024 [INFO ] - VERBOSE: Exporting function 'Install-ChocolateyShortcut'.
2026-04-06 04:47:57,364 14024 [INFO ] - VERBOSE: Exporting function 'Install-ChocolateyVsixPackage'.
2026-04-06 04:47:57,364 14024 [INFO ] - VERBOSE: Exporting function 'Install-ChocolateyZipPackage'.
2026-04-06 04:47:57,364 14024 [INFO ] - VERBOSE: Exporting function 'Install-Vsix'.
2026-04-06 04:47:57,365 14024 [INFO ] - VERBOSE: Exporting function 'Set-PowerShellExitCode'.
2026-04-06 04:47:57,365 14024 [INFO ] - VERBOSE: Exporting function 'Start-ChocolateyProcessAsAdmin'.
2026-04-06 04:47:57,365 14024 [INFO ] - VERBOSE: Exporting function 'Uninstall-BinFile'.
2026-04-06 04:47:57,365 14024 [INFO ] - VERBOSE: Exporting function 'Uninstall-ChocolateyEnvironmentVariable'.
2026-04-06 04:47:57,366 14024 [INFO ] - VERBOSE: Exporting function 'Uninstall-ChocolateyPackage'.
2026-04-06 04:47:57,366 14024 [INFO ] - VERBOSE: Exporting function 'Uninstall-ChocolateyZipPackage'.
2026-04-06 04:47:57,366 14024 [INFO ] - VERBOSE: Exporting function 'Write-FunctionCallLogMessage'.
2026-04-06 04:47:57,366 14024 [INFO ] - VERBOSE: Exporting cmdlet 'Get-EnvironmentVariable'.
2026-04-06 04:47:57,366 14024 [INFO ] - VERBOSE: Exporting cmdlet 'Get-EnvironmentVariableNames'.
2026-04-06 04:47:57,367 14024 [INFO ] - VERBOSE: Exporting cmdlet 'Install-ChocolateyPath'.
2026-04-06 04:47:57,367 14024 [INFO ] - VERBOSE: Exporting cmdlet 'Set-EnvironmentVariable'.
2026-04-06 04:47:57,367 14024 [INFO ] - VERBOSE: Exporting cmdlet 'Test-ProcessAdminRights'.
2026-04-06 04:47:57,367 14024 [INFO ] - VERBOSE: Exporting cmdlet 'Uninstall-ChocolateyPath'.
2026-04-06 04:47:57,368 14024 [INFO ] - VERBOSE: Exporting cmdlet 'Update-SessionEnvironment'.
2026-04-06 04:47:57,368 14024 [INFO ] - VERBOSE: Exporting alias 'Get-ProcessorBits'.
2026-04-06 04:47:57,368 14024 [INFO ] - VERBOSE: Exporting alias 'Get-OSBitness'.
2026-04-06 04:47:57,368 14024 [INFO ] - VERBOSE: Exporting alias 'Get-InstallRegistryKey'.
2026-04-06 04:47:57,368 14024 [INFO ] - VERBOSE: Exporting alias 'Generate-BinFile'.
2026-04-06 04:47:57,369 14024 [INFO ] - VERBOSE: Exporting alias 'Add-BinFile'.
2026-04-06 04:47:57,369 14024 [INFO ] - VERBOSE: Exporting alias 'Start-ChocolateyProcess'.
2026-04-06 04:47:57,369 14024 [INFO ] - VERBOSE: Exporting alias 'Invoke-ChocolateyProcess'.
2026-04-06 04:47:57,369 14024 [INFO ] - VERBOSE: Exporting alias 'Remove-BinFile'.
2026-04-06 04:47:57,369 14024 [INFO ] - VERBOSE: Exporting alias 'refreshenv'.
2026-04-06 04:47:57,372 14024 [INFO ] - VERBOSE: Loading module from path 'C:\ProgramData\chocolatey\extensions\chocolatey-compatibility\chocolatey-compatibility.psm1'.
2026-04-06 04:47:57,379 14024 [INFO ] - VERBOSE: Exporting function 'Install-ChocolateyDesktopLink'.
2026-04-06 04:47:57,381 14024 [INFO ] - VERBOSE: Exporting function 'Write-ChocolateyFailure'.
2026-04-06 04:47:57,382 14024 [INFO ] - VERBOSE: Exporting function 'Write-ChocolateySuccess'.
2026-04-06 04:47:57,383 14024 [INFO ] - VERBOSE: Exporting function 'Write-FileUpdateLog'.
2026-04-06 04:47:57,383 14024 [INFO ] - VERBOSE: Importing function 'Install-ChocolateyDesktopLink'.
2026-04-06 04:47:57,383 14024 [INFO ] - VERBOSE: Importing function 'Write-ChocolateyFailure'.
2026-04-06 04:47:57,383 14024 [INFO ] - VERBOSE: Importing function 'Write-ChocolateySuccess'.
2026-04-06 04:47:57,384 14024 [INFO ] - VERBOSE: Importing function 'Write-FileUpdateLog'.
2026-04-06 04:47:57,385 14024 [INFO ] - VERBOSE: Loading module from path 'C:\ProgramData\chocolatey\extensions\chocolatey-core\chocolatey-core.psm1'.
2026-04-06 04:47:57,415 14024 [INFO ] - VERBOSE: Exporting function 'Get-AppInstallLocation'.
2026-04-06 04:47:57,415 14024 [INFO ] - VERBOSE: Exporting function 'Get-AvailableDriveLetter'.
2026-04-06 04:47:57,416 14024 [INFO ] - VERBOSE: Exporting function 'Get-EffectiveProxy'.
2026-04-06 04:47:57,416 14024 [INFO ] - VERBOSE: Exporting function 'Get-PackageCacheLocation'.
2026-04-06 04:47:57,416 14024 [INFO ] - VERBOSE: Exporting function 'Get-WebContent'.
2026-04-06 04:47:57,417 14024 [INFO ] - VERBOSE: Exporting function 'Register-Application'.
2026-04-06 04:47:57,417 14024 [INFO ] - VERBOSE: Exporting function 'Remove-Process'.
2026-04-06 04:47:57,417 14024 [INFO ] - VERBOSE: Importing function 'Get-AppInstallLocation'.
2026-04-06 04:47:57,418 14024 [INFO ] - VERBOSE: Importing function 'Get-AvailableDriveLetter'.
2026-04-06 04:47:57,418 14024 [INFO ] - VERBOSE: Importing function 'Get-EffectiveProxy'.
2026-04-06 04:47:57,418 14024 [INFO ] - VERBOSE: Importing function 'Get-PackageCacheLocation'.
2026-04-06 04:47:57,418 14024 [INFO ] - VERBOSE: Importing function 'Get-WebContent'.
2026-04-06 04:47:57,419 14024 [INFO ] - VERBOSE: Importing function 'Register-Application'.
2026-04-06 04:47:57,419 14024 [INFO ] - VERBOSE: Importing function 'Remove-Process'.
2026-04-06 04:47:57,420 14024 [INFO ] - VERBOSE: Loading module from path 'C:\ProgramData\chocolatey\extensions\chocolatey-dotnetfx\chocolatey-dotnetfx.psm1'.
2026-04-06 04:47:57,426 14024 [INFO ] - VERBOSE: Exporting function 'Install-DotNetFramework'.
2026-04-06 04:47:57,426 14024 [INFO ] - VERBOSE: Exporting function 'Install-DotNetDevPack'.
2026-04-06 04:47:57,426 14024 [INFO ] - VERBOSE: Importing function 'Install-DotNetDevPack'.
2026-04-06 04:47:57,426 14024 [INFO ] - VERBOSE: Importing function 'Install-DotNetFramework'.
2026-04-06 04:47:57,427 14024 [INFO ] - VERBOSE: Loading module from path 'C:\ProgramData\chocolatey\extensions\chocolatey-visualstudio\chocolatey-visualstudio.extension.psm1'.
2026-04-06 04:47:57,462 14024 [INFO ] - VERBOSE: Exporting function 'Add-VisualStudioComponent'.
2026-04-06 04:47:57,462 14024 [INFO ] - VERBOSE: Exporting function 'Add-VisualStudioWorkload'.
2026-04-06 04:47:57,462 14024 [INFO ] - VERBOSE: Exporting function 'Get-VisualStudioInstaller'.
2026-04-06 04:47:57,463 14024 [INFO ] - VERBOSE: Exporting function 'Get-VisualStudioInstallerHealth'.
2026-04-06 04:47:57,463 14024 [INFO ] - VERBOSE: Exporting function 'Get-VisualStudioInstance'.
2026-04-06 04:47:57,463 14024 [INFO ] - VERBOSE: Exporting function 'Get-VisualStudioVsixInstaller'.
2026-04-06 04:47:57,463 14024 [INFO ] - VERBOSE: Exporting function 'Install-VisualStudio'.
2026-04-06 04:47:57,464 14024 [INFO ] - VERBOSE: Exporting function 'Install-VisualStudioInstaller'.
2026-04-06 04:47:57,464 14024 [INFO ] - VERBOSE: Exporting function 'Install-VisualStudioVsixExtension'.
2026-04-06 04:47:57,464 14024 [INFO ] - VERBOSE: Exporting function 'Remove-VisualStudioComponent'.
2026-04-06 04:47:57,465 14024 [INFO ] - VERBOSE: Exporting function 'Remove-VisualStudioProduct'.
2026-04-06 04:47:57,465 14024 [INFO ] - VERBOSE: Exporting function 'Remove-VisualStudioWorkload'.
2026-04-06 04:47:57,465 14024 [INFO ] - VERBOSE: Exporting function 'Uninstall-VisualStudio'.
2026-04-06 04:47:57,465 14024 [INFO ] - VERBOSE: Exporting function 'Uninstall-VisualStudioVsixExtension'.
2026-04-06 04:47:57,466 14024 [INFO ] - VERBOSE: Importing function 'Add-VisualStudioComponent'.
2026-04-06 04:47:57,466 14024 [INFO ] - VERBOSE: Importing function 'Add-VisualStudioWorkload'.
2026-04-06 04:47:57,466 14024 [INFO ] - VERBOSE: Importing function 'Get-VisualStudioInstaller'.
2026-04-06 04:47:57,466 14024 [INFO ] - VERBOSE: Importing function 'Get-VisualStudioInstallerHealth'.
2026-04-06 04:47:57,466 14024 [INFO ] - VERBOSE: Importing function 'Get-VisualStudioInstance'.
2026-04-06 04:47:57,467 14024 [INFO ] - VERBOSE: Importing function 'Get-VisualStudioVsixInstaller'.
2026-04-06 04:47:57,467 14024 [INFO ] - VERBOSE: Importing function 'Install-VisualStudio'.
2026-04-06 04:47:57,467 14024 [INFO ] - VERBOSE: Importing function 'Install-VisualStudioInstaller'.
2026-04-06 04:47:57,467 14024 [INFO ] - VERBOSE: Importing function 'Install-VisualStudioVsixExtension'.
2026-04-06 04:47:57,468 14024 [INFO ] - VERBOSE: Importing function 'Remove-VisualStudioComponent'.
2026-04-06 04:47:57,468 14024 [INFO ] - VERBOSE: Importing function 'Remove-VisualStudioProduct'.
2026-04-06 04:47:57,468 14024 [INFO ] - VERBOSE: Importing function 'Remove-VisualStudioWorkload'.
2026-04-06 04:47:57,468 14024 [INFO ] - VERBOSE: Importing function 'Uninstall-VisualStudio'.
2026-04-06 04:47:57,468 14024 [INFO ] - VERBOSE: Importing function 'Uninstall-VisualStudioVsixExtension'.
2026-04-06 04:47:57,470 14024 [INFO ] - VERBOSE: Loading module from path 'C:\ProgramData\chocolatey\extensions\chocolatey-windowsupdate\chocolatey-windowsupdate.psm1'.
2026-04-06 04:47:57,475 14024 [INFO ] - VERBOSE: Exporting function 'Install-WindowsUpdate'.
2026-04-06 04:47:57,476 14024 [INFO ] - VERBOSE: Exporting function 'Test-WindowsUpdate'.
2026-04-06 04:47:57,476 14024 [INFO ] - VERBOSE: Importing function 'Install-WindowsUpdate'.
2026-04-06 04:47:57,476 14024 [INFO ] - VERBOSE: Importing function 'Test-WindowsUpdate'.
2026-04-06 04:47:57,478 14024 [INFO ] - VERBOSE: Exporting function 'Format-FileSize'.
2026-04-06 04:47:57,478 14024 [INFO ] - VERBOSE: Exporting function 'Get-ChecksumValid'.
2026-04-06 04:47:57,479 14024 [INFO ] - VERBOSE: Exporting function 'Get-ChocolateyConfigValue'.
2026-04-06 04:47:57,479 14024 [INFO ] - VERBOSE: Exporting function 'Get-ChocolateyPath'.
2026-04-06 04:47:57,479 14024 [INFO ] - VERBOSE: Exporting function 'Get-ChocolateyUnzip'.
2026-04-06 04:47:57,479 14024 [INFO ] - VERBOSE: Exporting function 'Get-ChocolateyWebFile'.
2026-04-06 04:47:57,479 14024 [INFO ] - VERBOSE: Exporting function 'Get-FtpFile'.
2026-04-06 04:47:57,480 14024 [INFO ] - VERBOSE: Exporting function 'Get-OSArchitectureWidth'.
2026-04-06 04:47:57,480 14024 [INFO ] - VERBOSE: Exporting function 'Get-PackageParameters'.
2026-04-06 04:47:57,480 14024 [INFO ] - VERBOSE: Exporting function 'Get-PackageParametersBuiltIn'.
2026-04-06 04:47:57,480 14024 [INFO ] - VERBOSE: Exporting function 'Get-ToolsLocation'.
2026-04-06 04:47:57,481 14024 [INFO ] - VERBOSE: Exporting function 'Get-UACEnabled'.
2026-04-06 04:47:57,481 14024 [INFO ] - VERBOSE: Exporting function 'Get-UninstallRegistryKey'.
2026-04-06 04:47:57,481 14024 [INFO ] - VERBOSE: Exporting function 'Get-VirusCheckValid'.
2026-04-06 04:47:57,481 14024 [INFO ] - VERBOSE: Exporting function 'Get-WebFile'.
2026-04-06 04:47:57,482 14024 [INFO ] - VERBOSE: Exporting function 'Get-WebFileName'.
2026-04-06 04:47:57,482 14024 [INFO ] - VERBOSE: Exporting function 'Get-WebHeaders'.
2026-04-06 04:47:57,482 14024 [INFO ] - VERBOSE: Exporting function 'Install-BinFile'.
2026-04-06 04:47:57,482 14024 [INFO ] - VERBOSE: Exporting function 'Install-ChocolateyEnvironmentVariable'.
2026-04-06 04:47:57,483 14024 [INFO ] - VERBOSE: Exporting function 'Install-ChocolateyExplorerMenuItem'.
2026-04-06 04:47:57,483 14024 [INFO ] - VERBOSE: Exporting function 'Install-ChocolateyFileAssociation'.
2026-04-06 04:47:57,483 14024 [INFO ] - VERBOSE: Exporting function 'Install-ChocolateyInstallPackage'.
2026-04-06 04:47:57,483 14024 [INFO ] - VERBOSE: Exporting function 'Install-ChocolateyPackage'.
2026-04-06 04:47:57,483 14024 [INFO ] - VERBOSE: Exporting function 'Install-ChocolateyPinnedTaskBarItem'.
2026-04-06 04:47:57,484 14024 [INFO ] - VERBOSE: Exporting function 'Install-ChocolateyPowershellCommand'.
2026-04-06 04:47:57,484 14024 [INFO ] - VERBOSE: Exporting function 'Install-ChocolateyShortcut'.
2026-04-06 04:47:57,484 14024 [INFO ] - VERBOSE: Exporting function 'Install-ChocolateyVsixPackage'.
2026-04-06 04:47:57,484 14024 [INFO ] - VERBOSE: Exporting function 'Install-ChocolateyZipPackage'.
2026-04-06 04:47:57,485 14024 [INFO ] - VERBOSE: Exporting function 'Install-Vsix'.
2026-04-06 04:47:57,485 14024 [INFO ] - VERBOSE: Exporting function 'Set-PowerShellExitCode'.
2026-04-06 04:47:57,485 14024 [INFO ] - VERBOSE: Exporting function 'Start-ChocolateyProcessAsAdmin'.
2026-04-06 04:47:57,485 14024 [INFO ] - VERBOSE: Exporting function 'Uninstall-BinFile'.
2026-04-06 04:47:57,485 14024 [INFO ] - VERBOSE: Exporting function 'Uninstall-ChocolateyEnvironmentVariable'.
2026-04-06 04:47:57,486 14024 [INFO ] - VERBOSE: Exporting function 'Uninstall-ChocolateyPackage'.
2026-04-06 04:47:57,486 14024 [INFO ] - VERBOSE: Exporting function 'Uninstall-ChocolateyZipPackage'.
2026-04-06 04:47:57,486 14024 [INFO ] - VERBOSE: Exporting function 'Write-FunctionCallLogMessage'.
2026-04-06 04:47:57,486 14024 [INFO ] - VERBOSE: Exporting function 'Install-ChocolateyDesktopLink'.
2026-04-06 04:47:57,487 14024 [INFO ] - VERBOSE: Exporting function 'Write-ChocolateyFailure'.
2026-04-06 04:47:57,487 14024 [INFO ] - VERBOSE: Exporting function 'Write-ChocolateySuccess'.
2026-04-06 04:47:57,487 14024 [INFO ] - VERBOSE: Exporting function 'Write-FileUpdateLog'.
2026-04-06 04:47:57,487 14024 [INFO ] - VERBOSE: Exporting function 'Get-AppInstallLocation'.
2026-04-06 04:47:57,487 14024 [INFO ] - VERBOSE: Exporting function 'Get-AvailableDriveLetter'.
2026-04-06 04:47:57,488 14024 [INFO ] - VERBOSE: Exporting function 'Get-EffectiveProxy'.
2026-04-06 04:47:57,488 14024 [INFO ] - VERBOSE: Exporting function 'Get-PackageCacheLocation'.
2026-04-06 04:47:57,488 14024 [INFO ] - VERBOSE: Exporting function 'Get-WebContent'.
2026-04-06 04:47:57,488 14024 [INFO ] - VERBOSE: Exporting function 'Register-Application'.
2026-04-06 04:47:57,489 14024 [INFO ] - VERBOSE: Exporting function 'Remove-Process'.
2026-04-06 04:47:57,489 14024 [INFO ] - VERBOSE: Exporting function 'Install-DotNetDevPack'.
2026-04-06 04:47:57,489 14024 [INFO ] - VERBOSE: Exporting function 'Install-DotNetFramework'.
2026-04-06 04:47:57,489 14024 [INFO ] - VERBOSE: Exporting function 'Add-VisualStudioComponent'.
2026-04-06 04:47:57,490 14024 [INFO ] - VERBOSE: Exporting function 'Add-VisualStudioWorkload'.
2026-04-06 04:47:57,490 14024 [INFO ] - VERBOSE: Exporting function 'Get-VisualStudioInstaller'.
2026-04-06 04:47:57,490 14024 [INFO ] - VERBOSE: Exporting function 'Get-VisualStudioInstallerHealth'.
2026-04-06 04:47:57,490 14024 [INFO ] - VERBOSE: Exporting function 'Get-VisualStudioInstance'.
2026-04-06 04:47:57,491 14024 [INFO ] - VERBOSE: Exporting function 'Get-VisualStudioVsixInstaller'.
2026-04-06 04:47:57,491 14024 [INFO ] - VERBOSE: Exporting function 'Install-VisualStudio'.
2026-04-06 04:47:57,491 14024 [INFO ] - VERBOSE: Exporting function 'Install-VisualStudioInstaller'.
2026-04-06 04:47:57,491 14024 [INFO ] - VERBOSE: Exporting function 'Install-VisualStudioVsixExtension'.
2026-04-06 04:47:57,491 14024 [INFO ] - VERBOSE: Exporting function 'Remove-VisualStudioComponent'.
2026-04-06 04:47:57,492 14024 [INFO ] - VERBOSE: Exporting function 'Remove-VisualStudioProduct'.
2026-04-06 04:47:57,492 14024 [INFO ] - VERBOSE: Exporting function 'Remove-VisualStudioWorkload'.
2026-04-06 04:47:57,492 14024 [INFO ] - VERBOSE: Exporting function 'Uninstall-VisualStudio'.
2026-04-06 04:47:57,492 14024 [INFO ] - VERBOSE: Exporting function 'Uninstall-VisualStudioVsixExtension'.
2026-04-06 04:47:57,493 14024 [INFO ] - VERBOSE: Exporting function 'Install-WindowsUpdate'.
2026-04-06 04:47:57,493 14024 [INFO ] - VERBOSE: Exporting function 'Test-WindowsUpdate'.
2026-04-06 04:47:57,493 14024 [INFO ] - VERBOSE: Exporting cmdlet 'Get-EnvironmentVariable'.
2026-04-06 04:47:57,493 14024 [INFO ] - VERBOSE: Exporting cmdlet 'Get-EnvironmentVariableNames'.
2026-04-06 04:47:57,494 14024 [INFO ] - VERBOSE: Exporting cmdlet 'Install-ChocolateyPath'.
2026-04-06 04:47:57,494 14024 [INFO ] - VERBOSE: Exporting cmdlet 'Set-EnvironmentVariable'.
2026-04-06 04:47:57,494 14024 [INFO ] - VERBOSE: Exporting cmdlet 'Test-ProcessAdminRights'.
2026-04-06 04:47:57,494 14024 [INFO ] - VERBOSE: Exporting cmdlet 'Uninstall-ChocolateyPath'.
2026-04-06 04:47:57,495 14024 [INFO ] - VERBOSE: Exporting cmdlet 'Update-SessionEnvironment'.
2026-04-06 04:47:57,495 14024 [INFO ] - VERBOSE: Exporting cmdlet 'Get-EnvironmentVariable'.
2026-04-06 04:47:57,495 14024 [INFO ] - VERBOSE: Exporting cmdlet 'Get-EnvironmentVariableNames'.
2026-04-06 04:47:57,495 14024 [INFO ] - VERBOSE: Exporting cmdlet 'Install-ChocolateyPath'.
2026-04-06 04:47:57,496 14024 [INFO ] - VERBOSE: Exporting cmdlet 'Set-EnvironmentVariable'.
2026-04-06 04:47:57,496 14024 [INFO ] - VERBOSE: Exporting cmdlet 'Test-ProcessAdminRights'.
2026-04-06 04:47:57,496 14024 [INFO ] - VERBOSE: Exporting cmdlet 'Uninstall-ChocolateyPath'.
2026-04-06 04:47:57,496 14024 [INFO ] - VERBOSE: Exporting cmdlet 'Update-SessionEnvironment'.
2026-04-06 04:47:57,497 14024 [INFO ] - VERBOSE: Exporting alias 'Get-ProcessorBits'.
2026-04-06 04:47:57,497 14024 [INFO ] - VERBOSE: Exporting alias 'Get-OSBitness'.
2026-04-06 04:47:57,497 14024 [INFO ] - VERBOSE: Exporting alias 'Get-InstallRegistryKey'.
2026-04-06 04:47:57,497 14024 [INFO ] - VERBOSE: Exporting alias 'Generate-BinFile'.
2026-04-06 04:47:57,498 14024 [INFO ] - VERBOSE: Exporting alias 'Add-BinFile'.
2026-04-06 04:47:57,498 14024 [INFO ] - VERBOSE: Exporting alias 'Start-ChocolateyProcess'.
2026-04-06 04:47:57,498 14024 [INFO ] - VERBOSE: Exporting alias 'Invoke-ChocolateyProcess'.
2026-04-06 04:47:57,498 14024 [INFO ] - VERBOSE: Exporting alias 'Remove-BinFile'.
2026-04-06 04:47:57,499 14024 [INFO ] - VERBOSE: Exporting alias 'refreshenv'.
2026-04-06 04:47:57,499 14024 [INFO ] - VERBOSE: Importing cmdlet 'Get-EnvironmentVariable'.
2026-04-06 04:47:57,499 14024 [INFO ] - VERBOSE: Importing cmdlet 'Get-EnvironmentVariableNames'.
2026-04-06 04:47:57,499 14024 [INFO ] - VERBOSE: Importing cmdlet 'Install-ChocolateyPath'.
2026-04-06 04:47:57,500 14024 [INFO ] - VERBOSE: Importing cmdlet 'Set-EnvironmentVariable'.
2026-04-06 04:47:57,500 14024 [INFO ] - VERBOSE: Importing cmdlet 'Test-ProcessAdminRights'.
2026-04-06 04:47:57,500 14024 [INFO ] - VERBOSE: Importing cmdlet 'Uninstall-ChocolateyPath'.
2026-04-06 04:47:57,500 14024 [INFO ] - VERBOSE: Importing cmdlet 'Update-SessionEnvironment'.
2026-04-06 04:47:57,501 14024 [INFO ] - VERBOSE: Importing function 'Add-VisualStudioComponent'.
2026-04-06 04:47:57,501 14024 [INFO ] - VERBOSE: Importing function 'Add-VisualStudioWorkload'.
2026-04-06 04:47:57,501 14024 [INFO ] - VERBOSE: Importing function 'Format-FileSize'.
2026-04-06 04:47:57,501 14024 [INFO ] - VERBOSE: Importing function 'Get-AppInstallLocation'.
2026-04-06 04:47:57,502 14024 [INFO ] - VERBOSE: Importing function 'Get-AvailableDriveLetter'.
2026-04-06 04:47:57,502 14024 [INFO ] - VERBOSE: Importing function 'Get-ChecksumValid'.
2026-04-06 04:47:57,502 14024 [INFO ] - VERBOSE: Importing function 'Get-ChocolateyConfigValue'.
2026-04-06 04:47:57,502 14024 [INFO ] - VERBOSE: Importing function 'Get-ChocolateyPath'.
2026-04-06 04:47:57,502 14024 [INFO ] - VERBOSE: Importing function 'Get-ChocolateyUnzip'.
2026-04-06 04:47:57,503 14024 [INFO ] - VERBOSE: Importing function 'Get-ChocolateyWebFile'.
2026-04-06 04:47:57,503 14024 [INFO ] - VERBOSE: Importing function 'Get-EffectiveProxy'.
2026-04-06 04:47:57,503 14024 [INFO ] - VERBOSE: Importing function 'Get-FtpFile'.
2026-04-06 04:47:57,503 14024 [INFO ] - VERBOSE: Importing function 'Get-OSArchitectureWidth'.
2026-04-06 04:47:57,503 14024 [INFO ] - VERBOSE: Importing function 'Get-PackageCacheLocation'.
2026-04-06 04:47:57,504 14024 [INFO ] - VERBOSE: Importing function 'Get-PackageParameters'.
2026-04-06 04:47:57,504 14024 [INFO ] - VERBOSE: Importing function 'Get-PackageParametersBuiltIn'.
2026-04-06 04:47:57,504 14024 [INFO ] - VERBOSE: Importing function 'Get-ToolsLocation'.
2026-04-06 04:47:57,504 14024 [INFO ] - VERBOSE: Importing function 'Get-UACEnabled'.
2026-04-06 04:47:57,505 14024 [INFO ] - VERBOSE: Importing function 'Get-UninstallRegistryKey'.
2026-04-06 04:47:57,505 14024 [INFO ] - VERBOSE: Importing function 'Get-VirusCheckValid'.
2026-04-06 04:47:57,505 14024 [INFO ] - VERBOSE: Importing function 'Get-VisualStudioInstaller'.
2026-04-06 04:47:57,505 14024 [INFO ] - VERBOSE: Importing function 'Get-VisualStudioInstallerHealth'.
2026-04-06 04:47:57,505 14024 [INFO ] - VERBOSE: Importing function 'Get-VisualStudioInstance'.
2026-04-06 04:47:57,506 14024 [INFO ] - VERBOSE: Importing function 'Get-VisualStudioVsixInstaller'.
2026-04-06 04:47:57,506 14024 [INFO ] - VERBOSE: Importing function 'Get-WebContent'.
2026-04-06 04:47:57,506 14024 [INFO ] - VERBOSE: Importing function 'Get-WebFile'.
2026-04-06 04:47:57,506 14024 [INFO ] - VERBOSE: Importing function 'Get-WebFileName'.
2026-04-06 04:47:57,507 14024 [INFO ] - VERBOSE: Importing function 'Get-WebHeaders'.
2026-04-06 04:47:57,507 14024 [INFO ] - VERBOSE: Importing function 'Install-BinFile'.
2026-04-06 04:47:57,507 14024 [INFO ] - VERBOSE: Importing function 'Install-ChocolateyDesktopLink'.
2026-04-06 04:47:57,507 14024 [INFO ] - VERBOSE: Importing function 'Install-ChocolateyEnvironmentVariable'.
2026-04-06 04:47:57,507 14024 [INFO ] - VERBOSE: Importing function 'Install-ChocolateyExplorerMenuItem'.
2026-04-06 04:47:57,509 14024 [INFO ] - VERBOSE: Importing function 'Install-ChocolateyFileAssociation'.
2026-04-06 04:47:57,509 14024 [INFO ] - VERBOSE: Importing function 'Install-ChocolateyInstallPackage'.
2026-04-06 04:47:57,509 14024 [INFO ] - VERBOSE: Importing function 'Install-ChocolateyPackage'.
2026-04-06 04:47:57,509 14024 [INFO ] - VERBOSE: Importing function 'Install-ChocolateyPinnedTaskBarItem'.
2026-04-06 04:47:57,509 14024 [INFO ] - VERBOSE: Importing function 'Install-ChocolateyPowershellCommand'.
2026-04-06 04:47:57,510 14024 [INFO ] - VERBOSE: Importing function 'Install-ChocolateyShortcut'.
2026-04-06 04:47:57,510 14024 [INFO ] - VERBOSE: Importing function 'Install-ChocolateyVsixPackage'.
2026-04-06 04:47:57,510 14024 [INFO ] - VERBOSE: Importing function 'Install-ChocolateyZipPackage'.
2026-04-06 04:47:57,510 14024 [INFO ] - VERBOSE: Importing function 'Install-DotNetDevPack'.
2026-04-06 04:47:57,510 14024 [INFO ] - VERBOSE: Importing function 'Install-DotNetFramework'.
2026-04-06 04:47:57,511 14024 [INFO ] - VERBOSE: Importing function 'Install-VisualStudio'.
2026-04-06 04:47:57,511 14024 [INFO ] - VERBOSE: Importing function 'Install-VisualStudioInstaller'.
2026-04-06 04:47:57,511 14024 [INFO ] - VERBOSE: Importing function 'Install-VisualStudioVsixExtension'.
2026-04-06 04:47:57,511 14024 [INFO ] - VERBOSE: Importing function 'Install-Vsix'.
2026-04-06 04:47:57,512 14024 [INFO ] - VERBOSE: Importing function 'Install-WindowsUpdate'.
2026-04-06 04:47:57,512 14024 [INFO ] - VERBOSE: Importing function 'Register-Application'.
2026-04-06 04:47:57,512 14024 [INFO ] - VERBOSE: Importing function 'Remove-Process'.
2026-04-06 04:47:57,512 14024 [INFO ] - VERBOSE: Importing function 'Remove-VisualStudioComponent'.
2026-04-06 04:47:57,512 14024 [INFO ] - VERBOSE: Importing function 'Remove-VisualStudioProduct'.
2026-04-06 04:47:57,513 14024 [INFO ] - VERBOSE: Importing function 'Remove-VisualStudioWorkload'.
2026-04-06 04:47:57,513 14024 [INFO ] - VERBOSE: Importing function 'Set-PowerShellExitCode'.
2026-04-06 04:47:57,513 14024 [INFO ] - VERBOSE: Importing function 'Start-ChocolateyProcessAsAdmin'.
2026-04-06 04:47:57,513 14024 [INFO ] - VERBOSE: Importing function 'Test-WindowsUpdate'.
2026-04-06 04:47:57,514 14024 [INFO ] - VERBOSE: Importing function 'Uninstall-BinFile'.
2026-04-06 04:47:57,514 14024 [INFO ] - VERBOSE: Importing function 'Uninstall-ChocolateyEnvironmentVariable'.
2026-04-06 04:47:57,514 14024 [INFO ] - VERBOSE: Importing function 'Uninstall-ChocolateyPackage'.
2026-04-06 04:47:57,514 14024 [INFO ] - VERBOSE: Importing function 'Uninstall-ChocolateyZipPackage'.
2026-04-06 04:47:57,515 14024 [INFO ] - VERBOSE: Importing function 'Uninstall-VisualStudio'.
2026-04-06 04:47:57,515 14024 [INFO ] - VERBOSE: Importing function 'Uninstall-VisualStudioVsixExtension'.
2026-04-06 04:47:57,515 14024 [INFO ] - VERBOSE: Importing function 'Write-ChocolateyFailure'.
2026-04-06 04:47:57,515 14024 [INFO ] - VERBOSE: Importing function 'Write-ChocolateySuccess'.
2026-04-06 04:47:57,516 14024 [INFO ] - VERBOSE: Importing function 'Write-FileUpdateLog'.
2026-04-06 04:47:57,516 14024 [INFO ] - VERBOSE: Importing function 'Write-FunctionCallLogMessage'.
2026-04-06 04:47:57,516 14024 [INFO ] - VERBOSE: Importing alias 'Add-BinFile'.
2026-04-06 04:47:57,516 14024 [INFO ] - VERBOSE: Importing alias 'Generate-BinFile'.
2026-04-06 04:47:57,516 14024 [INFO ] - VERBOSE: Importing alias 'Get-InstallRegistryKey'.
2026-04-06 04:47:57,517 14024 [INFO ] - VERBOSE: Importing alias 'Get-OSBitness'.
2026-04-06 04:47:57,517 14024 [INFO ] - VERBOSE: Importing alias 'Get-ProcessorBits'.
2026-04-06 04:47:57,517 14024 [INFO ] - VERBOSE: Importing alias 'Invoke-ChocolateyProcess'.
2026-04-06 04:47:57,517 14024 [INFO ] - VERBOSE: Importing alias 'refreshenv'.
2026-04-06 04:47:57,518 14024 [INFO ] - VERBOSE: Importing alias 'Remove-BinFile'.
2026-04-06 04:47:57,518 14024 [INFO ] - VERBOSE: Importing alias 'Start-ChocolateyProcess'.
2026-04-06 04:47:57,574 14024 [INFO ] -  The upgrade of visualstudio-installer was successful.
2026-04-06 04:47:57,575 14024 [INFO ] -   Software install location not explicitly set, it could be in package or
  default install location of installer.
2026-04-06 04:47:57,576 14024 [INFO ] - [NuGet]   GET https://community.chocolatey.org/api/v2/Packages(Id='visualstudio2026buildtools',Version='118.4.2')
2026-04-06 04:47:57,802 14024 [INFO ] - [NuGet]   OK https://community.chocolatey.org/api/v2/Packages(Id='visualstudio2026buildtools',Version='118.4.2') 225ms
2026-04-06 04:47:57,816 14024 [INFO ] - Downloading package from source 'https://community.chocolatey.org/api/v2/'
2026-04-06 04:47:57,817 14024 [INFO ] - [NuGet]   GET https://community.chocolatey.org/api/v2/package/visualstudio2026buildtools/118.4.2
2026-04-06 04:47:58,162 14024 [INFO ] - [NuGet]   OK https://community.chocolatey.org/api/v2/package/visualstudio2026buildtools/118.4.2 343ms
2026-04-06 04:47:58,162 14024 [INFO ] - [NuGet] Acquiring lock for the installation of visualstudio2026buildtools 118.4.2
2026-04-06 04:47:58,163 14024 [INFO ] - [NuGet] Acquired lock for the installation of visualstudio2026buildtools 118.4.2
2026-04-06 04:47:58,170 14024 [INFO ] - [NuGet] Installed visualstudio2026buildtools 118.4.2 from https://community.chocolatey.org/api/v2/ with content hash HdPE1LmGGImhsJvy71GQi9Qiqc7EgNl0j4hlH/Pcrg3cySIudw3XvJDgXKj/kdc+UpzkcO9XA724Bh8MZYHk/w==.
2026-04-06 04:47:58,186 14024 [INFO ] - [NuGet] Adding package 'visualstudio2026buildtools.118.4.2 : chocolatey-visualstudio.extension [1.13.0, ), dotnetfx [4.8.0, ), visualstudio-installer [2.0.7, )' to folder 'C:\ProgramData\chocolatey\lib'
2026-04-06 04:47:58,223 14024 [INFO ] - [NuGet] Added package 'visualstudio2026buildtools.118.4.2 : chocolatey-visualstudio.extension [1.13.0, ), dotnetfx [4.8.0, ), visualstudio-installer [2.0.7, )' to folder 'C:\ProgramData\chocolatey\lib'
2026-04-06 04:47:58,225 14024 [INFO ] - 
visualstudio2026buildtools v118.4.2 [Approved]
2026-04-06 04:47:58,227 14024 [INFO ] - visualstudio2026buildtools package files upgrade completed. Performing other installation steps.
2026-04-06 04:47:58,298 14024 [INFO ] - VERBOSE: Loading module from path 'C:\ProgramData\chocolatey\helpers\Chocolatey.PowerShell.dll'.
2026-04-06 04:47:58,299 14024 [INFO ] - VERBOSE: Importing cmdlet 'Get-EnvironmentVariable'.
2026-04-06 04:47:58,299 14024 [INFO ] - VERBOSE: Importing cmdlet 'Get-EnvironmentVariableNames'.
2026-04-06 04:47:58,299 14024 [INFO ] - VERBOSE: Importing cmdlet 'Install-ChocolateyPath'.
2026-04-06 04:47:58,299 14024 [INFO ] - VERBOSE: Importing cmdlet 'Set-EnvironmentVariable'.
2026-04-06 04:47:58,300 14024 [INFO ] - VERBOSE: Importing cmdlet 'Test-ProcessAdminRights'.
2026-04-06 04:47:58,300 14024 [INFO ] - VERBOSE: Importing cmdlet 'Uninstall-ChocolateyPath'.
2026-04-06 04:47:58,300 14024 [INFO ] - VERBOSE: Importing cmdlet 'Update-SessionEnvironment'.
2026-04-06 04:47:58,303 14024 [INFO ] - VERBOSE: Exporting function 'Format-FileSize'.
2026-04-06 04:47:58,304 14024 [INFO ] - VERBOSE: Exporting function 'Get-ChecksumValid'.
2026-04-06 04:47:58,304 14024 [INFO ] - VERBOSE: Exporting function 'Get-ChocolateyConfigValue'.
2026-04-06 04:47:58,304 14024 [INFO ] - VERBOSE: Exporting function 'Get-ChocolateyPath'.
2026-04-06 04:47:58,304 14024 [INFO ] - VERBOSE: Exporting function 'Get-ChocolateyUnzip'.
2026-04-06 04:47:58,304 14024 [INFO ] - VERBOSE: Exporting function 'Get-ChocolateyWebFile'.
2026-04-06 04:47:58,305 14024 [INFO ] - VERBOSE: Exporting function 'Get-FtpFile'.
2026-04-06 04:47:58,305 14024 [INFO ] - VERBOSE: Exporting function 'Get-OSArchitectureWidth'.
2026-04-06 04:47:58,305 14024 [INFO ] - VERBOSE: Exporting function 'Get-PackageParameters'.
2026-04-06 04:47:58,305 14024 [INFO ] - VERBOSE: Exporting function 'Get-PackageParametersBuiltIn'.
2026-04-06 04:47:58,305 14024 [INFO ] - VERBOSE: Exporting function 'Get-ToolsLocation'.
2026-04-06 04:47:58,306 14024 [INFO ] - VERBOSE: Exporting function 'Get-UACEnabled'.
2026-04-06 04:47:58,306 14024 [INFO ] - VERBOSE: Exporting function 'Get-UninstallRegistryKey'.
2026-04-06 04:47:58,306 14024 [INFO ] - VERBOSE: Exporting function 'Get-VirusCheckValid'.
2026-04-06 04:47:58,306 14024 [INFO ] - VERBOSE: Exporting function 'Get-WebFile'.
2026-04-06 04:47:58,307 14024 [INFO ] - VERBOSE: Exporting function 'Get-WebFileName'.
2026-04-06 04:47:58,307 14024 [INFO ] - VERBOSE: Exporting function 'Get-WebHeaders'.
2026-04-06 04:47:58,307 14024 [INFO ] - VERBOSE: Exporting function 'Install-BinFile'.
2026-04-06 04:47:58,307 14024 [INFO ] - VERBOSE: Exporting function 'Install-ChocolateyEnvironmentVariable'.
2026-04-06 04:47:58,307 14024 [INFO ] - VERBOSE: Exporting function 'Install-ChocolateyExplorerMenuItem'.
2026-04-06 04:47:58,308 14024 [INFO ] - VERBOSE: Exporting function 'Install-ChocolateyFileAssociation'.
2026-04-06 04:47:58,308 14024 [INFO ] - VERBOSE: Exporting function 'Install-ChocolateyInstallPackage'.
2026-04-06 04:47:58,308 14024 [INFO ] - VERBOSE: Exporting function 'Install-ChocolateyPackage'.
2026-04-06 04:47:58,308 14024 [INFO ] - VERBOSE: Exporting function 'Install-ChocolateyPinnedTaskBarItem'.
2026-04-06 04:47:58,308 14024 [INFO ] - VERBOSE: Exporting function 'Install-ChocolateyPowershellCommand'.
2026-04-06 04:47:58,309 14024 [INFO ] - VERBOSE: Exporting function 'Install-ChocolateyShortcut'.
2026-04-06 04:47:58,309 14024 [INFO ] - VERBOSE: Exporting function 'Install-ChocolateyVsixPackage'.
2026-04-06 04:47:58,309 14024 [INFO ] - VERBOSE: Exporting function 'Install-ChocolateyZipPackage'.
2026-04-06 04:47:58,309 14024 [INFO ] - VERBOSE: Exporting function 'Install-Vsix'.
2026-04-06 04:47:58,310 14024 [INFO ] - VERBOSE: Exporting function 'Set-PowerShellExitCode'.
2026-04-06 04:47:58,310 14024 [INFO ] - VERBOSE: Exporting function 'Start-ChocolateyProcessAsAdmin'.
2026-04-06 04:47:58,310 14024 [INFO ] - VERBOSE: Exporting function 'Uninstall-BinFile'.
2026-04-06 04:47:58,310 14024 [INFO ] - VERBOSE: Exporting function 'Uninstall-ChocolateyEnvironmentVariable'.
2026-04-06 04:47:58,310 14024 [INFO ] - VERBOSE: Exporting function 'Uninstall-ChocolateyPackage'.
2026-04-06 04:47:58,310 14024 [INFO ] - VERBOSE: Exporting function 'Uninstall-ChocolateyZipPackage'.
2026-04-06 04:47:58,311 14024 [INFO ] - VERBOSE: Exporting function 'Write-FunctionCallLogMessage'.
2026-04-06 04:47:58,311 14024 [INFO ] - VERBOSE: Exporting cmdlet 'Get-EnvironmentVariable'.
2026-04-06 04:47:58,311 14024 [INFO ] - VERBOSE: Exporting cmdlet 'Get-EnvironmentVariableNames'.
2026-04-06 04:47:58,311 14024 [INFO ] - VERBOSE: Exporting cmdlet 'Install-ChocolateyPath'.
2026-04-06 04:47:58,312 14024 [INFO ] - VERBOSE: Exporting cmdlet 'Set-EnvironmentVariable'.
2026-04-06 04:47:58,312 14024 [INFO ] - VERBOSE: Exporting cmdlet 'Test-ProcessAdminRights'.
2026-04-06 04:47:58,312 14024 [INFO ] - VERBOSE: Exporting cmdlet 'Uninstall-ChocolateyPath'.
2026-04-06 04:47:58,312 14024 [INFO ] - VERBOSE: Exporting cmdlet 'Update-SessionEnvironment'.
2026-04-06 04:47:58,312 14024 [INFO ] - VERBOSE: Exporting alias 'Get-ProcessorBits'.
2026-04-06 04:47:58,313 14024 [INFO ] - VERBOSE: Exporting alias 'Get-OSBitness'.
2026-04-06 04:47:58,313 14024 [INFO ] - VERBOSE: Exporting alias 'Get-InstallRegistryKey'.
2026-04-06 04:47:58,313 14024 [INFO ] - VERBOSE: Exporting alias 'Generate-BinFile'.
2026-04-06 04:47:58,313 14024 [INFO ] - VERBOSE: Exporting alias 'Add-BinFile'.
2026-04-06 04:47:58,314 14024 [INFO ] - VERBOSE: Exporting alias 'Start-ChocolateyProcess'.
2026-04-06 04:47:58,314 14024 [INFO ] - VERBOSE: Exporting alias 'Invoke-ChocolateyProcess'.
2026-04-06 04:47:58,314 14024 [INFO ] - VERBOSE: Exporting alias 'Remove-BinFile'.
2026-04-06 04:47:58,314 14024 [INFO ] - VERBOSE: Exporting alias 'refreshenv'.
2026-04-06 04:47:58,316 14024 [INFO ] - VERBOSE: Loading module from path 'C:\ProgramData\chocolatey\extensions\chocolatey-compatibility\chocolatey-compatibility.psm1'.
2026-04-06 04:47:58,325 14024 [INFO ] - VERBOSE: Exporting function 'Install-ChocolateyDesktopLink'.
2026-04-06 04:47:58,326 14024 [INFO ] - VERBOSE: Exporting function 'Write-ChocolateyFailure'.
2026-04-06 04:47:58,327 14024 [INFO ] - VERBOSE: Exporting function 'Write-ChocolateySuccess'.
2026-04-06 04:47:58,328 14024 [INFO ] - VERBOSE: Exporting function 'Write-FileUpdateLog'.
2026-04-06 04:47:58,328 14024 [INFO ] - VERBOSE: Importing function 'Install-ChocolateyDesktopLink'.
2026-04-06 04:47:58,329 14024 [INFO ] - VERBOSE: Importing function 'Write-ChocolateyFailure'.
2026-04-06 04:47:58,329 14024 [INFO ] - VERBOSE: Importing function 'Write-ChocolateySuccess'.
2026-04-06 04:47:58,329 14024 [INFO ] - VERBOSE: Importing function 'Write-FileUpdateLog'.
2026-04-06 04:47:58,331 14024 [INFO ] - VERBOSE: Loading module from path 'C:\ProgramData\chocolatey\extensions\chocolatey-core\chocolatey-core.psm1'.
2026-04-06 04:47:58,351 14024 [INFO ] - VERBOSE: Exporting function 'Get-AppInstallLocation'.
2026-04-06 04:47:58,351 14024 [INFO ] - VERBOSE: Exporting function 'Get-AvailableDriveLetter'.
2026-04-06 04:47:58,352 14024 [INFO ] - VERBOSE: Exporting function 'Get-EffectiveProxy'.
2026-04-06 04:47:58,352 14024 [INFO ] - VERBOSE: Exporting function 'Get-PackageCacheLocation'.
2026-04-06 04:47:58,352 14024 [INFO ] - VERBOSE: Exporting function 'Get-WebContent'.
2026-04-06 04:47:58,353 14024 [INFO ] - VERBOSE: Exporting function 'Register-Application'.
2026-04-06 04:47:58,353 14024 [INFO ] - VERBOSE: Exporting function 'Remove-Process'.
2026-04-06 04:47:58,353 14024 [INFO ] - VERBOSE: Importing function 'Get-AppInstallLocation'.
2026-04-06 04:47:58,354 14024 [INFO ] - VERBOSE: Importing function 'Get-AvailableDriveLetter'.
2026-04-06 04:47:58,354 14024 [INFO ] - VERBOSE: Importing function 'Get-EffectiveProxy'.
2026-04-06 04:47:58,354 14024 [INFO ] - VERBOSE: Importing function 'Get-PackageCacheLocation'.
2026-04-06 04:47:58,354 14024 [INFO ] - VERBOSE: Importing function 'Get-WebContent'.
2026-04-06 04:47:58,354 14024 [INFO ] - VERBOSE: Importing function 'Register-Application'.
2026-04-06 04:47:58,355 14024 [INFO ] - VERBOSE: Importing function 'Remove-Process'.
2026-04-06 04:47:58,356 14024 [INFO ] - VERBOSE: Loading module from path 'C:\ProgramData\chocolatey\extensions\chocolatey-dotnetfx\chocolatey-dotnetfx.psm1'.
2026-04-06 04:47:58,361 14024 [INFO ] - VERBOSE: Exporting function 'Install-DotNetFramework'.
2026-04-06 04:47:58,362 14024 [INFO ] - VERBOSE: Exporting function 'Install-DotNetDevPack'.
2026-04-06 04:47:58,362 14024 [INFO ] - VERBOSE: Importing function 'Install-DotNetDevPack'.
2026-04-06 04:47:58,362 14024 [INFO ] - VERBOSE: Importing function 'Install-DotNetFramework'.
2026-04-06 04:47:58,369 14024 [INFO ] - VERBOSE: Loading module from path 'C:\ProgramData\chocolatey\extensions\chocolatey-visualstudio\chocolatey-visualstudio.extension.psm1'.
2026-04-06 04:47:58,400 14024 [INFO ] - VERBOSE: Exporting function 'Add-VisualStudioComponent'.
2026-04-06 04:47:58,401 14024 [INFO ] - VERBOSE: Exporting function 'Add-VisualStudioWorkload'.
2026-04-06 04:47:58,401 14024 [INFO ] - VERBOSE: Exporting function 'Get-VisualStudioInstaller'.
2026-04-06 04:47:58,401 14024 [INFO ] - VERBOSE: Exporting function 'Get-VisualStudioInstallerHealth'.
2026-04-06 04:47:58,401 14024 [INFO ] - VERBOSE: Exporting function 'Get-VisualStudioInstance'.
2026-04-06 04:47:58,402 14024 [INFO ] - VERBOSE: Exporting function 'Get-VisualStudioVsixInstaller'.
2026-04-06 04:47:58,402 14024 [INFO ] - VERBOSE: Exporting function 'Install-VisualStudio'.
2026-04-06 04:47:58,402 14024 [INFO ] - VERBOSE: Exporting function 'Install-VisualStudioInstaller'.
2026-04-06 04:47:58,402 14024 [INFO ] - VERBOSE: Exporting function 'Install-VisualStudioVsixExtension'.
2026-04-06 04:47:58,403 14024 [INFO ] - VERBOSE: Exporting function 'Remove-VisualStudioComponent'.
2026-04-06 04:47:58,403 14024 [INFO ] - VERBOSE: Exporting function 'Remove-VisualStudioProduct'.
2026-04-06 04:47:58,403 14024 [INFO ] - VERBOSE: Exporting function 'Remove-VisualStudioWorkload'.
2026-04-06 04:47:58,403 14024 [INFO ] - VERBOSE: Exporting function 'Uninstall-VisualStudio'.
2026-04-06 04:47:58,403 14024 [INFO ] - VERBOSE: Exporting function 'Uninstall-VisualStudioVsixExtension'.
2026-04-06 04:47:58,404 14024 [INFO ] - VERBOSE: Importing function 'Add-VisualStudioComponent'.
2026-04-06 04:47:58,404 14024 [INFO ] - VERBOSE: Importing function 'Add-VisualStudioWorkload'.
2026-04-06 04:47:58,404 14024 [INFO ] - VERBOSE: Importing function 'Get-VisualStudioInstaller'.
2026-04-06 04:47:58,404 14024 [INFO ] - VERBOSE: Importing function 'Get-VisualStudioInstallerHealth'.
2026-04-06 04:47:58,405 14024 [INFO ] - VERBOSE: Importing function 'Get-VisualStudioInstance'.
2026-04-06 04:47:58,405 14024 [INFO ] - VERBOSE: Importing function 'Get-VisualStudioVsixInstaller'.
2026-04-06 04:47:58,405 14024 [INFO ] - VERBOSE: Importing function 'Install-VisualStudio'.
2026-04-06 04:47:58,405 14024 [INFO ] - VERBOSE: Importing function 'Install-VisualStudioInstaller'.
2026-04-06 04:47:58,406 14024 [INFO ] - VERBOSE: Importing function 'Install-VisualStudioVsixExtension'.
2026-04-06 04:47:58,406 14024 [INFO ] - VERBOSE: Importing function 'Remove-VisualStudioComponent'.
2026-04-06 04:47:58,406 14024 [INFO ] - VERBOSE: Importing function 'Remove-VisualStudioProduct'.
2026-04-06 04:47:58,406 14024 [INFO ] - VERBOSE: Importing function 'Remove-VisualStudioWorkload'.
2026-04-06 04:47:58,406 14024 [INFO ] - VERBOSE: Importing function 'Uninstall-VisualStudio'.
2026-04-06 04:47:58,407 14024 [INFO ] - VERBOSE: Importing function 'Uninstall-VisualStudioVsixExtension'.
2026-04-06 04:47:58,408 14024 [INFO ] - VERBOSE: Loading module from path 'C:\ProgramData\chocolatey\extensions\chocolatey-windowsupdate\chocolatey-windowsupdate.psm1'.
2026-04-06 04:47:58,415 14024 [INFO ] - VERBOSE: Exporting function 'Install-WindowsUpdate'.
2026-04-06 04:47:58,415 14024 [INFO ] - VERBOSE: Exporting function 'Test-WindowsUpdate'.
2026-04-06 04:47:58,415 14024 [INFO ] - VERBOSE: Importing function 'Install-WindowsUpdate'.
2026-04-06 04:47:58,416 14024 [INFO ] - VERBOSE: Importing function 'Test-WindowsUpdate'.
2026-04-06 04:47:58,416 14024 [INFO ] - VERBOSE: Exporting function 'Format-FileSize'.
2026-04-06 04:47:58,416 14024 [INFO ] - VERBOSE: Exporting function 'Get-ChecksumValid'.
2026-04-06 04:47:58,416 14024 [INFO ] - VERBOSE: Exporting function 'Get-ChocolateyConfigValue'.
2026-04-06 04:47:58,417 14024 [INFO ] - VERBOSE: Exporting function 'Get-ChocolateyPath'.
2026-04-06 04:47:58,417 14024 [INFO ] - VERBOSE: Exporting function 'Get-ChocolateyUnzip'.
2026-04-06 04:47:58,417 14024 [INFO ] - VERBOSE: Exporting function 'Get-ChocolateyWebFile'.
2026-04-06 04:47:58,417 14024 [INFO ] - VERBOSE: Exporting function 'Get-FtpFile'.
2026-04-06 04:47:58,418 14024 [INFO ] - VERBOSE: Exporting function 'Get-OSArchitectureWidth'.
2026-04-06 04:47:58,418 14024 [INFO ] - VERBOSE: Exporting function 'Get-PackageParameters'.
2026-04-06 04:47:58,418 14024 [INFO ] - VERBOSE: Exporting function 'Get-PackageParametersBuiltIn'.
2026-04-06 04:47:58,418 14024 [INFO ] - VERBOSE: Exporting function 'Get-ToolsLocation'.
2026-04-06 04:47:58,418 14024 [INFO ] - VERBOSE: Exporting function 'Get-UACEnabled'.
2026-04-06 04:47:58,419 14024 [INFO ] - VERBOSE: Exporting function 'Get-UninstallRegistryKey'.
2026-04-06 04:47:58,419 14024 [INFO ] - VERBOSE: Exporting function 'Get-VirusCheckValid'.
2026-04-06 04:47:58,419 14024 [INFO ] - VERBOSE: Exporting function 'Get-WebFile'.
2026-04-06 04:47:58,419 14024 [INFO ] - VERBOSE: Exporting function 'Get-WebFileName'.
2026-04-06 04:47:58,420 14024 [INFO ] - VERBOSE: Exporting function 'Get-WebHeaders'.
2026-04-06 04:47:58,420 14024 [INFO ] - VERBOSE: Exporting function 'Install-BinFile'.
2026-04-06 04:47:58,420 14024 [INFO ] - VERBOSE: Exporting function 'Install-ChocolateyEnvironmentVariable'.
2026-04-06 04:47:58,420 14024 [INFO ] - VERBOSE: Exporting function 'Install-ChocolateyExplorerMenuItem'.
2026-04-06 04:47:58,420 14024 [INFO ] - VERBOSE: Exporting function 'Install-ChocolateyFileAssociation'.
2026-04-06 04:47:58,420 14024 [INFO ] - VERBOSE: Exporting function 'Install-ChocolateyInstallPackage'.
2026-04-06 04:47:58,421 14024 [INFO ] - VERBOSE: Exporting function 'Install-ChocolateyPackage'.
2026-04-06 04:47:58,421 14024 [INFO ] - VERBOSE: Exporting function 'Install-ChocolateyPinnedTaskBarItem'.
2026-04-06 04:47:58,421 14024 [INFO ] - VERBOSE: Exporting function 'Install-ChocolateyPowershellCommand'.
2026-04-06 04:47:58,421 14024 [INFO ] - VERBOSE: Exporting function 'Install-ChocolateyShortcut'.
2026-04-06 04:47:58,422 14024 [INFO ] - VERBOSE: Exporting function 'Install-ChocolateyVsixPackage'.
2026-04-06 04:47:58,422 14024 [INFO ] - VERBOSE: Exporting function 'Install-ChocolateyZipPackage'.
2026-04-06 04:47:58,422 14024 [INFO ] - VERBOSE: Exporting function 'Install-Vsix'.
2026-04-06 04:47:58,422 14024 [INFO ] - VERBOSE: Exporting function 'Set-PowerShellExitCode'.
2026-04-06 04:47:58,422 14024 [INFO ] - VERBOSE: Exporting function 'Start-ChocolateyProcessAsAdmin'.
2026-04-06 04:47:58,423 14024 [INFO ] - VERBOSE: Exporting function 'Uninstall-BinFile'.
2026-04-06 04:47:58,423 14024 [INFO ] - VERBOSE: Exporting function 'Uninstall-ChocolateyEnvironmentVariable'.
2026-04-06 04:47:58,423 14024 [INFO ] - VERBOSE: Exporting function 'Uninstall-ChocolateyPackage'.
2026-04-06 04:47:58,423 14024 [INFO ] - VERBOSE: Exporting function 'Uninstall-ChocolateyZipPackage'.
2026-04-06 04:47:58,423 14024 [INFO ] - VERBOSE: Exporting function 'Write-FunctionCallLogMessage'.
2026-04-06 04:47:58,424 14024 [INFO ] - VERBOSE: Exporting function 'Install-ChocolateyDesktopLink'.
2026-04-06 04:47:58,424 14024 [INFO ] - VERBOSE: Exporting function 'Write-ChocolateyFailure'.
2026-04-06 04:47:58,424 14024 [INFO ] - VERBOSE: Exporting function 'Write-ChocolateySuccess'.
2026-04-06 04:47:58,424 14024 [INFO ] - VERBOSE: Exporting function 'Write-FileUpdateLog'.
2026-04-06 04:47:58,424 14024 [INFO ] - VERBOSE: Exporting function 'Get-AppInstallLocation'.
2026-04-06 04:47:58,425 14024 [INFO ] - VERBOSE: Exporting function 'Get-AvailableDriveLetter'.
2026-04-06 04:47:58,425 14024 [INFO ] - VERBOSE: Exporting function 'Get-EffectiveProxy'.
2026-04-06 04:47:58,425 14024 [INFO ] - VERBOSE: Exporting function 'Get-PackageCacheLocation'.
2026-04-06 04:47:58,425 14024 [INFO ] - VERBOSE: Exporting function 'Get-WebContent'.
2026-04-06 04:47:58,426 14024 [INFO ] - VERBOSE: Exporting function 'Register-Application'.
2026-04-06 04:47:58,426 14024 [INFO ] - VERBOSE: Exporting function 'Remove-Process'.
2026-04-06 04:47:58,426 14024 [INFO ] - VERBOSE: Exporting function 'Install-DotNetDevPack'.
2026-04-06 04:47:58,426 14024 [INFO ] - VERBOSE: Exporting function 'Install-DotNetFramework'.
2026-04-06 04:47:58,426 14024 [INFO ] - VERBOSE: Exporting function 'Add-VisualStudioComponent'.
2026-04-06 04:47:58,427 14024 [INFO ] - VERBOSE: Exporting function 'Add-VisualStudioWorkload'.
2026-04-06 04:47:58,427 14024 [INFO ] - VERBOSE: Exporting function 'Get-VisualStudioInstaller'.
2026-04-06 04:47:58,427 14024 [INFO ] - VERBOSE: Exporting function 'Get-VisualStudioInstallerHealth'.
2026-04-06 04:47:58,427 14024 [INFO ] - VERBOSE: Exporting function 'Get-VisualStudioInstance'.
2026-04-06 04:47:58,427 14024 [INFO ] - VERBOSE: Exporting function 'Get-VisualStudioVsixInstaller'.
2026-04-06 04:47:58,428 14024 [INFO ] - VERBOSE: Exporting function 'Install-VisualStudio'.
2026-04-06 04:47:58,428 14024 [INFO ] - VERBOSE: Exporting function 'Install-VisualStudioInstaller'.
2026-04-06 04:47:58,428 14024 [INFO ] - VERBOSE: Exporting function 'Install-VisualStudioVsixExtension'.
2026-04-06 04:47:58,428 14024 [INFO ] - VERBOSE: Exporting function 'Remove-VisualStudioComponent'.
2026-04-06 04:47:58,429 14024 [INFO ] - VERBOSE: Exporting function 'Remove-VisualStudioProduct'.
2026-04-06 04:47:58,429 14024 [INFO ] - VERBOSE: Exporting function 'Remove-VisualStudioWorkload'.
2026-04-06 04:47:58,429 14024 [INFO ] - VERBOSE: Exporting function 'Uninstall-VisualStudio'.
2026-04-06 04:47:58,429 14024 [INFO ] - VERBOSE: Exporting function 'Uninstall-VisualStudioVsixExtension'.
2026-04-06 04:47:58,429 14024 [INFO ] - VERBOSE: Exporting function 'Install-WindowsUpdate'.
2026-04-06 04:47:58,430 14024 [INFO ] - VERBOSE: Exporting function 'Test-WindowsUpdate'.
2026-04-06 04:47:58,430 14024 [INFO ] - VERBOSE: Exporting cmdlet 'Get-EnvironmentVariable'.
2026-04-06 04:47:58,430 14024 [INFO ] - VERBOSE: Exporting cmdlet 'Get-EnvironmentVariableNames'.
2026-04-06 04:47:58,430 14024 [INFO ] - VERBOSE: Exporting cmdlet 'Install-ChocolateyPath'.
2026-04-06 04:47:58,431 14024 [INFO ] - VERBOSE: Exporting cmdlet 'Set-EnvironmentVariable'.
2026-04-06 04:47:58,431 14024 [INFO ] - VERBOSE: Exporting cmdlet 'Test-ProcessAdminRights'.
2026-04-06 04:47:58,431 14024 [INFO ] - VERBOSE: Exporting cmdlet 'Uninstall-ChocolateyPath'.
2026-04-06 04:47:58,431 14024 [INFO ] - VERBOSE: Exporting cmdlet 'Update-SessionEnvironment'.
2026-04-06 04:47:58,431 14024 [INFO ] - VERBOSE: Exporting cmdlet 'Get-EnvironmentVariable'.
2026-04-06 04:47:58,432 14024 [INFO ] - VERBOSE: Exporting cmdlet 'Get-EnvironmentVariableNames'.
2026-04-06 04:47:58,432 14024 [INFO ] - VERBOSE: Exporting cmdlet 'Install-ChocolateyPath'.
2026-04-06 04:47:58,432 14024 [INFO ] - VERBOSE: Exporting cmdlet 'Set-EnvironmentVariable'.
2026-04-06 04:47:58,432 14024 [INFO ] - VERBOSE: Exporting cmdlet 'Test-ProcessAdminRights'.
2026-04-06 04:47:58,432 14024 [INFO ] - VERBOSE: Exporting cmdlet 'Uninstall-ChocolateyPath'.
2026-04-06 04:47:58,433 14024 [INFO ] - VERBOSE: Exporting cmdlet 'Update-SessionEnvironment'.
2026-04-06 04:47:58,433 14024 [INFO ] - VERBOSE: Exporting alias 'Get-ProcessorBits'.
2026-04-06 04:47:58,433 14024 [INFO ] - VERBOSE: Exporting alias 'Get-OSBitness'.
2026-04-06 04:47:58,433 14024 [INFO ] - VERBOSE: Exporting alias 'Get-InstallRegistryKey'.
2026-04-06 04:47:58,433 14024 [INFO ] - VERBOSE: Exporting alias 'Generate-BinFile'.
2026-04-06 04:47:58,434 14024 [INFO ] - VERBOSE: Exporting alias 'Add-BinFile'.
2026-04-06 04:47:58,434 14024 [INFO ] - VERBOSE: Exporting alias 'Start-ChocolateyProcess'.
2026-04-06 04:47:58,434 14024 [INFO ] - VERBOSE: Exporting alias 'Invoke-ChocolateyProcess'.
2026-04-06 04:47:58,434 14024 [INFO ] - VERBOSE: Exporting alias 'Remove-BinFile'.
2026-04-06 04:47:58,435 14024 [INFO ] - VERBOSE: Exporting alias 'refreshenv'.
2026-04-06 04:47:58,435 14024 [INFO ] - VERBOSE: Importing cmdlet 'Get-EnvironmentVariable'.
2026-04-06 04:47:58,435 14024 [INFO ] - VERBOSE: Importing cmdlet 'Get-EnvironmentVariableNames'.
2026-04-06 04:47:58,435 14024 [INFO ] - VERBOSE: Importing cmdlet 'Install-ChocolateyPath'.
2026-04-06 04:47:58,436 14024 [INFO ] - VERBOSE: Importing cmdlet 'Set-EnvironmentVariable'.
2026-04-06 04:47:58,436 14024 [INFO ] - VERBOSE: Importing cmdlet 'Test-ProcessAdminRights'.
2026-04-06 04:47:58,436 14024 [INFO ] - VERBOSE: Importing cmdlet 'Uninstall-ChocolateyPath'.
2026-04-06 04:47:58,436 14024 [INFO ] - VERBOSE: Importing cmdlet 'Update-SessionEnvironment'.
2026-04-06 04:47:58,437 14024 [INFO ] - VERBOSE: Importing function 'Add-VisualStudioComponent'.
2026-04-06 04:47:58,437 14024 [INFO ] - VERBOSE: Importing function 'Add-VisualStudioWorkload'.
2026-04-06 04:47:58,437 14024 [INFO ] - VERBOSE: Importing function 'Format-FileSize'.
2026-04-06 04:47:58,437 14024 [INFO ] - VERBOSE: Importing function 'Get-AppInstallLocation'.
2026-04-06 04:47:58,437 14024 [INFO ] - VERBOSE: Importing function 'Get-AvailableDriveLetter'.
2026-04-06 04:47:58,438 14024 [INFO ] - VERBOSE: Importing function 'Get-ChecksumValid'.
2026-04-06 04:47:58,438 14024 [INFO ] - VERBOSE: Importing function 'Get-ChocolateyConfigValue'.
2026-04-06 04:47:58,438 14024 [INFO ] - VERBOSE: Importing function 'Get-ChocolateyPath'.
2026-04-06 04:47:58,438 14024 [INFO ] - VERBOSE: Importing function 'Get-ChocolateyUnzip'.
2026-04-06 04:47:58,438 14024 [INFO ] - VERBOSE: Importing function 'Get-ChocolateyWebFile'.
2026-04-06 04:47:58,439 14024 [INFO ] - VERBOSE: Importing function 'Get-EffectiveProxy'.
2026-04-06 04:47:58,439 14024 [INFO ] - VERBOSE: Importing function 'Get-FtpFile'.
2026-04-06 04:47:58,439 14024 [INFO ] - VERBOSE: Importing function 'Get-OSArchitectureWidth'.
2026-04-06 04:47:58,439 14024 [INFO ] - VERBOSE: Importing function 'Get-PackageCacheLocation'.
2026-04-06 04:47:58,440 14024 [INFO ] - VERBOSE: Importing function 'Get-PackageParameters'.
2026-04-06 04:47:58,440 14024 [INFO ] - VERBOSE: Importing function 'Get-PackageParametersBuiltIn'.
2026-04-06 04:47:58,440 14024 [INFO ] - VERBOSE: Importing function 'Get-ToolsLocation'.
2026-04-06 04:47:58,440 14024 [INFO ] - VERBOSE: Importing function 'Get-UACEnabled'.
2026-04-06 04:47:58,440 14024 [INFO ] - VERBOSE: Importing function 'Get-UninstallRegistryKey'.
2026-04-06 04:47:58,441 14024 [INFO ] - VERBOSE: Importing function 'Get-VirusCheckValid'.
2026-04-06 04:47:58,441 14024 [INFO ] - VERBOSE: Importing function 'Get-VisualStudioInstaller'.
2026-04-06 04:47:58,441 14024 [INFO ] - VERBOSE: Importing function 'Get-VisualStudioInstallerHealth'.
2026-04-06 04:47:58,441 14024 [INFO ] - VERBOSE: Importing function 'Get-VisualStudioInstance'.
2026-04-06 04:47:58,441 14024 [INFO ] - VERBOSE: Importing function 'Get-VisualStudioVsixInstaller'.
2026-04-06 04:47:58,442 14024 [INFO ] - VERBOSE: Importing function 'Get-WebContent'.
2026-04-06 04:47:58,442 14024 [INFO ] - VERBOSE: Importing function 'Get-WebFile'.
2026-04-06 04:47:58,442 14024 [INFO ] - VERBOSE: Importing function 'Get-WebFileName'.
2026-04-06 04:47:58,442 14024 [INFO ] - VERBOSE: Importing function 'Get-WebHeaders'.
2026-04-06 04:47:58,442 14024 [INFO ] - VERBOSE: Importing function 'Install-BinFile'.
2026-04-06 04:47:58,443 14024 [INFO ] - VERBOSE: Importing function 'Install-ChocolateyDesktopLink'.
2026-04-06 04:47:58,443 14024 [INFO ] - VERBOSE: Importing function 'Install-ChocolateyEnvironmentVariable'.
2026-04-06 04:47:58,443 14024 [INFO ] - VERBOSE: Importing function 'Install-ChocolateyExplorerMenuItem'.
2026-04-06 04:47:58,443 14024 [INFO ] - VERBOSE: Importing function 'Install-ChocolateyFileAssociation'.
2026-04-06 04:47:58,444 14024 [INFO ] - VERBOSE: Importing function 'Install-ChocolateyInstallPackage'.
2026-04-06 04:47:58,444 14024 [INFO ] - VERBOSE: Importing function 'Install-ChocolateyPackage'.
2026-04-06 04:47:58,444 14024 [INFO ] - VERBOSE: Importing function 'Install-ChocolateyPinnedTaskBarItem'.
2026-04-06 04:47:58,444 14024 [INFO ] - VERBOSE: Importing function 'Install-ChocolateyPowershellCommand'.
2026-04-06 04:47:58,445 14024 [INFO ] - VERBOSE: Importing function 'Install-ChocolateyShortcut'.
2026-04-06 04:47:58,445 14024 [INFO ] - VERBOSE: Importing function 'Install-ChocolateyVsixPackage'.
2026-04-06 04:47:58,445 14024 [INFO ] - VERBOSE: Importing function 'Install-ChocolateyZipPackage'.
2026-04-06 04:47:58,445 14024 [INFO ] - VERBOSE: Importing function 'Install-DotNetDevPack'.
2026-04-06 04:47:58,445 14024 [INFO ] - VERBOSE: Importing function 'Install-DotNetFramework'.
2026-04-06 04:47:58,446 14024 [INFO ] - VERBOSE: Importing function 'Install-VisualStudio'.
2026-04-06 04:47:58,446 14024 [INFO ] - VERBOSE: Importing function 'Install-VisualStudioInstaller'.
2026-04-06 04:47:58,446 14024 [INFO ] - VERBOSE: Importing function 'Install-VisualStudioVsixExtension'.
2026-04-06 04:47:58,446 14024 [INFO ] - VERBOSE: Importing function 'Install-Vsix'.
2026-04-06 04:47:58,446 14024 [INFO ] - VERBOSE: Importing function 'Install-WindowsUpdate'.
2026-04-06 04:47:58,447 14024 [INFO ] - VERBOSE: Importing function 'Register-Application'.
2026-04-06 04:47:58,447 14024 [INFO ] - VERBOSE: Importing function 'Remove-Process'.
2026-04-06 04:47:58,447 14024 [INFO ] - VERBOSE: Importing function 'Remove-VisualStudioComponent'.
2026-04-06 04:47:58,447 14024 [INFO ] - VERBOSE: Importing function 'Remove-VisualStudioProduct'.
2026-04-06 04:47:58,448 14024 [INFO ] - VERBOSE: Importing function 'Remove-VisualStudioWorkload'.
2026-04-06 04:47:58,448 14024 [INFO ] - VERBOSE: Importing function 'Set-PowerShellExitCode'.
2026-04-06 04:47:58,448 14024 [INFO ] - VERBOSE: Importing function 'Start-ChocolateyProcessAsAdmin'.
2026-04-06 04:47:58,448 14024 [INFO ] - VERBOSE: Importing function 'Test-WindowsUpdate'.
2026-04-06 04:47:58,449 14024 [INFO ] - VERBOSE: Importing function 'Uninstall-BinFile'.
2026-04-06 04:47:58,449 14024 [INFO ] - VERBOSE: Importing function 'Uninstall-ChocolateyEnvironmentVariable'.
2026-04-06 04:47:58,449 14024 [INFO ] - VERBOSE: Importing function 'Uninstall-ChocolateyPackage'.
2026-04-06 04:47:58,449 14024 [INFO ] - VERBOSE: Importing function 'Uninstall-ChocolateyZipPackage'.
2026-04-06 04:47:58,449 14024 [INFO ] - VERBOSE: Importing function 'Uninstall-VisualStudio'.
2026-04-06 04:47:58,450 14024 [INFO ] - VERBOSE: Importing function 'Uninstall-VisualStudioVsixExtension'.
2026-04-06 04:47:58,450 14024 [INFO ] - VERBOSE: Importing function 'Write-ChocolateyFailure'.
2026-04-06 04:47:58,450 14024 [INFO ] - VERBOSE: Importing function 'Write-ChocolateySuccess'.
2026-04-06 04:47:58,450 14024 [INFO ] - VERBOSE: Importing function 'Write-FileUpdateLog'.
2026-04-06 04:47:58,450 14024 [INFO ] - VERBOSE: Importing function 'Write-FunctionCallLogMessage'.
2026-04-06 04:47:58,451 14024 [INFO ] - VERBOSE: Importing alias 'Add-BinFile'.
2026-04-06 04:47:58,451 14024 [INFO ] - VERBOSE: Importing alias 'Generate-BinFile'.
2026-04-06 04:47:58,451 14024 [INFO ] - VERBOSE: Importing alias 'Get-InstallRegistryKey'.
2026-04-06 04:47:58,451 14024 [INFO ] - VERBOSE: Importing alias 'Get-OSBitness'.
2026-04-06 04:47:58,452 14024 [INFO ] - VERBOSE: Importing alias 'Get-ProcessorBits'.
2026-04-06 04:47:58,452 14024 [INFO ] - VERBOSE: Importing alias 'Invoke-ChocolateyProcess'.
2026-04-06 04:47:58,452 14024 [INFO ] - VERBOSE: Importing alias 'refreshenv'.
2026-04-06 04:47:58,452 14024 [INFO ] - VERBOSE: Importing alias 'Remove-BinFile'.
2026-04-06 04:47:58,452 14024 [INFO ] - VERBOSE: Importing alias 'Start-ChocolateyProcess'.
2026-04-06 04:47:58,594 14024 [INFO ] - VERBOSE: Found 0 installed Visual Studio product(s) with ChannelId = VisualStudio.18.Release and ProductId = Microsoft.VisualStudio.Product.BuildTools
2026-04-06 04:47:58,597 14024 [INFO ] - VERBOSE: Visual Studio installer will be downloaded from the Web
2026-04-06 04:47:58,607 14024 [INFO ] - VERBOSE: Checking installer version required by the package
2026-04-06 04:47:58,611 14024 [INFO ] - VERBOSE: Trying to determine the required installer and engine version from the manifests
2026-04-06 04:47:58,621 14024 [INFO ] - VERBOSE: Obtaining the manifest file for url 'https://aka.ms/vs/18/stable/channel' (channel manifest)
2026-04-06 04:47:58,627 14024 [INFO ] - VERBOSE: Local cached file 'C:\Users\tsmit\AppData\Local\Temp\chocolatey\chocolatey-visualstudio.extension\ChannelManifest_444114094.man' does not exist
2026-04-06 04:47:58,628 14024 [INFO ] - VERBOSE: Downloading the manifest file (channel manifest)
2026-04-06 04:47:59,509 14024 [INFO ] - Downloading channel manifest 
  from 'https://aka.ms/vs/18/stable/channel'
2026-04-06 04:48:00,938 14024 [INFO ] - 
2026-04-06 04:48:00,938 14024 [INFO ] - Download of ChannelManifest_444114094.man (115.84 KB) completed.
2026-04-06 04:48:03,955 14024 [INFO ] - VERBOSE: Reading the manifest file (channel manifest)
2026-04-06 04:48:03,962 14024 [INFO ] - VERBOSE: Parsing the manifest file (channel manifest)
2026-04-06 04:48:04,048 14024 [INFO ] - VERBOSE: Bootstrapper  installerVersion determined from the channel manifest: 4.4.38.63497
2026-04-06 04:48:04,049 14024 [INFO ] - VERBOSE: Required installer version determined from the channel manifest (as bootstrapper installerVersion property): '4.4.38.63497'
2026-04-06 04:48:04,056 14024 [INFO ] - VERBOSE: Manifest url determined from the channel manifest: 'https://download.visualstudio.microsoft.com/download/pr/c03aa7dd-8afd-49cc-9274-19c9a1b26aee/01403e4017f6303bdb39cc30070877e5619a848e8dd9849bc66d6ac9a2a8c93d/VisualStudio.vsman' (checksum: '01403e4017f6303bdb39cc30070877e5619a848e8dd9849bc66d6ac9a2a8c93d', type: 'sha256')
2026-04-06 04:48:04,058 14024 [INFO ] - VERBOSE: Obtaining the manifest file for url 'https://download.visualstudio.microsoft.com/download/pr/c03aa7dd-8afd-49cc-9274-19c9a1b26aee/01403e4017f6303bdb39cc30070877e5619a848e8dd9849bc66d6ac9a2a8c93d/VisualStudio.vsman' (catalog manifest)
2026-04-06 04:48:04,059 14024 [INFO ] - VERBOSE: Local cached file 'C:\Users\tsmit\AppData\Local\Temp\chocolatey\chocolatey-visualstudio.extension\Catalog_852386966.man' does not exist
2026-04-06 04:48:04,059 14024 [INFO ] - VERBOSE: Downloading the manifest file (catalog manifest)
2026-04-06 04:48:04,357 14024 [INFO ] - Downloading catalog manifest 
  from 'https://download.visualstudio.microsoft.com/download/pr/c03aa7dd-8afd-49cc-9274-19c9a1b26aee/01403e4017f6303bdb39cc30070877e5619a848e8dd9849bc66d6ac9a2a8c93d/VisualStudio.vsman'
2026-04-06 04:48:41,211 14024 [INFO ] - 
2026-04-06 04:48:41,212 14024 [INFO ] - Download of Catalog_852386966.man (17.49 MB) completed.
2026-04-06 04:48:44,230 14024 [INFO ] - VERBOSE: Reading the manifest file (catalog manifest)
2026-04-06 04:48:44,304 14024 [INFO ] - VERBOSE: Parsing the manifest file (catalog manifest)
2026-04-06 04:48:45,046 14024 [INFO ] - VERBOSE: Required engine version determined from the component manifest: '4.4.38.63497'
2026-04-06 04:48:45,119 14024 [INFO ] - VERBOSE: Highest required installer version: 4.4.38.63497 (engine: 4.4.38.63497); requirement source: package
2026-04-06 04:48:45,161 14024 [INFO ] - VERBOSE: Visual Studio Installer is not present.
2026-04-06 04:48:45,254 14024 [INFO ] - VERBOSE: Downloading the installer executable
2026-04-06 04:48:45,402 14024 [INFO ] - Downloading visualstudio2026buildtools 
  from 'https://download.visualstudio.microsoft.com/download/pr/fdc37f6e-59f6-4054-838a-b476eeaa6ec3/0cc604410059425a34f3bdc71f0241803d6f6bcf9d0c5340c80e981c87ca6b34/vs_BuildTools.exe'
2026-04-06 04:48:52,744 14024 [INFO ] - 
2026-04-06 04:48:52,745 14024 [INFO ] - Download of vs_BuildTools.exe (4.24 MB) completed.
2026-04-06 04:48:55,814 14024 [INFO ] - Installing visualstudio2026buildtools...
2026-04-06 04:48:55,847 14024 [INFO ] - 
2026-04-06 04:50:52,193 14024 [INFO ] - 
2026-04-06 04:50:52,195 14024 [INFO ] - Preparing: C:\Users\tsmit\AppData\Local\Temp\chocolatey\cd7cd6400813b54f5b98bc8a22db\vs_bootstrapper_d15\HelpFile\1028\help.html...
2026-04-06 04:50:52,196 14024 [INFO ] - Preparing: C:\Users\tsmit\AppData\Local\Temp\chocolatey\cd7cd6400813b54f5b98bc8a22db\vs_bootstrapper_d15\HelpFile\1033\help.html...
2026-04-06 04:50:52,197 14024 [INFO ] - 
2026-04-06 04:50:52,198 14024 [INFO ] - Preparing: C:\Users\tsmit\AppData\Local\Temp\chocolatey\cd7cd6400813b54f5b98bc8a22db\vs_bootstrapper_d15\HelpFile\1046\help.html...
2026-04-06 04:50:52,199 14024 [INFO ] - Preparing: C:\Users\tsmit\AppData\Local\Temp\chocolatey\cd7cd6400813b54f5b98bc8a22db\vs_bootstrapper_d15\HelpFile\1045\help.html...
2026-04-06 04:50:52,200 14024 [INFO ] - 
2026-04-06 04:50:52,200 14024 [INFO ] - Preparing: C:\Users\tsmit\AppData\Local\Temp\chocolatey\cd7cd6400813b54f5b98bc8a22db\vs_bootstrapper_d15\HelpFile\1042\help.html...
2026-04-06 04:50:52,201 14024 [INFO ] - 
2026-04-06 04:50:52,203 14024 [INFO ] - Preparing: C:\Users\tsmit\AppData\Local\Temp\chocolatey\cd7cd6400813b54f5b98bc8a22db\vs_bootstrapper_d15\HelpFile\3082\help.html...
2026-04-06 04:50:52,204 14024 [INFO ] - 
2026-04-06 04:50:52,205 14024 [INFO ] - Preparing: C:\Users\tsmit\AppData\Local\Temp\chocolatey\cd7cd6400813b54f5b98bc8a22db\vs_bootstrapper_d15\HelpFile\2052\help.html...
2026-04-06 04:50:52,206 14024 [INFO ] - 
2026-04-06 04:50:52,207 14024 [INFO ] - 
2026-04-06 04:50:52,208 14024 [INFO ] - Preparing: C:\Users\tsmit\AppData\Local\Temp\chocolatey\cd7cd6400813b54f5b98bc8a22db\vs_bootstrapper_d15\HelpFile\1029\help.html...
2026-04-06 04:50:52,209 14024 [INFO ] - 
2026-04-06 04:50:52,210 14024 [INFO ] - Preparing: C:\Users\tsmit\AppData\Local\Temp\chocolatey\cd7cd6400813b54f5b98bc8a22db\vs_bootstrapper_d15\HelpFile\1031\help.html...
2026-04-06 04:50:52,210 14024 [INFO ] - 
2026-04-06 04:50:52,211 14024 [INFO ] - Preparing: C:\Users\tsmit\AppData\Local\Temp\chocolatey\cd7cd6400813b54f5b98bc8a22db\vs_bootstrapper_d15\HelpFile\1041\help.html...
2026-04-06 04:50:52,212 14024 [INFO ] - 
2026-04-06 04:50:52,213 14024 [INFO ] - Preparing: C:\Users\tsmit\AppData\Local\Temp\chocolatey\cd7cd6400813b54f5b98bc8a22db\vs_bootstrapper_d15\HelpFile\1055\help.html...
2026-04-06 04:50:52,216 14024 [INFO ] - 
2026-04-06 04:50:52,217 14024 [INFO ] - Preparing: C:\Users\tsmit\AppData\Local\Temp\chocolatey\cd7cd6400813b54f5b98bc8a22db\vs_bootstrapper_d15\HelpFile\1049\help.html...
2026-04-06 04:50:52,218 14024 [INFO ] - Preparing: C:\Users\tsmit\AppData\Local\Temp\chocolatey\cd7cd6400813b54f5b98bc8a22db\vs_bootstrapper_d15\HelpFile\1040\help.html...
2026-04-06 04:50:52,219 14024 [INFO ] - 
2026-04-06 04:50:52,220 14024 [INFO ] - 
2026-04-06 04:50:52,221 14024 [INFO ] - Preparing: C:\Users\tsmit\AppData\Local\Temp\chocolatey\cd7cd6400813b54f5b98bc8a22db\vs_bootstrapper_d15\HelpFile\1036\help.html...
2026-04-06 04:50:52,222 14024 [INFO ] - 
2026-04-06 04:50:52,223 14024 [INFO ] - Preparing: C:\Users\tsmit\AppData\Local\Temp\chocolatey\cd7cd6400813b54f5b98bc8a22db\vs_bootstrapper_d15\vs_setup_bootstrapper.exe...
2026-04-06 04:50:52,224 14024 [INFO ] - 
2026-04-06 04:50:52,226 14024 [INFO ] - Preparing: C:\Users\tsmit\AppData\Local\Temp\chocolatey\cd7cd6400813b54f5b98bc8a22db\vs_bootstrapper_d15\Microsoft.C2RSignatureReader.Interop.dll...
2026-04-06 04:50:52,226 14024 [INFO ] - 
2026-04-06 04:50:52,228 14024 [INFO ] - Preparing: C:\Users\tsmit\AppData\Local\Temp\chocolatey\cd7cd6400813b54f5b98bc8a22db\vs_bootstrapper_d15\Microsoft.C2RSignatureReader.Native.dll...
2026-04-06 04:50:52,229 14024 [INFO ] - 
2026-04-06 04:50:52,231 14024 [INFO ] - Preparing: C:\Users\tsmit\AppData\Local\Temp\chocolatey\cd7cd6400813b54f5b98bc8a22db\vs_bootstrapper_d15\Microsoft.Identity.Client.Broker.dll...
2026-04-06 04:50:52,232 14024 [INFO ] - 
2026-04-06 04:50:52,233 14024 [INFO ] - Preparing: C:\Users\tsmit\AppData\Local\Temp\chocolatey\cd7cd6400813b54f5b98bc8a22db\vs_bootstrapper_d15\Microsoft.Identity.Client.dll...
2026-04-06 04:50:52,234 14024 [INFO ] - 
2026-04-06 04:50:52,235 14024 [INFO ] - Preparing: C:\Users\tsmit\AppData\Local\Temp\chocolatey\cd7cd6400813b54f5b98bc8a22db\vs_bootstrapper_d15\Microsoft.Identity.Client.Extensions.Msal.dll...
2026-04-06 04:50:52,236 14024 [INFO ] - 
2026-04-06 04:50:52,237 14024 [INFO ] - Preparing: C:\Users\tsmit\AppData\Local\Temp\chocolatey\cd7cd6400813b54f5b98bc8a22db\vs_bootstrapper_d15\Microsoft.Identity.Client.NativeInterop.dll...
2026-04-06 04:50:52,238 14024 [INFO ] - 
2026-04-06 04:50:52,239 14024 [INFO ] - Preparing: C:\Users\tsmit\AppData\Local\Temp\chocolatey\cd7cd6400813b54f5b98bc8a22db\vs_bootstrapper_d15\Microsoft.IdentityModel.Abstractions.dll...
2026-04-06 04:50:52,240 14024 [INFO ] - 
2026-04-06 04:50:52,241 14024 [INFO ] - Preparing: C:\Users\tsmit\AppData\Local\Temp\chocolatey\cd7cd6400813b54f5b98bc8a22db\vs_bootstrapper_d15\Microsoft.VisualStudio.RemoteControl.dll...
2026-04-06 04:50:52,241 14024 [INFO ] - 
2026-04-06 04:50:52,242 14024 [INFO ] - Preparing: C:\Users\tsmit\AppData\Local\Temp\chocolatey\cd7cd6400813b54f5b98bc8a22db\vs_bootstrapper_d15\Microsoft.VisualStudio.Setup.Common.dll...
2026-04-06 04:50:52,244 14024 [INFO ] - 
2026-04-06 04:50:52,246 14024 [INFO ] - Preparing: C:\Users\tsmit\AppData\Local\Temp\chocolatey\cd7cd6400813b54f5b98bc8a22db\vs_bootstrapper_d15\Microsoft.VisualStudio.Setup.dll...
2026-04-06 04:50:52,247 14024 [INFO ] - 
2026-04-06 04:50:52,248 14024 [INFO ] - Preparing: C:\Users\tsmit\AppData\Local\Temp\chocolatey\cd7cd6400813b54f5b98bc8a22db\vs_bootstrapper_d15\Microsoft.VisualStudio.Setup.Download.dll...
2026-04-06 04:50:52,249 14024 [INFO ] - 
2026-04-06 04:50:52,250 14024 [INFO ] - Preparing: C:\Users\tsmit\AppData\Local\Temp\chocolatey\cd7cd6400813b54f5b98bc8a22db\vs_bootstrapper_d15\Microsoft.VisualStudio.Telemetry.dll...
2026-04-06 04:50:52,251 14024 [INFO ] - 
2026-04-06 04:50:52,252 14024 [INFO ] - Preparing: C:\Users\tsmit\AppData\Local\Temp\chocolatey\cd7cd6400813b54f5b98bc8a22db\vs_bootstrapper_d15\Microsoft.VisualStudio.Utilities.Internal.dll...
2026-04-06 04:50:52,252 14024 [INFO ] - 
2026-04-06 04:50:52,253 14024 [INFO ] - Preparing: C:\Users\tsmit\AppData\Local\Temp\chocolatey\cd7cd6400813b54f5b98bc8a22db\vs_bootstrapper_d15\runtimes\win-x64\native\msalruntime.dll...
2026-04-06 04:50:52,254 14024 [INFO ] - 
2026-04-06 04:50:52,255 14024 [INFO ] - Preparing: C:\Users\tsmit\AppData\Local\Temp\chocolatey\cd7cd6400813b54f5b98bc8a22db\vs_bootstrapper_d15\runtimes\win-arm64\native\msalruntime_arm64.dll...
2026-04-06 04:50:52,256 14024 [INFO ] - 
2026-04-06 04:50:52,257 14024 [INFO ] - Preparing: C:\Users\tsmit\AppData\Local\Temp\chocolatey\cd7cd6400813b54f5b98bc8a22db\vs_bootstrapper_d15\runtimes\win-x86\native\msalruntime_x86.dll...
2026-04-06 04:50:52,258 14024 [INFO ] - 
2026-04-06 04:50:52,259 14024 [INFO ] - Preparing: C:\Users\tsmit\AppData\Local\Temp\chocolatey\cd7cd6400813b54f5b98bc8a22db\vs_bootstrapper_d15\Newtonsoft.Json.dll...
2026-04-06 04:50:52,261 14024 [INFO ] - 
2026-04-06 04:50:52,262 14024 [INFO ] - Preparing: C:\Users\tsmit\AppData\Local\Temp\chocolatey\cd7cd6400813b54f5b98bc8a22db\vs_bootstrapper_d15\System.Memory.dll...
2026-04-06 04:50:52,264 14024 [INFO ] - 
2026-04-06 04:50:52,264 14024 [INFO ] - Preparing: C:\Users\tsmit\AppData\Local\Temp\chocolatey\cd7cd6400813b54f5b98bc8a22db\vs_bootstrapper_d15\System.Runtime.CompilerServices.Unsafe.dll...
2026-04-06 04:50:52,265 14024 [INFO ] - 
2026-04-06 04:50:52,266 14024 [INFO ] - Preparing: C:\Users\tsmit\AppData\Local\Temp\chocolatey\cd7cd6400813b54f5b98bc8a22db\vs_bootstrapper_d15\VSInstallerElevationService.Contracts.dll...
2026-04-06 04:50:52,267 14024 [INFO ] - 
2026-04-06 04:50:52,268 14024 [INFO ] - Preparing: C:\Users\tsmit\AppData\Local\Temp\chocolatey\cd7cd6400813b54f5b98bc8a22db\vs_bootstrapper_d15\zh-Hans\vs_setup_bootstrapper.resources.dll...
2026-04-06 04:50:52,269 14024 [INFO ] - 
2026-04-06 04:50:52,270 14024 [INFO ] - Preparing: C:\Users\tsmit\AppData\Local\Temp\chocolatey\cd7cd6400813b54f5b98bc8a22db\vs_bootstrapper_d15\es\vs_setup_bootstrapper.resources.dll...
2026-04-06 04:50:52,271 14024 [INFO ] - 
2026-04-06 04:50:52,272 14024 [INFO ] - Preparing: C:\Users\tsmit\AppData\Local\Temp\chocolatey\cd7cd6400813b54f5b98bc8a22db\vs_bootstrapper_d15\pl\vs_setup_bootstrapper.resources.dll...
2026-04-06 04:50:52,273 14024 [INFO ] - 
2026-04-06 04:50:52,274 14024 [INFO ] - Preparing: C:\Users\tsmit\AppData\Local\Temp\chocolatey\cd7cd6400813b54f5b98bc8a22db\vs_bootstrapper_d15\zh-Hant\vs_setup_bootstrapper.resources.dll...
2026-04-06 04:50:52,275 14024 [INFO ] - 
2026-04-06 04:50:52,276 14024 [INFO ] - Preparing: C:\Users\tsmit\AppData\Local\Temp\chocolatey\cd7cd6400813b54f5b98bc8a22db\vs_bootstrapper_d15\pt-BR\vs_setup_bootstrapper.resources.dll...
2026-04-06 04:50:52,278 14024 [INFO ] - 
2026-04-06 04:50:52,279 14024 [INFO ] - Preparing: C:\Users\tsmit\AppData\Local\Temp\chocolatey\cd7cd6400813b54f5b98bc8a22db\vs_bootstrapper_d15\cs\vs_setup_bootstrapper.resources.dll...
2026-04-06 04:50:52,279 14024 [INFO ] - 
2026-04-06 04:50:52,280 14024 [INFO ] - Preparing: C:\Users\tsmit\AppData\Local\Temp\chocolatey\cd7cd6400813b54f5b98bc8a22db\vs_bootstrapper_d15\de\vs_setup_bootstrapper.resources.dll...
2026-04-06 04:50:52,282 14024 [INFO ] - 
2026-04-06 04:50:52,283 14024 [INFO ] - Preparing: C:\Users\tsmit\AppData\Local\Temp\chocolatey\cd7cd6400813b54f5b98bc8a22db\vs_bootstrapper_d15\tr\vs_setup_bootstrapper.resources.dll...
2026-04-06 04:50:52,284 14024 [INFO ] - 
2026-04-06 04:50:52,285 14024 [INFO ] - Preparing: C:\Users\tsmit\AppData\Local\Temp\chocolatey\cd7cd6400813b54f5b98bc8a22db\vs_bootstrapper_d15\fr\vs_setup_bootstrapper.resources.dll...
2026-04-06 04:50:52,286 14024 [INFO ] - 
2026-04-06 04:50:52,287 14024 [INFO ] - Preparing: C:\Users\tsmit\AppData\Local\Temp\chocolatey\cd7cd6400813b54f5b98bc8a22db\vs_bootstrapper_d15\ko\vs_setup_bootstrapper.resources.dll...
2026-04-06 04:50:52,288 14024 [INFO ] - 
2026-04-06 04:50:52,289 14024 [INFO ] - Preparing: C:\Users\tsmit\AppData\Local\Temp\chocolatey\cd7cd6400813b54f5b98bc8a22db\vs_bootstrapper_d15\ja\vs_setup_bootstrapper.resources.dll...
2026-04-06 04:50:52,290 14024 [INFO ] - 
2026-04-06 04:50:52,291 14024 [INFO ] - Preparing: C:\Users\tsmit\AppData\Local\Temp\chocolatey\cd7cd6400813b54f5b98bc8a22db\vs_bootstrapper_d15\ru\vs_setup_bootstrapper.resources.dll...
2026-04-06 04:50:52,293 14024 [INFO ] - 
2026-04-06 04:50:52,294 14024 [INFO ] - Preparing: C:\Users\tsmit\AppData\Local\Temp\chocolatey\cd7cd6400813b54f5b98bc8a22db\vs_bootstrapper_d15\it\vs_setup_bootstrapper.resources.dll...
2026-04-06 04:50:52,295 14024 [INFO ] - 
2026-04-06 04:50:52,296 14024 [INFO ] - Preparing: C:\Users\tsmit\AppData\Local\Temp\chocolatey\cd7cd6400813b54f5b98bc8a22db\vs_bootstrapper_d15\vs_setup_bootstrapper.config...
2026-04-06 04:50:52,297 14024 [INFO ] - 
2026-04-06 04:50:52,298 14024 [INFO ] - Preparing: C:\Users\tsmit\AppData\Local\Temp\chocolatey\cd7cd6400813b54f5b98bc8a22db\vs_bootstrapper_d15\vs_setup_bootstrapper.exe.config...
2026-04-06 04:50:52,299 14024 [INFO ] - 
2026-04-06 04:50:52,299 14024 [INFO ] - Preparing: C:\Users\tsmit\AppData\Local\Temp\chocolatey\cd7cd6400813b54f5b98bc8a22db\vs_bootstrapper_d15\detection.json...
2026-04-06 04:50:52,300 14024 [INFO ] - 
2026-04-06 04:50:52,301 14024 [INFO ] - Preparing: C:\Users\tsmit\AppData\Local\Temp\chocolatey\cd7cd6400813b54f5b98bc8a22db\vs_bootstrapper_d15\vs_setup_bootstrapper.json...
2026-04-06 04:50:52,302 14024 [INFO ] - 
2026-04-06 04:50:52,347 14024 [INFO ] - visualstudio2026buildtools has been installed.
2026-04-06 04:50:52,352 14024 [INFO ] - VERBOSE: No ISO to dismount
2026-04-06 04:50:52,389 14024 [INFO ] -   visualstudio2026buildtools may be able to be automatically uninstalled.
2026-04-06 04:50:52,392 14024 [WARN ] - Environment Vars (like PATH) have changed. Close/reopen your shell to
 see the changes (or in powershell/cmd.exe just type `refreshenv`).
2026-04-06 04:50:52,408 14024 [INFO ] -  The upgrade of visualstudio2026buildtools was successful.
2026-04-06 04:50:52,409 14024 [INFO ] -   Deployed to '"C:\Program Files (x86)\Microsoft Visual Studio\Installer"'
2026-04-06 04:50:52,417 14024 [INFO ] - Downloading package from source 'https://community.chocolatey.org/api/v2/'
2026-04-06 04:50:52,418 14024 [INFO ] - [NuGet]   GET https://community.chocolatey.org/api/v2/package/visualstudio2026-workload-vctools/1.0.0
2026-04-06 04:50:54,966 14024 [INFO ] - [NuGet]   OK https://community.chocolatey.org/api/v2/package/visualstudio2026-workload-vctools/1.0.0 2548ms
2026-04-06 04:50:54,966 14024 [INFO ] - [NuGet] Acquiring lock for the installation of visualstudio2026-workload-vctools 1.0.0
2026-04-06 04:50:54,968 14024 [INFO ] - [NuGet] Acquired lock for the installation of visualstudio2026-workload-vctools 1.0.0
2026-04-06 04:50:54,976 14024 [INFO ] - [NuGet] Installed visualstudio2026-workload-vctools 1.0.0 from https://community.chocolatey.org/api/v2/ with content hash nOr9Onu1ummcCjZn++T9QDaSDCVbdPnwpjWz3XkRILLj+wngquAxi82egZEMcn6YBT1TIVmdapsvRAdn6vG3RA==.
2026-04-06 04:50:54,994 14024 [INFO ] - [NuGet] Adding package 'visualstudio2026-workload-vctools.1.0.0 : chocolatey-visualstudio.extension [1.13.0, ), vcredist140 [14.44.35211, ), visualstudio-installer [2.0.7, ), visualstudio2026buildtools [18.0.0, )' to folder 'C:\ProgramData\chocolatey\lib'
2026-04-06 04:50:55,034 14024 [INFO ] - [NuGet] Added package 'visualstudio2026-workload-vctools.1.0.0 : chocolatey-visualstudio.extension [1.13.0, ), vcredist140 [14.44.35211, ), visualstudio-installer [2.0.7, ), visualstudio2026buildtools [18.0.0, )' to folder 'C:\ProgramData\chocolatey\lib'
2026-04-06 04:50:55,037 14024 [INFO ] - 
visualstudio2026-workload-vctools v1.0.0 [Approved]
2026-04-06 04:50:55,039 14024 [INFO ] - visualstudio2026-workload-vctools package files upgrade completed. Performing other installation steps.
2026-04-06 04:50:55,123 14024 [INFO ] - VERBOSE: Loading module from path 'C:\ProgramData\chocolatey\helpers\Chocolatey.PowerShell.dll'.
2026-04-06 04:50:55,124 14024 [INFO ] - VERBOSE: Importing cmdlet 'Get-EnvironmentVariable'.
2026-04-06 04:50:55,125 14024 [INFO ] - VERBOSE: Importing cmdlet 'Get-EnvironmentVariableNames'.
2026-04-06 04:50:55,125 14024 [INFO ] - VERBOSE: Importing cmdlet 'Install-ChocolateyPath'.
2026-04-06 04:50:55,125 14024 [INFO ] - VERBOSE: Importing cmdlet 'Set-EnvironmentVariable'.
2026-04-06 04:50:55,125 14024 [INFO ] - VERBOSE: Importing cmdlet 'Test-ProcessAdminRights'.
2026-04-06 04:50:55,126 14024 [INFO ] - VERBOSE: Importing cmdlet 'Uninstall-ChocolateyPath'.
2026-04-06 04:50:55,126 14024 [INFO ] - VERBOSE: Importing cmdlet 'Update-SessionEnvironment'.
2026-04-06 04:50:55,128 14024 [INFO ] - VERBOSE: Exporting function 'Format-FileSize'.
2026-04-06 04:50:55,128 14024 [INFO ] - VERBOSE: Exporting function 'Get-ChecksumValid'.
2026-04-06 04:50:55,129 14024 [INFO ] - VERBOSE: Exporting function 'Get-ChocolateyConfigValue'.
2026-04-06 04:50:55,129 14024 [INFO ] - VERBOSE: Exporting function 'Get-ChocolateyPath'.
2026-04-06 04:50:55,129 14024 [INFO ] - VERBOSE: Exporting function 'Get-ChocolateyUnzip'.
2026-04-06 04:50:55,129 14024 [INFO ] - VERBOSE: Exporting function 'Get-ChocolateyWebFile'.
2026-04-06 04:50:55,131 14024 [INFO ] - VERBOSE: Exporting function 'Get-FtpFile'.
2026-04-06 04:50:55,131 14024 [INFO ] - VERBOSE: Exporting function 'Get-OSArchitectureWidth'.
2026-04-06 04:50:55,131 14024 [INFO ] - VERBOSE: Exporting function 'Get-PackageParameters'.
2026-04-06 04:50:55,131 14024 [INFO ] - VERBOSE: Exporting function 'Get-PackageParametersBuiltIn'.
2026-04-06 04:50:55,131 14024 [INFO ] - VERBOSE: Exporting function 'Get-ToolsLocation'.
2026-04-06 04:50:55,132 14024 [INFO ] - VERBOSE: Exporting function 'Get-UACEnabled'.
2026-04-06 04:50:55,132 14024 [INFO ] - VERBOSE: Exporting function 'Get-UninstallRegistryKey'.
2026-04-06 04:50:55,132 14024 [INFO ] - VERBOSE: Exporting function 'Get-VirusCheckValid'.
2026-04-06 04:50:55,132 14024 [INFO ] - VERBOSE: Exporting function 'Get-WebFile'.
2026-04-06 04:50:55,133 14024 [INFO ] - VERBOSE: Exporting function 'Get-WebFileName'.
2026-04-06 04:50:55,133 14024 [INFO ] - VERBOSE: Exporting function 'Get-WebHeaders'.
2026-04-06 04:50:55,133 14024 [INFO ] - VERBOSE: Exporting function 'Install-BinFile'.
2026-04-06 04:50:55,134 14024 [INFO ] - VERBOSE: Exporting function 'Install-ChocolateyEnvironmentVariable'.
2026-04-06 04:50:55,134 14024 [INFO ] - VERBOSE: Exporting function 'Install-ChocolateyExplorerMenuItem'.
2026-04-06 04:50:55,134 14024 [INFO ] - VERBOSE: Exporting function 'Install-ChocolateyFileAssociation'.
2026-04-06 04:50:55,134 14024 [INFO ] - VERBOSE: Exporting function 'Install-ChocolateyInstallPackage'.
2026-04-06 04:50:55,135 14024 [INFO ] - VERBOSE: Exporting function 'Install-ChocolateyPackage'.
2026-04-06 04:50:55,135 14024 [INFO ] - VERBOSE: Exporting function 'Install-ChocolateyPinnedTaskBarItem'.
2026-04-06 04:50:55,135 14024 [INFO ] - VERBOSE: Exporting function 'Install-ChocolateyPowershellCommand'.
2026-04-06 04:50:55,135 14024 [INFO ] - VERBOSE: Exporting function 'Install-ChocolateyShortcut'.
2026-04-06 04:50:55,136 14024 [INFO ] - VERBOSE: Exporting function 'Install-ChocolateyVsixPackage'.
2026-04-06 04:50:55,136 14024 [INFO ] - VERBOSE: Exporting function 'Install-ChocolateyZipPackage'.
2026-04-06 04:50:55,136 14024 [INFO ] - VERBOSE: Exporting function 'Install-Vsix'.
2026-04-06 04:50:55,136 14024 [INFO ] - VERBOSE: Exporting function 'Set-PowerShellExitCode'.
2026-04-06 04:50:55,137 14024 [INFO ] - VERBOSE: Exporting function 'Start-ChocolateyProcessAsAdmin'.
2026-04-06 04:50:55,137 14024 [INFO ] - VERBOSE: Exporting function 'Uninstall-BinFile'.
2026-04-06 04:50:55,137 14024 [INFO ] - VERBOSE: Exporting function 'Uninstall-ChocolateyEnvironmentVariable'.
2026-04-06 04:50:55,137 14024 [INFO ] - VERBOSE: Exporting function 'Uninstall-ChocolateyPackage'.
2026-04-06 04:50:55,138 14024 [INFO ] - VERBOSE: Exporting function 'Uninstall-ChocolateyZipPackage'.
2026-04-06 04:50:55,138 14024 [INFO ] - VERBOSE: Exporting function 'Write-FunctionCallLogMessage'.
2026-04-06 04:50:55,139 14024 [INFO ] - VERBOSE: Exporting cmdlet 'Get-EnvironmentVariable'.
2026-04-06 04:50:55,139 14024 [INFO ] - VERBOSE: Exporting cmdlet 'Get-EnvironmentVariableNames'.
2026-04-06 04:50:55,139 14024 [INFO ] - VERBOSE: Exporting cmdlet 'Install-ChocolateyPath'.
2026-04-06 04:50:55,139 14024 [INFO ] - VERBOSE: Exporting cmdlet 'Set-EnvironmentVariable'.
2026-04-06 04:50:55,139 14024 [INFO ] - VERBOSE: Exporting cmdlet 'Test-ProcessAdminRights'.
2026-04-06 04:50:55,140 14024 [INFO ] - VERBOSE: Exporting cmdlet 'Uninstall-ChocolateyPath'.
2026-04-06 04:50:55,140 14024 [INFO ] - VERBOSE: Exporting cmdlet 'Update-SessionEnvironment'.
2026-04-06 04:50:55,140 14024 [INFO ] - VERBOSE: Exporting alias 'Get-ProcessorBits'.
2026-04-06 04:50:55,140 14024 [INFO ] - VERBOSE: Exporting alias 'Get-OSBitness'.
2026-04-06 04:50:55,141 14024 [INFO ] - VERBOSE: Exporting alias 'Get-InstallRegistryKey'.
2026-04-06 04:50:55,141 14024 [INFO ] - VERBOSE: Exporting alias 'Generate-BinFile'.
2026-04-06 04:50:55,141 14024 [INFO ] - VERBOSE: Exporting alias 'Add-BinFile'.
2026-04-06 04:50:55,141 14024 [INFO ] - VERBOSE: Exporting alias 'Start-ChocolateyProcess'.
2026-04-06 04:50:55,141 14024 [INFO ] - VERBOSE: Exporting alias 'Invoke-ChocolateyProcess'.
2026-04-06 04:50:55,142 14024 [INFO ] - VERBOSE: Exporting alias 'Remove-BinFile'.
2026-04-06 04:50:55,142 14024 [INFO ] - VERBOSE: Exporting alias 'refreshenv'.
2026-04-06 04:50:55,144 14024 [INFO ] - VERBOSE: Loading module from path 'C:\ProgramData\chocolatey\extensions\chocolatey-compatibility\chocolatey-compatibility.psm1'.
2026-04-06 04:50:55,154 14024 [INFO ] - VERBOSE: Exporting function 'Install-ChocolateyDesktopLink'.
2026-04-06 04:50:55,155 14024 [INFO ] - VERBOSE: Exporting function 'Write-ChocolateyFailure'.
2026-04-06 04:50:55,157 14024 [INFO ] - VERBOSE: Exporting function 'Write-ChocolateySuccess'.
2026-04-06 04:50:55,158 14024 [INFO ] - VERBOSE: Exporting function 'Write-FileUpdateLog'.
2026-04-06 04:50:55,159 14024 [INFO ] - VERBOSE: Importing function 'Install-ChocolateyDesktopLink'.
2026-04-06 04:50:55,159 14024 [INFO ] - VERBOSE: Importing function 'Write-ChocolateyFailure'.
2026-04-06 04:50:55,159 14024 [INFO ] - VERBOSE: Importing function 'Write-ChocolateySuccess'.
2026-04-06 04:50:55,159 14024 [INFO ] - VERBOSE: Importing function 'Write-FileUpdateLog'.
2026-04-06 04:50:55,160 14024 [INFO ] - VERBOSE: Loading module from path 'C:\ProgramData\chocolatey\extensions\chocolatey-core\chocolatey-core.psm1'.
2026-04-06 04:50:55,181 14024 [INFO ] - VERBOSE: Exporting function 'Get-AppInstallLocation'.
2026-04-06 04:50:55,182 14024 [INFO ] - VERBOSE: Exporting function 'Get-AvailableDriveLetter'.
2026-04-06 04:50:55,182 14024 [INFO ] - VERBOSE: Exporting function 'Get-EffectiveProxy'.
2026-04-06 04:50:55,183 14024 [INFO ] - VERBOSE: Exporting function 'Get-PackageCacheLocation'.
2026-04-06 04:50:55,183 14024 [INFO ] - VERBOSE: Exporting function 'Get-WebContent'.
2026-04-06 04:50:55,184 14024 [INFO ] - VERBOSE: Exporting function 'Register-Application'.
2026-04-06 04:50:55,184 14024 [INFO ] - VERBOSE: Exporting function 'Remove-Process'.
2026-04-06 04:50:55,184 14024 [INFO ] - VERBOSE: Importing function 'Get-AppInstallLocation'.
2026-04-06 04:50:55,185 14024 [INFO ] - VERBOSE: Importing function 'Get-AvailableDriveLetter'.
2026-04-06 04:50:55,185 14024 [INFO ] - VERBOSE: Importing function 'Get-EffectiveProxy'.
2026-04-06 04:50:55,185 14024 [INFO ] - VERBOSE: Importing function 'Get-PackageCacheLocation'.
2026-04-06 04:50:55,186 14024 [INFO ] - VERBOSE: Importing function 'Get-WebContent'.
2026-04-06 04:50:55,186 14024 [INFO ] - VERBOSE: Importing function 'Register-Application'.
2026-04-06 04:50:55,186 14024 [INFO ] - VERBOSE: Importing function 'Remove-Process'.
2026-04-06 04:50:55,188 14024 [INFO ] - VERBOSE: Loading module from path 'C:\ProgramData\chocolatey\extensions\chocolatey-dotnetfx\chocolatey-dotnetfx.psm1'.
2026-04-06 04:50:55,195 14024 [INFO ] - VERBOSE: Exporting function 'Install-DotNetFramework'.
2026-04-06 04:50:55,196 14024 [INFO ] - VERBOSE: Exporting function 'Install-DotNetDevPack'.
2026-04-06 04:50:55,196 14024 [INFO ] - VERBOSE: Importing function 'Install-DotNetDevPack'.
2026-04-06 04:50:55,196 14024 [INFO ] - VERBOSE: Importing function 'Install-DotNetFramework'.
2026-04-06 04:50:55,197 14024 [INFO ] - VERBOSE: Loading module from path 'C:\ProgramData\chocolatey\extensions\chocolatey-visualstudio\chocolatey-visualstudio.extension.psm1'.
2026-04-06 04:50:55,237 14024 [INFO ] - VERBOSE: Exporting function 'Add-VisualStudioComponent'.
2026-04-06 04:50:55,237 14024 [INFO ] - VERBOSE: Exporting function 'Add-VisualStudioWorkload'.
2026-04-06 04:50:55,238 14024 [INFO ] - VERBOSE: Exporting function 'Get-VisualStudioInstaller'.
2026-04-06 04:50:55,238 14024 [INFO ] - VERBOSE: Exporting function 'Get-VisualStudioInstallerHealth'.
2026-04-06 04:50:55,238 14024 [INFO ] - VERBOSE: Exporting function 'Get-VisualStudioInstance'.
2026-04-06 04:50:55,239 14024 [INFO ] - VERBOSE: Exporting function 'Get-VisualStudioVsixInstaller'.
2026-04-06 04:50:55,239 14024 [INFO ] - VERBOSE: Exporting function 'Install-VisualStudio'.
2026-04-06 04:50:55,239 14024 [INFO ] - VERBOSE: Exporting function 'Install-VisualStudioInstaller'.
2026-04-06 04:50:55,239 14024 [INFO ] - VERBOSE: Exporting function 'Install-VisualStudioVsixExtension'.
2026-04-06 04:50:55,239 14024 [INFO ] - VERBOSE: Exporting function 'Remove-VisualStudioComponent'.
2026-04-06 04:50:55,240 14024 [INFO ] - VERBOSE: Exporting function 'Remove-VisualStudioProduct'.
2026-04-06 04:50:55,240 14024 [INFO ] - VERBOSE: Exporting function 'Remove-VisualStudioWorkload'.
2026-04-06 04:50:55,240 14024 [INFO ] - VERBOSE: Exporting function 'Uninstall-VisualStudio'.
2026-04-06 04:50:55,240 14024 [INFO ] - VERBOSE: Exporting function 'Uninstall-VisualStudioVsixExtension'.
2026-04-06 04:50:55,241 14024 [INFO ] - VERBOSE: Importing function 'Add-VisualStudioComponent'.
2026-04-06 04:50:55,241 14024 [INFO ] - VERBOSE: Importing function 'Add-VisualStudioWorkload'.
2026-04-06 04:50:55,241 14024 [INFO ] - VERBOSE: Importing function 'Get-VisualStudioInstaller'.
2026-04-06 04:50:55,241 14024 [INFO ] - VERBOSE: Importing function 'Get-VisualStudioInstallerHealth'.
2026-04-06 04:50:55,242 14024 [INFO ] - VERBOSE: Importing function 'Get-VisualStudioInstance'.
2026-04-06 04:50:55,242 14024 [INFO ] - VERBOSE: Importing function 'Get-VisualStudioVsixInstaller'.
2026-04-06 04:50:55,242 14024 [INFO ] - VERBOSE: Importing function 'Install-VisualStudio'.
2026-04-06 04:50:55,242 14024 [INFO ] - VERBOSE: Importing function 'Install-VisualStudioInstaller'.
2026-04-06 04:50:55,243 14024 [INFO ] - VERBOSE: Importing function 'Install-VisualStudioVsixExtension'.
2026-04-06 04:50:55,243 14024 [INFO ] - VERBOSE: Importing function 'Remove-VisualStudioComponent'.
2026-04-06 04:50:55,243 14024 [INFO ] - VERBOSE: Importing function 'Remove-VisualStudioProduct'.
2026-04-06 04:50:55,244 14024 [INFO ] - VERBOSE: Importing function 'Remove-VisualStudioWorkload'.
2026-04-06 04:50:55,244 14024 [INFO ] - VERBOSE: Importing function 'Uninstall-VisualStudio'.
2026-04-06 04:50:55,244 14024 [INFO ] - VERBOSE: Importing function 'Uninstall-VisualStudioVsixExtension'.
2026-04-06 04:50:55,246 14024 [INFO ] - VERBOSE: Loading module from path 'C:\ProgramData\chocolatey\extensions\chocolatey-windowsupdate\chocolatey-windowsupdate.psm1'.
2026-04-06 04:50:55,255 14024 [INFO ] - VERBOSE: Exporting function 'Install-WindowsUpdate'.
2026-04-06 04:50:55,256 14024 [INFO ] - VERBOSE: Exporting function 'Test-WindowsUpdate'.
2026-04-06 04:50:55,256 14024 [INFO ] - VERBOSE: Importing function 'Install-WindowsUpdate'.
2026-04-06 04:50:55,256 14024 [INFO ] - VERBOSE: Importing function 'Test-WindowsUpdate'.
2026-04-06 04:50:55,257 14024 [INFO ] - VERBOSE: Exporting function 'Format-FileSize'.
2026-04-06 04:50:55,257 14024 [INFO ] - VERBOSE: Exporting function 'Get-ChecksumValid'.
2026-04-06 04:50:55,258 14024 [INFO ] - VERBOSE: Exporting function 'Get-ChocolateyConfigValue'.
2026-04-06 04:50:55,258 14024 [INFO ] - VERBOSE: Exporting function 'Get-ChocolateyPath'.
2026-04-06 04:50:55,258 14024 [INFO ] - VERBOSE: Exporting function 'Get-ChocolateyUnzip'.
2026-04-06 04:50:55,258 14024 [INFO ] - VERBOSE: Exporting function 'Get-ChocolateyWebFile'.
2026-04-06 04:50:55,260 14024 [INFO ] - VERBOSE: Exporting function 'Get-FtpFile'.
2026-04-06 04:50:55,260 14024 [INFO ] - VERBOSE: Exporting function 'Get-OSArchitectureWidth'.
2026-04-06 04:50:55,260 14024 [INFO ] - VERBOSE: Exporting function 'Get-PackageParameters'.
2026-04-06 04:50:55,261 14024 [INFO ] - VERBOSE: Exporting function 'Get-PackageParametersBuiltIn'.
2026-04-06 04:50:55,261 14024 [INFO ] - VERBOSE: Exporting function 'Get-ToolsLocation'.
2026-04-06 04:50:55,261 14024 [INFO ] - VERBOSE: Exporting function 'Get-UACEnabled'.
2026-04-06 04:50:55,261 14024 [INFO ] - VERBOSE: Exporting function 'Get-UninstallRegistryKey'.
2026-04-06 04:50:55,262 14024 [INFO ] - VERBOSE: Exporting function 'Get-VirusCheckValid'.
2026-04-06 04:50:55,262 14024 [INFO ] - VERBOSE: Exporting function 'Get-WebFile'.
2026-04-06 04:50:55,262 14024 [INFO ] - VERBOSE: Exporting function 'Get-WebFileName'.
2026-04-06 04:50:55,262 14024 [INFO ] - VERBOSE: Exporting function 'Get-WebHeaders'.
2026-04-06 04:50:55,263 14024 [INFO ] - VERBOSE: Exporting function 'Install-BinFile'.
2026-04-06 04:50:55,263 14024 [INFO ] - VERBOSE: Exporting function 'Install-ChocolateyEnvironmentVariable'.
2026-04-06 04:50:55,263 14024 [INFO ] - VERBOSE: Exporting function 'Install-ChocolateyExplorerMenuItem'.
2026-04-06 04:50:55,263 14024 [INFO ] - VERBOSE: Exporting function 'Install-ChocolateyFileAssociation'.
2026-04-06 04:50:55,264 14024 [INFO ] - VERBOSE: Exporting function 'Install-ChocolateyInstallPackage'.
2026-04-06 04:50:55,264 14024 [INFO ] - VERBOSE: Exporting function 'Install-ChocolateyPackage'.
2026-04-06 04:50:55,264 14024 [INFO ] - VERBOSE: Exporting function 'Install-ChocolateyPinnedTaskBarItem'.
2026-04-06 04:50:55,264 14024 [INFO ] - VERBOSE: Exporting function 'Install-ChocolateyPowershellCommand'.
2026-04-06 04:50:55,265 14024 [INFO ] - VERBOSE: Exporting function 'Install-ChocolateyShortcut'.
2026-04-06 04:50:55,265 14024 [INFO ] - VERBOSE: Exporting function 'Install-ChocolateyVsixPackage'.
2026-04-06 04:50:55,265 14024 [INFO ] - VERBOSE: Exporting function 'Install-ChocolateyZipPackage'.
2026-04-06 04:50:55,265 14024 [INFO ] - VERBOSE: Exporting function 'Install-Vsix'.
2026-04-06 04:50:55,266 14024 [INFO ] - VERBOSE: Exporting function 'Set-PowerShellExitCode'.
2026-04-06 04:50:55,266 14024 [INFO ] - VERBOSE: Exporting function 'Start-ChocolateyProcessAsAdmin'.
2026-04-06 04:50:55,266 14024 [INFO ] - VERBOSE: Exporting function 'Uninstall-BinFile'.
2026-04-06 04:50:55,266 14024 [INFO ] - VERBOSE: Exporting function 'Uninstall-ChocolateyEnvironmentVariable'.
2026-04-06 04:50:55,267 14024 [INFO ] - VERBOSE: Exporting function 'Uninstall-ChocolateyPackage'.
2026-04-06 04:50:55,267 14024 [INFO ] - VERBOSE: Exporting function 'Uninstall-ChocolateyZipPackage'.
2026-04-06 04:50:55,267 14024 [INFO ] - VERBOSE: Exporting function 'Write-FunctionCallLogMessage'.
2026-04-06 04:50:55,267 14024 [INFO ] - VERBOSE: Exporting function 'Install-ChocolateyDesktopLink'.
2026-04-06 04:50:55,268 14024 [INFO ] - VERBOSE: Exporting function 'Write-ChocolateyFailure'.
2026-04-06 04:50:55,268 14024 [INFO ] - VERBOSE: Exporting function 'Write-ChocolateySuccess'.
2026-04-06 04:50:55,268 14024 [INFO ] - VERBOSE: Exporting function 'Write-FileUpdateLog'.
2026-04-06 04:50:55,269 14024 [INFO ] - VERBOSE: Exporting function 'Get-AppInstallLocation'.
2026-04-06 04:50:55,269 14024 [INFO ] - VERBOSE: Exporting function 'Get-AvailableDriveLetter'.
2026-04-06 04:50:55,269 14024 [INFO ] - VERBOSE: Exporting function 'Get-EffectiveProxy'.
2026-04-06 04:50:55,269 14024 [INFO ] - VERBOSE: Exporting function 'Get-PackageCacheLocation'.
2026-04-06 04:50:55,270 14024 [INFO ] - VERBOSE: Exporting function 'Get-WebContent'.
2026-04-06 04:50:55,270 14024 [INFO ] - VERBOSE: Exporting function 'Register-Application'.
2026-04-06 04:50:55,270 14024 [INFO ] - VERBOSE: Exporting function 'Remove-Process'.
2026-04-06 04:50:55,271 14024 [INFO ] - VERBOSE: Exporting function 'Install-DotNetDevPack'.
2026-04-06 04:50:55,271 14024 [INFO ] - VERBOSE: Exporting function 'Install-DotNetFramework'.
2026-04-06 04:50:55,271 14024 [INFO ] - VERBOSE: Exporting function 'Add-VisualStudioComponent'.
2026-04-06 04:50:55,271 14024 [INFO ] - VERBOSE: Exporting function 'Add-VisualStudioWorkload'.
2026-04-06 04:50:55,271 14024 [INFO ] - VERBOSE: Exporting function 'Get-VisualStudioInstaller'.
2026-04-06 04:50:55,272 14024 [INFO ] - VERBOSE: Exporting function 'Get-VisualStudioInstallerHealth'.
2026-04-06 04:50:55,272 14024 [INFO ] - VERBOSE: Exporting function 'Get-VisualStudioInstance'.
2026-04-06 04:50:55,272 14024 [INFO ] - VERBOSE: Exporting function 'Get-VisualStudioVsixInstaller'.
2026-04-06 04:50:55,272 14024 [INFO ] - VERBOSE: Exporting function 'Install-VisualStudio'.
2026-04-06 04:50:55,272 14024 [INFO ] - VERBOSE: Exporting function 'Install-VisualStudioInstaller'.
2026-04-06 04:50:55,274 14024 [INFO ] - VERBOSE: Exporting function 'Install-VisualStudioVsixExtension'.
2026-04-06 04:50:55,274 14024 [INFO ] - VERBOSE: Exporting function 'Remove-VisualStudioComponent'.
2026-04-06 04:50:55,274 14024 [INFO ] - VERBOSE: Exporting function 'Remove-VisualStudioProduct'.
2026-04-06 04:50:55,274 14024 [INFO ] - VERBOSE: Exporting function 'Remove-VisualStudioWorkload'.
2026-04-06 04:50:55,275 14024 [INFO ] - VERBOSE: Exporting function 'Uninstall-VisualStudio'.
2026-04-06 04:50:55,275 14024 [INFO ] - VERBOSE: Exporting function 'Uninstall-VisualStudioVsixExtension'.
2026-04-06 04:50:55,275 14024 [INFO ] - VERBOSE: Exporting function 'Install-WindowsUpdate'.
2026-04-06 04:50:55,276 14024 [INFO ] - VERBOSE: Exporting function 'Test-WindowsUpdate'.
2026-04-06 04:50:55,276 14024 [INFO ] - VERBOSE: Exporting cmdlet 'Get-EnvironmentVariable'.
2026-04-06 04:50:55,276 14024 [INFO ] - VERBOSE: Exporting cmdlet 'Get-EnvironmentVariableNames'.
2026-04-06 04:50:55,277 14024 [INFO ] - VERBOSE: Exporting cmdlet 'Install-ChocolateyPath'.
2026-04-06 04:50:55,277 14024 [INFO ] - VERBOSE: Exporting cmdlet 'Set-EnvironmentVariable'.
2026-04-06 04:50:55,277 14024 [INFO ] - VERBOSE: Exporting cmdlet 'Test-ProcessAdminRights'.
2026-04-06 04:50:55,277 14024 [INFO ] - VERBOSE: Exporting cmdlet 'Uninstall-ChocolateyPath'.
2026-04-06 04:50:55,278 14024 [INFO ] - VERBOSE: Exporting cmdlet 'Update-SessionEnvironment'.
2026-04-06 04:50:55,278 14024 [INFO ] - VERBOSE: Exporting cmdlet 'Get-EnvironmentVariable'.
2026-04-06 04:50:55,278 14024 [INFO ] - VERBOSE: Exporting cmdlet 'Get-EnvironmentVariableNames'.
2026-04-06 04:50:55,278 14024 [INFO ] - VERBOSE: Exporting cmdlet 'Install-ChocolateyPath'.
2026-04-06 04:50:55,279 14024 [INFO ] - VERBOSE: Exporting cmdlet 'Set-EnvironmentVariable'.
2026-04-06 04:50:55,279 14024 [INFO ] - VERBOSE: Exporting cmdlet 'Test-ProcessAdminRights'.
2026-04-06 04:50:55,279 14024 [INFO ] - VERBOSE: Exporting cmdlet 'Uninstall-ChocolateyPath'.
2026-04-06 04:50:55,280 14024 [INFO ] - VERBOSE: Exporting cmdlet 'Update-SessionEnvironment'.
2026-04-06 04:50:55,280 14024 [INFO ] - VERBOSE: Exporting alias 'Get-ProcessorBits'.
2026-04-06 04:50:55,280 14024 [INFO ] - VERBOSE: Exporting alias 'Get-OSBitness'.
2026-04-06 04:50:55,281 14024 [INFO ] - VERBOSE: Exporting alias 'Get-InstallRegistryKey'.
2026-04-06 04:50:55,281 14024 [INFO ] - VERBOSE: Exporting alias 'Generate-BinFile'.
2026-04-06 04:50:55,281 14024 [INFO ] - VERBOSE: Exporting alias 'Add-BinFile'.
2026-04-06 04:50:55,282 14024 [INFO ] - VERBOSE: Exporting alias 'Start-ChocolateyProcess'.
2026-04-06 04:50:55,282 14024 [INFO ] - VERBOSE: Exporting alias 'Invoke-ChocolateyProcess'.
2026-04-06 04:50:55,282 14024 [INFO ] - VERBOSE: Exporting alias 'Remove-BinFile'.
2026-04-06 04:50:55,282 14024 [INFO ] - VERBOSE: Exporting alias 'refreshenv'.
2026-04-06 04:50:55,283 14024 [INFO ] - VERBOSE: Importing cmdlet 'Get-EnvironmentVariable'.
2026-04-06 04:50:55,283 14024 [INFO ] - VERBOSE: Importing cmdlet 'Get-EnvironmentVariableNames'.
2026-04-06 04:50:55,284 14024 [INFO ] - VERBOSE: Importing cmdlet 'Install-ChocolateyPath'.
2026-04-06 04:50:55,284 14024 [INFO ] - VERBOSE: Importing cmdlet 'Set-EnvironmentVariable'.
2026-04-06 04:50:55,284 14024 [INFO ] - VERBOSE: Importing cmdlet 'Test-ProcessAdminRights'.
2026-04-06 04:50:55,284 14024 [INFO ] - VERBOSE: Importing cmdlet 'Uninstall-ChocolateyPath'.
2026-04-06 04:50:55,285 14024 [INFO ] - VERBOSE: Importing cmdlet 'Update-SessionEnvironment'.
2026-04-06 04:50:55,285 14024 [INFO ] - VERBOSE: Importing function 'Add-VisualStudioComponent'.
2026-04-06 04:50:55,285 14024 [INFO ] - VERBOSE: Importing function 'Add-VisualStudioWorkload'.
2026-04-06 04:50:55,286 14024 [INFO ] - VERBOSE: Importing function 'Format-FileSize'.
2026-04-06 04:50:55,286 14024 [INFO ] - VERBOSE: Importing function 'Get-AppInstallLocation'.
2026-04-06 04:50:55,286 14024 [INFO ] - VERBOSE: Importing function 'Get-AvailableDriveLetter'.
2026-04-06 04:50:55,287 14024 [INFO ] - VERBOSE: Importing function 'Get-ChecksumValid'.
2026-04-06 04:50:55,287 14024 [INFO ] - VERBOSE: Importing function 'Get-ChocolateyConfigValue'.
2026-04-06 04:50:55,287 14024 [INFO ] - VERBOSE: Importing function 'Get-ChocolateyPath'.
2026-04-06 04:50:55,288 14024 [INFO ] - VERBOSE: Importing function 'Get-ChocolateyUnzip'.
2026-04-06 04:50:55,288 14024 [INFO ] - VERBOSE: Importing function 'Get-ChocolateyWebFile'.
2026-04-06 04:50:55,288 14024 [INFO ] - VERBOSE: Importing function 'Get-EffectiveProxy'.
2026-04-06 04:50:55,288 14024 [INFO ] - VERBOSE: Importing function 'Get-FtpFile'.
2026-04-06 04:50:55,288 14024 [INFO ] - VERBOSE: Importing function 'Get-OSArchitectureWidth'.
2026-04-06 04:50:55,289 14024 [INFO ] - VERBOSE: Importing function 'Get-PackageCacheLocation'.
2026-04-06 04:50:55,289 14024 [INFO ] - VERBOSE: Importing function 'Get-PackageParameters'.
2026-04-06 04:50:55,289 14024 [INFO ] - VERBOSE: Importing function 'Get-PackageParametersBuiltIn'.
2026-04-06 04:50:55,289 14024 [INFO ] - VERBOSE: Importing function 'Get-ToolsLocation'.
2026-04-06 04:50:55,290 14024 [INFO ] - VERBOSE: Importing function 'Get-UACEnabled'.
2026-04-06 04:50:55,290 14024 [INFO ] - VERBOSE: Importing function 'Get-UninstallRegistryKey'.
2026-04-06 04:50:55,290 14024 [INFO ] - VERBOSE: Importing function 'Get-VirusCheckValid'.
2026-04-06 04:50:55,290 14024 [INFO ] - VERBOSE: Importing function 'Get-VisualStudioInstaller'.
2026-04-06 04:50:55,290 14024 [INFO ] - VERBOSE: Importing function 'Get-VisualStudioInstallerHealth'.
2026-04-06 04:50:55,292 14024 [INFO ] - VERBOSE: Importing function 'Get-VisualStudioInstance'.
2026-04-06 04:50:55,292 14024 [INFO ] - VERBOSE: Importing function 'Get-VisualStudioVsixInstaller'.
2026-04-06 04:50:55,292 14024 [INFO ] - VERBOSE: Importing function 'Get-WebContent'.
2026-04-06 04:50:55,293 14024 [INFO ] - VERBOSE: Importing function 'Get-WebFile'.
2026-04-06 04:50:55,293 14024 [INFO ] - VERBOSE: Importing function 'Get-WebFileName'.
2026-04-06 04:50:55,293 14024 [INFO ] - VERBOSE: Importing function 'Get-WebHeaders'.
2026-04-06 04:50:55,293 14024 [INFO ] - VERBOSE: Importing function 'Install-BinFile'.
2026-04-06 04:50:55,294 14024 [INFO ] - VERBOSE: Importing function 'Install-ChocolateyDesktopLink'.
2026-04-06 04:50:55,294 14024 [INFO ] - VERBOSE: Importing function 'Install-ChocolateyEnvironmentVariable'.
2026-04-06 04:50:55,294 14024 [INFO ] - VERBOSE: Importing function 'Install-ChocolateyExplorerMenuItem'.
2026-04-06 04:50:55,294 14024 [INFO ] - VERBOSE: Importing function 'Install-ChocolateyFileAssociation'.
2026-04-06 04:50:55,295 14024 [INFO ] - VERBOSE: Importing function 'Install-ChocolateyInstallPackage'.
2026-04-06 04:50:55,295 14024 [INFO ] - VERBOSE: Importing function 'Install-ChocolateyPackage'.
2026-04-06 04:50:55,295 14024 [INFO ] - VERBOSE: Importing function 'Install-ChocolateyPinnedTaskBarItem'.
2026-04-06 04:50:55,296 14024 [INFO ] - VERBOSE: Importing function 'Install-ChocolateyPowershellCommand'.
2026-04-06 04:50:55,296 14024 [INFO ] - VERBOSE: Importing function 'Install-ChocolateyShortcut'.
2026-04-06 04:50:55,296 14024 [INFO ] - VERBOSE: Importing function 'Install-ChocolateyVsixPackage'.
2026-04-06 04:50:55,296 14024 [INFO ] - VERBOSE: Importing function 'Install-ChocolateyZipPackage'.
2026-04-06 04:50:55,297 14024 [INFO ] - VERBOSE: Importing function 'Install-DotNetDevPack'.
2026-04-06 04:50:55,297 14024 [INFO ] - VERBOSE: Importing function 'Install-DotNetFramework'.
2026-04-06 04:50:55,297 14024 [INFO ] - VERBOSE: Importing function 'Install-VisualStudio'.
2026-04-06 04:50:55,298 14024 [INFO ] - VERBOSE: Importing function 'Install-VisualStudioInstaller'.
2026-04-06 04:50:55,298 14024 [INFO ] - VERBOSE: Importing function 'Install-VisualStudioVsixExtension'.
2026-04-06 04:50:55,298 14024 [INFO ] - VERBOSE: Importing function 'Install-Vsix'.
2026-04-06 04:50:55,298 14024 [INFO ] - VERBOSE: Importing function 'Install-WindowsUpdate'.
2026-04-06 04:50:55,298 14024 [INFO ] - VERBOSE: Importing function 'Register-Application'.
2026-04-06 04:50:55,299 14024 [INFO ] - VERBOSE: Importing function 'Remove-Process'.
2026-04-06 04:50:55,299 14024 [INFO ] - VERBOSE: Importing function 'Remove-VisualStudioComponent'.
2026-04-06 04:50:55,299 14024 [INFO ] - VERBOSE: Importing function 'Remove-VisualStudioProduct'.
2026-04-06 04:50:55,299 14024 [INFO ] - VERBOSE: Importing function 'Remove-VisualStudioWorkload'.
2026-04-06 04:50:55,299 14024 [INFO ] - VERBOSE: Importing function 'Set-PowerShellExitCode'.
2026-04-06 04:50:55,301 14024 [INFO ] - VERBOSE: Importing function 'Start-ChocolateyProcessAsAdmin'.
2026-04-06 04:50:55,301 14024 [INFO ] - VERBOSE: Importing function 'Test-WindowsUpdate'.
2026-04-06 04:50:55,301 14024 [INFO ] - VERBOSE: Importing function 'Uninstall-BinFile'.
2026-04-06 04:50:55,302 14024 [INFO ] - VERBOSE: Importing function 'Uninstall-ChocolateyEnvironmentVariable'.
2026-04-06 04:50:55,302 14024 [INFO ] - VERBOSE: Importing function 'Uninstall-ChocolateyPackage'.
2026-04-06 04:50:55,302 14024 [INFO ] - VERBOSE: Importing function 'Uninstall-ChocolateyZipPackage'.
2026-04-06 04:50:55,303 14024 [INFO ] - VERBOSE: Importing function 'Uninstall-VisualStudio'.
2026-04-06 04:50:55,303 14024 [INFO ] - VERBOSE: Importing function 'Uninstall-VisualStudioVsixExtension'.
2026-04-06 04:50:55,303 14024 [INFO ] - VERBOSE: Importing function 'Write-ChocolateyFailure'.
2026-04-06 04:50:55,303 14024 [INFO ] - VERBOSE: Importing function 'Write-ChocolateySuccess'.
2026-04-06 04:50:55,303 14024 [INFO ] - VERBOSE: Importing function 'Write-FileUpdateLog'.
2026-04-06 04:50:55,304 14024 [INFO ] - VERBOSE: Importing function 'Write-FunctionCallLogMessage'.
2026-04-06 04:50:55,304 14024 [INFO ] - VERBOSE: Importing alias 'Add-BinFile'.
2026-04-06 04:50:55,304 14024 [INFO ] - VERBOSE: Importing alias 'Generate-BinFile'.
2026-04-06 04:50:55,304 14024 [INFO ] - VERBOSE: Importing alias 'Get-InstallRegistryKey'.
2026-04-06 04:50:55,305 14024 [INFO ] - VERBOSE: Importing alias 'Get-OSBitness'.
2026-04-06 04:50:55,305 14024 [INFO ] - VERBOSE: Importing alias 'Get-ProcessorBits'.
2026-04-06 04:50:55,305 14024 [INFO ] - VERBOSE: Importing alias 'Invoke-ChocolateyProcess'.
2026-04-06 04:50:55,306 14024 [INFO ] - VERBOSE: Importing alias 'refreshenv'.
2026-04-06 04:50:55,306 14024 [INFO ] - VERBOSE: Importing alias 'Remove-BinFile'.
2026-04-06 04:50:55,306 14024 [INFO ] - VERBOSE: Importing alias 'Start-ChocolateyProcess'.
2026-04-06 04:50:55,662 14024 [INFO ] - VERBOSE: Preparing to perform operation 'modify' on product at path 'C:\Program Files (x86)\Microsoft Visual Studio\18\BuildTools'.
2026-04-06 04:50:55,728 14024 [INFO ] - VERBOSE: Visual Studio Installer version 4.4.38.63497 (engine version 4.4.38.63497) (traits: ) is present (C:\Program Files (x86)\Microsoft Visual Studio\Installer\vs_installer.exe).
2026-04-06 04:50:55,751 14024 [INFO ] - VERBOSE: Checking installer version required by the package
2026-04-06 04:50:55,752 14024 [INFO ] - VERBOSE: Trying to determine the required installer and engine version from the manifests
2026-04-06 04:50:55,754 14024 [INFO ] - VERBOSE: Obtaining the manifest file for url 'https://aka.ms/vs/18/stable/channel' (channel manifest)
2026-04-06 04:50:55,759 14024 [INFO ] - VERBOSE: Found cached file 'C:\Users\tsmit\AppData\Local\Temp\chocolatey\chocolatey-visualstudio.extension\ChannelManifest_444114094.man' last updated on 2026-04-06 11:48:00 UTC - less than one day ago (now is 2026-04-06 11:50:55 UTC)
2026-04-06 04:50:55,759 14024 [INFO ] - VERBOSE: Reading the manifest file (channel manifest)
2026-04-06 04:50:55,762 14024 [INFO ] - VERBOSE: Parsing the manifest file (channel manifest)
2026-04-06 04:50:55,768 14024 [INFO ] - VERBOSE: Bootstrapper  installerVersion determined from the channel manifest: 4.4.38.63497
2026-04-06 04:50:55,768 14024 [INFO ] - VERBOSE: Required installer version determined from the channel manifest (as bootstrapper installerVersion property): '4.4.38.63497'
2026-04-06 04:50:55,771 14024 [INFO ] - VERBOSE: Manifest url determined from the channel manifest: 'https://download.visualstudio.microsoft.com/download/pr/c03aa7dd-8afd-49cc-9274-19c9a1b26aee/01403e4017f6303bdb39cc30070877e5619a848e8dd9849bc66d6ac9a2a8c93d/VisualStudio.vsman' (checksum: '01403e4017f6303bdb39cc30070877e5619a848e8dd9849bc66d6ac9a2a8c93d', type: 'sha256')
2026-04-06 04:50:55,771 14024 [INFO ] - VERBOSE: Obtaining the manifest file for url 'https://download.visualstudio.microsoft.com/download/pr/c03aa7dd-8afd-49cc-9274-19c9a1b26aee/01403e4017f6303bdb39cc30070877e5619a848e8dd9849bc66d6ac9a2a8c93d/VisualStudio.vsman' (catalog manifest)
2026-04-06 04:50:55,773 14024 [INFO ] - VERBOSE: Found cached file 'C:\Users\tsmit\AppData\Local\Temp\chocolatey\chocolatey-visualstudio.extension\Catalog_852386966.man' last updated on 2026-04-06 11:48:41 UTC - less than one day ago (now is 2026-04-06 11:50:55 UTC)
2026-04-06 04:50:55,773 14024 [INFO ] - VERBOSE: Reading the manifest file (catalog manifest)
2026-04-06 04:50:55,827 14024 [INFO ] - VERBOSE: Parsing the manifest file (catalog manifest)
2026-04-06 04:50:56,745 14024 [INFO ] - VERBOSE: Required engine version determined from the component manifest: '4.4.38.63497'
2026-04-06 04:50:56,846 14024 [INFO ] - VERBOSE: Highest required installer version: 4.4.38.63497 (engine: 4.4.38.63497); requirement source: package
2026-04-06 04:50:56,856 14024 [INFO ] - VERBOSE: Visual Studio Installer version 4.4.38.63497 (engine version 4.4.38.63497) (traits: ) is present (C:\Program Files (x86)\Microsoft Visual Studio\Installer\vs_installer.exe).
2026-04-06 04:50:56,899 14024 [INFO ] - VERBOSE: Visual Studio Installer version 4.4.38.63497 (engine version 4.4.38.63497) (traits: ) is present (C:\Program Files (x86)\Microsoft Visual Studio\Installer\vs_installer.exe).
2026-04-06 04:50:56,907 14024 [INFO ] - VERBOSE: Emptying the VS Installer channel cache: 'C:\Users\tsmit\AppData\Local\Microsoft\VisualStudio\Packages\_Channels'
2026-04-06 04:50:56,922 14024 [INFO ] - VERBOSE: Using a local installer executable: C:\Program Files (x86)\Microsoft Visual Studio\Installer\vs_installer.exe
2026-04-06 04:50:56,923 14024 [INFO ] - Installing visualstudio2026-workload-vctools...
2026-04-06 04:50:56,949 14024 [INFO ] - 
2026-04-06 05:02:12,098 14024 [INFO ] - visualstudio2026-workload-vctools has been installed.
2026-04-06 05:02:12,145 14024 [INFO ] -   visualstudio2026-workload-vctools can be automatically uninstalled.
2026-04-06 05:02:12,147 14024 [WARN ] - Environment Vars (like PATH) have changed. Close/reopen your shell to
 see the changes (or in powershell/cmd.exe just type `refreshenv`).
2026-04-06 05:02:12,160 14024 [INFO ] -  The upgrade of visualstudio2026-workload-vctools was successful.
2026-04-06 05:02:12,160 14024 [INFO ] -   Deployed to 'C:\Program Files\Git\'
2026-04-06 05:02:12,167 14024 [WARN ] - 
Chocolatey upgraded 19/19 packages. 
 See the log for details (C:\ProgramData\chocolatey\logs\chocolatey.log).
2026-04-06 05:02:12,168 14024 [INFO ] - 
2026-04-06 05:02:12,168 14024 [WARN ] - Upgraded:
2026-04-06 05:02:12,168 14024 [INFO ] -  - chocolatey-compatibility.extension v1.0.0
2026-04-06 05:02:12,169 14024 [INFO ] -  - chocolatey-core.extension v1.4.0
2026-04-06 05:02:12,169 14024 [INFO ] -  - chocolatey-dotnetfx.extension v1.0.1
2026-04-06 05:02:12,169 14024 [INFO ] -  - chocolatey-visualstudio.extension v1.13.0
2026-04-06 05:02:12,170 14024 [INFO ] -  - chocolatey-windowsupdate.extension v1.0.5
2026-04-06 05:02:12,170 14024 [INFO ] -  - dotnetfx v4.8.0.20220524
2026-04-06 05:02:12,170 14024 [INFO ] -  - KB2919355 v1.0.20160915
2026-04-06 05:02:12,171 14024 [INFO ] -  - KB2919442 v1.0.20160915
2026-04-06 05:02:12,171 14024 [INFO ] -  - KB2999226 v1.0.20181019
2026-04-06 05:02:12,172 14024 [INFO ] -  - KB3033929 v1.0.5
2026-04-06 05:02:12,172 14024 [INFO ] -  - KB3035131 v1.0.3
2026-04-06 05:02:12,172 14024 [INFO ] -  - python v3.14.3
2026-04-06 05:02:12,173 14024 [INFO ] -  - python3 v3.14.3
2026-04-06 05:02:12,173 14024 [INFO ] -  - python314 v3.14.3
2026-04-06 05:02:12,173 14024 [INFO ] -  - vcredist140 v14.50.35719
2026-04-06 05:02:12,174 14024 [INFO ] -  - vcredist2015 v14.0.24215.20170201
2026-04-06 05:02:12,174 14024 [INFO ] -  - visualstudio2026buildtools v118.4.2
2026-04-06 05:02:12,174 14024 [INFO ] -  - visualstudio2026-workload-vctools v1.0.0
2026-04-06 05:02:12,175 14024 [INFO ] -  - visualstudio-installer v2.0.7
2026-04-10 05:29:33,704 14556 [INFO ] - ============================================================
2026-04-10 05:29:33,973 14556 [INFO ] - Chocolatey v2.7.1
2026-04-10 05:29:34,068 14556 [INFO ] - 3 validations performed. 3 success(es), 0 warning(s), and 0 error(s).
2026-04-10 05:29:34,068 14556 [WARN ] - Chocolatey detected you are not running from an elevated command shell
 (cmd/powershell).
2026-04-10 05:29:34,068 14556 [WARN ] - 
 You may experience errors - many functions/packages
 require admin rights. Only advanced users should run choco w/out an
 elevated shell. When you open the command shell, you should ensure
 that you do so with "Run as Administrator" selected. If you are
 attempting to use Chocolatey in a non-administrator setting, you
 must select a different location other than the default install
 location. See
 https://docs.chocolatey.org/en-us/choco/setup#non-administrative-install
 for details.

2026-04-10 05:29:34,088 14556 [INFO ] - 
 Do you want to continue?
2026-04-10 05:29:34,088 14556 [INFO ] -  1) yes
2026-04-10 05:29:34,088 14556 [INFO ] -  2) no
2026-04-10 05:29:41,305 14556 [INFO ] - Choice selected: 'yes'
2026-04-10 05:29:41,319 14556 [INFO ] - Upgrading the following packages:
2026-04-10 05:29:41,319 14556 [INFO ] - redis-64
2026-04-10 05:29:41,319 14556 [INFO ] - By upgrading, you accept licenses for the packages.
2026-04-10 05:29:41,681 14556 [WARN ] - redis-64 is not installed. Installing...
2026-04-10 05:29:42,103 14556 [INFO ] - [NuGet]   GET https://community.chocolatey.org/api/v2/$metadata
2026-04-10 05:29:42,151 14556 [INFO ] - [NuGet]   OK https://community.chocolatey.org/api/v2/$metadata 43ms
2026-04-10 05:29:42,166 14556 [INFO ] - [NuGet]   GET https://community.chocolatey.org/api/v2/Packages()?$filter=(tolower(Id) eq 'redis-64') and IsLatestVersion&semVerLevel=2.0.0
2026-04-10 05:29:42,263 14556 [INFO ] - [NuGet]   OK https://community.chocolatey.org/api/v2/Packages()?$filter=(tolower(Id) eq 'redis-64') and IsLatestVersion&semVerLevel=2.0.0 92ms
2026-04-10 05:29:42,294 14556 [INFO ] - [NuGet]   GET https://community.chocolatey.org/api/v2/Packages(Id='redis-64',Version='3.1.0')
2026-04-10 05:29:42,722 14556 [INFO ] - [NuGet]   OK https://community.chocolatey.org/api/v2/Packages(Id='redis-64',Version='3.1.0') 433ms
2026-04-10 05:29:42,746 14556 [INFO ] - [NuGet]   GET https://community.chocolatey.org/api/v2/FindPackagesById()?id='memurai-developer'&semVerLevel=2.0.0
2026-04-10 05:29:42,834 14556 [INFO ] - [NuGet]   OK https://community.chocolatey.org/api/v2/FindPackagesById()?id='memurai-developer'&semVerLevel=2.0.0 90ms
2026-04-10 05:29:42,881 14556 [INFO ] - [NuGet]   GET http://community.chocolatey.org/api/v2/FindPackagesById?id='memurai-developer'&$skiptoken='1757923492670','2.0.1','memurai-developer'
2026-04-10 05:29:43,058 14556 [INFO ] - [NuGet]   OK http://community.chocolatey.org/api/v2/FindPackagesById?id='memurai-developer'&$skiptoken='1757923492670','2.0.1','memurai-developer' 161ms
2026-04-10 05:29:43,070 14556 [INFO ] - [NuGet]   GET https://community.chocolatey.org/api/v2/FindPackagesById()?id='memurai-developer.install'&semVerLevel=2.0.0
2026-04-10 05:29:43,149 14556 [INFO ] - [NuGet]   OK https://community.chocolatey.org/api/v2/FindPackagesById()?id='memurai-developer.install'&semVerLevel=2.0.0 78ms
2026-04-10 05:29:43,190 14556 [INFO ] - [NuGet]   GET http://community.chocolatey.org/api/v2/FindPackagesById?id='memurai-developer.install'&$skiptoken='1757744401080','4.0.1','memurai-developer.install'
2026-04-10 05:29:43,313 14556 [INFO ] - [NuGet]   OK http://community.chocolatey.org/api/v2/FindPackagesById?id='memurai-developer.install'&$skiptoken='1757744401080','4.0.1','memurai-developer.install' 122ms
2026-04-10 05:29:43,375 14556 [INFO ] - [NuGet] Resolving dependency information took 0 ms
2026-04-10 05:29:43,388 14556 [INFO ] - [NuGet]   GET https://community.chocolatey.org/api/v2/Packages(Id='memurai-developer.install',Version='4.1.8')
2026-04-10 05:29:43,833 14556 [INFO ] - [NuGet]   OK https://community.chocolatey.org/api/v2/Packages(Id='memurai-developer.install',Version='4.1.8') 434ms
2026-04-10 05:29:43,850 14556 [INFO ] - Downloading package from source 'https://community.chocolatey.org/api/v2/'
2026-04-10 05:29:43,850 14556 [INFO ] - [NuGet]   GET https://community.chocolatey.org/api/v2/package/memurai-developer.install/4.1.8
2026-04-10 05:29:44,379 14556 [INFO ] - [NuGet]   OK https://community.chocolatey.org/api/v2/package/memurai-developer.install/4.1.8 528ms
2026-04-10 05:29:44,395 14556 [INFO ] - [NuGet] Acquiring lock for the installation of memurai-developer.install 4.1.8
2026-04-10 05:29:44,410 14556 [INFO ] - [NuGet] Acquired lock for the installation of memurai-developer.install 4.1.8
2026-04-10 05:29:46,550 14556 [INFO ] - [NuGet] Installed memurai-developer.install 4.1.8 from https://community.chocolatey.org/api/v2/ with content hash cs2c3l6XqBKA8r4RFldCaQsOnz6OM1HALIY35Ay1lyPiB+U4xROSHYRi76WUOTR4srPaoXANLJ13ZZSWL1tNuQ==.
2026-04-10 05:30:35,032 14556 [ERROR] - memurai-developer.install not installed. An error occurred during installation:
 Unable to obtain lock file access on 'C:\ProgramData\chocolatey\lib\9daa46124c4f3ddfd7a43a5d893196d2767a7cf7' for operations on 'C:\ProgramData\chocolatey\lib\memurai-developer.install'. This may mean that a different user or administrator is holding this lock and that this process does not have permission to access it. If no other process is currently performing an operation on this file it may mean that an earlier NuGet process crashed and left an inaccessible lock file, in this case removing the file 'C:\ProgramData\chocolatey\lib\9daa46124c4f3ddfd7a43a5d893196d2767a7cf7' will allow NuGet to continue.
2026-04-10 05:30:35,032 14556 [INFO ] - memurai-developer.install package files upgrade failed with exit code 1. Performing other installation steps.
2026-04-10 05:30:35,064 14556 [ERROR] - The upgrade of memurai-developer.install was NOT successful.
2026-04-10 05:30:35,064 14556 [ERROR] - memurai-developer.install not installed. An error occurred during installation:
 Unable to obtain lock file access on 'C:\ProgramData\chocolatey\lib\9daa46124c4f3ddfd7a43a5d893196d2767a7cf7' for operations on 'C:\ProgramData\chocolatey\lib\memurai-developer.install'. This may mean that a different user or administrator is holding this lock and that this process does not have permission to access it. If no other process is currently performing an operation on this file it may mean that an earlier NuGet process crashed and left an inaccessible lock file, in this case removing the file 'C:\ProgramData\chocolatey\lib\9daa46124c4f3ddfd7a43a5d893196d2767a7cf7' will allow NuGet to continue.
2026-04-10 05:30:35,064 14556 [WARN ] - This is try 1/3. Retrying after 300 milliseconds.
 Error converted to warning:
 Access to the path 'C:\ProgramData\chocolatey\lib-bad' is denied.
2026-04-10 05:30:35,374 14556 [WARN ] - This is try 2/3. Retrying after 400 milliseconds.
 Error converted to warning:
 Access to the path 'C:\ProgramData\chocolatey\lib-bad' is denied.
2026-04-10 05:30:35,791 14556 [ERROR] - Maximum tries of 3 reached. Throwing error.
2026-04-10 05:30:35,791 14556 [ERROR] - Cannot create directory "C:\ProgramData\chocolatey\lib-bad". Error was:
System.UnauthorizedAccessException: Access to the path 'C:\ProgramData\chocolatey\lib-bad' is denied.
   at System.IO.__Error.WinIOError(Int32 errorCode, String maybeFullPath)
   at System.IO.Directory.InternalCreateDirectory(String fullPath, String path, Object dirSecurityObj, Boolean checkHost)
   at System.IO.Directory.InternalCreateDirectoryHelper(String path, Boolean checkHost)
   at chocolatey.infrastructure.filesystem.DotNetFileSystem.<>c__DisplayClass63_0.<CreateDirectory>b__1()
   at chocolatey.infrastructure.tolerance.FaultTolerance.<>c__DisplayClass1_0.<Retry>b__0()
   at chocolatey.infrastructure.tolerance.FaultTolerance.Retry[T](Int32 numberOfTries, Func`1 function, Int32 waitDurationMilliseconds, Int32 increaseRetryByMilliseconds, Boolean isSilent)
   at chocolatey.infrastructure.tolerance.FaultTolerance.Retry(Int32 numberOfTries, Action action, Int32 waitDurationMilliseconds, Int32 increaseRetryByMilliseconds, Boolean isSilent)
   at chocolatey.infrastructure.filesystem.DotNetFileSystem.CreateDirectory(String directoryPath, Boolean isSilent)
   at chocolatey.infrastructure.filesystem.DotNetFileSystem.EnsureDirectoryExists(String directoryPath, Boolean ignoreError, Boolean isSilent)
2026-04-10 05:30:35,791 14556 [WARN ] - 
Chocolatey upgraded 0/0 packages. 
 See the log for details (C:\ProgramData\chocolatey\logs\chocolatey.log).
2026-04-10 05:30:35,807 14556 [ERROR] - Access to the path 'C:\ProgramData\chocolatey\lib-bad' is denied.
2026-04-10 05:30:35,807 14556 [ERROR] - More Details: System.UnauthorizedAccessException: Access to the path 'C:\ProgramData\chocolatey\lib-bad' is denied.
   at System.IO.__Error.WinIOError(Int32 errorCode, String maybeFullPath)
   at System.IO.Directory.InternalCreateDirectory(String fullPath, String path, Object dirSecurityObj, Boolean checkHost)
   at System.IO.Directory.InternalCreateDirectoryHelper(String path, Boolean checkHost)
   at chocolatey.infrastructure.filesystem.DotNetFileSystem.<>c__DisplayClass63_0.<CreateDirectory>b__1()
   at chocolatey.infrastructure.tolerance.FaultTolerance.<>c__DisplayClass1_0.<Retry>b__0()
   at chocolatey.infrastructure.tolerance.FaultTolerance.Retry[T](Int32 numberOfTries, Func`1 function, Int32 waitDurationMilliseconds, Int32 increaseRetryByMilliseconds, Boolean isSilent)
   at chocolatey.infrastructure.tolerance.FaultTolerance.Retry(Int32 numberOfTries, Action action, Int32 waitDurationMilliseconds, Int32 increaseRetryByMilliseconds, Boolean isSilent)
   at chocolatey.infrastructure.filesystem.DotNetFileSystem.CreateDirectory(String directoryPath, Boolean isSilent)
   at chocolatey.infrastructure.filesystem.DotNetFileSystem.EnsureDirectoryExists(String directoryPath, Boolean ignoreError, Boolean isSilent)
   at chocolatey.infrastructure.app.services.ChocolateyPackageService.MovePackageToFailedPackagesLocation(PackageResult packageResult)
   at chocolatey.infrastructure.app.services.ChocolateyPackageService.HandleFailedOperation(ChocolateyConfiguration config, PackageResult packageResult, Boolean movePackageToFailureLocation, Boolean attemptRollback)
   at chocolatey.infrastructure.app.services.ChocolateyPackageService.HandlePackageResult(PackageResult packageResult, ChocolateyConfiguration config, CommandNameType commandName)
   at chocolatey.infrastructure.app.services.NugetService.Install(ChocolateyConfiguration config, Action`2 continueAction, Action`2 beforeModifyAction)
   at chocolatey.infrastructure.app.services.NugetService.Upgrade(ChocolateyConfiguration config, Action`2 continueAction, Boolean performAction, Action`2 beforeUpgradeAction)
   at chocolatey.infrastructure.app.services.NugetService.Upgrade(ChocolateyConfiguration config, Action`2 continueAction, Action`2 beforeUpgradeAction)
   at chocolatey.infrastructure.app.services.ChocolateyPackageService.Upgrade(ChocolateyConfiguration config)
   at chocolatey.infrastructure.app.runners.GenericRunner.Run(ChocolateyConfiguration config, Container container, Boolean isConsole, Action`1 parseArgs)
   at chocolatey.infrastructure.app.runners.ConsoleApplication.Run(String[] args, ChocolateyConfiguration config, Container container)
   at chocolatey.console.Program.Main(String[] args)
2026-04-25 08:21:21,838 4656 [INFO ] - ============================================================
2026-04-25 08:21:22,250 4656 [INFO ] - Chocolatey v2.7.1
2026-04-25 08:21:22,343 4656 [INFO ] - 3 validations performed. 3 success(es), 0 warning(s), and 0 error(s).
2026-04-25 08:21:22,344 4656 [WARN ] - Chocolatey detected you are not running from an elevated command shell
 (cmd/powershell).
2026-04-25 08:21:22,345 4656 [WARN ] - 
 You may experience errors - many functions/packages
 require admin rights. Only advanced users should run choco w/out an
 elevated shell. When you open the command shell, you should ensure
 that you do so with "Run as Administrator" selected. If you are
 attempting to use Chocolatey in a non-administrator setting, you
 must select a different location other than the default install
 location. See
 https://docs.chocolatey.org/en-us/choco/setup#non-administrative-install
 for details.

2026-04-25 08:21:22,357 4656 [INFO ] - 
 Do you want to continue?
2026-04-25 08:21:22,357 4656 [INFO ] -  1) yes
2026-04-25 08:21:22,357 4656 [INFO ] -  2) no
2026-04-25 08:21:37,579 4656 [INFO ] - Choice selected: 'yes'
2026-04-25 08:21:37,607 4656 [INFO ] - Installing the following packages:
2026-04-25 08:21:37,608 4656 [INFO ] - openssl
2026-04-25 08:21:37,609 4656 [INFO ] - By installing, you accept licenses for the packages.
2026-04-25 08:21:38,245 4656 [INFO ] - [NuGet]   GET https://community.chocolatey.org/api/v2/$metadata
2026-04-25 08:21:38,279 4656 [INFO ] - [NuGet]   OK https://community.chocolatey.org/api/v2/$metadata 43ms
2026-04-25 08:21:38,313 4656 [INFO ] - [NuGet]   GET https://community.chocolatey.org/api/v2/Packages()?$filter=(tolower(Id) eq 'openssl') and IsLatestVersion&semVerLevel=2.0.0
2026-04-25 08:21:38,495 4656 [INFO ] - [NuGet]   OK https://community.chocolatey.org/api/v2/Packages()?$filter=(tolower(Id) eq 'openssl') and IsLatestVersion&semVerLevel=2.0.0 180ms
2026-04-25 08:21:38,554 4656 [INFO ] - [NuGet]   GET https://community.chocolatey.org/api/v2/Packages(Id='openssl',Version='4.0.0')
2026-04-25 08:21:38,779 4656 [INFO ] - [NuGet]   OK https://community.chocolatey.org/api/v2/Packages(Id='openssl',Version='4.0.0') 230ms
2026-04-25 08:21:38,801 4656 [INFO ] - [NuGet]   GET https://community.chocolatey.org/api/v2/FindPackagesById()?id='vcredist2015'&semVerLevel=2.0.0
2026-04-25 08:21:38,845 4656 [INFO ] - [NuGet]   OK https://community.chocolatey.org/api/v2/FindPackagesById()?id='vcredist2015'&semVerLevel=2.0.0 43ms
2026-04-25 08:21:38,859 4656 [INFO ] - [NuGet]   GET http://community.chocolatey.org/api/v2/FindPackagesById?id='vcredist2015'&$skiptoken='1757831706953','14.0.23506','vcredist2015'
2026-04-25 08:21:38,979 4656 [INFO ] - [NuGet]   OK http://community.chocolatey.org/api/v2/FindPackagesById?id='vcredist2015'&$skiptoken='1757831706953','14.0.23506','vcredist2015' 131ms
2026-04-25 08:21:38,998 4656 [INFO ] - [NuGet]   GET https://community.chocolatey.org/api/v2/FindPackagesById()?id='vcredist140'&semVerLevel=2.0.0
2026-04-25 08:21:39,061 4656 [INFO ] - [NuGet]   OK https://community.chocolatey.org/api/v2/FindPackagesById()?id='vcredist140'&semVerLevel=2.0.0 63ms
2026-04-25 08:21:39,160 4656 [INFO ] - [NuGet]   GET http://community.chocolatey.org/api/v2/FindPackagesById?id='vcredist140'&$skiptoken='1758917989857','14.24.28127.4','vcredist140'
2026-04-25 08:21:39,247 4656 [INFO ] - [NuGet]   OK http://community.chocolatey.org/api/v2/FindPackagesById?id='vcredist140'&$skiptoken='1758917989857','14.24.28127.4','vcredist140' 87ms
2026-04-25 08:21:39,287 4656 [INFO ] - [NuGet]   GET http://community.chocolatey.org/api/v2/FindPackagesById?id='vcredist140'&$skiptoken='1758917088380','14.0.24516-preview5','vcredist140'
2026-04-25 08:21:39,371 4656 [INFO ] - [NuGet]   OK http://community.chocolatey.org/api/v2/FindPackagesById?id='vcredist140'&$skiptoken='1758917088380','14.0.24516-preview5','vcredist140' 84ms
2026-04-25 08:21:39,375 4656 [INFO ] - [NuGet]   GET https://community.chocolatey.org/api/v2/FindPackagesById()?id='chocolatey-core.extension'&semVerLevel=2.0.0
2026-04-25 08:21:39,411 4656 [INFO ] - [NuGet]   OK https://community.chocolatey.org/api/v2/FindPackagesById()?id='chocolatey-core.extension'&semVerLevel=2.0.0 47ms
2026-04-25 08:21:39,453 4656 [INFO ] - [NuGet]   GET http://community.chocolatey.org/api/v2/FindPackagesById?id='chocolatey-core.extension'&$skiptoken='1757694056117','0.1.2','chocolatey-core.extension'
2026-04-25 08:21:39,578 4656 [INFO ] - [NuGet]   OK http://community.chocolatey.org/api/v2/FindPackagesById?id='chocolatey-core.extension'&$skiptoken='1757694056117','0.1.2','chocolatey-core.extension' 131ms
2026-04-25 08:21:39,578 4656 [INFO ] - [NuGet]   GET https://community.chocolatey.org/api/v2/FindPackagesById()?id='chocolatey-compatibility.extension'&semVerLevel=2.0.0
2026-04-25 08:21:39,629 4656 [INFO ] - [NuGet]   OK https://community.chocolatey.org/api/v2/FindPackagesById()?id='chocolatey-compatibility.extension'&semVerLevel=2.0.0 47ms
2026-04-25 08:21:39,637 4656 [INFO ] - [NuGet]   GET http://community.chocolatey.org/api/v2/FindPackagesById?id='chocolatey-compatibility.extension'&$skiptoken='1775157323107','1.0.0','chocolatey-compatibility.extension'
2026-04-25 08:21:39,728 4656 [INFO ] - [NuGet]   OK http://community.chocolatey.org/api/v2/FindPackagesById?id='chocolatey-compatibility.extension'&$skiptoken='1775157323107','1.0.0','chocolatey-compatibility.extension' 89ms
2026-04-25 08:21:39,728 4656 [INFO ] - [NuGet]   GET https://community.chocolatey.org/api/v2/FindPackagesById()?id='kb3033929'&semVerLevel=2.0.0
2026-04-25 08:21:39,774 4656 [INFO ] - [NuGet]   OK https://community.chocolatey.org/api/v2/FindPackagesById()?id='kb3033929'&semVerLevel=2.0.0 42ms
2026-04-25 08:21:39,778 4656 [INFO ] - [NuGet]   GET http://community.chocolatey.org/api/v2/FindPackagesById?id='kb3033929'&$skiptoken='1757852403537','1.0.0','kb3033929'
2026-04-25 08:21:39,868 4656 [INFO ] - [NuGet]   OK http://community.chocolatey.org/api/v2/FindPackagesById?id='kb3033929'&$skiptoken='1757852403537','1.0.0','kb3033929' 84ms
2026-04-25 08:21:39,871 4656 [INFO ] - [NuGet]   GET https://community.chocolatey.org/api/v2/FindPackagesById()?id='chocolatey-windowsupdate.extension'&semVerLevel=2.0.0
2026-04-25 08:21:39,921 4656 [INFO ] - [NuGet]   OK https://community.chocolatey.org/api/v2/FindPackagesById()?id='chocolatey-windowsupdate.extension'&semVerLevel=2.0.0 48ms
2026-04-25 08:21:39,927 4656 [INFO ] - [NuGet]   GET http://community.chocolatey.org/api/v2/FindPackagesById?id='chocolatey-windowsupdate.extension'&$skiptoken='1758091804557','1.0.1','chocolatey-windowsupdate.extension'
2026-04-25 08:21:40,057 4656 [INFO ] - [NuGet]   OK http://community.chocolatey.org/api/v2/FindPackagesById?id='chocolatey-windowsupdate.extension'&$skiptoken='1758091804557','1.0.1','chocolatey-windowsupdate.extension' 129ms
2026-04-25 08:21:40,061 4656 [INFO ] - [NuGet]   GET https://community.chocolatey.org/api/v2/FindPackagesById()?id='kb3035131'&semVerLevel=2.0.0
2026-04-25 08:21:40,105 4656 [INFO ] - [NuGet]   OK https://community.chocolatey.org/api/v2/FindPackagesById()?id='kb3035131'&semVerLevel=2.0.0 44ms
2026-04-25 08:21:40,114 4656 [INFO ] - [NuGet]   GET http://community.chocolatey.org/api/v2/FindPackagesById?id='kb3035131'&$skiptoken='1758694790893','1.0.0','kb3035131'
2026-04-25 08:21:40,198 4656 [INFO ] - [NuGet]   OK http://community.chocolatey.org/api/v2/FindPackagesById?id='kb3035131'&$skiptoken='1758694790893','1.0.0','kb3035131' 84ms
2026-04-25 08:21:40,204 4656 [INFO ] - [NuGet]   GET https://community.chocolatey.org/api/v2/FindPackagesById()?id='kb2919355'&semVerLevel=2.0.0
2026-04-25 08:21:40,251 4656 [INFO ] - [NuGet]   OK https://community.chocolatey.org/api/v2/FindPackagesById()?id='kb2919355'&semVerLevel=2.0.0 47ms
2026-04-25 08:21:40,254 4656 [INFO ] - [NuGet]   GET http://community.chocolatey.org/api/v2/FindPackagesById?id='kb2919355'&$skiptoken='1759018786213','1.0.20160719','kb2919355'
2026-04-25 08:21:40,328 4656 [INFO ] - [NuGet]   OK http://community.chocolatey.org/api/v2/FindPackagesById?id='kb2919355'&$skiptoken='1759018786213','1.0.20160719','kb2919355' 87ms
2026-04-25 08:21:40,345 4656 [INFO ] - [NuGet]   GET https://community.chocolatey.org/api/v2/FindPackagesById()?id='kb2919442'&semVerLevel=2.0.0
2026-04-25 08:21:40,426 4656 [INFO ] - [NuGet]   OK https://community.chocolatey.org/api/v2/FindPackagesById()?id='kb2919442'&semVerLevel=2.0.0 80ms
2026-04-25 08:21:40,428 4656 [INFO ] - [NuGet]   GET http://community.chocolatey.org/api/v2/FindPackagesById?id='kb2919442'&$skiptoken='1758687599443','1.0.20160719','kb2919442'
2026-04-25 08:21:40,528 4656 [INFO ] - [NuGet]   OK http://community.chocolatey.org/api/v2/FindPackagesById?id='kb2919442'&$skiptoken='1758687599443','1.0.20160719','kb2919442' 101ms
2026-04-25 08:21:40,528 4656 [INFO ] - [NuGet]   GET https://community.chocolatey.org/api/v2/FindPackagesById()?id='kb2999226'&semVerLevel=2.0.0
2026-04-25 08:21:40,578 4656 [INFO ] - [NuGet]   OK https://community.chocolatey.org/api/v2/FindPackagesById()?id='kb2999226'&semVerLevel=2.0.0 53ms
2026-04-25 08:21:40,578 4656 [INFO ] - [NuGet]   GET http://community.chocolatey.org/api/v2/FindPackagesById?id='kb2999226'&$skiptoken='1757864999427','1.0.20161030','kb2999226'
2026-04-25 08:21:40,679 4656 [INFO ] - [NuGet]   OK http://community.chocolatey.org/api/v2/FindPackagesById?id='kb2999226'&$skiptoken='1757864999427','1.0.20161030','kb2999226' 90ms
2026-04-25 08:21:40,757 4656 [INFO ] - [NuGet] Resolving dependency information took 0 ms
2026-04-25 08:21:40,779 4656 [INFO ] - Downloading package from source 'https://community.chocolatey.org/api/v2/'
2026-04-25 08:21:40,795 4656 [INFO ] - [NuGet]   GET https://community.chocolatey.org/api/v2/package/openssl/4.0.0
2026-04-25 08:21:41,318 4656 [INFO ] - [NuGet]   OK https://community.chocolatey.org/api/v2/package/openssl/4.0.0 522ms
2026-04-25 08:21:41,327 4656 [INFO ] - [NuGet] Acquiring lock for the installation of openssl 4.0.0
2026-04-25 08:21:41,341 4656 [INFO ] - [NuGet] Acquired lock for the installation of openssl 4.0.0
2026-04-25 08:21:41,428 4656 [INFO ] - [NuGet] Installed openssl 4.0.0 from https://community.chocolatey.org/api/v2/ with content hash y5rOs5oeMZfmDJTgpQdTokfLjwpQH0jdGiUx1dS3VS9fVf3H5wf4KFdd1QOO1KBO9K2wNssm1h9q2jGYcwI5sg==.
2026-04-25 08:22:32,101 4656 [ERROR] - openssl not installed. An error occurred during installation:
 Unable to obtain lock file access on 'C:\ProgramData\chocolatey\lib\1db2a05c688c797d9464c90a73fde16e049aae58' for operations on 'C:\ProgramData\chocolatey\lib\openssl'. This may mean that a different user or administrator is holding this lock and that this process does not have permission to access it. If no other process is currently performing an operation on this file it may mean that an earlier NuGet process crashed and left an inaccessible lock file, in this case removing the file 'C:\ProgramData\chocolatey\lib\1db2a05c688c797d9464c90a73fde16e049aae58' will allow NuGet to continue.
2026-04-25 08:22:32,105 4656 [INFO ] - openssl package files install failed with exit code 1. Performing other installation steps.
2026-04-25 08:22:32,132 4656 [ERROR] - The install of openssl was NOT successful.
2026-04-25 08:22:32,133 4656 [ERROR] - openssl not installed. An error occurred during installation:
 Unable to obtain lock file access on 'C:\ProgramData\chocolatey\lib\1db2a05c688c797d9464c90a73fde16e049aae58' for operations on 'C:\ProgramData\chocolatey\lib\openssl'. This may mean that a different user or administrator is holding this lock and that this process does not have permission to access it. If no other process is currently performing an operation on this file it may mean that an earlier NuGet process crashed and left an inaccessible lock file, in this case removing the file 'C:\ProgramData\chocolatey\lib\1db2a05c688c797d9464c90a73fde16e049aae58' will allow NuGet to continue.
2026-04-25 08:22:32,135 4656 [WARN ] - This is try 1/3. Retrying after 300 milliseconds.
 Error converted to warning:
 Access to the path 'C:\ProgramData\chocolatey\lib-bad' is denied.
2026-04-25 08:22:32,443 4656 [WARN ] - This is try 2/3. Retrying after 400 milliseconds.
 Error converted to warning:
 Access to the path 'C:\ProgramData\chocolatey\lib-bad' is denied.
2026-04-25 08:22:32,858 4656 [ERROR] - Maximum tries of 3 reached. Throwing error.
2026-04-25 08:22:32,861 4656 [ERROR] - Cannot create directory "C:\ProgramData\chocolatey\lib-bad". Error was:
System.UnauthorizedAccessException: Access to the path 'C:\ProgramData\chocolatey\lib-bad' is denied.
   at System.IO.__Error.WinIOError(Int32 errorCode, String maybeFullPath)
   at System.IO.Directory.InternalCreateDirectory(String fullPath, String path, Object dirSecurityObj, Boolean checkHost)
   at System.IO.Directory.InternalCreateDirectoryHelper(String path, Boolean checkHost)
   at chocolatey.infrastructure.filesystem.DotNetFileSystem.<>c__DisplayClass63_0.<CreateDirectory>b__1()
   at chocolatey.infrastructure.tolerance.FaultTolerance.<>c__DisplayClass1_0.<Retry>b__0()
   at chocolatey.infrastructure.tolerance.FaultTolerance.Retry[T](Int32 numberOfTries, Func`1 function, Int32 waitDurationMilliseconds, Int32 increaseRetryByMilliseconds, Boolean isSilent)
   at chocolatey.infrastructure.tolerance.FaultTolerance.Retry(Int32 numberOfTries, Action action, Int32 waitDurationMilliseconds, Int32 increaseRetryByMilliseconds, Boolean isSilent)
   at chocolatey.infrastructure.filesystem.DotNetFileSystem.CreateDirectory(String directoryPath, Boolean isSilent)
   at chocolatey.infrastructure.filesystem.DotNetFileSystem.EnsureDirectoryExists(String directoryPath, Boolean ignoreError, Boolean isSilent)
2026-04-25 08:22:32,867 4656 [WARN ] - 
Chocolatey installed 0/0 packages. 
 See the log for details (C:\ProgramData\chocolatey\logs\chocolatey.log).
2026-04-25 08:22:32,867 4656 [ERROR] - Access to the path 'C:\ProgramData\chocolatey\lib-bad' is denied.
2026-04-25 08:22:32,867 4656 [ERROR] - More Details: System.UnauthorizedAccessException: Access to the path 'C:\ProgramData\chocolatey\lib-bad' is denied.
   at System.IO.__Error.WinIOError(Int32 errorCode, String maybeFullPath)
   at System.IO.Directory.InternalCreateDirectory(String fullPath, String path, Object dirSecurityObj, Boolean checkHost)
   at System.IO.Directory.InternalCreateDirectoryHelper(String path, Boolean checkHost)
   at chocolatey.infrastructure.filesystem.DotNetFileSystem.<>c__DisplayClass63_0.<CreateDirectory>b__1()
   at chocolatey.infrastructure.tolerance.FaultTolerance.<>c__DisplayClass1_0.<Retry>b__0()
   at chocolatey.infrastructure.tolerance.FaultTolerance.Retry[T](Int32 numberOfTries, Func`1 function, Int32 waitDurationMilliseconds, Int32 increaseRetryByMilliseconds, Boolean isSilent)
   at chocolatey.infrastructure.tolerance.FaultTolerance.Retry(Int32 numberOfTries, Action action, Int32 waitDurationMilliseconds, Int32 increaseRetryByMilliseconds, Boolean isSilent)
   at chocolatey.infrastructure.filesystem.DotNetFileSystem.CreateDirectory(String directoryPath, Boolean isSilent)
   at chocolatey.infrastructure.filesystem.DotNetFileSystem.EnsureDirectoryExists(String directoryPath, Boolean ignoreError, Boolean isSilent)
   at chocolatey.infrastructure.app.services.ChocolateyPackageService.MovePackageToFailedPackagesLocation(PackageResult packageResult)
   at chocolatey.infrastructure.app.services.ChocolateyPackageService.HandleFailedOperation(ChocolateyConfiguration config, PackageResult packageResult, Boolean movePackageToFailureLocation, Boolean attemptRollback)
   at chocolatey.infrastructure.app.services.ChocolateyPackageService.HandlePackageResult(PackageResult packageResult, ChocolateyConfiguration config, CommandNameType commandName)
   at chocolatey.infrastructure.app.services.NugetService.Install(ChocolateyConfiguration config, Action`2 continueAction, Action`2 beforeModifyAction)
   at chocolatey.infrastructure.app.services.ChocolateyPackageService.Install(ChocolateyConfiguration config)
   at chocolatey.infrastructure.app.runners.GenericRunner.Run(ChocolateyConfiguration config, Container container, Boolean isConsole, Action`1 parseArgs)
   at chocolatey.infrastructure.app.runners.ConsoleApplication.Run(String[] args, ChocolateyConfiguration config, Container container)
   at chocolatey.console.Program.Main(String[] args)
2026-04-25 08:23:17,937 19576 [INFO ] - ============================================================
2026-04-25 08:23:18,215 19576 [INFO ] - Chocolatey v2.7.1
2026-04-25 08:23:18,301 19576 [INFO ] - 3 validations performed. 3 success(es), 0 warning(s), and 0 error(s).
2026-04-25 08:23:18,302 19576 [WARN ] - Chocolatey detected you are not running from an elevated command shell
 (cmd/powershell).
2026-04-25 08:23:18,302 19576 [WARN ] - 
 You may experience errors - many functions/packages
 require admin rights. Only advanced users should run choco w/out an
 elevated shell. When you open the command shell, you should ensure
 that you do so with "Run as Administrator" selected. If you are
 attempting to use Chocolatey in a non-administrator setting, you
 must select a different location other than the default install
 location. See
 https://docs.chocolatey.org/en-us/choco/setup#non-administrative-install
 for details.

2026-04-25 08:23:18,313 19576 [INFO ] - 
 Do you want to continue?
2026-04-25 08:23:18,313 19576 [INFO ] -  1) yes
2026-04-25 08:23:18,313 19576 [INFO ] -  2) no
2026-04-25 08:23:24,087 19576 [ERROR] - Exiting chocolatey abnormally. Please manually clean up anything that
 was not finished.
2026-04-25 08:23:24,088 19576 [ERROR] - Please do not ever use Control+C or close the window to exit.
2026-04-25 08:23:59,544 31464 [INFO ] - ============================================================
2026-04-25 08:23:59,818 31464 [INFO ] - Chocolatey v2.7.1
2026-04-25 08:23:59,908 31464 [INFO ] - 3 validations performed. 3 success(es), 0 warning(s), and 0 error(s).
2026-04-25 08:23:59,924 31464 [INFO ] - Installing the following packages:
2026-04-25 08:23:59,926 31464 [INFO ] - openssl
2026-04-25 08:23:59,926 31464 [INFO ] - By installing, you accept licenses for the packages.
2026-04-25 08:24:00,499 31464 [INFO ] - [NuGet]   GET https://community.chocolatey.org/api/v2/$metadata
2026-04-25 08:24:00,543 31464 [INFO ] - [NuGet]   OK https://community.chocolatey.org/api/v2/$metadata 42ms
2026-04-25 08:24:00,568 31464 [INFO ] - [NuGet]   GET https://community.chocolatey.org/api/v2/Packages()?$filter=(tolower(Id) eq 'openssl') and IsLatestVersion&semVerLevel=2.0.0
2026-04-25 08:24:00,611 31464 [INFO ] - [NuGet]   OK https://community.chocolatey.org/api/v2/Packages()?$filter=(tolower(Id) eq 'openssl') and IsLatestVersion&semVerLevel=2.0.0 41ms
2026-04-25 08:24:00,637 31464 [INFO ] - [NuGet]   GET https://community.chocolatey.org/api/v2/Packages(Id='openssl',Version='4.0.0')
2026-04-25 08:24:00,869 31464 [INFO ] - [NuGet]   OK https://community.chocolatey.org/api/v2/Packages(Id='openssl',Version='4.0.0') 231ms
2026-04-25 08:24:00,887 31464 [INFO ] - [NuGet]   GET https://community.chocolatey.org/api/v2/FindPackagesById()?id='vcredist2015'&semVerLevel=2.0.0
2026-04-25 08:24:00,927 31464 [INFO ] - [NuGet]   OK https://community.chocolatey.org/api/v2/FindPackagesById()?id='vcredist2015'&semVerLevel=2.0.0 42ms
2026-04-25 08:24:00,943 31464 [INFO ] - [NuGet]   GET http://community.chocolatey.org/api/v2/FindPackagesById?id='vcredist2015'&$skiptoken='1757831706953','14.0.23506','vcredist2015'
2026-04-25 08:24:01,060 31464 [INFO ] - [NuGet]   OK http://community.chocolatey.org/api/v2/FindPackagesById?id='vcredist2015'&$skiptoken='1757831706953','14.0.23506','vcredist2015' 119ms
2026-04-25 08:24:01,060 31464 [INFO ] - [NuGet]   GET https://community.chocolatey.org/api/v2/FindPackagesById()?id='vcredist140'&semVerLevel=2.0.0
2026-04-25 08:24:01,115 31464 [INFO ] - [NuGet]   OK https://community.chocolatey.org/api/v2/FindPackagesById()?id='vcredist140'&semVerLevel=2.0.0 43ms
2026-04-25 08:24:01,217 31464 [INFO ] - [NuGet]   GET http://community.chocolatey.org/api/v2/FindPackagesById?id='vcredist140'&$skiptoken='1758917989857','14.24.28127.4','vcredist140'
2026-04-25 08:24:01,307 31464 [INFO ] - [NuGet]   OK http://community.chocolatey.org/api/v2/FindPackagesById?id='vcredist140'&$skiptoken='1758917989857','14.24.28127.4','vcredist140' 89ms
2026-04-25 08:24:01,341 31464 [INFO ] - [NuGet]   GET http://community.chocolatey.org/api/v2/FindPackagesById?id='vcredist140'&$skiptoken='1758917088380','14.0.24516-preview5','vcredist140'
2026-04-25 08:24:01,424 31464 [INFO ] - [NuGet]   OK http://community.chocolatey.org/api/v2/FindPackagesById?id='vcredist140'&$skiptoken='1758917088380','14.0.24516-preview5','vcredist140' 81ms
2026-04-25 08:24:01,427 31464 [INFO ] - [NuGet]   GET https://community.chocolatey.org/api/v2/FindPackagesById()?id='chocolatey-core.extension'&semVerLevel=2.0.0
2026-04-25 08:24:01,475 31464 [INFO ] - [NuGet]   OK https://community.chocolatey.org/api/v2/FindPackagesById()?id='chocolatey-core.extension'&semVerLevel=2.0.0 45ms
2026-04-25 08:24:01,506 31464 [INFO ] - [NuGet]   GET http://community.chocolatey.org/api/v2/FindPackagesById?id='chocolatey-core.extension'&$skiptoken='1757694056117','0.1.2','chocolatey-core.extension'
2026-04-25 08:24:01,592 31464 [INFO ] - [NuGet]   OK http://community.chocolatey.org/api/v2/FindPackagesById?id='chocolatey-core.extension'&$skiptoken='1757694056117','0.1.2','chocolatey-core.extension' 85ms
2026-04-25 08:24:01,598 31464 [INFO ] - [NuGet]   GET https://community.chocolatey.org/api/v2/FindPackagesById()?id='chocolatey-compatibility.extension'&semVerLevel=2.0.0
2026-04-25 08:24:01,644 31464 [INFO ] - [NuGet]   OK https://community.chocolatey.org/api/v2/FindPackagesById()?id='chocolatey-compatibility.extension'&semVerLevel=2.0.0 44ms
2026-04-25 08:24:01,646 31464 [INFO ] - [NuGet]   GET http://community.chocolatey.org/api/v2/FindPackagesById?id='chocolatey-compatibility.extension'&$skiptoken='1775157323107','1.0.0','chocolatey-compatibility.extension'
2026-04-25 08:24:01,728 31464 [INFO ] - [NuGet]   OK http://community.chocolatey.org/api/v2/FindPackagesById?id='chocolatey-compatibility.extension'&$skiptoken='1775157323107','1.0.0','chocolatey-compatibility.extension' 83ms
2026-04-25 08:24:01,728 31464 [INFO ] - [NuGet]   GET https://community.chocolatey.org/api/v2/FindPackagesById()?id='kb3033929'&semVerLevel=2.0.0
2026-04-25 08:24:01,777 31464 [INFO ] - [NuGet]   OK https://community.chocolatey.org/api/v2/FindPackagesById()?id='kb3033929'&semVerLevel=2.0.0 44ms
2026-04-25 08:24:01,777 31464 [INFO ] - [NuGet]   GET http://community.chocolatey.org/api/v2/FindPackagesById?id='kb3033929'&$skiptoken='1757852403537','1.0.0','kb3033929'
2026-04-25 08:24:01,869 31464 [INFO ] - [NuGet]   OK http://community.chocolatey.org/api/v2/FindPackagesById?id='kb3033929'&$skiptoken='1757852403537','1.0.0','kb3033929' 84ms
2026-04-25 08:24:01,872 31464 [INFO ] - [NuGet]   GET https://community.chocolatey.org/api/v2/FindPackagesById()?id='chocolatey-windowsupdate.extension'&semVerLevel=2.0.0
2026-04-25 08:24:01,917 31464 [INFO ] - [NuGet]   OK https://community.chocolatey.org/api/v2/FindPackagesById()?id='chocolatey-windowsupdate.extension'&semVerLevel=2.0.0 43ms
2026-04-25 08:24:01,927 31464 [INFO ] - [NuGet]   GET http://community.chocolatey.org/api/v2/FindPackagesById?id='chocolatey-windowsupdate.extension'&$skiptoken='1758091804557','1.0.1','chocolatey-windowsupdate.extension'
2026-04-25 08:24:02,011 31464 [INFO ] - [NuGet]   OK http://community.chocolatey.org/api/v2/FindPackagesById?id='chocolatey-windowsupdate.extension'&$skiptoken='1758091804557','1.0.1','chocolatey-windowsupdate.extension' 84ms
2026-04-25 08:24:02,014 31464 [INFO ] - [NuGet]   GET https://community.chocolatey.org/api/v2/FindPackagesById()?id='kb3035131'&semVerLevel=2.0.0
2026-04-25 08:24:02,060 31464 [INFO ] - [NuGet]   OK https://community.chocolatey.org/api/v2/FindPackagesById()?id='kb3035131'&semVerLevel=2.0.0 45ms
2026-04-25 08:24:02,065 31464 [INFO ] - [NuGet]   GET http://community.chocolatey.org/api/v2/FindPackagesById?id='kb3035131'&$skiptoken='1758694790893','1.0.0','kb3035131'
2026-04-25 08:24:02,153 31464 [INFO ] - [NuGet]   OK http://community.chocolatey.org/api/v2/FindPackagesById?id='kb3035131'&$skiptoken='1758694790893','1.0.0','kb3035131' 88ms
2026-04-25 08:24:02,160 31464 [INFO ] - [NuGet]   GET https://community.chocolatey.org/api/v2/FindPackagesById()?id='kb2919355'&semVerLevel=2.0.0
2026-04-25 08:24:02,208 31464 [INFO ] - [NuGet]   OK https://community.chocolatey.org/api/v2/FindPackagesById()?id='kb2919355'&semVerLevel=2.0.0 47ms
2026-04-25 08:24:02,211 31464 [INFO ] - [NuGet]   GET http://community.chocolatey.org/api/v2/FindPackagesById?id='kb2919355'&$skiptoken='1759018786213','1.0.20160719','kb2919355'
2026-04-25 08:24:02,296 31464 [INFO ] - [NuGet]   OK http://community.chocolatey.org/api/v2/FindPackagesById?id='kb2919355'&$skiptoken='1759018786213','1.0.20160719','kb2919355' 85ms
2026-04-25 08:24:02,300 31464 [INFO ] - [NuGet]   GET https://community.chocolatey.org/api/v2/FindPackagesById()?id='kb2919442'&semVerLevel=2.0.0
2026-04-25 08:24:02,343 31464 [INFO ] - [NuGet]   OK https://community.chocolatey.org/api/v2/FindPackagesById()?id='kb2919442'&semVerLevel=2.0.0 43ms
2026-04-25 08:24:02,346 31464 [INFO ] - [NuGet]   GET http://community.chocolatey.org/api/v2/FindPackagesById?id='kb2919442'&$skiptoken='1758687599443','1.0.20160719','kb2919442'
2026-04-25 08:24:02,427 31464 [INFO ] - [NuGet]   OK http://community.chocolatey.org/api/v2/FindPackagesById?id='kb2919442'&$skiptoken='1758687599443','1.0.20160719','kb2919442' 85ms
2026-04-25 08:24:02,427 31464 [INFO ] - [NuGet]   GET https://community.chocolatey.org/api/v2/FindPackagesById()?id='kb2999226'&semVerLevel=2.0.0
2026-04-25 08:24:02,478 31464 [INFO ] - [NuGet]   OK https://community.chocolatey.org/api/v2/FindPackagesById()?id='kb2999226'&semVerLevel=2.0.0 44ms
2026-04-25 08:24:02,478 31464 [INFO ] - [NuGet]   GET http://community.chocolatey.org/api/v2/FindPackagesById?id='kb2999226'&$skiptoken='1757864999427','1.0.20161030','kb2999226'
2026-04-25 08:24:02,570 31464 [INFO ] - [NuGet]   OK http://community.chocolatey.org/api/v2/FindPackagesById?id='kb2999226'&$skiptoken='1757864999427','1.0.20161030','kb2999226' 82ms
2026-04-25 08:24:02,627 31464 [INFO ] - [NuGet] Resolving dependency information took 0 ms
2026-04-25 08:24:02,664 31464 [INFO ] - Downloading package from source 'https://community.chocolatey.org/api/v2/'
2026-04-25 08:24:02,693 31464 [INFO ] - [NuGet] Adding package 'openssl.4.0.0 : vcredist2015 [14.0.24215.20170201, )' to folder 'C:\ProgramData\chocolatey\lib'
2026-04-25 08:24:02,715 31464 [INFO ] - [NuGet] Added package 'openssl.4.0.0 : vcredist2015 [14.0.24215.20170201, )' to folder 'C:\ProgramData\chocolatey\lib'
2026-04-25 08:24:02,715 31464 [INFO ] - 
openssl v4.0.0 [Approved]
2026-04-25 08:24:02,727 31464 [INFO ] - openssl package files install completed. Performing other installation steps.
2026-04-25 08:24:02,798 31464 [INFO ] - The package openssl wants to run 'chocolateyinstall.ps1'.
2026-04-25 08:24:02,799 31464 [INFO ] - Note: If you don't run this script, the installation will fail.
2026-04-25 08:24:02,800 31464 [INFO ] - Note: To confirm automatically next time, use '-y' or consider:
2026-04-25 08:24:02,800 31464 [INFO ] - choco feature enable -n allowGlobalConfirmation
2026-04-25 08:24:02,810 31464 [INFO ] - Do you want to run the script?
2026-04-25 08:24:02,810 31464 [INFO ] -  1) yes
2026-04-25 08:24:02,810 31464 [INFO ] -  2) all scripts
2026-04-25 08:24:02,810 31464 [INFO ] -  3) no
2026-04-25 08:24:02,810 31464 [INFO ] -  4) print
2026-04-25 08:24:11,026 31464 [INFO ] - Choice selected: 'yes'
2026-04-25 08:24:11,358 31464 [INFO ] - VERBOSE: Loading module from path 'C:\ProgramData\chocolatey\helpers\Chocolatey.PowerShell.dll'.
2026-04-25 08:24:11,436 31464 [INFO ] - VERBOSE: Importing cmdlet 'Get-EnvironmentVariable'.
2026-04-25 08:24:11,436 31464 [INFO ] - VERBOSE: Importing cmdlet 'Get-EnvironmentVariableNames'.
2026-04-25 08:24:11,438 31464 [INFO ] - VERBOSE: Importing cmdlet 'Install-ChocolateyPath'.
2026-04-25 08:24:11,438 31464 [INFO ] - VERBOSE: Importing cmdlet 'Set-EnvironmentVariable'.
2026-04-25 08:24:11,438 31464 [INFO ] - VERBOSE: Importing cmdlet 'Test-ProcessAdminRights'.
2026-04-25 08:24:11,438 31464 [INFO ] - VERBOSE: Importing cmdlet 'Uninstall-ChocolateyPath'.
2026-04-25 08:24:11,438 31464 [INFO ] - VERBOSE: Importing cmdlet 'Update-SessionEnvironment'.
2026-04-25 08:24:11,451 31464 [INFO ] - VERBOSE: Exporting function 'Format-FileSize'.
2026-04-25 08:24:11,451 31464 [INFO ] - VERBOSE: Exporting function 'Get-ChecksumValid'.
2026-04-25 08:24:11,451 31464 [INFO ] - VERBOSE: Exporting function 'Get-ChocolateyConfigValue'.
2026-04-25 08:24:11,451 31464 [INFO ] - VERBOSE: Exporting function 'Get-ChocolateyPath'.
2026-04-25 08:24:11,451 31464 [INFO ] - VERBOSE: Exporting function 'Get-ChocolateyUnzip'.
2026-04-25 08:24:11,452 31464 [INFO ] - VERBOSE: Exporting function 'Get-ChocolateyWebFile'.
2026-04-25 08:24:11,452 31464 [INFO ] - VERBOSE: Exporting function 'Get-FtpFile'.
2026-04-25 08:24:11,452 31464 [INFO ] - VERBOSE: Exporting function 'Get-OSArchitectureWidth'.
2026-04-25 08:24:11,452 31464 [INFO ] - VERBOSE: Exporting function 'Get-PackageParameters'.
2026-04-25 08:24:11,453 31464 [INFO ] - VERBOSE: Exporting function 'Get-PackageParametersBuiltIn'.
2026-04-25 08:24:11,453 31464 [INFO ] - VERBOSE: Exporting function 'Get-ToolsLocation'.
2026-04-25 08:24:11,453 31464 [INFO ] - VERBOSE: Exporting function 'Get-UACEnabled'.
2026-04-25 08:24:11,453 31464 [INFO ] - VERBOSE: Exporting function 'Get-UninstallRegistryKey'.
2026-04-25 08:24:11,454 31464 [INFO ] - VERBOSE: Exporting function 'Get-VirusCheckValid'.
2026-04-25 08:24:11,454 31464 [INFO ] - VERBOSE: Exporting function 'Get-WebFile'.
2026-04-25 08:24:11,454 31464 [INFO ] - VERBOSE: Exporting function 'Get-WebFileName'.
2026-04-25 08:24:11,454 31464 [INFO ] - VERBOSE: Exporting function 'Get-WebHeaders'.
2026-04-25 08:24:11,454 31464 [INFO ] - VERBOSE: Exporting function 'Install-BinFile'.
2026-04-25 08:24:11,455 31464 [INFO ] - VERBOSE: Exporting function 'Install-ChocolateyEnvironmentVariable'.
2026-04-25 08:24:11,455 31464 [INFO ] - VERBOSE: Exporting function 'Install-ChocolateyExplorerMenuItem'.
2026-04-25 08:24:11,455 31464 [INFO ] - VERBOSE: Exporting function 'Install-ChocolateyFileAssociation'.
2026-04-25 08:24:11,455 31464 [INFO ] - VERBOSE: Exporting function 'Install-ChocolateyInstallPackage'.
2026-04-25 08:24:11,456 31464 [INFO ] - VERBOSE: Exporting function 'Install-ChocolateyPackage'.
2026-04-25 08:24:11,456 31464 [INFO ] - VERBOSE: Exporting function 'Install-ChocolateyPinnedTaskBarItem'.
2026-04-25 08:24:11,456 31464 [INFO ] - VERBOSE: Exporting function 'Install-ChocolateyPowershellCommand'.
2026-04-25 08:24:11,456 31464 [INFO ] - VERBOSE: Exporting function 'Install-ChocolateyShortcut'.
2026-04-25 08:24:11,456 31464 [INFO ] - VERBOSE: Exporting function 'Install-ChocolateyVsixPackage'.
2026-04-25 08:24:11,457 31464 [INFO ] - VERBOSE: Exporting function 'Install-ChocolateyZipPackage'.
2026-04-25 08:24:11,457 31464 [INFO ] - VERBOSE: Exporting function 'Install-Vsix'.
2026-04-25 08:24:11,457 31464 [INFO ] - VERBOSE: Exporting function 'Set-PowerShellExitCode'.
2026-04-25 08:24:11,457 31464 [INFO ] - VERBOSE: Exporting function 'Start-ChocolateyProcessAsAdmin'.
2026-04-25 08:24:11,457 31464 [INFO ] - VERBOSE: Exporting function 'Uninstall-BinFile'.
2026-04-25 08:24:11,457 31464 [INFO ] - VERBOSE: Exporting function 'Uninstall-ChocolateyEnvironmentVariable'.
2026-04-25 08:24:11,457 31464 [INFO ] - VERBOSE: Exporting function 'Uninstall-ChocolateyPackage'.
2026-04-25 08:24:11,457 31464 [INFO ] - VERBOSE: Exporting function 'Uninstall-ChocolateyZipPackage'.
2026-04-25 08:24:11,459 31464 [INFO ] - VERBOSE: Exporting function 'Write-FunctionCallLogMessage'.
2026-04-25 08:24:11,459 31464 [INFO ] - VERBOSE: Exporting cmdlet 'Get-EnvironmentVariable'.
2026-04-25 08:24:11,459 31464 [INFO ] - VERBOSE: Exporting cmdlet 'Get-EnvironmentVariableNames'.
2026-04-25 08:24:11,460 31464 [INFO ] - VERBOSE: Exporting cmdlet 'Install-ChocolateyPath'.
2026-04-25 08:24:11,460 31464 [INFO ] - VERBOSE: Exporting cmdlet 'Set-EnvironmentVariable'.
2026-04-25 08:24:11,460 31464 [INFO ] - VERBOSE: Exporting cmdlet 'Test-ProcessAdminRights'.
2026-04-25 08:24:11,460 31464 [INFO ] - VERBOSE: Exporting cmdlet 'Uninstall-ChocolateyPath'.
2026-04-25 08:24:11,460 31464 [INFO ] - VERBOSE: Exporting cmdlet 'Update-SessionEnvironment'.
2026-04-25 08:24:11,461 31464 [INFO ] - VERBOSE: Exporting alias 'Get-ProcessorBits'.
2026-04-25 08:24:11,461 31464 [INFO ] - VERBOSE: Exporting alias 'Get-OSBitness'.
2026-04-25 08:24:11,461 31464 [INFO ] - VERBOSE: Exporting alias 'Get-InstallRegistryKey'.
2026-04-25 08:24:11,462 31464 [INFO ] - VERBOSE: Exporting alias 'Generate-BinFile'.
2026-04-25 08:24:11,462 31464 [INFO ] - VERBOSE: Exporting alias 'Add-BinFile'.
2026-04-25 08:24:11,462 31464 [INFO ] - VERBOSE: Exporting alias 'Start-ChocolateyProcess'.
2026-04-25 08:24:11,462 31464 [INFO ] - VERBOSE: Exporting alias 'Invoke-ChocolateyProcess'.
2026-04-25 08:24:11,462 31464 [INFO ] - VERBOSE: Exporting alias 'Remove-BinFile'.
2026-04-25 08:24:11,463 31464 [INFO ] - VERBOSE: Exporting alias 'refreshenv'.
2026-04-25 08:24:11,468 31464 [INFO ] - VERBOSE: Loading module from path 'C:\ProgramData\chocolatey\extensions\chocolatey-compatibility\chocolatey-compatibility.psm1'.
2026-04-25 08:24:11,483 31464 [INFO ] - VERBOSE: Exporting function 'Install-ChocolateyDesktopLink'.
2026-04-25 08:24:11,490 31464 [INFO ] - VERBOSE: Exporting function 'Write-ChocolateyFailure'.
2026-04-25 08:24:11,492 31464 [INFO ] - VERBOSE: Exporting function 'Write-ChocolateySuccess'.
2026-04-25 08:24:11,493 31464 [INFO ] - VERBOSE: Exporting function 'Write-FileUpdateLog'.
2026-04-25 08:24:11,493 31464 [INFO ] - VERBOSE: Importing function 'Install-ChocolateyDesktopLink'.
2026-04-25 08:24:11,494 31464 [INFO ] - VERBOSE: Importing function 'Write-ChocolateyFailure'.
2026-04-25 08:24:11,494 31464 [INFO ] - VERBOSE: Importing function 'Write-ChocolateySuccess'.
2026-04-25 08:24:11,494 31464 [INFO ] - VERBOSE: Importing function 'Write-FileUpdateLog'.
2026-04-25 08:24:11,495 31464 [INFO ] - VERBOSE: Loading module from path 'C:\ProgramData\chocolatey\extensions\chocolatey-core\chocolatey-core.psm1'.
2026-04-25 08:24:11,525 31464 [INFO ] - VERBOSE: Exporting function 'Get-AppInstallLocation'.
2026-04-25 08:24:11,525 31464 [INFO ] - VERBOSE: Exporting function 'Get-AvailableDriveLetter'.
2026-04-25 08:24:11,525 31464 [INFO ] - VERBOSE: Exporting function 'Get-EffectiveProxy'.
2026-04-25 08:24:11,525 31464 [INFO ] - VERBOSE: Exporting function 'Get-PackageCacheLocation'.
2026-04-25 08:24:11,525 31464 [INFO ] - VERBOSE: Exporting function 'Get-WebContent'.
2026-04-25 08:24:11,525 31464 [INFO ] - VERBOSE: Exporting function 'Register-Application'.
2026-04-25 08:24:11,525 31464 [INFO ] - VERBOSE: Exporting function 'Remove-Process'.
2026-04-25 08:24:11,525 31464 [INFO ] - VERBOSE: Importing function 'Get-AppInstallLocation'.
2026-04-25 08:24:11,525 31464 [INFO ] - VERBOSE: Importing function 'Get-AvailableDriveLetter'.
2026-04-25 08:24:11,525 31464 [INFO ] - VERBOSE: Importing function 'Get-EffectiveProxy'.
2026-04-25 08:24:11,525 31464 [INFO ] - VERBOSE: Importing function 'Get-PackageCacheLocation'.
2026-04-25 08:24:11,525 31464 [INFO ] - VERBOSE: Importing function 'Get-WebContent'.
2026-04-25 08:24:11,525 31464 [INFO ] - VERBOSE: Importing function 'Register-Application'.
2026-04-25 08:24:11,525 31464 [INFO ] - VERBOSE: Importing function 'Remove-Process'.
2026-04-25 08:24:11,525 31464 [INFO ] - VERBOSE: Loading module from path 'C:\ProgramData\chocolatey\extensions\chocolatey-dotnetfx\chocolatey-dotnetfx.psm1'.
2026-04-25 08:24:11,546 31464 [INFO ] - VERBOSE: Exporting function 'Install-DotNetFramework'.
2026-04-25 08:24:11,546 31464 [INFO ] - VERBOSE: Exporting function 'Install-DotNetDevPack'.
2026-04-25 08:24:11,546 31464 [INFO ] - VERBOSE: Importing function 'Install-DotNetDevPack'.
2026-04-25 08:24:11,546 31464 [INFO ] - VERBOSE: Importing function 'Install-DotNetFramework'.
2026-04-25 08:24:11,548 31464 [INFO ] - VERBOSE: Loading module from path 'C:\ProgramData\chocolatey\extensions\chocolatey-visualstudio\chocolatey-visualstudio.extension.psm1'.
2026-04-25 08:24:11,625 31464 [INFO ] - VERBOSE: Exporting function 'Add-VisualStudioComponent'.
2026-04-25 08:24:11,625 31464 [INFO ] - VERBOSE: Exporting function 'Add-VisualStudioWorkload'.
2026-04-25 08:24:11,625 31464 [INFO ] - VERBOSE: Exporting function 'Get-VisualStudioInstaller'.
2026-04-25 08:24:11,625 31464 [INFO ] - VERBOSE: Exporting function 'Get-VisualStudioInstallerHealth'.
2026-04-25 08:24:11,625 31464 [INFO ] - VERBOSE: Exporting function 'Get-VisualStudioInstance'.
2026-04-25 08:24:11,625 31464 [INFO ] - VERBOSE: Exporting function 'Get-VisualStudioVsixInstaller'.
2026-04-25 08:24:11,625 31464 [INFO ] - VERBOSE: Exporting function 'Install-VisualStudio'.
2026-04-25 08:24:11,625 31464 [INFO ] - VERBOSE: Exporting function 'Install-VisualStudioInstaller'.
2026-04-25 08:24:11,625 31464 [INFO ] - VERBOSE: Exporting function 'Install-VisualStudioVsixExtension'.
2026-04-25 08:24:11,625 31464 [INFO ] - VERBOSE: Exporting function 'Remove-VisualStudioComponent'.
2026-04-25 08:24:11,625 31464 [INFO ] - VERBOSE: Exporting function 'Remove-VisualStudioProduct'.
2026-04-25 08:24:11,625 31464 [INFO ] - VERBOSE: Exporting function 'Remove-VisualStudioWorkload'.
2026-04-25 08:24:11,625 31464 [INFO ] - VERBOSE: Exporting function 'Uninstall-VisualStudio'.
2026-04-25 08:24:11,625 31464 [INFO ] - VERBOSE: Exporting function 'Uninstall-VisualStudioVsixExtension'.
2026-04-25 08:24:11,625 31464 [INFO ] - VERBOSE: Importing function 'Add-VisualStudioComponent'.
2026-04-25 08:24:11,625 31464 [INFO ] - VERBOSE: Importing function 'Add-VisualStudioWorkload'.
2026-04-25 08:24:11,625 31464 [INFO ] - VERBOSE: Importing function 'Get-VisualStudioInstaller'.
2026-04-25 08:24:11,625 31464 [INFO ] - VERBOSE: Importing function 'Get-VisualStudioInstallerHealth'.
2026-04-25 08:24:11,625 31464 [INFO ] - VERBOSE: Importing function 'Get-VisualStudioInstance'.
2026-04-25 08:24:11,625 31464 [INFO ] - VERBOSE: Importing function 'Get-VisualStudioVsixInstaller'.
2026-04-25 08:24:11,625 31464 [INFO ] - VERBOSE: Importing function 'Install-VisualStudio'.
2026-04-25 08:24:11,625 31464 [INFO ] - VERBOSE: Importing function 'Install-VisualStudioInstaller'.
2026-04-25 08:24:11,625 31464 [INFO ] - VERBOSE: Importing function 'Install-VisualStudioVsixExtension'.
2026-04-25 08:24:11,625 31464 [INFO ] - VERBOSE: Importing function 'Remove-VisualStudioComponent'.
2026-04-25 08:24:11,625 31464 [INFO ] - VERBOSE: Importing function 'Remove-VisualStudioProduct'.
2026-04-25 08:24:11,625 31464 [INFO ] - VERBOSE: Importing function 'Remove-VisualStudioWorkload'.
2026-04-25 08:24:11,625 31464 [INFO ] - VERBOSE: Importing function 'Uninstall-VisualStudio'.
2026-04-25 08:24:11,625 31464 [INFO ] - VERBOSE: Importing function 'Uninstall-VisualStudioVsixExtension'.
2026-04-25 08:24:11,625 31464 [INFO ] - VERBOSE: Loading module from path 'C:\ProgramData\chocolatey\extensions\chocolatey-windowsupdate\chocolatey-windowsupdate.psm1'.
2026-04-25 08:24:11,664 31464 [INFO ] - VERBOSE: Exporting function 'Install-WindowsUpdate'.
2026-04-25 08:24:11,664 31464 [INFO ] - VERBOSE: Exporting function 'Test-WindowsUpdate'.
2026-04-25 08:24:11,665 31464 [INFO ] - VERBOSE: Importing function 'Install-WindowsUpdate'.
2026-04-25 08:24:11,665 31464 [INFO ] - VERBOSE: Importing function 'Test-WindowsUpdate'.
2026-04-25 08:24:11,668 31464 [INFO ] - VERBOSE: Exporting function 'Format-FileSize'.
2026-04-25 08:24:11,668 31464 [INFO ] - VERBOSE: Exporting function 'Get-ChecksumValid'.
2026-04-25 08:24:11,668 31464 [INFO ] - VERBOSE: Exporting function 'Get-ChocolateyConfigValue'.
2026-04-25 08:24:11,668 31464 [INFO ] - VERBOSE: Exporting function 'Get-ChocolateyPath'.
2026-04-25 08:24:11,669 31464 [INFO ] - VERBOSE: Exporting function 'Get-ChocolateyUnzip'.
2026-04-25 08:24:11,669 31464 [INFO ] - VERBOSE: Exporting function 'Get-ChocolateyWebFile'.
2026-04-25 08:24:11,669 31464 [INFO ] - VERBOSE: Exporting function 'Get-FtpFile'.
2026-04-25 08:24:11,669 31464 [INFO ] - VERBOSE: Exporting function 'Get-OSArchitectureWidth'.
2026-04-25 08:24:11,669 31464 [INFO ] - VERBOSE: Exporting function 'Get-PackageParameters'.
2026-04-25 08:24:11,670 31464 [INFO ] - VERBOSE: Exporting function 'Get-PackageParametersBuiltIn'.
2026-04-25 08:24:11,670 31464 [INFO ] - VERBOSE: Exporting function 'Get-ToolsLocation'.
2026-04-25 08:24:11,670 31464 [INFO ] - VERBOSE: Exporting function 'Get-UACEnabled'.
2026-04-25 08:24:11,670 31464 [INFO ] - VERBOSE: Exporting function 'Get-UninstallRegistryKey'.
2026-04-25 08:24:11,671 31464 [INFO ] - VERBOSE: Exporting function 'Get-VirusCheckValid'.
2026-04-25 08:24:11,671 31464 [INFO ] - VERBOSE: Exporting function 'Get-WebFile'.
2026-04-25 08:24:11,671 31464 [INFO ] - VERBOSE: Exporting function 'Get-WebFileName'.
2026-04-25 08:24:11,671 31464 [INFO ] - VERBOSE: Exporting function 'Get-WebHeaders'.
2026-04-25 08:24:11,672 31464 [INFO ] - VERBOSE: Exporting function 'Install-BinFile'.
2026-04-25 08:24:11,672 31464 [INFO ] - VERBOSE: Exporting function 'Install-ChocolateyEnvironmentVariable'.
2026-04-25 08:24:11,672 31464 [INFO ] - VERBOSE: Exporting function 'Install-ChocolateyExplorerMenuItem'.
2026-04-25 08:24:11,672 31464 [INFO ] - VERBOSE: Exporting function 'Install-ChocolateyFileAssociation'.
2026-04-25 08:24:11,672 31464 [INFO ] - VERBOSE: Exporting function 'Install-ChocolateyInstallPackage'.
2026-04-25 08:24:11,673 31464 [INFO ] - VERBOSE: Exporting function 'Install-ChocolateyPackage'.
2026-04-25 08:24:11,673 31464 [INFO ] - VERBOSE: Exporting function 'Install-ChocolateyPinnedTaskBarItem'.
2026-04-25 08:24:11,673 31464 [INFO ] - VERBOSE: Exporting function 'Install-ChocolateyPowershellCommand'.
2026-04-25 08:24:11,673 31464 [INFO ] - VERBOSE: Exporting function 'Install-ChocolateyShortcut'.
2026-04-25 08:24:11,674 31464 [INFO ] - VERBOSE: Exporting function 'Install-ChocolateyVsixPackage'.
2026-04-25 08:24:11,674 31464 [INFO ] - VERBOSE: Exporting function 'Install-ChocolateyZipPackage'.
2026-04-25 08:24:11,674 31464 [INFO ] - VERBOSE: Exporting function 'Install-Vsix'.
2026-04-25 08:24:11,674 31464 [INFO ] - VERBOSE: Exporting function 'Set-PowerShellExitCode'.
2026-04-25 08:24:11,675 31464 [INFO ] - VERBOSE: Exporting function 'Start-ChocolateyProcessAsAdmin'.
2026-04-25 08:24:11,675 31464 [INFO ] - VERBOSE: Exporting function 'Uninstall-BinFile'.
2026-04-25 08:24:11,675 31464 [INFO ] - VERBOSE: Exporting function 'Uninstall-ChocolateyEnvironmentVariable'.
2026-04-25 08:24:11,675 31464 [INFO ] - VERBOSE: Exporting function 'Uninstall-ChocolateyPackage'.
2026-04-25 08:24:11,675 31464 [INFO ] - VERBOSE: Exporting function 'Uninstall-ChocolateyZipPackage'.
2026-04-25 08:24:11,675 31464 [INFO ] - VERBOSE: Exporting function 'Write-FunctionCallLogMessage'.
2026-04-25 08:24:11,675 31464 [INFO ] - VERBOSE: Exporting function 'Install-ChocolateyDesktopLink'.
2026-04-25 08:24:11,675 31464 [INFO ] - VERBOSE: Exporting function 'Write-ChocolateyFailure'.
2026-04-25 08:24:11,675 31464 [INFO ] - VERBOSE: Exporting function 'Write-ChocolateySuccess'.
2026-04-25 08:24:11,675 31464 [INFO ] - VERBOSE: Exporting function 'Write-FileUpdateLog'.
2026-04-25 08:24:11,675 31464 [INFO ] - VERBOSE: Exporting function 'Get-AppInstallLocation'.
2026-04-25 08:24:11,675 31464 [INFO ] - VERBOSE: Exporting function 'Get-AvailableDriveLetter'.
2026-04-25 08:24:11,675 31464 [INFO ] - VERBOSE: Exporting function 'Get-EffectiveProxy'.
2026-04-25 08:24:11,675 31464 [INFO ] - VERBOSE: Exporting function 'Get-PackageCacheLocation'.
2026-04-25 08:24:11,675 31464 [INFO ] - VERBOSE: Exporting function 'Get-WebContent'.
2026-04-25 08:24:11,675 31464 [INFO ] - VERBOSE: Exporting function 'Register-Application'.
2026-04-25 08:24:11,675 31464 [INFO ] - VERBOSE: Exporting function 'Remove-Process'.
2026-04-25 08:24:11,675 31464 [INFO ] - VERBOSE: Exporting function 'Install-DotNetDevPack'.
2026-04-25 08:24:11,675 31464 [INFO ] - VERBOSE: Exporting function 'Install-DotNetFramework'.
2026-04-25 08:24:11,675 31464 [INFO ] - VERBOSE: Exporting function 'Add-VisualStudioComponent'.
2026-04-25 08:24:11,675 31464 [INFO ] - VERBOSE: Exporting function 'Add-VisualStudioWorkload'.
2026-04-25 08:24:11,675 31464 [INFO ] - VERBOSE: Exporting function 'Get-VisualStudioInstaller'.
2026-04-25 08:24:11,675 31464 [INFO ] - VERBOSE: Exporting function 'Get-VisualStudioInstallerHealth'.
2026-04-25 08:24:11,675 31464 [INFO ] - VERBOSE: Exporting function 'Get-VisualStudioInstance'.
2026-04-25 08:24:11,675 31464 [INFO ] - VERBOSE: Exporting function 'Get-VisualStudioVsixInstaller'.
2026-04-25 08:24:11,675 31464 [INFO ] - VERBOSE: Exporting function 'Install-VisualStudio'.
2026-04-25 08:24:11,675 31464 [INFO ] - VERBOSE: Exporting function 'Install-VisualStudioInstaller'.
2026-04-25 08:24:11,675 31464 [INFO ] - VERBOSE: Exporting function 'Install-VisualStudioVsixExtension'.
2026-04-25 08:24:11,675 31464 [INFO ] - VERBOSE: Exporting function 'Remove-VisualStudioComponent'.
2026-04-25 08:24:11,675 31464 [INFO ] - VERBOSE: Exporting function 'Remove-VisualStudioProduct'.
2026-04-25 08:24:11,675 31464 [INFO ] - VERBOSE: Exporting function 'Remove-VisualStudioWorkload'.
2026-04-25 08:24:11,675 31464 [INFO ] - VERBOSE: Exporting function 'Uninstall-VisualStudio'.
2026-04-25 08:24:11,675 31464 [INFO ] - VERBOSE: Exporting function 'Uninstall-VisualStudioVsixExtension'.
2026-04-25 08:24:11,675 31464 [INFO ] - VERBOSE: Exporting function 'Install-WindowsUpdate'.
2026-04-25 08:24:11,675 31464 [INFO ] - VERBOSE: Exporting function 'Test-WindowsUpdate'.
2026-04-25 08:24:11,675 31464 [INFO ] - VERBOSE: Exporting cmdlet 'Get-EnvironmentVariable'.
2026-04-25 08:24:11,675 31464 [INFO ] - VERBOSE: Exporting cmdlet 'Get-EnvironmentVariableNames'.
2026-04-25 08:24:11,675 31464 [INFO ] - VERBOSE: Exporting cmdlet 'Install-ChocolateyPath'.
2026-04-25 08:24:11,675 31464 [INFO ] - VERBOSE: Exporting cmdlet 'Set-EnvironmentVariable'.
2026-04-25 08:24:11,675 31464 [INFO ] - VERBOSE: Exporting cmdlet 'Test-ProcessAdminRights'.
2026-04-25 08:24:11,675 31464 [INFO ] - VERBOSE: Exporting cmdlet 'Uninstall-ChocolateyPath'.
2026-04-25 08:24:11,675 31464 [INFO ] - VERBOSE: Exporting cmdlet 'Update-SessionEnvironment'.
2026-04-25 08:24:11,675 31464 [INFO ] - VERBOSE: Exporting cmdlet 'Get-EnvironmentVariable'.
2026-04-25 08:24:11,675 31464 [INFO ] - VERBOSE: Exporting cmdlet 'Get-EnvironmentVariableNames'.
2026-04-25 08:24:11,675 31464 [INFO ] - VERBOSE: Exporting cmdlet 'Install-ChocolateyPath'.
2026-04-25 08:24:11,675 31464 [INFO ] - VERBOSE: Exporting cmdlet 'Set-EnvironmentVariable'.
2026-04-25 08:24:11,675 31464 [INFO ] - VERBOSE: Exporting cmdlet 'Test-ProcessAdminRights'.
2026-04-25 08:24:11,675 31464 [INFO ] - VERBOSE: Exporting cmdlet 'Uninstall-ChocolateyPath'.
2026-04-25 08:24:11,675 31464 [INFO ] - VERBOSE: Exporting cmdlet 'Update-SessionEnvironment'.
2026-04-25 08:24:11,675 31464 [INFO ] - VERBOSE: Exporting alias 'Get-ProcessorBits'.
2026-04-25 08:24:11,675 31464 [INFO ] - VERBOSE: Exporting alias 'Get-OSBitness'.
2026-04-25 08:24:11,675 31464 [INFO ] - VERBOSE: Exporting alias 'Get-InstallRegistryKey'.
2026-04-25 08:24:11,675 31464 [INFO ] - VERBOSE: Exporting alias 'Generate-BinFile'.
2026-04-25 08:24:11,675 31464 [INFO ] - VERBOSE: Exporting alias 'Add-BinFile'.
2026-04-25 08:24:11,675 31464 [INFO ] - VERBOSE: Exporting alias 'Start-ChocolateyProcess'.
2026-04-25 08:24:11,675 31464 [INFO ] - VERBOSE: Exporting alias 'Invoke-ChocolateyProcess'.
2026-04-25 08:24:11,675 31464 [INFO ] - VERBOSE: Exporting alias 'Remove-BinFile'.
2026-04-25 08:24:11,675 31464 [INFO ] - VERBOSE: Exporting alias 'refreshenv'.
2026-04-25 08:24:11,675 31464 [INFO ] - VERBOSE: Importing cmdlet 'Get-EnvironmentVariable'.
2026-04-25 08:24:11,675 31464 [INFO ] - VERBOSE: Importing cmdlet 'Get-EnvironmentVariableNames'.
2026-04-25 08:24:11,675 31464 [INFO ] - VERBOSE: Importing cmdlet 'Install-ChocolateyPath'.
2026-04-25 08:24:11,675 31464 [INFO ] - VERBOSE: Importing cmdlet 'Set-EnvironmentVariable'.
2026-04-25 08:24:11,675 31464 [INFO ] - VERBOSE: Importing cmdlet 'Test-ProcessAdminRights'.
2026-04-25 08:24:11,675 31464 [INFO ] - VERBOSE: Importing cmdlet 'Uninstall-ChocolateyPath'.
2026-04-25 08:24:11,675 31464 [INFO ] - VERBOSE: Importing cmdlet 'Update-SessionEnvironment'.
2026-04-25 08:24:11,690 31464 [INFO ] - VERBOSE: Importing function 'Add-VisualStudioComponent'.
2026-04-25 08:24:11,690 31464 [INFO ] - VERBOSE: Importing function 'Add-VisualStudioWorkload'.
2026-04-25 08:24:11,691 31464 [INFO ] - VERBOSE: Importing function 'Format-FileSize'.
2026-04-25 08:24:11,691 31464 [INFO ] - VERBOSE: Importing function 'Get-AppInstallLocation'.
2026-04-25 08:24:11,691 31464 [INFO ] - VERBOSE: Importing function 'Get-AvailableDriveLetter'.
2026-04-25 08:24:11,691 31464 [INFO ] - VERBOSE: Importing function 'Get-ChecksumValid'.
2026-04-25 08:24:11,691 31464 [INFO ] - VERBOSE: Importing function 'Get-ChocolateyConfigValue'.
2026-04-25 08:24:11,692 31464 [INFO ] - VERBOSE: Importing function 'Get-ChocolateyPath'.
2026-04-25 08:24:11,692 31464 [INFO ] - VERBOSE: Importing function 'Get-ChocolateyUnzip'.
2026-04-25 08:24:11,692 31464 [INFO ] - VERBOSE: Importing function 'Get-ChocolateyWebFile'.
2026-04-25 08:24:11,692 31464 [INFO ] - VERBOSE: Importing function 'Get-EffectiveProxy'.
2026-04-25 08:24:11,693 31464 [INFO ] - VERBOSE: Importing function 'Get-FtpFile'.
2026-04-25 08:24:11,693 31464 [INFO ] - VERBOSE: Importing function 'Get-OSArchitectureWidth'.
2026-04-25 08:24:11,693 31464 [INFO ] - VERBOSE: Importing function 'Get-PackageCacheLocation'.
2026-04-25 08:24:11,693 31464 [INFO ] - VERBOSE: Importing function 'Get-PackageParameters'.
2026-04-25 08:24:11,694 31464 [INFO ] - VERBOSE: Importing function 'Get-PackageParametersBuiltIn'.
2026-04-25 08:24:11,694 31464 [INFO ] - VERBOSE: Importing function 'Get-ToolsLocation'.
2026-04-25 08:24:11,694 31464 [INFO ] - VERBOSE: Importing function 'Get-UACEnabled'.
2026-04-25 08:24:11,694 31464 [INFO ] - VERBOSE: Importing function 'Get-UninstallRegistryKey'.
2026-04-25 08:24:11,694 31464 [INFO ] - VERBOSE: Importing function 'Get-VirusCheckValid'.
2026-04-25 08:24:11,695 31464 [INFO ] - VERBOSE: Importing function 'Get-VisualStudioInstaller'.
2026-04-25 08:24:11,695 31464 [INFO ] - VERBOSE: Importing function 'Get-VisualStudioInstallerHealth'.
2026-04-25 08:24:11,695 31464 [INFO ] - VERBOSE: Importing function 'Get-VisualStudioInstance'.
2026-04-25 08:24:11,695 31464 [INFO ] - VERBOSE: Importing function 'Get-VisualStudioVsixInstaller'.
2026-04-25 08:24:11,696 31464 [INFO ] - VERBOSE: Importing function 'Get-WebContent'.
2026-04-25 08:24:11,696 31464 [INFO ] - VERBOSE: Importing function 'Get-WebFile'.
2026-04-25 08:24:11,696 31464 [INFO ] - VERBOSE: Importing function 'Get-WebFileName'.
2026-04-25 08:24:11,696 31464 [INFO ] - VERBOSE: Importing function 'Get-WebHeaders'.
2026-04-25 08:24:11,697 31464 [INFO ] - VERBOSE: Importing function 'Install-BinFile'.
2026-04-25 08:24:11,697 31464 [INFO ] - VERBOSE: Importing function 'Install-ChocolateyDesktopLink'.
2026-04-25 08:24:11,697 31464 [INFO ] - VERBOSE: Importing function 'Install-ChocolateyEnvironmentVariable'.
2026-04-25 08:24:11,697 31464 [INFO ] - VERBOSE: Importing function 'Install-ChocolateyExplorerMenuItem'.
2026-04-25 08:24:11,697 31464 [INFO ] - VERBOSE: Importing function 'Install-ChocolateyFileAssociation'.
2026-04-25 08:24:11,698 31464 [INFO ] - VERBOSE: Importing function 'Install-ChocolateyInstallPackage'.
2026-04-25 08:24:11,698 31464 [INFO ] - VERBOSE: Importing function 'Install-ChocolateyPackage'.
2026-04-25 08:24:11,698 31464 [INFO ] - VERBOSE: Importing function 'Install-ChocolateyPinnedTaskBarItem'.
2026-04-25 08:24:11,698 31464 [INFO ] - VERBOSE: Importing function 'Install-ChocolateyPowershellCommand'.
2026-04-25 08:24:11,699 31464 [INFO ] - VERBOSE: Importing function 'Install-ChocolateyShortcut'.
2026-04-25 08:24:11,699 31464 [INFO ] - VERBOSE: Importing function 'Install-ChocolateyVsixPackage'.
2026-04-25 08:24:11,699 31464 [INFO ] - VERBOSE: Importing function 'Install-ChocolateyZipPackage'.
2026-04-25 08:24:11,699 31464 [INFO ] - VERBOSE: Importing function 'Install-DotNetDevPack'.
2026-04-25 08:24:11,700 31464 [INFO ] - VERBOSE: Importing function 'Install-DotNetFramework'.
2026-04-25 08:24:11,700 31464 [INFO ] - VERBOSE: Importing function 'Install-VisualStudio'.
2026-04-25 08:24:11,700 31464 [INFO ] - VERBOSE: Importing function 'Install-VisualStudioInstaller'.
2026-04-25 08:24:11,700 31464 [INFO ] - VERBOSE: Importing function 'Install-VisualStudioVsixExtension'.
2026-04-25 08:24:11,700 31464 [INFO ] - VERBOSE: Importing function 'Install-Vsix'.
2026-04-25 08:24:11,701 31464 [INFO ] - VERBOSE: Importing function 'Install-WindowsUpdate'.
2026-04-25 08:24:11,701 31464 [INFO ] - VERBOSE: Importing function 'Register-Application'.
2026-04-25 08:24:11,701 31464 [INFO ] - VERBOSE: Importing function 'Remove-Process'.
2026-04-25 08:24:11,701 31464 [INFO ] - VERBOSE: Importing function 'Remove-VisualStudioComponent'.
2026-04-25 08:24:11,702 31464 [INFO ] - VERBOSE: Importing function 'Remove-VisualStudioProduct'.
2026-04-25 08:24:11,702 31464 [INFO ] - VERBOSE: Importing function 'Remove-VisualStudioWorkload'.
2026-04-25 08:24:11,702 31464 [INFO ] - VERBOSE: Importing function 'Set-PowerShellExitCode'.
2026-04-25 08:24:11,702 31464 [INFO ] - VERBOSE: Importing function 'Start-ChocolateyProcessAsAdmin'.
2026-04-25 08:24:11,702 31464 [INFO ] - VERBOSE: Importing function 'Test-WindowsUpdate'.
2026-04-25 08:24:11,703 31464 [INFO ] - VERBOSE: Importing function 'Uninstall-BinFile'.
2026-04-25 08:24:11,703 31464 [INFO ] - VERBOSE: Importing function 'Uninstall-ChocolateyEnvironmentVariable'.
2026-04-25 08:24:11,703 31464 [INFO ] - VERBOSE: Importing function 'Uninstall-ChocolateyPackage'.
2026-04-25 08:24:11,703 31464 [INFO ] - VERBOSE: Importing function 'Uninstall-ChocolateyZipPackage'.
2026-04-25 08:24:11,704 31464 [INFO ] - VERBOSE: Importing function 'Uninstall-VisualStudio'.
2026-04-25 08:24:11,704 31464 [INFO ] - VERBOSE: Importing function 'Uninstall-VisualStudioVsixExtension'.
2026-04-25 08:24:11,704 31464 [INFO ] - VERBOSE: Importing function 'Write-ChocolateyFailure'.
2026-04-25 08:24:11,704 31464 [INFO ] - VERBOSE: Importing function 'Write-ChocolateySuccess'.
2026-04-25 08:24:11,705 31464 [INFO ] - VERBOSE: Importing function 'Write-FileUpdateLog'.
2026-04-25 08:24:11,705 31464 [INFO ] - VERBOSE: Importing function 'Write-FunctionCallLogMessage'.
2026-04-25 08:24:11,705 31464 [INFO ] - VERBOSE: Importing alias 'Add-BinFile'.
2026-04-25 08:24:11,705 31464 [INFO ] - VERBOSE: Importing alias 'Generate-BinFile'.
2026-04-25 08:24:11,706 31464 [INFO ] - VERBOSE: Importing alias 'Get-InstallRegistryKey'.
2026-04-25 08:24:11,706 31464 [INFO ] - VERBOSE: Importing alias 'Get-OSBitness'.
2026-04-25 08:24:11,706 31464 [INFO ] - VERBOSE: Importing alias 'Get-ProcessorBits'.
2026-04-25 08:24:11,706 31464 [INFO ] - VERBOSE: Importing alias 'Invoke-ChocolateyProcess'.
2026-04-25 08:24:11,706 31464 [INFO ] - VERBOSE: Importing alias 'refreshenv'.
2026-04-25 08:24:11,707 31464 [INFO ] - VERBOSE: Importing alias 'Remove-BinFile'.
2026-04-25 08:24:11,707 31464 [INFO ] - VERBOSE: Importing alias 'Start-ChocolateyProcess'.
2026-04-25 08:24:12,592 31464 [INFO ] - Downloading openssl 64 bit
  from 'https://slproweb.com/download/Win64OpenSSL-4_0_0.exe'
2026-04-25 08:25:58,616 31464 [INFO ] - 
2026-04-25 08:25:58,616 31464 [INFO ] - Download of Win64OpenSSL-4_0_0.exe (243.99 MB) completed.
2026-04-25 08:26:02,828 31464 [INFO ] - Installing openssl...
2026-04-25 08:26:36,908 31464 [INFO ] - openssl has been installed.
2026-04-25 08:26:36,915 31464 [INFO ] - VERBOSE: Trying local and machine (x32 & x64) Uninstall keys
2026-04-25 08:26:36,926 31464 [INFO ] - VERBOSE: Retrieving all uninstall registry keys
2026-04-25 08:26:37,074 31464 [WARN ] - WARNING: No registry key found based on  'OpenSSL-Win'
2026-04-25 08:26:37,074 31464 [INFO ] - VERBOSE: Found 0 keys, aborting this method
2026-04-25 08:26:37,074 31464 [INFO ] - VERBOSE: Trying Program Files with 2 levels depth: C:\Program Files C:\Program Files\*\* C:\Program Files (x86) C:\Program Files (x86)\*\*
2026-04-25 08:26:37,139 31464 [INFO ] - PATH environment variable does not have C:\Program Files\OpenSSL-Win64\bin in it. Adding...
2026-04-25 08:26:37,373 31464 [WARN ] - WARNING: OPENSSL_CONF has been set to C:\Program Files\OpenSSL-Win64\bin\openssl.cfg
2026-04-25 08:26:37,423 31464 [INFO ] -   openssl can be automatically uninstalled.
2026-04-25 08:26:37,439 31464 [WARN ] - Environment Vars (like PATH) have changed. Close/reopen your shell to
 see the changes (or in powershell/cmd.exe just type `refreshenv`).
2026-04-25 08:26:37,514 31464 [INFO ] -  The install of openssl was successful.
2026-04-25 08:26:37,515 31464 [INFO ] -   Deployed to 'C:\Program Files\OpenSSL-Win64\'
2026-04-25 08:26:37,522 31464 [WARN ] - 
Chocolatey installed 1/1 packages. 
 See the log for details (C:\ProgramData\chocolatey\logs\chocolatey.log).
2026-05-04 13:27:10,875 20596 [INFO ] - ============================================================
2026-05-04 13:27:11,448 20596 [INFO ] - Chocolatey v2.7.1
2026-05-04 13:27:11,543 20596 [INFO ] - 3 validations performed. 3 success(es), 0 warning(s), and 0 error(s).
2026-05-04 13:27:11,558 20596 [INFO ] - Upgrading the following packages:
2026-05-04 13:27:11,558 20596 [INFO ] - python;visualstudio2026-workload-vctools
2026-05-04 13:27:11,558 20596 [INFO ] - By upgrading, you accept licenses for the packages.
2026-05-04 13:27:12,129 20596 [INFO ] - [NuGet]   GET https://community.chocolatey.org/api/v2/$metadata
2026-05-04 13:27:12,177 20596 [INFO ] - [NuGet]   OK https://community.chocolatey.org/api/v2/$metadata 46ms
2026-05-04 13:27:12,193 20596 [INFO ] - [NuGet]   GET https://community.chocolatey.org/api/v2/Packages()?$filter=(tolower(Id) eq 'python') and IsLatestVersion&semVerLevel=2.0.0
2026-05-04 13:27:12,257 20596 [INFO ] - [NuGet]   OK https://community.chocolatey.org/api/v2/Packages()?$filter=(tolower(Id) eq 'python') and IsLatestVersion&semVerLevel=2.0.0 54ms
2026-05-04 13:27:12,273 20596 [WARN ] - 
You have python v3.14.3 installed. Version 3.14.4 is available based on your source(s).
2026-05-04 13:27:12,289 20596 [INFO ] - [NuGet]   GET https://community.chocolatey.org/api/v2/Packages(Id='python',Version='3.14.4')
2026-05-04 13:27:12,435 20596 [INFO ] - [NuGet]   OK https://community.chocolatey.org/api/v2/Packages(Id='python',Version='3.14.4') 143ms
2026-05-04 13:27:12,451 20596 [INFO ] - [NuGet]   GET https://community.chocolatey.org/api/v2/Packages(Id='python3',Version='3.14.4')
2026-05-04 13:27:12,564 20596 [INFO ] - [NuGet]   OK https://community.chocolatey.org/api/v2/Packages(Id='python3',Version='3.14.4') 122ms
2026-05-04 13:27:12,564 20596 [INFO ] - [NuGet]   GET https://community.chocolatey.org/api/v2/Packages(Id='python314',Version='3.14.4')
2026-05-04 13:27:12,709 20596 [INFO ] - [NuGet]   OK https://community.chocolatey.org/api/v2/Packages(Id='python314',Version='3.14.4') 140ms
2026-05-04 13:27:12,729 20596 [INFO ] - [NuGet]   GET https://community.chocolatey.org/api/v2/FindPackagesById()?id='vcredist2015'&semVerLevel=2.0.0
2026-05-04 13:27:12,774 20596 [INFO ] - [NuGet]   OK https://community.chocolatey.org/api/v2/FindPackagesById()?id='vcredist2015'&semVerLevel=2.0.0 55ms
2026-05-04 13:27:12,789 20596 [INFO ] - [NuGet]   GET http://community.chocolatey.org/api/v2/FindPackagesById?id='vcredist2015'&$skiptoken='1757831706953','14.0.23506','vcredist2015'
2026-05-04 13:27:12,950 20596 [INFO ] - [NuGet]   OK http://community.chocolatey.org/api/v2/FindPackagesById?id='vcredist2015'&$skiptoken='1757831706953','14.0.23506','vcredist2015' 156ms
2026-05-04 13:27:12,964 20596 [INFO ] - [NuGet]   GET https://community.chocolatey.org/api/v2/FindPackagesById()?id='vcredist140'&semVerLevel=2.0.0
2026-05-04 13:27:12,997 20596 [INFO ] - [NuGet]   OK https://community.chocolatey.org/api/v2/FindPackagesById()?id='vcredist140'&semVerLevel=2.0.0 44ms
2026-05-04 13:27:13,092 20596 [INFO ] - [NuGet]   GET http://community.chocolatey.org/api/v2/FindPackagesById?id='vcredist140'&$skiptoken='1758917989857','14.24.28127.4','vcredist140'
2026-05-04 13:27:13,204 20596 [INFO ] - [NuGet]   OK http://community.chocolatey.org/api/v2/FindPackagesById?id='vcredist140'&$skiptoken='1758917989857','14.24.28127.4','vcredist140' 108ms
2026-05-04 13:27:13,236 20596 [INFO ] - [NuGet]   GET http://community.chocolatey.org/api/v2/FindPackagesById?id='vcredist140'&$skiptoken='1758917088380','14.0.24516-preview5','vcredist140'
2026-05-04 13:27:13,332 20596 [INFO ] - [NuGet]   OK http://community.chocolatey.org/api/v2/FindPackagesById?id='vcredist140'&$skiptoken='1758917088380','14.0.24516-preview5','vcredist140' 83ms
2026-05-04 13:27:13,332 20596 [INFO ] - [NuGet]   GET https://community.chocolatey.org/api/v2/FindPackagesById()?id='chocolatey-core.extension'&semVerLevel=2.0.0
2026-05-04 13:27:13,380 20596 [INFO ] - [NuGet]   OK https://community.chocolatey.org/api/v2/FindPackagesById()?id='chocolatey-core.extension'&semVerLevel=2.0.0 43ms
2026-05-04 13:27:13,411 20596 [INFO ] - [NuGet]   GET http://community.chocolatey.org/api/v2/FindPackagesById?id='chocolatey-core.extension'&$skiptoken='1757694056117','0.1.2','chocolatey-core.extension'
2026-05-04 13:27:13,492 20596 [INFO ] - [NuGet]   OK http://community.chocolatey.org/api/v2/FindPackagesById?id='chocolatey-core.extension'&$skiptoken='1757694056117','0.1.2','chocolatey-core.extension' 85ms
2026-05-04 13:27:13,500 20596 [INFO ] - [NuGet]   GET https://community.chocolatey.org/api/v2/FindPackagesById()?id='chocolatey-compatibility.extension'&semVerLevel=2.0.0
2026-05-04 13:27:13,539 20596 [INFO ] - [NuGet]   OK https://community.chocolatey.org/api/v2/FindPackagesById()?id='chocolatey-compatibility.extension'&semVerLevel=2.0.0 43ms
2026-05-04 13:27:13,539 20596 [INFO ] - [NuGet]   GET http://community.chocolatey.org/api/v2/FindPackagesById?id='chocolatey-compatibility.extension'&$skiptoken='1777818623837','1.0.0','chocolatey-compatibility.extension'
2026-05-04 13:27:13,620 20596 [INFO ] - [NuGet]   OK http://community.chocolatey.org/api/v2/FindPackagesById?id='chocolatey-compatibility.extension'&$skiptoken='1777818623837','1.0.0','chocolatey-compatibility.extension' 84ms
2026-05-04 13:27:13,636 20596 [INFO ] - [NuGet]   GET https://community.chocolatey.org/api/v2/FindPackagesById()?id='kb3033929'&semVerLevel=2.0.0
2026-05-04 13:27:13,701 20596 [INFO ] - [NuGet]   OK https://community.chocolatey.org/api/v2/FindPackagesById()?id='kb3033929'&semVerLevel=2.0.0 77ms
2026-05-04 13:27:13,716 20596 [INFO ] - [NuGet]   GET http://community.chocolatey.org/api/v2/FindPackagesById?id='kb3033929'&$skiptoken='1757852403537','1.0.0','kb3033929'
2026-05-04 13:27:13,847 20596 [INFO ] - [NuGet]   OK http://community.chocolatey.org/api/v2/FindPackagesById?id='kb3033929'&$skiptoken='1757852403537','1.0.0','kb3033929' 122ms
2026-05-04 13:27:13,847 20596 [INFO ] - [NuGet]   GET https://community.chocolatey.org/api/v2/FindPackagesById()?id='chocolatey-windowsupdate.extension'&semVerLevel=2.0.0
2026-05-04 13:27:13,893 20596 [INFO ] - [NuGet]   OK https://community.chocolatey.org/api/v2/FindPackagesById()?id='chocolatey-windowsupdate.extension'&semVerLevel=2.0.0 42ms
2026-05-04 13:27:13,893 20596 [INFO ] - [NuGet]   GET http://community.chocolatey.org/api/v2/FindPackagesById?id='chocolatey-windowsupdate.extension'&$skiptoken='1758091804557','1.0.1','chocolatey-windowsupdate.extension'
2026-05-04 13:27:13,990 20596 [INFO ] - [NuGet]   OK http://community.chocolatey.org/api/v2/FindPackagesById?id='chocolatey-windowsupdate.extension'&$skiptoken='1758091804557','1.0.1','chocolatey-windowsupdate.extension' 83ms
2026-05-04 13:27:13,990 20596 [INFO ] - [NuGet]   GET https://community.chocolatey.org/api/v2/FindPackagesById()?id='kb3035131'&semVerLevel=2.0.0
2026-05-04 13:27:14,038 20596 [INFO ] - [NuGet]   OK https://community.chocolatey.org/api/v2/FindPackagesById()?id='kb3035131'&semVerLevel=2.0.0 43ms
2026-05-04 13:27:14,038 20596 [INFO ] - [NuGet]   GET http://community.chocolatey.org/api/v2/FindPackagesById?id='kb3035131'&$skiptoken='1758694790893','1.0.0','kb3035131'
2026-05-04 13:27:14,121 20596 [INFO ] - [NuGet]   OK http://community.chocolatey.org/api/v2/FindPackagesById?id='kb3035131'&$skiptoken='1758694790893','1.0.0','kb3035131' 83ms
2026-05-04 13:27:14,121 20596 [INFO ] - [NuGet]   GET https://community.chocolatey.org/api/v2/FindPackagesById()?id='kb2919355'&semVerLevel=2.0.0
2026-05-04 13:27:14,166 20596 [INFO ] - [NuGet]   OK https://community.chocolatey.org/api/v2/FindPackagesById()?id='kb2919355'&semVerLevel=2.0.0 47ms
2026-05-04 13:27:14,182 20596 [INFO ] - [NuGet]   GET http://community.chocolatey.org/api/v2/FindPackagesById?id='kb2919355'&$skiptoken='1759018786213','1.0.20160719','kb2919355'
2026-05-04 13:27:14,265 20596 [INFO ] - [NuGet]   OK http://community.chocolatey.org/api/v2/FindPackagesById?id='kb2919355'&$skiptoken='1759018786213','1.0.20160719','kb2919355' 82ms
2026-05-04 13:27:14,265 20596 [INFO ] - [NuGet]   GET https://community.chocolatey.org/api/v2/FindPackagesById()?id='kb2919442'&semVerLevel=2.0.0
2026-05-04 13:27:14,311 20596 [INFO ] - [NuGet]   OK https://community.chocolatey.org/api/v2/FindPackagesById()?id='kb2919442'&semVerLevel=2.0.0 43ms
2026-05-04 13:27:14,311 20596 [INFO ] - [NuGet]   GET http://community.chocolatey.org/api/v2/FindPackagesById?id='kb2919442'&$skiptoken='1758687599443','1.0.20160719','kb2919442'
2026-05-04 13:27:14,391 20596 [INFO ] - [NuGet]   OK http://community.chocolatey.org/api/v2/FindPackagesById?id='kb2919442'&$skiptoken='1758687599443','1.0.20160719','kb2919442' 83ms
2026-05-04 13:27:14,391 20596 [INFO ] - [NuGet]   GET https://community.chocolatey.org/api/v2/FindPackagesById()?id='kb2999226'&semVerLevel=2.0.0
2026-05-04 13:27:14,488 20596 [INFO ] - [NuGet]   OK https://community.chocolatey.org/api/v2/FindPackagesById()?id='kb2999226'&semVerLevel=2.0.0 87ms
2026-05-04 13:27:14,488 20596 [INFO ] - [NuGet]   GET http://community.chocolatey.org/api/v2/FindPackagesById?id='kb2999226'&$skiptoken='1757864999427','1.0.20161030','kb2999226'
2026-05-04 13:27:14,583 20596 [INFO ] - [NuGet]   OK http://community.chocolatey.org/api/v2/FindPackagesById?id='kb2999226'&$skiptoken='1757864999427','1.0.20161030','kb2999226' 88ms
2026-05-04 13:27:14,662 20596 [INFO ] - [NuGet] Resolving dependency information took 0 ms
2026-05-04 13:27:14,678 20596 [INFO ] - [NuGet]   CACHE https://community.chocolatey.org/api/v2/Packages(Id='python314',Version='3.14.4')
2026-05-04 13:27:18,593 20596 [INFO ] - Downloading package from source 'https://community.chocolatey.org/api/v2/'
2026-05-04 13:27:18,603 20596 [INFO ] - [NuGet]   GET https://community.chocolatey.org/api/v2/package/python314/3.14.4
2026-05-04 13:27:18,899 20596 [INFO ] - [NuGet]   OK https://community.chocolatey.org/api/v2/package/python314/3.14.4 296ms
2026-05-04 13:27:18,899 20596 [INFO ] - [NuGet] Acquiring lock for the installation of python314 3.14.4
2026-05-04 13:27:18,915 20596 [INFO ] - [NuGet] Acquired lock for the installation of python314 3.14.4
2026-05-04 13:27:33,581 20596 [INFO ] - [NuGet] Installed python314 3.14.4 from https://community.chocolatey.org/api/v2/ with content hash Vx3VtlFRWievpQrZYMkIQDQV3sLKTiCIanTpZeAWqDAt8RCKZz5CVeFxkJOnA94sc0ypkfIc6OqLQiqNL7x8pw==.
2026-05-04 13:27:33,613 20596 [INFO ] - [NuGet] Adding package 'python314.3.14.4 : vcredist2015 [14.0.24215.20170201, )' to folder 'C:\ProgramData\chocolatey\lib'
2026-05-04 13:27:33,676 20596 [INFO ] - [NuGet] Added package 'python314.3.14.4 : vcredist2015 [14.0.24215.20170201, )' to folder 'C:\ProgramData\chocolatey\lib'
2026-05-04 13:27:33,676 20596 [INFO ] - 
python314 v3.14.4 [Approved]
2026-05-04 13:27:33,692 20596 [INFO ] - python314 package files upgrade completed. Performing other installation steps.
2026-05-04 13:27:34,046 20596 [INFO ] - VERBOSE: Loading module from path 'C:\ProgramData\chocolatey\helpers\Chocolatey.PowerShell.dll'.
2026-05-04 13:27:34,135 20596 [INFO ] - VERBOSE: Importing cmdlet 'Get-EnvironmentVariable'.
2026-05-04 13:27:34,135 20596 [INFO ] - VERBOSE: Importing cmdlet 'Get-EnvironmentVariableNames'.
2026-05-04 13:27:34,135 20596 [INFO ] - VERBOSE: Importing cmdlet 'Install-ChocolateyPath'.
2026-05-04 13:27:34,135 20596 [INFO ] - VERBOSE: Importing cmdlet 'Set-EnvironmentVariable'.
2026-05-04 13:27:34,135 20596 [INFO ] - VERBOSE: Importing cmdlet 'Test-ProcessAdminRights'.
2026-05-04 13:27:34,135 20596 [INFO ] - VERBOSE: Importing cmdlet 'Uninstall-ChocolateyPath'.
2026-05-04 13:27:34,135 20596 [INFO ] - VERBOSE: Importing cmdlet 'Update-SessionEnvironment'.
2026-05-04 13:27:34,135 20596 [INFO ] - VERBOSE: Exporting function 'Format-FileSize'.
2026-05-04 13:27:34,135 20596 [INFO ] - VERBOSE: Exporting function 'Get-ChecksumValid'.
2026-05-04 13:27:34,135 20596 [INFO ] - VERBOSE: Exporting function 'Get-ChocolateyConfigValue'.
2026-05-04 13:27:34,135 20596 [INFO ] - VERBOSE: Exporting function 'Get-ChocolateyPath'.
2026-05-04 13:27:34,135 20596 [INFO ] - VERBOSE: Exporting function 'Get-ChocolateyUnzip'.
2026-05-04 13:27:34,135 20596 [INFO ] - VERBOSE: Exporting function 'Get-ChocolateyWebFile'.
2026-05-04 13:27:34,135 20596 [INFO ] - VERBOSE: Exporting function 'Get-FtpFile'.
2026-05-04 13:27:34,135 20596 [INFO ] - VERBOSE: Exporting function 'Get-OSArchitectureWidth'.
2026-05-04 13:27:34,135 20596 [INFO ] - VERBOSE: Exporting function 'Get-PackageParameters'.
2026-05-04 13:27:34,151 20596 [INFO ] - VERBOSE: Exporting function 'Get-PackageParametersBuiltIn'.
2026-05-04 13:27:34,151 20596 [INFO ] - VERBOSE: Exporting function 'Get-ToolsLocation'.
2026-05-04 13:27:34,151 20596 [INFO ] - VERBOSE: Exporting function 'Get-UACEnabled'.
2026-05-04 13:27:34,151 20596 [INFO ] - VERBOSE: Exporting function 'Get-UninstallRegistryKey'.
2026-05-04 13:27:34,151 20596 [INFO ] - VERBOSE: Exporting function 'Get-VirusCheckValid'.
2026-05-04 13:27:34,151 20596 [INFO ] - VERBOSE: Exporting function 'Get-WebFile'.
2026-05-04 13:27:34,151 20596 [INFO ] - VERBOSE: Exporting function 'Get-WebFileName'.
2026-05-04 13:27:34,151 20596 [INFO ] - VERBOSE: Exporting function 'Get-WebHeaders'.
2026-05-04 13:27:34,151 20596 [INFO ] - VERBOSE: Exporting function 'Install-BinFile'.
2026-05-04 13:27:34,151 20596 [INFO ] - VERBOSE: Exporting function 'Install-ChocolateyEnvironmentVariable'.
2026-05-04 13:27:34,151 20596 [INFO ] - VERBOSE: Exporting function 'Install-ChocolateyExplorerMenuItem'.
2026-05-04 13:27:34,151 20596 [INFO ] - VERBOSE: Exporting function 'Install-ChocolateyFileAssociation'.
2026-05-04 13:27:34,151 20596 [INFO ] - VERBOSE: Exporting function 'Install-ChocolateyInstallPackage'.
2026-05-04 13:27:34,151 20596 [INFO ] - VERBOSE: Exporting function 'Install-ChocolateyPackage'.
2026-05-04 13:27:34,151 20596 [INFO ] - VERBOSE: Exporting function 'Install-ChocolateyPinnedTaskBarItem'.
2026-05-04 13:27:34,151 20596 [INFO ] - VERBOSE: Exporting function 'Install-ChocolateyPowershellCommand'.
2026-05-04 13:27:34,151 20596 [INFO ] - VERBOSE: Exporting function 'Install-ChocolateyShortcut'.
2026-05-04 13:27:34,151 20596 [INFO ] - VERBOSE: Exporting function 'Install-ChocolateyVsixPackage'.
2026-05-04 13:27:34,151 20596 [INFO ] - VERBOSE: Exporting function 'Install-ChocolateyZipPackage'.
2026-05-04 13:27:34,151 20596 [INFO ] - VERBOSE: Exporting function 'Install-Vsix'.
2026-05-04 13:27:34,151 20596 [INFO ] - VERBOSE: Exporting function 'Set-PowerShellExitCode'.
2026-05-04 13:27:34,151 20596 [INFO ] - VERBOSE: Exporting function 'Start-ChocolateyProcessAsAdmin'.
2026-05-04 13:27:34,151 20596 [INFO ] - VERBOSE: Exporting function 'Uninstall-BinFile'.
2026-05-04 13:27:34,151 20596 [INFO ] - VERBOSE: Exporting function 'Uninstall-ChocolateyEnvironmentVariable'.
2026-05-04 13:27:34,151 20596 [INFO ] - VERBOSE: Exporting function 'Uninstall-ChocolateyPackage'.
2026-05-04 13:27:34,151 20596 [INFO ] - VERBOSE: Exporting function 'Uninstall-ChocolateyZipPackage'.
2026-05-04 13:27:34,151 20596 [INFO ] - VERBOSE: Exporting function 'Write-FunctionCallLogMessage'.
2026-05-04 13:27:34,151 20596 [INFO ] - VERBOSE: Exporting cmdlet 'Get-EnvironmentVariable'.
2026-05-04 13:27:34,151 20596 [INFO ] - VERBOSE: Exporting cmdlet 'Get-EnvironmentVariableNames'.
2026-05-04 13:27:34,151 20596 [INFO ] - VERBOSE: Exporting cmdlet 'Install-ChocolateyPath'.
2026-05-04 13:27:34,151 20596 [INFO ] - VERBOSE: Exporting cmdlet 'Set-EnvironmentVariable'.
2026-05-04 13:27:34,151 20596 [INFO ] - VERBOSE: Exporting cmdlet 'Test-ProcessAdminRights'.
2026-05-04 13:27:34,151 20596 [INFO ] - VERBOSE: Exporting cmdlet 'Uninstall-ChocolateyPath'.
2026-05-04 13:27:34,151 20596 [INFO ] - VERBOSE: Exporting cmdlet 'Update-SessionEnvironment'.
2026-05-04 13:27:34,151 20596 [INFO ] - VERBOSE: Exporting alias 'Get-ProcessorBits'.
2026-05-04 13:27:34,151 20596 [INFO ] - VERBOSE: Exporting alias 'Get-OSBitness'.
2026-05-04 13:27:34,151 20596 [INFO ] - VERBOSE: Exporting alias 'Get-InstallRegistryKey'.
2026-05-04 13:27:34,151 20596 [INFO ] - VERBOSE: Exporting alias 'Generate-BinFile'.
2026-05-04 13:27:34,151 20596 [INFO ] - VERBOSE: Exporting alias 'Add-BinFile'.
2026-05-04 13:27:34,151 20596 [INFO ] - VERBOSE: Exporting alias 'Start-ChocolateyProcess'.
2026-05-04 13:27:34,151 20596 [INFO ] - VERBOSE: Exporting alias 'Invoke-ChocolateyProcess'.
2026-05-04 13:27:34,151 20596 [INFO ] - VERBOSE: Exporting alias 'Remove-BinFile'.
2026-05-04 13:27:34,151 20596 [INFO ] - VERBOSE: Exporting alias 'refreshenv'.
2026-05-04 13:27:34,167 20596 [INFO ] - VERBOSE: Loading module from path 'C:\ProgramData\chocolatey\extensions\chocolatey-compatibility\chocolatey-compatibility.psm1'.
2026-05-04 13:27:34,186 20596 [INFO ] - VERBOSE: Exporting function 'Install-ChocolateyDesktopLink'.
2026-05-04 13:27:34,186 20596 [INFO ] - VERBOSE: Exporting function 'Write-ChocolateyFailure'.
2026-05-04 13:27:34,186 20596 [INFO ] - VERBOSE: Exporting function 'Write-ChocolateySuccess'.
2026-05-04 13:27:34,186 20596 [INFO ] - VERBOSE: Exporting function 'Write-FileUpdateLog'.
2026-05-04 13:27:34,186 20596 [INFO ] - VERBOSE: Importing function 'Install-ChocolateyDesktopLink'.
2026-05-04 13:27:34,186 20596 [INFO ] - VERBOSE: Importing function 'Write-ChocolateyFailure'.
2026-05-04 13:27:34,186 20596 [INFO ] - VERBOSE: Importing function 'Write-ChocolateySuccess'.
2026-05-04 13:27:34,186 20596 [INFO ] - VERBOSE: Importing function 'Write-FileUpdateLog'.
2026-05-04 13:27:34,195 20596 [INFO ] - VERBOSE: Loading module from path 'C:\ProgramData\chocolatey\extensions\chocolatey-core\chocolatey-core.psm1'.
2026-05-04 13:27:34,224 20596 [INFO ] - VERBOSE: Exporting function 'Get-AppInstallLocation'.
2026-05-04 13:27:34,224 20596 [INFO ] - VERBOSE: Exporting function 'Get-AvailableDriveLetter'.
2026-05-04 13:27:34,224 20596 [INFO ] - VERBOSE: Exporting function 'Get-EffectiveProxy'.
2026-05-04 13:27:34,224 20596 [INFO ] - VERBOSE: Exporting function 'Get-PackageCacheLocation'.
2026-05-04 13:27:34,226 20596 [INFO ] - VERBOSE: Exporting function 'Get-WebContent'.
2026-05-04 13:27:34,226 20596 [INFO ] - VERBOSE: Exporting function 'Register-Application'.
2026-05-04 13:27:34,226 20596 [INFO ] - VERBOSE: Exporting function 'Remove-Process'.
2026-05-04 13:27:34,226 20596 [INFO ] - VERBOSE: Importing function 'Get-AppInstallLocation'.
2026-05-04 13:27:34,226 20596 [INFO ] - VERBOSE: Importing function 'Get-AvailableDriveLetter'.
2026-05-04 13:27:34,226 20596 [INFO ] - VERBOSE: Importing function 'Get-EffectiveProxy'.
2026-05-04 13:27:34,228 20596 [INFO ] - VERBOSE: Importing function 'Get-PackageCacheLocation'.
2026-05-04 13:27:34,228 20596 [INFO ] - VERBOSE: Importing function 'Get-WebContent'.
2026-05-04 13:27:34,228 20596 [INFO ] - VERBOSE: Importing function 'Register-Application'.
2026-05-04 13:27:34,228 20596 [INFO ] - VERBOSE: Importing function 'Remove-Process'.
2026-05-04 13:27:34,228 20596 [INFO ] - VERBOSE: Loading module from path 'C:\ProgramData\chocolatey\extensions\chocolatey-dotnetfx\chocolatey-dotnetfx.psm1'.
2026-05-04 13:27:34,232 20596 [INFO ] - VERBOSE: Exporting function 'Install-DotNetFramework'.
2026-05-04 13:27:34,232 20596 [INFO ] - VERBOSE: Exporting function 'Install-DotNetDevPack'.
2026-05-04 13:27:34,232 20596 [INFO ] - VERBOSE: Importing function 'Install-DotNetDevPack'.
2026-05-04 13:27:34,232 20596 [INFO ] - VERBOSE: Importing function 'Install-DotNetFramework'.
2026-05-04 13:27:34,232 20596 [INFO ] - VERBOSE: Loading module from path 'C:\ProgramData\chocolatey\extensions\chocolatey-visualstudio\chocolatey-visualstudio.extension.psm1'.
2026-05-04 13:27:34,309 20596 [INFO ] - VERBOSE: Exporting function 'Add-VisualStudioComponent'.
2026-05-04 13:27:34,317 20596 [INFO ] - VERBOSE: Exporting function 'Add-VisualStudioWorkload'.
2026-05-04 13:27:34,317 20596 [INFO ] - VERBOSE: Exporting function 'Get-VisualStudioInstaller'.
2026-05-04 13:27:34,317 20596 [INFO ] - VERBOSE: Exporting function 'Get-VisualStudioInstallerHealth'.
2026-05-04 13:27:34,317 20596 [INFO ] - VERBOSE: Exporting function 'Get-VisualStudioInstance'.
2026-05-04 13:27:34,317 20596 [INFO ] - VERBOSE: Exporting function 'Get-VisualStudioVsixInstaller'.
2026-05-04 13:27:34,317 20596 [INFO ] - VERBOSE: Exporting function 'Install-VisualStudio'.
2026-05-04 13:27:34,317 20596 [INFO ] - VERBOSE: Exporting function 'Install-VisualStudioInstaller'.
2026-05-04 13:27:34,317 20596 [INFO ] - VERBOSE: Exporting function 'Install-VisualStudioVsixExtension'.
2026-05-04 13:27:34,317 20596 [INFO ] - VERBOSE: Exporting function 'Remove-VisualStudioComponent'.
2026-05-04 13:27:34,319 20596 [INFO ] - VERBOSE: Exporting function 'Remove-VisualStudioProduct'.
2026-05-04 13:27:34,319 20596 [INFO ] - VERBOSE: Exporting function 'Remove-VisualStudioWorkload'.
2026-05-04 13:27:34,319 20596 [INFO ] - VERBOSE: Exporting function 'Uninstall-VisualStudio'.
2026-05-04 13:27:34,319 20596 [INFO ] - VERBOSE: Exporting function 'Uninstall-VisualStudioVsixExtension'.
2026-05-04 13:27:34,319 20596 [INFO ] - VERBOSE: Importing function 'Add-VisualStudioComponent'.
2026-05-04 13:27:34,319 20596 [INFO ] - VERBOSE: Importing function 'Add-VisualStudioWorkload'.
2026-05-04 13:27:34,319 20596 [INFO ] - VERBOSE: Importing function 'Get-VisualStudioInstaller'.
2026-05-04 13:27:34,319 20596 [INFO ] - VERBOSE: Importing function 'Get-VisualStudioInstallerHealth'.
2026-05-04 13:27:34,321 20596 [INFO ] - VERBOSE: Importing function 'Get-VisualStudioInstance'.
2026-05-04 13:27:34,321 20596 [INFO ] - VERBOSE: Importing function 'Get-VisualStudioVsixInstaller'.
2026-05-04 13:27:34,321 20596 [INFO ] - VERBOSE: Importing function 'Install-VisualStudio'.
2026-05-04 13:27:34,321 20596 [INFO ] - VERBOSE: Importing function 'Install-VisualStudioInstaller'.
2026-05-04 13:27:34,321 20596 [INFO ] - VERBOSE: Importing function 'Install-VisualStudioVsixExtension'.
2026-05-04 13:27:34,321 20596 [INFO ] - VERBOSE: Importing function 'Remove-VisualStudioComponent'.
2026-05-04 13:27:34,321 20596 [INFO ] - VERBOSE: Importing function 'Remove-VisualStudioProduct'.
2026-05-04 13:27:34,321 20596 [INFO ] - VERBOSE: Importing function 'Remove-VisualStudioWorkload'.
2026-05-04 13:27:34,323 20596 [INFO ] - VERBOSE: Importing function 'Uninstall-VisualStudio'.
2026-05-04 13:27:34,323 20596 [INFO ] - VERBOSE: Importing function 'Uninstall-VisualStudioVsixExtension'.
2026-05-04 13:27:34,323 20596 [INFO ] - VERBOSE: Loading module from path 'C:\ProgramData\chocolatey\extensions\chocolatey-windowsupdate\chocolatey-windowsupdate.psm1'.
2026-05-04 13:27:34,340 20596 [INFO ] - VERBOSE: Exporting function 'Install-WindowsUpdate'.
2026-05-04 13:27:34,340 20596 [INFO ] - VERBOSE: Exporting function 'Test-WindowsUpdate'.
2026-05-04 13:27:34,340 20596 [INFO ] - VERBOSE: Importing function 'Install-WindowsUpdate'.
2026-05-04 13:27:34,340 20596 [INFO ] - VERBOSE: Importing function 'Test-WindowsUpdate'.
2026-05-04 13:27:34,358 20596 [INFO ] - VERBOSE: Exporting function 'Format-FileSize'.
2026-05-04 13:27:34,358 20596 [INFO ] - VERBOSE: Exporting function 'Get-ChecksumValid'.
2026-05-04 13:27:34,358 20596 [INFO ] - VERBOSE: Exporting function 'Get-ChocolateyConfigValue'.
2026-05-04 13:27:34,358 20596 [INFO ] - VERBOSE: Exporting function 'Get-ChocolateyPath'.
2026-05-04 13:27:34,358 20596 [INFO ] - VERBOSE: Exporting function 'Get-ChocolateyUnzip'.
2026-05-04 13:27:34,358 20596 [INFO ] - VERBOSE: Exporting function 'Get-ChocolateyWebFile'.
2026-05-04 13:27:34,358 20596 [INFO ] - VERBOSE: Exporting function 'Get-FtpFile'.
2026-05-04 13:27:34,360 20596 [INFO ] - VERBOSE: Exporting function 'Get-OSArchitectureWidth'.
2026-05-04 13:27:34,360 20596 [INFO ] - VERBOSE: Exporting function 'Get-PackageParameters'.
2026-05-04 13:27:34,360 20596 [INFO ] - VERBOSE: Exporting function 'Get-PackageParametersBuiltIn'.
2026-05-04 13:27:34,360 20596 [INFO ] - VERBOSE: Exporting function 'Get-ToolsLocation'.
2026-05-04 13:27:34,360 20596 [INFO ] - VERBOSE: Exporting function 'Get-UACEnabled'.
2026-05-04 13:27:34,360 20596 [INFO ] - VERBOSE: Exporting function 'Get-UninstallRegistryKey'.
2026-05-04 13:27:34,360 20596 [INFO ] - VERBOSE: Exporting function 'Get-VirusCheckValid'.
2026-05-04 13:27:34,360 20596 [INFO ] - VERBOSE: Exporting function 'Get-WebFile'.
2026-05-04 13:27:34,360 20596 [INFO ] - VERBOSE: Exporting function 'Get-WebFileName'.
2026-05-04 13:27:34,362 20596 [INFO ] - VERBOSE: Exporting function 'Get-WebHeaders'.
2026-05-04 13:27:34,362 20596 [INFO ] - VERBOSE: Exporting function 'Install-BinFile'.
2026-05-04 13:27:34,362 20596 [INFO ] - VERBOSE: Exporting function 'Install-ChocolateyEnvironmentVariable'.
2026-05-04 13:27:34,362 20596 [INFO ] - VERBOSE: Exporting function 'Install-ChocolateyExplorerMenuItem'.
2026-05-04 13:27:34,362 20596 [INFO ] - VERBOSE: Exporting function 'Install-ChocolateyFileAssociation'.
2026-05-04 13:27:34,362 20596 [INFO ] - VERBOSE: Exporting function 'Install-ChocolateyInstallPackage'.
2026-05-04 13:27:34,362 20596 [INFO ] - VERBOSE: Exporting function 'Install-ChocolateyPackage'.
2026-05-04 13:27:34,362 20596 [INFO ] - VERBOSE: Exporting function 'Install-ChocolateyPinnedTaskBarItem'.
2026-05-04 13:27:34,362 20596 [INFO ] - VERBOSE: Exporting function 'Install-ChocolateyPowershellCommand'.
2026-05-04 13:27:34,364 20596 [INFO ] - VERBOSE: Exporting function 'Install-ChocolateyShortcut'.
2026-05-04 13:27:34,364 20596 [INFO ] - VERBOSE: Exporting function 'Install-ChocolateyVsixPackage'.
2026-05-04 13:27:34,364 20596 [INFO ] - VERBOSE: Exporting function 'Install-ChocolateyZipPackage'.
2026-05-04 13:27:34,364 20596 [INFO ] - VERBOSE: Exporting function 'Install-Vsix'.
2026-05-04 13:27:34,364 20596 [INFO ] - VERBOSE: Exporting function 'Set-PowerShellExitCode'.
2026-05-04 13:27:34,364 20596 [INFO ] - VERBOSE: Exporting function 'Start-ChocolateyProcessAsAdmin'.
2026-05-04 13:27:34,364 20596 [INFO ] - VERBOSE: Exporting function 'Uninstall-BinFile'.
2026-05-04 13:27:34,364 20596 [INFO ] - VERBOSE: Exporting function 'Uninstall-ChocolateyEnvironmentVariable'.
2026-05-04 13:27:34,364 20596 [INFO ] - VERBOSE: Exporting function 'Uninstall-ChocolateyPackage'.
2026-05-04 13:27:34,366 20596 [INFO ] - VERBOSE: Exporting function 'Uninstall-ChocolateyZipPackage'.
2026-05-04 13:27:34,366 20596 [INFO ] - VERBOSE: Exporting function 'Write-FunctionCallLogMessage'.
2026-05-04 13:27:34,366 20596 [INFO ] - VERBOSE: Exporting function 'Install-ChocolateyDesktopLink'.
2026-05-04 13:27:34,366 20596 [INFO ] - VERBOSE: Exporting function 'Write-ChocolateyFailure'.
2026-05-04 13:27:34,366 20596 [INFO ] - VERBOSE: Exporting function 'Write-ChocolateySuccess'.
2026-05-04 13:27:34,366 20596 [INFO ] - VERBOSE: Exporting function 'Write-FileUpdateLog'.
2026-05-04 13:27:34,366 20596 [INFO ] - VERBOSE: Exporting function 'Get-AppInstallLocation'.
2026-05-04 13:27:34,366 20596 [INFO ] - VERBOSE: Exporting function 'Get-AvailableDriveLetter'.
2026-05-04 13:27:34,366 20596 [INFO ] - VERBOSE: Exporting function 'Get-EffectiveProxy'.
2026-05-04 13:27:34,368 20596 [INFO ] - VERBOSE: Exporting function 'Get-PackageCacheLocation'.
2026-05-04 13:27:34,368 20596 [INFO ] - VERBOSE: Exporting function 'Get-WebContent'.
2026-05-04 13:27:34,368 20596 [INFO ] - VERBOSE: Exporting function 'Register-Application'.
2026-05-04 13:27:34,368 20596 [INFO ] - VERBOSE: Exporting function 'Remove-Process'.
2026-05-04 13:27:34,368 20596 [INFO ] - VERBOSE: Exporting function 'Install-DotNetDevPack'.
2026-05-04 13:27:34,368 20596 [INFO ] - VERBOSE: Exporting function 'Install-DotNetFramework'.
2026-05-04 13:27:34,368 20596 [INFO ] - VERBOSE: Exporting function 'Add-VisualStudioComponent'.
2026-05-04 13:27:34,368 20596 [INFO ] - VERBOSE: Exporting function 'Add-VisualStudioWorkload'.
2026-05-04 13:27:34,368 20596 [INFO ] - VERBOSE: Exporting function 'Get-VisualStudioInstaller'.
2026-05-04 13:27:34,368 20596 [INFO ] - VERBOSE: Exporting function 'Get-VisualStudioInstallerHealth'.
2026-05-04 13:27:34,370 20596 [INFO ] - VERBOSE: Exporting function 'Get-VisualStudioInstance'.
2026-05-04 13:27:34,370 20596 [INFO ] - VERBOSE: Exporting function 'Get-VisualStudioVsixInstaller'.
2026-05-04 13:27:34,370 20596 [INFO ] - VERBOSE: Exporting function 'Install-VisualStudio'.
2026-05-04 13:27:34,370 20596 [INFO ] - VERBOSE: Exporting function 'Install-VisualStudioInstaller'.
2026-05-04 13:27:34,370 20596 [INFO ] - VERBOSE: Exporting function 'Install-VisualStudioVsixExtension'.
2026-05-04 13:27:34,370 20596 [INFO ] - VERBOSE: Exporting function 'Remove-VisualStudioComponent'.
2026-05-04 13:27:34,370 20596 [INFO ] - VERBOSE: Exporting function 'Remove-VisualStudioProduct'.
2026-05-04 13:27:34,372 20596 [INFO ] - VERBOSE: Exporting function 'Remove-VisualStudioWorkload'.
2026-05-04 13:27:34,372 20596 [INFO ] - VERBOSE: Exporting function 'Uninstall-VisualStudio'.
2026-05-04 13:27:34,372 20596 [INFO ] - VERBOSE: Exporting function 'Uninstall-VisualStudioVsixExtension'.
2026-05-04 13:27:34,372 20596 [INFO ] - VERBOSE: Exporting function 'Install-WindowsUpdate'.
2026-05-04 13:27:34,372 20596 [INFO ] - VERBOSE: Exporting function 'Test-WindowsUpdate'.
2026-05-04 13:27:34,372 20596 [INFO ] - VERBOSE: Exporting cmdlet 'Get-EnvironmentVariable'.
2026-05-04 13:27:34,372 20596 [INFO ] - VERBOSE: Exporting cmdlet 'Get-EnvironmentVariableNames'.
2026-05-04 13:27:34,372 20596 [INFO ] - VERBOSE: Exporting cmdlet 'Install-ChocolateyPath'.
2026-05-04 13:27:34,372 20596 [INFO ] - VERBOSE: Exporting cmdlet 'Set-EnvironmentVariable'.
2026-05-04 13:27:34,374 20596 [INFO ] - VERBOSE: Exporting cmdlet 'Test-ProcessAdminRights'.
2026-05-04 13:27:34,374 20596 [INFO ] - VERBOSE: Exporting cmdlet 'Uninstall-ChocolateyPath'.
2026-05-04 13:27:34,374 20596 [INFO ] - VERBOSE: Exporting cmdlet 'Update-SessionEnvironment'.
2026-05-04 13:27:34,374 20596 [INFO ] - VERBOSE: Exporting cmdlet 'Get-EnvironmentVariable'.
2026-05-04 13:27:34,374 20596 [INFO ] - VERBOSE: Exporting cmdlet 'Get-EnvironmentVariableNames'.
2026-05-04 13:27:34,374 20596 [INFO ] - VERBOSE: Exporting cmdlet 'Install-ChocolateyPath'.
2026-05-04 13:27:34,374 20596 [INFO ] - VERBOSE: Exporting cmdlet 'Set-EnvironmentVariable'.
2026-05-04 13:27:34,374 20596 [INFO ] - VERBOSE: Exporting cmdlet 'Test-ProcessAdminRights'.
2026-05-04 13:27:34,374 20596 [INFO ] - VERBOSE: Exporting cmdlet 'Uninstall-ChocolateyPath'.
2026-05-04 13:27:34,376 20596 [INFO ] - VERBOSE: Exporting cmdlet 'Update-SessionEnvironment'.
2026-05-04 13:27:34,376 20596 [INFO ] - VERBOSE: Exporting alias 'Get-ProcessorBits'.
2026-05-04 13:27:34,376 20596 [INFO ] - VERBOSE: Exporting alias 'Get-OSBitness'.
2026-05-04 13:27:34,376 20596 [INFO ] - VERBOSE: Exporting alias 'Get-InstallRegistryKey'.
2026-05-04 13:27:34,376 20596 [INFO ] - VERBOSE: Exporting alias 'Generate-BinFile'.
2026-05-04 13:27:34,376 20596 [INFO ] - VERBOSE: Exporting alias 'Add-BinFile'.
2026-05-04 13:27:34,376 20596 [INFO ] - VERBOSE: Exporting alias 'Start-ChocolateyProcess'.
2026-05-04 13:27:34,376 20596 [INFO ] - VERBOSE: Exporting alias 'Invoke-ChocolateyProcess'.
2026-05-04 13:27:34,376 20596 [INFO ] - VERBOSE: Exporting alias 'Remove-BinFile'.
2026-05-04 13:27:34,378 20596 [INFO ] - VERBOSE: Exporting alias 'refreshenv'.
2026-05-04 13:27:34,378 20596 [INFO ] - VERBOSE: Importing cmdlet 'Get-EnvironmentVariable'.
2026-05-04 13:27:34,378 20596 [INFO ] - VERBOSE: Importing cmdlet 'Get-EnvironmentVariableNames'.
2026-05-04 13:27:34,378 20596 [INFO ] - VERBOSE: Importing cmdlet 'Install-ChocolateyPath'.
2026-05-04 13:27:34,378 20596 [INFO ] - VERBOSE: Importing cmdlet 'Set-EnvironmentVariable'.
2026-05-04 13:27:34,378 20596 [INFO ] - VERBOSE: Importing cmdlet 'Test-ProcessAdminRights'.
2026-05-04 13:27:34,378 20596 [INFO ] - VERBOSE: Importing cmdlet 'Uninstall-ChocolateyPath'.
2026-05-04 13:27:34,378 20596 [INFO ] - VERBOSE: Importing cmdlet 'Update-SessionEnvironment'.
2026-05-04 13:27:34,378 20596 [INFO ] - VERBOSE: Importing function 'Add-VisualStudioComponent'.
2026-05-04 13:27:34,380 20596 [INFO ] - VERBOSE: Importing function 'Add-VisualStudioWorkload'.
2026-05-04 13:27:34,380 20596 [INFO ] - VERBOSE: Importing function 'Format-FileSize'.
2026-05-04 13:27:34,380 20596 [INFO ] - VERBOSE: Importing function 'Get-AppInstallLocation'.
2026-05-04 13:27:34,380 20596 [INFO ] - VERBOSE: Importing function 'Get-AvailableDriveLetter'.
2026-05-04 13:27:34,380 20596 [INFO ] - VERBOSE: Importing function 'Get-ChecksumValid'.
2026-05-04 13:27:34,380 20596 [INFO ] - VERBOSE: Importing function 'Get-ChocolateyConfigValue'.
2026-05-04 13:27:34,380 20596 [INFO ] - VERBOSE: Importing function 'Get-ChocolateyPath'.
2026-05-04 13:27:34,380 20596 [INFO ] - VERBOSE: Importing function 'Get-ChocolateyUnzip'.
2026-05-04 13:27:34,382 20596 [INFO ] - VERBOSE: Importing function 'Get-ChocolateyWebFile'.
2026-05-04 13:27:34,382 20596 [INFO ] - VERBOSE: Importing function 'Get-EffectiveProxy'.
2026-05-04 13:27:34,382 20596 [INFO ] - VERBOSE: Importing function 'Get-FtpFile'.
2026-05-04 13:27:34,382 20596 [INFO ] - VERBOSE: Importing function 'Get-OSArchitectureWidth'.
2026-05-04 13:27:34,382 20596 [INFO ] - VERBOSE: Importing function 'Get-PackageCacheLocation'.
2026-05-04 13:27:34,382 20596 [INFO ] - VERBOSE: Importing function 'Get-PackageParameters'.
2026-05-04 13:27:34,382 20596 [INFO ] - VERBOSE: Importing function 'Get-PackageParametersBuiltIn'.
2026-05-04 13:27:34,382 20596 [INFO ] - VERBOSE: Importing function 'Get-ToolsLocation'.
2026-05-04 13:27:34,382 20596 [INFO ] - VERBOSE: Importing function 'Get-UACEnabled'.
2026-05-04 13:27:34,384 20596 [INFO ] - VERBOSE: Importing function 'Get-UninstallRegistryKey'.
2026-05-04 13:27:34,384 20596 [INFO ] - VERBOSE: Importing function 'Get-VirusCheckValid'.
2026-05-04 13:27:34,384 20596 [INFO ] - VERBOSE: Importing function 'Get-VisualStudioInstaller'.
2026-05-04 13:27:34,384 20596 [INFO ] - VERBOSE: Importing function 'Get-VisualStudioInstallerHealth'.
2026-05-04 13:27:34,384 20596 [INFO ] - VERBOSE: Importing function 'Get-VisualStudioInstance'.
2026-05-04 13:27:34,384 20596 [INFO ] - VERBOSE: Importing function 'Get-VisualStudioVsixInstaller'.
2026-05-04 13:27:34,384 20596 [INFO ] - VERBOSE: Importing function 'Get-WebContent'.
2026-05-04 13:27:34,384 20596 [INFO ] - VERBOSE: Importing function 'Get-WebFile'.
2026-05-04 13:27:34,384 20596 [INFO ] - VERBOSE: Importing function 'Get-WebFileName'.
2026-05-04 13:27:34,384 20596 [INFO ] - VERBOSE: Importing function 'Get-WebHeaders'.
2026-05-04 13:27:34,386 20596 [INFO ] - VERBOSE: Importing function 'Install-BinFile'.
2026-05-04 13:27:34,386 20596 [INFO ] - VERBOSE: Importing function 'Install-ChocolateyDesktopLink'.
2026-05-04 13:27:34,386 20596 [INFO ] - VERBOSE: Importing function 'Install-ChocolateyEnvironmentVariable'.
2026-05-04 13:27:34,386 20596 [INFO ] - VERBOSE: Importing function 'Install-ChocolateyExplorerMenuItem'.
2026-05-04 13:27:34,386 20596 [INFO ] - VERBOSE: Importing function 'Install-ChocolateyFileAssociation'.
2026-05-04 13:27:34,386 20596 [INFO ] - VERBOSE: Importing function 'Install-ChocolateyInstallPackage'.
2026-05-04 13:27:34,386 20596 [INFO ] - VERBOSE: Importing function 'Install-ChocolateyPackage'.
2026-05-04 13:27:34,386 20596 [INFO ] - VERBOSE: Importing function 'Install-ChocolateyPinnedTaskBarItem'.
2026-05-04 13:27:34,387 20596 [INFO ] - VERBOSE: Importing function 'Install-ChocolateyPowershellCommand'.
2026-05-04 13:27:34,387 20596 [INFO ] - VERBOSE: Importing function 'Install-ChocolateyShortcut'.
2026-05-04 13:27:34,387 20596 [INFO ] - VERBOSE: Importing function 'Install-ChocolateyVsixPackage'.
2026-05-04 13:27:34,387 20596 [INFO ] - VERBOSE: Importing function 'Install-ChocolateyZipPackage'.
2026-05-04 13:27:34,387 20596 [INFO ] - VERBOSE: Importing function 'Install-DotNetDevPack'.
2026-05-04 13:27:34,387 20596 [INFO ] - VERBOSE: Importing function 'Install-DotNetFramework'.
2026-05-04 13:27:34,387 20596 [INFO ] - VERBOSE: Importing function 'Install-VisualStudio'.
2026-05-04 13:27:34,387 20596 [INFO ] - VERBOSE: Importing function 'Install-VisualStudioInstaller'.
2026-05-04 13:27:34,387 20596 [INFO ] - VERBOSE: Importing function 'Install-VisualStudioVsixExtension'.
2026-05-04 13:27:34,389 20596 [INFO ] - VERBOSE: Importing function 'Install-Vsix'.
2026-05-04 13:27:34,389 20596 [INFO ] - VERBOSE: Importing function 'Install-WindowsUpdate'.
2026-05-04 13:27:34,389 20596 [INFO ] - VERBOSE: Importing function 'Register-Application'.
2026-05-04 13:27:34,389 20596 [INFO ] - VERBOSE: Importing function 'Remove-Process'.
2026-05-04 13:27:34,389 20596 [INFO ] - VERBOSE: Importing function 'Remove-VisualStudioComponent'.
2026-05-04 13:27:34,389 20596 [INFO ] - VERBOSE: Importing function 'Remove-VisualStudioProduct'.
2026-05-04 13:27:34,389 20596 [INFO ] - VERBOSE: Importing function 'Remove-VisualStudioWorkload'.
2026-05-04 13:27:34,389 20596 [INFO ] - VERBOSE: Importing function 'Set-PowerShellExitCode'.
2026-05-04 13:27:34,389 20596 [INFO ] - VERBOSE: Importing function 'Start-ChocolateyProcessAsAdmin'.
2026-05-04 13:27:34,391 20596 [INFO ] - VERBOSE: Importing function 'Test-WindowsUpdate'.
2026-05-04 13:27:34,391 20596 [INFO ] - VERBOSE: Importing function 'Uninstall-BinFile'.
2026-05-04 13:27:34,391 20596 [INFO ] - VERBOSE: Importing function 'Uninstall-ChocolateyEnvironmentVariable'.
2026-05-04 13:27:34,391 20596 [INFO ] - VERBOSE: Importing function 'Uninstall-ChocolateyPackage'.
2026-05-04 13:27:34,391 20596 [INFO ] - VERBOSE: Importing function 'Uninstall-ChocolateyZipPackage'.
2026-05-04 13:27:34,391 20596 [INFO ] - VERBOSE: Importing function 'Uninstall-VisualStudio'.
2026-05-04 13:27:34,391 20596 [INFO ] - VERBOSE: Importing function 'Uninstall-VisualStudioVsixExtension'.
2026-05-04 13:27:34,391 20596 [INFO ] - VERBOSE: Importing function 'Write-ChocolateyFailure'.
2026-05-04 13:27:34,391 20596 [INFO ] - VERBOSE: Importing function 'Write-ChocolateySuccess'.
2026-05-04 13:27:34,393 20596 [INFO ] - VERBOSE: Importing function 'Write-FileUpdateLog'.
2026-05-04 13:27:34,393 20596 [INFO ] - VERBOSE: Importing function 'Write-FunctionCallLogMessage'.
2026-05-04 13:27:34,393 20596 [INFO ] - VERBOSE: Importing alias 'Add-BinFile'.
2026-05-04 13:27:34,393 20596 [INFO ] - VERBOSE: Importing alias 'Generate-BinFile'.
2026-05-04 13:27:34,393 20596 [INFO ] - VERBOSE: Importing alias 'Get-InstallRegistryKey'.
2026-05-04 13:27:34,393 20596 [INFO ] - VERBOSE: Importing alias 'Get-OSBitness'.
2026-05-04 13:27:34,393 20596 [INFO ] - VERBOSE: Importing alias 'Get-ProcessorBits'.
2026-05-04 13:27:34,393 20596 [INFO ] - VERBOSE: Importing alias 'Invoke-ChocolateyProcess'.
2026-05-04 13:27:34,393 20596 [INFO ] - VERBOSE: Importing alias 'refreshenv'.
2026-05-04 13:27:34,395 20596 [INFO ] - VERBOSE: Importing alias 'Remove-BinFile'.
2026-05-04 13:27:34,395 20596 [INFO ] - VERBOSE: Importing alias 'Start-ChocolateyProcess'.
2026-05-04 13:27:34,476 20596 [INFO ] - Installing 64-bit python314...
2026-05-04 13:28:57,884 20596 [INFO ] - python314 has been installed.
2026-05-04 13:28:58,249 20596 [INFO ] - Added C:\ProgramData\chocolatey\bin\python3.14.exe shim pointed to 'c:\python314\python.exe'.
2026-05-04 13:28:58,265 20596 [INFO ] - VERBOSE: Refreshing environment variables from the registry.
2026-05-04 13:28:58,281 20596 [INFO ] - Python installed to: 'C:\Python314'
2026-05-04 13:28:58,297 20596 [INFO ] - Restricting write permissions to Administrators
2026-05-04 13:29:03,663 20596 [INFO ] -   python314 can be automatically uninstalled.
2026-05-04 13:29:03,663 20596 [WARN ] - Environment Vars (like PATH) have changed. Close/reopen your shell to
 see the changes (or in powershell/cmd.exe just type `refreshenv`).
2026-05-04 13:29:03,853 20596 [INFO ] -  The upgrade of python314 was successful.
2026-05-04 13:29:03,853 20596 [INFO ] -   Software installed as 'exe', install location is likely default.
2026-05-04 13:29:03,853 20596 [INFO ] - [NuGet]   CACHE https://community.chocolatey.org/api/v2/Packages(Id='python3',Version='3.14.4')
2026-05-04 13:29:07,394 20596 [INFO ] - Downloading package from source 'https://community.chocolatey.org/api/v2/'
2026-05-04 13:29:07,394 20596 [INFO ] - [NuGet]   GET https://community.chocolatey.org/api/v2/package/python3/3.14.4
2026-05-04 13:29:07,650 20596 [INFO ] - [NuGet]   OK https://community.chocolatey.org/api/v2/package/python3/3.14.4 254ms
2026-05-04 13:29:07,650 20596 [INFO ] - [NuGet] Acquiring lock for the installation of python3 3.14.4
2026-05-04 13:29:08,093 20596 [INFO ] - [NuGet] Acquired lock for the installation of python3 3.14.4
2026-05-04 13:29:08,093 20596 [INFO ] - [NuGet] Installed python3 3.14.4 from https://community.chocolatey.org/api/v2/ with content hash PShlu+UEFzn/4iHbnZ7G9dDZOTgUw79HvuDRzqxGq4Plp1gDDxxSxrhH05vksMwxDxWEm+YqO+8KbCtCdz2kUQ==.
2026-05-04 13:29:08,103 20596 [INFO ] - [NuGet] Adding package 'python3.3.14.4 : python314 [3.14.4, 3.14.4]' to folder 'C:\ProgramData\chocolatey\lib'
2026-05-04 13:29:08,105 20596 [INFO ] - [NuGet] Added package 'python3.3.14.4 : python314 [3.14.4, 3.14.4]' to folder 'C:\ProgramData\chocolatey\lib'
2026-05-04 13:29:08,108 20596 [INFO ] - 
python3 v3.14.4 [Approved]
2026-05-04 13:29:08,108 20596 [INFO ] - python3 package files upgrade completed. Performing other installation steps.
2026-05-04 13:29:08,162 20596 [INFO ] -  The upgrade of python3 was successful.
2026-05-04 13:29:08,162 20596 [INFO ] -   Deployed to 'C:\ProgramData\chocolatey\lib\python3'
2026-05-04 13:29:11,693 20596 [INFO ] - Downloading package from source 'https://community.chocolatey.org/api/v2/'
2026-05-04 13:29:11,693 20596 [INFO ] - [NuGet]   GET https://community.chocolatey.org/api/v2/package/python/3.14.4
2026-05-04 13:29:11,901 20596 [INFO ] - [NuGet]   OK https://community.chocolatey.org/api/v2/package/python/3.14.4 206ms
2026-05-04 13:29:11,901 20596 [INFO ] - [NuGet] Acquiring lock for the installation of python 3.14.4
2026-05-04 13:29:11,901 20596 [INFO ] - [NuGet] Acquired lock for the installation of python 3.14.4
2026-05-04 13:29:11,918 20596 [INFO ] - [NuGet] Installed python 3.14.4 from https://community.chocolatey.org/api/v2/ with content hash LzUrtOh6T7Y7NXLJwtFu6WDnhl35CoX1aGqlBvueS5FTzhQp+SynfoEY6MIn21ohwNUn9SszHKXzwbotrGajAg==.
2026-05-04 13:29:11,918 20596 [INFO ] - [NuGet] Adding package 'python.3.14.4 : python3 [3.14.4, 3.14.4]' to folder 'C:\ProgramData\chocolatey\lib'
2026-05-04 13:29:11,918 20596 [INFO ] - [NuGet] Added package 'python.3.14.4 : python3 [3.14.4, 3.14.4]' to folder 'C:\ProgramData\chocolatey\lib'
2026-05-04 13:29:11,918 20596 [INFO ] - 
python v3.14.4 [Approved]
2026-05-04 13:29:11,918 20596 [INFO ] - python package files upgrade completed. Performing other installation steps.
2026-05-04 13:29:11,980 20596 [INFO ] -  The upgrade of python was successful.
2026-05-04 13:29:11,980 20596 [INFO ] -   Deployed to 'C:\ProgramData\chocolatey\lib\python'
2026-05-04 13:29:12,012 20596 [INFO ] - [NuGet]   GET https://community.chocolatey.org/api/v2/Packages()?$filter=(tolower(Id) eq 'visualstudio2026-workload-vctools') and IsLatestVersion&semVerLevel=2.0.0
2026-05-04 13:29:12,061 20596 [INFO ] - [NuGet]   OK https://community.chocolatey.org/api/v2/Packages()?$filter=(tolower(Id) eq 'visualstudio2026-workload-vctools') and IsLatestVersion&semVerLevel=2.0.0 45ms
2026-05-04 13:29:12,061 20596 [INFO ] - visualstudio2026-workload-vctools v1.0.0 is the latest version available based on your source(s).
2026-05-04 13:29:12,075 20596 [WARN ] - 
Chocolatey upgraded 3/4 packages. 
 See the log for details (C:\ProgramData\chocolatey\logs\chocolatey.log).
2026-05-07 22:17:58,616 5244 [INFO ] - ============================================================
2026-05-07 22:17:58,921 5244 [INFO ] - Chocolatey v2.7.1
2026-05-07 22:17:59,018 5244 [INFO ] - 3 validations performed. 3 success(es), 0 warning(s), and 0 error(s).
2026-05-07 22:17:59,036 5244 [INFO ] - Installing the following packages:
2026-05-07 22:17:59,037 5244 [INFO ] - llama-cpp
2026-05-07 22:17:59,038 5244 [INFO ] - By installing, you accept licenses for the packages.
2026-05-07 22:17:59,785 5244 [INFO ] - [NuGet]   GET https://community.chocolatey.org/api/v2/$metadata
2026-05-07 22:17:59,829 5244 [INFO ] - [NuGet]   OK https://community.chocolatey.org/api/v2/$metadata 43ms
2026-05-07 22:17:59,855 5244 [INFO ] - [NuGet]   GET https://community.chocolatey.org/api/v2/Packages()?$filter=(tolower(Id) eq 'llama-cpp') and IsLatestVersion&semVerLevel=2.0.0
2026-05-07 22:18:00,342 5244 [INFO ] - [NuGet]   OK https://community.chocolatey.org/api/v2/Packages()?$filter=(tolower(Id) eq 'llama-cpp') and IsLatestVersion&semVerLevel=2.0.0 486ms
2026-05-07 22:18:00,346 5244 [ERROR] - llama-cpp not installed. The package was not found with the source(s) listed.
 Source(s): 'https://community.chocolatey.org/api/v2/'
 NOTE: When you specify explicit sources, it overrides default sources.
If the package version is a prerelease and you didn't specify `--pre`,
 the package may not be found.
Please see https://docs.chocolatey.org/en-us/troubleshooting for more
 assistance.
2026-05-07 22:18:00,353 5244 [WARN ] - 
Chocolatey installed 0/1 packages. 1 packages failed.
 See the log for details (C:\ProgramData\chocolatey\logs\chocolatey.log).
2026-05-07 22:18:00,353 5244 [INFO ] - 
2026-05-07 22:18:00,354 5244 [ERROR] - Failures
2026-05-07 22:18:00,355 5244 [ERROR] -  - llama-cpp - llama-cpp not installed. The package was not found with the source(s) listed.
 Source(s): 'https://community.chocolatey.org/api/v2/'
 NOTE: When you specify explicit sources, it overrides default sources.
If the package version is a prerelease and you didn't specify `--pre`,
 the package may not be found.
Please see https://docs.chocolatey.org/en-us/troubleshooting for more
 assistance.
2026-06-27 03:56:42,382 15008 [INFO ] - ============================================================
2026-06-27 03:56:42,531 15008 [INFO ] - Chocolatey v2.7.1
2026-06-27 03:56:42,641 15008 [ERROR] - Invalid argument --local-only. This argument has been removed from the list command and cannot be used.
2026-06-27 03:56:42,641 15008 [ERROR] - More Details: System.ApplicationException: Invalid argument --local-only. This argument has been removed from the list command and cannot be used.
   at chocolatey.infrastructure.app.commands.ChocolateyListCommand.ParseAdditionalArguments(IList`1 unparsedArguments, ChocolateyConfiguration configuration)
   at chocolatey.infrastructure.app.runners.ConsoleApplication.<>c__DisplayClass0_1.<Run>b__5(IList`1 unparsedArgs)
   at chocolatey.infrastructure.app.configuration.ConfigurationOptions.ParseArgumentsAndUpdateConfiguration(ICollection`1 args, ChocolateyConfiguration configuration, Action`1 setOptions, Action`1 afterParse, Action validateConfiguration, Action helpMessage)
   at chocolatey.infrastructure.app.runners.ConsoleApplication.<>c__DisplayClass0_0.<Run>b__3(ICommand command)
   at chocolatey.infrastructure.app.runners.GenericRunner.FindCommand(ChocolateyConfiguration config, Container container, Boolean isConsole, Action`1 parseArgs)
   at chocolatey.infrastructure.app.runners.GenericRunner.Run(ChocolateyConfiguration config, Container container, Boolean isConsole, Action`1 parseArgs)
   at chocolatey.infrastructure.app.runners.ConsoleApplication.Run(String[] args, ChocolateyConfiguration config, Container container)
   at chocolatey.console.Program.Main(String[] args)
2026-06-27 03:56:54,615 5496 [INFO ] - ============================================================
2026-06-27 03:56:54,703 5496 [INFO ] - Chocolatey v2.7.1
2026-06-27 03:56:54,783 5496 [ERROR] - Invalid argument --local-only. This argument has been removed from the list command and cannot be used.
2026-06-27 03:56:54,784 5496 [ERROR] - More Details: System.ApplicationException: Invalid argument --local-only. This argument has been removed from the list command and cannot be used.
   at chocolatey.infrastructure.app.commands.ChocolateyListCommand.ParseAdditionalArguments(IList`1 unparsedArguments, ChocolateyConfiguration configuration)
   at chocolatey.infrastructure.app.runners.ConsoleApplication.<>c__DisplayClass0_1.<Run>b__5(IList`1 unparsedArgs)
   at chocolatey.infrastructure.app.configuration.ConfigurationOptions.ParseArgumentsAndUpdateConfiguration(ICollection`1 args, ChocolateyConfiguration configuration, Action`1 setOptions, Action`1 afterParse, Action validateConfiguration, Action helpMessage)
   at chocolatey.infrastructure.app.runners.ConsoleApplication.<>c__DisplayClass0_0.<Run>b__3(ICommand command)
   at chocolatey.infrastructure.app.runners.GenericRunner.FindCommand(ChocolateyConfiguration config, Container container, Boolean isConsole, Action`1 parseArgs)
   at chocolatey.infrastructure.app.runners.GenericRunner.Run(ChocolateyConfiguration config, Container container, Boolean isConsole, Action`1 parseArgs)
   at chocolatey.infrastructure.app.runners.ConsoleApplication.Run(String[] args, ChocolateyConfiguration config, Container container)
   at chocolatey.console.Program.Main(String[] args)
2026-06-27 03:57:00,697 19752 [INFO ] - ============================================================
2026-06-27 03:57:00,782 19752 [INFO ] - Chocolatey v2.7.1
2026-06-27 03:57:00,876 19752 [INFO ] - 3 validations performed. 3 success(es), 0 warning(s), and 0 error(s).
2026-06-27 03:57:01,498 19752 [INFO ] - [NuGet]   GET https://community.chocolatey.org/api/v2/Search()?$filter=IsLatestVersion&$orderby=Id&searchTerm='ripgrep'&targetFramework=''&includePrerelease=false&$skip=0&$top=30&semVerLevel=2.0.0
2026-06-27 03:57:01,545 19752 [INFO ] - [NuGet]   OK https://community.chocolatey.org/api/v2/Search()?$filter=IsLatestVersion&$orderby=Id&searchTerm='ripgrep'&targetFramework=''&includePrerelease=false&$skip=0&$top=30&semVerLevel=2.0.0 45ms
2026-06-27 03:57:01,572 19752 [INFO ] - [NuGet]   GET http://community.chocolatey.org/api/v2/Search?searchTerm='ripgrep'&targetFramework=''&includePrerelease=false&$filter=IsLatestVersion&$orderby=Id&$top=30&$skiptoken='vscode-todo-tree'
2026-06-27 03:57:01,683 19752 [INFO ] - [NuGet]   OK http://community.chocolatey.org/api/v2/Search?searchTerm='ripgrep'&targetFramework=''&includePrerelease=false&$filter=IsLatestVersion&$orderby=Id&$top=30&$skiptoken='vscode-todo-tree' 123ms
2026-06-27 03:57:01,723 19752 [INFO ] - recur 0.2.5 [Approved] Downloads cached for licensed users
2026-06-27 03:57:01,723 19752 [INFO ] - ripgrep 14.1.0 [Approved]
2026-06-27 03:57:01,723 19752 [INFO ] - ripgrep-all 0.10.9 [Approved] Downloads cached for licensed users
2026-06-27 03:57:01,723 19752 [INFO ] - ugrep 7.8.2 [Approved]
2026-06-27 03:57:01,723 19752 [INFO ] - vscode-todo-tree 0.0.226 [Approved]
2026-06-27 03:57:01,723 19752 [WARN ] - 5 packages found.
2026-06-27 03:57:07,347 3732 [INFO ] - ============================================================
2026-06-27 03:57:07,422 3732 [INFO ] - Chocolatey v2.7.1
2026-06-27 03:57:07,525 3732 [INFO ] - 3 validations performed. 3 success(es), 0 warning(s), and 0 error(s).
2026-06-27 03:57:07,526 3732 [WARN ] - Chocolatey detected you are not running from an elevated command shell
 (cmd/powershell).
2026-06-27 03:57:07,526 3732 [WARN ] - 
 You may experience errors - many functions/packages
 require admin rights. Only advanced users should run choco w/out an
 elevated shell. When you open the command shell, you should ensure
 that you do so with "Run as Administrator" selected. If you are
 attempting to use Chocolatey in a non-administrator setting, you
 must select a different location other than the default install
 location. See
 https://docs.chocolatey.org/en-us/choco/setup#non-administrative-install
 for details.

2026-06-27 03:57:07,538 3732 [INFO ] - For the question below, you have 20 seconds to make a selection.
2026-06-27 03:57:07,538 3732 [INFO ] - 
 Do you want to continue?
2026-06-27 03:57:07,539 3732 [INFO ] -  1) yes
2026-06-27 03:57:07,539 3732 [INFO ] -  2) no
2026-06-27 03:57:27,543 3732 [ERROR] - Timeout or your choice of '' is not a valid selection.
2026-06-27 03:57:27,566 3732 [INFO ] - Installing the following packages:
2026-06-27 03:57:27,566 3732 [INFO ] - ripgrep
2026-06-27 03:57:27,567 3732 [INFO ] - By installing, you accept licenses for the packages.
2026-06-27 03:57:28,178 3732 [INFO ] - [NuGet]   CACHE https://community.chocolatey.org/api/v2/$metadata
2026-06-27 03:57:28,183 3732 [INFO ] - [NuGet]   GET https://community.chocolatey.org/api/v2/Packages()?$filter=(tolower(Id) eq 'ripgrep') and IsLatestVersion&semVerLevel=2.0.0
2026-06-27 03:57:28,239 3732 [INFO ] - [NuGet]   OK https://community.chocolatey.org/api/v2/Packages()?$filter=(tolower(Id) eq 'ripgrep') and IsLatestVersion&semVerLevel=2.0.0 42ms
2026-06-27 03:57:28,283 3732 [INFO ] - [NuGet]   GET https://community.chocolatey.org/api/v2/Packages(Id='ripgrep',Version='14.1.0')
2026-06-27 03:57:28,583 3732 [INFO ] - [NuGet]   OK https://community.chocolatey.org/api/v2/Packages(Id='ripgrep',Version='14.1.0') 306ms
2026-06-27 03:57:28,683 3732 [INFO ] - [NuGet] Resolving dependency information took 0 ms
2026-06-27 03:57:28,703 3732 [INFO ] - Downloading package from source 'https://community.chocolatey.org/api/v2/'
2026-06-27 03:57:28,720 3732 [INFO ] - [NuGet]   GET https://community.chocolatey.org/api/v2/package/ripgrep/14.1.0
2026-06-27 03:57:29,351 3732 [INFO ] - [NuGet]   OK https://community.chocolatey.org/api/v2/package/ripgrep/14.1.0 630ms
2026-06-27 03:57:29,360 3732 [INFO ] - [NuGet] Acquiring lock for the installation of ripgrep 14.1.0
2026-06-27 03:57:29,363 3732 [INFO ] - [NuGet] Acquired lock for the installation of ripgrep 14.1.0
2026-06-27 03:57:30,523 3732 [INFO ] - [NuGet] Installed ripgrep 14.1.0 from https://community.chocolatey.org/api/v2/ with content hash InArUQ733Q6L3ezbVwzHcMUfXfTs5V3/Ft+FezP2/jlcUMRVLlAX9G/NfX8c1miAWRi75oNF85KLDNQAPTMTTg==.
2026-06-27 03:58:25,358 3732 [ERROR] - ripgrep not installed. An error occurred during installation:
 Unable to obtain lock file access on 'C:\ProgramData\chocolatey\lib\3f6fa5474c150a3d1fe93537c2c4c0017888e3e6' for operations on 'C:\ProgramData\chocolatey\lib\ripgrep'. This may mean that a different user or administrator is holding this lock and that this process does not have permission to access it. If no other process is currently performing an operation on this file it may mean that an earlier NuGet process crashed and left an inaccessible lock file, in this case removing the file 'C:\ProgramData\chocolatey\lib\3f6fa5474c150a3d1fe93537c2c4c0017888e3e6' will allow NuGet to continue.
2026-06-27 03:58:25,362 3732 [INFO ] - ripgrep package files install failed with exit code 1. Performing other installation steps.
2026-06-27 03:58:25,376 3732 [ERROR] - The install of ripgrep was NOT successful.
2026-06-27 03:58:25,377 3732 [ERROR] - ripgrep not installed. An error occurred during installation:
 Unable to obtain lock file access on 'C:\ProgramData\chocolatey\lib\3f6fa5474c150a3d1fe93537c2c4c0017888e3e6' for operations on 'C:\ProgramData\chocolatey\lib\ripgrep'. This may mean that a different user or administrator is holding this lock and that this process does not have permission to access it. If no other process is currently performing an operation on this file it may mean that an earlier NuGet process crashed and left an inaccessible lock file, in this case removing the file 'C:\ProgramData\chocolatey\lib\3f6fa5474c150a3d1fe93537c2c4c0017888e3e6' will allow NuGet to continue.
2026-06-27 03:58:25,379 3732 [WARN ] - This is try 1/3. Retrying after 300 milliseconds.
 Error converted to warning:
 Access to the path 'C:\ProgramData\chocolatey\lib-bad' is denied.
2026-06-27 03:58:25,696 3732 [WARN ] - This is try 2/3. Retrying after 400 milliseconds.
 Error converted to warning:
 Access to the path 'C:\ProgramData\chocolatey\lib-bad' is denied.
2026-06-27 03:58:26,104 3732 [ERROR] - Maximum tries of 3 reached. Throwing error.
2026-06-27 03:58:26,104 3732 [ERROR] - Cannot create directory "C:\ProgramData\chocolatey\lib-bad". Error was:
System.UnauthorizedAccessException: Access to the path 'C:\ProgramData\chocolatey\lib-bad' is denied.
   at System.IO.__Error.WinIOError(Int32 errorCode, String maybeFullPath)
   at System.IO.Directory.InternalCreateDirectory(String fullPath, String path, Object dirSecurityObj, Boolean checkHost)
   at System.IO.Directory.InternalCreateDirectoryHelper(String path, Boolean checkHost)
   at chocolatey.infrastructure.filesystem.DotNetFileSystem.<>c__DisplayClass63_0.<CreateDirectory>b__1()
   at chocolatey.infrastructure.tolerance.FaultTolerance.<>c__DisplayClass1_0.<Retry>b__0()
   at chocolatey.infrastructure.tolerance.FaultTolerance.Retry[T](Int32 numberOfTries, Func`1 function, Int32 waitDurationMilliseconds, Int32 increaseRetryByMilliseconds, Boolean isSilent)
   at chocolatey.infrastructure.tolerance.FaultTolerance.Retry(Int32 numberOfTries, Action action, Int32 waitDurationMilliseconds, Int32 increaseRetryByMilliseconds, Boolean isSilent)
   at chocolatey.infrastructure.filesystem.DotNetFileSystem.CreateDirectory(String directoryPath, Boolean isSilent)
   at chocolatey.infrastructure.filesystem.DotNetFileSystem.EnsureDirectoryExists(String directoryPath, Boolean ignoreError, Boolean isSilent)
2026-06-27 03:58:26,112 3732 [WARN ] - 
Chocolatey installed 0/0 packages. 
 See the log for details (C:\ProgramData\chocolatey\logs\chocolatey.log).
2026-06-27 03:58:26,115 3732 [ERROR] - Access to the path 'C:\ProgramData\chocolatey\lib-bad' is denied.
2026-06-27 03:58:26,116 3732 [ERROR] - More Details: System.UnauthorizedAccessException: Access to the path 'C:\ProgramData\chocolatey\lib-bad' is denied.
   at System.IO.__Error.WinIOError(Int32 errorCode, String maybeFullPath)
   at System.IO.Directory.InternalCreateDirectory(String fullPath, String path, Object dirSecurityObj, Boolean checkHost)
   at System.IO.Directory.InternalCreateDirectoryHelper(String path, Boolean checkHost)
   at chocolatey.infrastructure.filesystem.DotNetFileSystem.<>c__DisplayClass63_0.<CreateDirectory>b__1()
   at chocolatey.infrastructure.tolerance.FaultTolerance.<>c__DisplayClass1_0.<Retry>b__0()
   at chocolatey.infrastructure.tolerance.FaultTolerance.Retry[T](Int32 numberOfTries, Func`1 function, Int32 waitDurationMilliseconds, Int32 increaseRetryByMilliseconds, Boolean isSilent)
   at chocolatey.infrastructure.tolerance.FaultTolerance.Retry(Int32 numberOfTries, Action action, Int32 waitDurationMilliseconds, Int32 increaseRetryByMilliseconds, Boolean isSilent)
   at chocolatey.infrastructure.filesystem.DotNetFileSystem.CreateDirectory(String directoryPath, Boolean isSilent)
   at chocolatey.infrastructure.filesystem.DotNetFileSystem.EnsureDirectoryExists(String directoryPath, Boolean ignoreError, Boolean isSilent)
   at chocolatey.infrastructure.app.services.ChocolateyPackageService.MovePackageToFailedPackagesLocation(PackageResult packageResult)
   at chocolatey.infrastructure.app.services.ChocolateyPackageService.HandleFailedOperation(ChocolateyConfiguration config, PackageResult packageResult, Boolean movePackageToFailureLocation, Boolean attemptRollback)
   at chocolatey.infrastructure.app.services.ChocolateyPackageService.HandlePackageResult(PackageResult packageResult, ChocolateyConfiguration config, CommandNameType commandName)
   at chocolatey.infrastructure.app.services.NugetService.Install(ChocolateyConfiguration config, Action`2 continueAction, Action`2 beforeModifyAction)
   at chocolatey.infrastructure.app.services.ChocolateyPackageService.Install(ChocolateyConfiguration config)
   at chocolatey.infrastructure.app.runners.GenericRunner.Run(ChocolateyConfiguration config, Container container, Boolean isConsole, Action`1 parseArgs)
   at chocolatey.infrastructure.app.runners.ConsoleApplication.Run(String[] args, ChocolateyConfiguration config, Container container)
   at chocolatey.console.Program.Main(String[] args)
2026-06-27 03:58:27,956 7648 [ERROR] - Timeout or your choice of '' is not a valid selection.
2026-06-27 03:58:27,976 7648 [INFO ] - Installing the following packages:
2026-06-27 03:58:27,976 7648 [INFO ] - ripgrep
2026-06-27 03:58:27,981 7648 [INFO ] - By installing, you accept licenses for the packages.
2026-06-27 03:58:28,526 7648 [INFO ] - [NuGet]   CACHE https://community.chocolatey.org/api/v2/$metadata
2026-06-27 03:58:28,541 7648 [INFO ] - [NuGet]   CACHE https://community.chocolatey.org/api/v2/Packages()?$filter=(tolower(Id)%20eq%20'ripgrep')%20and%20IsLatestVersion&semVerLevel=2.0.0
2026-06-27 03:58:28,563 7648 [INFO ] - [NuGet]   CACHE https://community.chocolatey.org/api/v2/Packages(Id='ripgrep',Version='14.1.0')
2026-06-27 03:58:28,630 7648 [INFO ] - [NuGet] Resolving dependency information took 0 ms
2026-06-27 03:58:28,660 7648 [INFO ] - Downloading package from source 'https://community.chocolatey.org/api/v2/'
2026-06-27 03:59:19,927 7648 [ERROR] - ripgrep not installed. An error occurred during installation:
 Unable to obtain lock file access on 'C:\ProgramData\chocolatey\lib\3f6fa5474c150a3d1fe93537c2c4c0017888e3e6' for operations on 'C:\ProgramData\chocolatey\lib\ripgrep'. This may mean that a different user or administrator is holding this lock and that this process does not have permission to access it. If no other process is currently performing an operation on this file it may mean that an earlier NuGet process crashed and left an inaccessible lock file, in this case removing the file 'C:\ProgramData\chocolatey\lib\3f6fa5474c150a3d1fe93537c2c4c0017888e3e6' will allow NuGet to continue.
2026-06-27 03:59:19,931 7648 [INFO ] - ripgrep package files install failed with exit code 1. Performing other installation steps.
2026-06-27 03:59:19,941 7648 [ERROR] - The install of ripgrep was NOT successful.
2026-06-27 03:59:19,942 7648 [ERROR] - ripgrep not installed. An error occurred during installation:
 Unable to obtain lock file access on 'C:\ProgramData\chocolatey\lib\3f6fa5474c150a3d1fe93537c2c4c0017888e3e6' for operations on 'C:\ProgramData\chocolatey\lib\ripgrep'. This may mean that a different user or administrator is holding this lock and that this process does not have permission to access it. If no other process is currently performing an operation on this file it may mean that an earlier NuGet process crashed and left an inaccessible lock file, in this case removing the file 'C:\ProgramData\chocolatey\lib\3f6fa5474c150a3d1fe93537c2c4c0017888e3e6' will allow NuGet to continue.
2026-06-27 03:59:19,944 7648 [WARN ] - This is try 1/3. Retrying after 300 milliseconds.
 Error converted to warning:
 Access to the path 'C:\ProgramData\chocolatey\lib-bad' is denied.
2026-06-27 03:59:20,253 7648 [WARN ] - This is try 2/3. Retrying after 400 milliseconds.
 Error converted to warning:
 Access to the path 'C:\ProgramData\chocolatey\lib-bad' is denied.
2026-06-27 03:59:20,661 7648 [ERROR] - Maximum tries of 3 reached. Throwing error.
2026-06-27 03:59:20,661 7648 [ERROR] - Cannot create directory "C:\ProgramData\chocolatey\lib-bad". Error was:
System.UnauthorizedAccessException: Access to the path 'C:\ProgramData\chocolatey\lib-bad' is denied.
   at System.IO.__Error.WinIOError(Int32 errorCode, String maybeFullPath)
   at System.IO.Directory.InternalCreateDirectory(String fullPath, String path, Object dirSecurityObj, Boolean checkHost)
   at System.IO.Directory.InternalCreateDirectoryHelper(String path, Boolean checkHost)
   at chocolatey.infrastructure.filesystem.DotNetFileSystem.<>c__DisplayClass63_0.<CreateDirectory>b__1()
   at chocolatey.infrastructure.tolerance.FaultTolerance.<>c__DisplayClass1_0.<Retry>b__0()
   at chocolatey.infrastructure.tolerance.FaultTolerance.Retry[T](Int32 numberOfTries, Func`1 function, Int32 waitDurationMilliseconds, Int32 increaseRetryByMilliseconds, Boolean isSilent)
   at chocolatey.infrastructure.tolerance.FaultTolerance.Retry(Int32 numberOfTries, Action action, Int32 waitDurationMilliseconds, Int32 increaseRetryByMilliseconds, Boolean isSilent)
   at chocolatey.infrastructure.filesystem.DotNetFileSystem.CreateDirectory(String directoryPath, Boolean isSilent)
   at chocolatey.infrastructure.filesystem.DotNetFileSystem.EnsureDirectoryExists(String directoryPath, Boolean ignoreError, Boolean isSilent)
2026-06-27 03:59:20,661 7648 [WARN ] - 
Chocolatey installed 0/0 packages. 
 See the log for details (C:\ProgramData\chocolatey\logs\chocolatey.log).
2026-06-27 03:59:20,672 7648 [ERROR] - Access to the path 'C:\ProgramData\chocolatey\lib-bad' is denied.
2026-06-27 03:59:20,673 7648 [ERROR] - More Details: System.UnauthorizedAccessException: Access to the path 'C:\ProgramData\chocolatey\lib-bad' is denied.
   at System.IO.__Error.WinIOError(Int32 errorCode, String maybeFullPath)
   at System.IO.Directory.InternalCreateDirectory(String fullPath, String path, Object dirSecurityObj, Boolean checkHost)
   at System.IO.Directory.InternalCreateDirectoryHelper(String path, Boolean checkHost)
   at chocolatey.infrastructure.filesystem.DotNetFileSystem.<>c__DisplayClass63_0.<CreateDirectory>b__1()
   at chocolatey.infrastructure.tolerance.FaultTolerance.<>c__DisplayClass1_0.<Retry>b__0()
   at chocolatey.infrastructure.tolerance.FaultTolerance.Retry[T](Int32 numberOfTries, Func`1 function, Int32 waitDurationMilliseconds, Int32 increaseRetryByMilliseconds, Boolean isSilent)
   at chocolatey.infrastructure.tolerance.FaultTolerance.Retry(Int32 numberOfTries, Action action, Int32 waitDurationMilliseconds, Int32 increaseRetryByMilliseconds, Boolean isSilent)
   at chocolatey.infrastructure.filesystem.DotNetFileSystem.CreateDirectory(String directoryPath, Boolean isSilent)
   at chocolatey.infrastructure.filesystem.DotNetFileSystem.EnsureDirectoryExists(String directoryPath, Boolean ignoreError, Boolean isSilent)
   at chocolatey.infrastructure.app.services.ChocolateyPackageService.MovePackageToFailedPackagesLocation(PackageResult packageResult)
   at chocolatey.infrastructure.app.services.ChocolateyPackageService.HandleFailedOperation(ChocolateyConfiguration config, PackageResult packageResult, Boolean movePackageToFailureLocation, Boolean attemptRollback)
   at chocolatey.infrastructure.app.services.ChocolateyPackageService.HandlePackageResult(PackageResult packageResult, ChocolateyConfiguration config, CommandNameType commandName)
   at chocolatey.infrastructure.app.services.NugetService.Install(ChocolateyConfiguration config, Action`2 continueAction, Action`2 beforeModifyAction)
   at chocolatey.infrastructure.app.services.ChocolateyPackageService.Install(ChocolateyConfiguration config)
   at chocolatey.infrastructure.app.runners.GenericRunner.Run(ChocolateyConfiguration config, Container container, Boolean isConsole, Action`1 parseArgs)
   at chocolatey.infrastructure.app.runners.ConsoleApplication.Run(String[] args, ChocolateyConfiguration config, Container container)
   at chocolatey.console.Program.Main(String[] args)
2026-06-27 04:05:25,357 12416 [INFO ] - ============================================================
2026-06-27 04:05:25,437 12416 [INFO ] - Chocolatey v2.7.1
2026-06-27 04:05:25,534 12416 [INFO ] - 3 validations performed. 3 success(es), 0 warning(s), and 0 error(s).
2026-06-27 04:05:25,549 12416 [INFO ] - Installing the following packages:
2026-06-27 04:05:25,549 12416 [INFO ] - ripgrep
2026-06-27 04:05:25,549 12416 [INFO ] - By installing, you accept licenses for the packages.
2026-06-27 04:05:26,156 12416 [INFO ] - [NuGet]   GET https://community.chocolatey.org/api/v2/$metadata
2026-06-27 04:05:26,204 12416 [INFO ] - [NuGet]   OK https://community.chocolatey.org/api/v2/$metadata 49ms
2026-06-27 04:05:26,236 12416 [INFO ] - [NuGet]   GET https://community.chocolatey.org/api/v2/Packages()?$filter=(tolower(Id) eq 'ripgrep') and IsLatestVersion&semVerLevel=2.0.0
2026-06-27 04:05:26,283 12416 [INFO ] - [NuGet]   OK https://community.chocolatey.org/api/v2/Packages()?$filter=(tolower(Id) eq 'ripgrep') and IsLatestVersion&semVerLevel=2.0.0 52ms
2026-06-27 04:05:26,315 12416 [INFO ] - [NuGet]   GET https://community.chocolatey.org/api/v2/Packages(Id='ripgrep',Version='14.1.0')
2026-06-27 04:05:26,568 12416 [INFO ] - [NuGet]   OK https://community.chocolatey.org/api/v2/Packages(Id='ripgrep',Version='14.1.0') 253ms
2026-06-27 04:05:26,632 12416 [INFO ] - [NuGet] Resolving dependency information took 0 ms
2026-06-27 04:05:26,648 12416 [INFO ] - Downloading package from source 'https://community.chocolatey.org/api/v2/'
2026-06-27 04:05:26,680 12416 [INFO ] - [NuGet] Adding package 'ripgrep.14.1.0' to folder 'C:\ProgramData\chocolatey\lib'
2026-06-27 04:05:26,759 12416 [INFO ] - [NuGet] Added package 'ripgrep.14.1.0' to folder 'C:\ProgramData\chocolatey\lib'
2026-06-27 04:05:26,775 12416 [INFO ] - 
ripgrep v14.1.0 [Approved]
2026-06-27 04:05:26,791 12416 [INFO ] - ripgrep package files install completed. Performing other installation steps.
2026-06-27 04:05:27,969 12416 [INFO ] - VERBOSE: Loading module from path 'C:\ProgramData\chocolatey\helpers\Chocolatey.PowerShell.dll'.
2026-06-27 04:05:27,985 12416 [INFO ] - VERBOSE: Importing cmdlet 'Get-EnvironmentVariable'.
2026-06-27 04:05:27,985 12416 [INFO ] - VERBOSE: Importing cmdlet 'Get-EnvironmentVariableNames'.
2026-06-27 04:05:27,985 12416 [INFO ] - VERBOSE: Importing cmdlet 'Install-ChocolateyPath'.
2026-06-27 04:05:27,985 12416 [INFO ] - VERBOSE: Importing cmdlet 'Set-EnvironmentVariable'.
2026-06-27 04:05:27,985 12416 [INFO ] - VERBOSE: Importing cmdlet 'Test-ProcessAdminRights'.
2026-06-27 04:05:27,985 12416 [INFO ] - VERBOSE: Importing cmdlet 'Uninstall-ChocolateyPath'.
2026-06-27 04:05:27,985 12416 [INFO ] - VERBOSE: Importing cmdlet 'Update-SessionEnvironment'.
2026-06-27 04:05:28,001 12416 [INFO ] - VERBOSE: Exporting function 'Format-FileSize'.
2026-06-27 04:05:28,001 12416 [INFO ] - VERBOSE: Exporting function 'Get-ChecksumValid'.
2026-06-27 04:05:28,001 12416 [INFO ] - VERBOSE: Exporting function 'Get-ChocolateyConfigValue'.
2026-06-27 04:05:28,001 12416 [INFO ] - VERBOSE: Exporting function 'Get-ChocolateyPath'.
2026-06-27 04:05:28,001 12416 [INFO ] - VERBOSE: Exporting function 'Get-ChocolateyUnzip'.
2026-06-27 04:05:28,001 12416 [INFO ] - VERBOSE: Exporting function 'Get-ChocolateyWebFile'.
2026-06-27 04:05:28,001 12416 [INFO ] - VERBOSE: Exporting function 'Get-FtpFile'.
2026-06-27 04:05:28,001 12416 [INFO ] - VERBOSE: Exporting function 'Get-OSArchitectureWidth'.
2026-06-27 04:05:28,001 12416 [INFO ] - VERBOSE: Exporting function 'Get-PackageParameters'.
2026-06-27 04:05:28,001 12416 [INFO ] - VERBOSE: Exporting function 'Get-PackageParametersBuiltIn'.
2026-06-27 04:05:28,001 12416 [INFO ] - VERBOSE: Exporting function 'Get-ToolsLocation'.
2026-06-27 04:05:28,001 12416 [INFO ] - VERBOSE: Exporting function 'Get-UACEnabled'.
2026-06-27 04:05:28,001 12416 [INFO ] - VERBOSE: Exporting function 'Get-UninstallRegistryKey'.
2026-06-27 04:05:28,001 12416 [INFO ] - VERBOSE: Exporting function 'Get-VirusCheckValid'.
2026-06-27 04:05:28,001 12416 [INFO ] - VERBOSE: Exporting function 'Get-WebFile'.
2026-06-27 04:05:28,001 12416 [INFO ] - VERBOSE: Exporting function 'Get-WebFileName'.
2026-06-27 04:05:28,001 12416 [INFO ] - VERBOSE: Exporting function 'Get-WebHeaders'.
2026-06-27 04:05:28,001 12416 [INFO ] - VERBOSE: Exporting function 'Install-BinFile'.
2026-06-27 04:05:28,001 12416 [INFO ] - VERBOSE: Exporting function 'Install-ChocolateyEnvironmentVariable'.
2026-06-27 04:05:28,001 12416 [INFO ] - VERBOSE: Exporting function 'Install-ChocolateyExplorerMenuItem'.
2026-06-27 04:05:28,001 12416 [INFO ] - VERBOSE: Exporting function 'Install-ChocolateyFileAssociation'.
2026-06-27 04:05:28,001 12416 [INFO ] - VERBOSE: Exporting function 'Install-ChocolateyInstallPackage'.
2026-06-27 04:05:28,001 12416 [INFO ] - VERBOSE: Exporting function 'Install-ChocolateyPackage'.
2026-06-27 04:05:28,001 12416 [INFO ] - VERBOSE: Exporting function 'Install-ChocolateyPinnedTaskBarItem'.
2026-06-27 04:05:28,001 12416 [INFO ] - VERBOSE: Exporting function 'Install-ChocolateyPowershellCommand'.
2026-06-27 04:05:28,001 12416 [INFO ] - VERBOSE: Exporting function 'Install-ChocolateyShortcut'.
2026-06-27 04:05:28,001 12416 [INFO ] - VERBOSE: Exporting function 'Install-ChocolateyVsixPackage'.
2026-06-27 04:05:28,001 12416 [INFO ] - VERBOSE: Exporting function 'Install-ChocolateyZipPackage'.
2026-06-27 04:05:28,017 12416 [INFO ] - VERBOSE: Exporting function 'Install-Vsix'.
2026-06-27 04:05:28,017 12416 [INFO ] - VERBOSE: Exporting function 'Set-PowerShellExitCode'.
2026-06-27 04:05:28,017 12416 [INFO ] - VERBOSE: Exporting function 'Start-ChocolateyProcessAsAdmin'.
2026-06-27 04:05:28,017 12416 [INFO ] - VERBOSE: Exporting function 'Uninstall-BinFile'.
2026-06-27 04:05:28,017 12416 [INFO ] - VERBOSE: Exporting function 'Uninstall-ChocolateyEnvironmentVariable'.
2026-06-27 04:05:28,017 12416 [INFO ] - VERBOSE: Exporting function 'Uninstall-ChocolateyPackage'.
2026-06-27 04:05:28,017 12416 [INFO ] - VERBOSE: Exporting function 'Uninstall-ChocolateyZipPackage'.
2026-06-27 04:05:28,017 12416 [INFO ] - VERBOSE: Exporting function 'Write-FunctionCallLogMessage'.
2026-06-27 04:05:28,017 12416 [INFO ] - VERBOSE: Exporting cmdlet 'Get-EnvironmentVariable'.
2026-06-27 04:05:28,017 12416 [INFO ] - VERBOSE: Exporting cmdlet 'Get-EnvironmentVariableNames'.
2026-06-27 04:05:28,017 12416 [INFO ] - VERBOSE: Exporting cmdlet 'Install-ChocolateyPath'.
2026-06-27 04:05:28,017 12416 [INFO ] - VERBOSE: Exporting cmdlet 'Set-EnvironmentVariable'.
2026-06-27 04:05:28,017 12416 [INFO ] - VERBOSE: Exporting cmdlet 'Test-ProcessAdminRights'.
2026-06-27 04:05:28,017 12416 [INFO ] - VERBOSE: Exporting cmdlet 'Uninstall-ChocolateyPath'.
2026-06-27 04:05:28,017 12416 [INFO ] - VERBOSE: Exporting cmdlet 'Update-SessionEnvironment'.
2026-06-27 04:05:28,017 12416 [INFO ] - VERBOSE: Exporting alias 'Get-ProcessorBits'.
2026-06-27 04:05:28,017 12416 [INFO ] - VERBOSE: Exporting alias 'Get-OSBitness'.
2026-06-27 04:05:28,017 12416 [INFO ] - VERBOSE: Exporting alias 'Get-InstallRegistryKey'.
2026-06-27 04:05:28,017 12416 [INFO ] - VERBOSE: Exporting alias 'Generate-BinFile'.
2026-06-27 04:05:28,017 12416 [INFO ] - VERBOSE: Exporting alias 'Add-BinFile'.
2026-06-27 04:05:28,017 12416 [INFO ] - VERBOSE: Exporting alias 'Start-ChocolateyProcess'.
2026-06-27 04:05:28,017 12416 [INFO ] - VERBOSE: Exporting alias 'Invoke-ChocolateyProcess'.
2026-06-27 04:05:28,017 12416 [INFO ] - VERBOSE: Exporting alias 'Remove-BinFile'.
2026-06-27 04:05:28,017 12416 [INFO ] - VERBOSE: Exporting alias 'refreshenv'.
2026-06-27 04:05:28,035 12416 [INFO ] - VERBOSE: Loading module from path 'C:\ProgramData\chocolatey\extensions\chocolatey-compatibility\chocolatey-compatibility.psm1'.
2026-06-27 04:05:28,113 12416 [INFO ] - VERBOSE: Exporting function 'Install-ChocolateyDesktopLink'.
2026-06-27 04:05:28,129 12416 [INFO ] - VERBOSE: Exporting function 'Write-ChocolateyFailure'.
2026-06-27 04:05:28,129 12416 [INFO ] - VERBOSE: Exporting function 'Write-ChocolateySuccess'.
2026-06-27 04:05:28,145 12416 [INFO ] - VERBOSE: Exporting function 'Write-FileUpdateLog'.
2026-06-27 04:05:28,145 12416 [INFO ] - VERBOSE: Importing function 'Install-ChocolateyDesktopLink'.
2026-06-27 04:05:28,145 12416 [INFO ] - VERBOSE: Importing function 'Write-ChocolateyFailure'.
2026-06-27 04:05:28,145 12416 [INFO ] - VERBOSE: Importing function 'Write-ChocolateySuccess'.
2026-06-27 04:05:28,145 12416 [INFO ] - VERBOSE: Importing function 'Write-FileUpdateLog'.
2026-06-27 04:05:28,145 12416 [INFO ] - VERBOSE: Loading module from path 'C:\ProgramData\chocolatey\extensions\chocolatey-core\chocolatey-core.psm1'.
2026-06-27 04:05:28,320 12416 [INFO ] - VERBOSE: Exporting function 'Get-AppInstallLocation'.
2026-06-27 04:05:28,320 12416 [INFO ] - VERBOSE: Exporting function 'Get-AvailableDriveLetter'.
2026-06-27 04:05:28,320 12416 [INFO ] - VERBOSE: Exporting function 'Get-EffectiveProxy'.
2026-06-27 04:05:28,320 12416 [INFO ] - VERBOSE: Exporting function 'Get-PackageCacheLocation'.
2026-06-27 04:05:28,320 12416 [INFO ] - VERBOSE: Exporting function 'Get-WebContent'.
2026-06-27 04:05:28,320 12416 [INFO ] - VERBOSE: Exporting function 'Register-Application'.
2026-06-27 04:05:28,320 12416 [INFO ] - VERBOSE: Exporting function 'Remove-Process'.
2026-06-27 04:05:28,320 12416 [INFO ] - VERBOSE: Importing function 'Get-AppInstallLocation'.
2026-06-27 04:05:28,320 12416 [INFO ] - VERBOSE: Importing function 'Get-AvailableDriveLetter'.
2026-06-27 04:05:28,320 12416 [INFO ] - VERBOSE: Importing function 'Get-EffectiveProxy'.
2026-06-27 04:05:28,320 12416 [INFO ] - VERBOSE: Importing function 'Get-PackageCacheLocation'.
2026-06-27 04:05:28,320 12416 [INFO ] - VERBOSE: Importing function 'Get-WebContent'.
2026-06-27 04:05:28,320 12416 [INFO ] - VERBOSE: Importing function 'Register-Application'.
2026-06-27 04:05:28,320 12416 [INFO ] - VERBOSE: Importing function 'Remove-Process'.
2026-06-27 04:05:28,320 12416 [INFO ] - VERBOSE: Loading module from path 'C:\ProgramData\chocolatey\extensions\chocolatey-dotnetfx\chocolatey-dotnetfx.psm1'.
2026-06-27 04:05:28,415 12416 [INFO ] - VERBOSE: Exporting function 'Install-DotNetFramework'.
2026-06-27 04:05:28,415 12416 [INFO ] - VERBOSE: Exporting function 'Install-DotNetDevPack'.
2026-06-27 04:05:28,415 12416 [INFO ] - VERBOSE: Importing function 'Install-DotNetDevPack'.
2026-06-27 04:05:28,415 12416 [INFO ] - VERBOSE: Importing function 'Install-DotNetFramework'.
2026-06-27 04:05:28,415 12416 [INFO ] - VERBOSE: Loading module from path 'C:\ProgramData\chocolatey\extensions\chocolatey-visualstudio\chocolatey-visualstudio.extension.psm1'.
2026-06-27 04:05:29,192 12416 [INFO ] - VERBOSE: Exporting function 'Add-VisualStudioComponent'.
2026-06-27 04:05:29,192 12416 [INFO ] - VERBOSE: Exporting function 'Add-VisualStudioWorkload'.
2026-06-27 04:05:29,192 12416 [INFO ] - VERBOSE: Exporting function 'Get-VisualStudioInstaller'.
2026-06-27 04:05:29,192 12416 [INFO ] - VERBOSE: Exporting function 'Get-VisualStudioInstallerHealth'.
2026-06-27 04:05:29,192 12416 [INFO ] - VERBOSE: Exporting function 'Get-VisualStudioInstance'.
2026-06-27 04:05:29,192 12416 [INFO ] - VERBOSE: Exporting function 'Get-VisualStudioVsixInstaller'.
2026-06-27 04:05:29,192 12416 [INFO ] - VERBOSE: Exporting function 'Install-VisualStudio'.
2026-06-27 04:05:29,192 12416 [INFO ] - VERBOSE: Exporting function 'Install-VisualStudioInstaller'.
2026-06-27 04:05:29,192 12416 [INFO ] - VERBOSE: Exporting function 'Install-VisualStudioVsixExtension'.
2026-06-27 04:05:29,192 12416 [INFO ] - VERBOSE: Exporting function 'Remove-VisualStudioComponent'.
2026-06-27 04:05:29,192 12416 [INFO ] - VERBOSE: Exporting function 'Remove-VisualStudioProduct'.
2026-06-27 04:05:29,192 12416 [INFO ] - VERBOSE: Exporting function 'Remove-VisualStudioWorkload'.
2026-06-27 04:05:29,192 12416 [INFO ] - VERBOSE: Exporting function 'Uninstall-VisualStudio'.
2026-06-27 04:05:29,192 12416 [INFO ] - VERBOSE: Exporting function 'Uninstall-VisualStudioVsixExtension'.
2026-06-27 04:05:29,208 12416 [INFO ] - VERBOSE: Importing function 'Add-VisualStudioComponent'.
2026-06-27 04:05:29,208 12416 [INFO ] - VERBOSE: Importing function 'Add-VisualStudioWorkload'.
2026-06-27 04:05:29,208 12416 [INFO ] - VERBOSE: Importing function 'Get-VisualStudioInstaller'.
2026-06-27 04:05:29,208 12416 [INFO ] - VERBOSE: Importing function 'Get-VisualStudioInstallerHealth'.
2026-06-27 04:05:29,208 12416 [INFO ] - VERBOSE: Importing function 'Get-VisualStudioInstance'.
2026-06-27 04:05:29,208 12416 [INFO ] - VERBOSE: Importing function 'Get-VisualStudioVsixInstaller'.
2026-06-27 04:05:29,208 12416 [INFO ] - VERBOSE: Importing function 'Install-VisualStudio'.
2026-06-27 04:05:29,208 12416 [INFO ] - VERBOSE: Importing function 'Install-VisualStudioInstaller'.
2026-06-27 04:05:29,208 12416 [INFO ] - VERBOSE: Importing function 'Install-VisualStudioVsixExtension'.
2026-06-27 04:05:29,208 12416 [INFO ] - VERBOSE: Importing function 'Remove-VisualStudioComponent'.
2026-06-27 04:05:29,208 12416 [INFO ] - VERBOSE: Importing function 'Remove-VisualStudioProduct'.
2026-06-27 04:05:29,208 12416 [INFO ] - VERBOSE: Importing function 'Remove-VisualStudioWorkload'.
2026-06-27 04:05:29,208 12416 [INFO ] - VERBOSE: Importing function 'Uninstall-VisualStudio'.
2026-06-27 04:05:29,208 12416 [INFO ] - VERBOSE: Importing function 'Uninstall-VisualStudioVsixExtension'.
2026-06-27 04:05:29,208 12416 [INFO ] - VERBOSE: Loading module from path 'C:\ProgramData\chocolatey\extensions\chocolatey-windowsupdate\chocolatey-windowsupdate.psm1'.
2026-06-27 04:05:29,308 12416 [INFO ] - VERBOSE: Exporting function 'Install-WindowsUpdate'.
2026-06-27 04:05:29,308 12416 [INFO ] - VERBOSE: Exporting function 'Test-WindowsUpdate'.
2026-06-27 04:05:29,308 12416 [INFO ] - VERBOSE: Importing function 'Install-WindowsUpdate'.
2026-06-27 04:05:29,308 12416 [INFO ] - VERBOSE: Importing function 'Test-WindowsUpdate'.
2026-06-27 04:05:29,320 12416 [INFO ] - VERBOSE: Exporting function 'Format-FileSize'.
2026-06-27 04:05:29,320 12416 [INFO ] - VERBOSE: Exporting function 'Get-ChecksumValid'.
2026-06-27 04:05:29,320 12416 [INFO ] - VERBOSE: Exporting function 'Get-ChocolateyConfigValue'.
2026-06-27 04:05:29,320 12416 [INFO ] - VERBOSE: Exporting function 'Get-ChocolateyPath'.
2026-06-27 04:05:29,320 12416 [INFO ] - VERBOSE: Exporting function 'Get-ChocolateyUnzip'.
2026-06-27 04:05:29,320 12416 [INFO ] - VERBOSE: Exporting function 'Get-ChocolateyWebFile'.
2026-06-27 04:05:29,320 12416 [INFO ] - VERBOSE: Exporting function 'Get-FtpFile'.
2026-06-27 04:05:29,320 12416 [INFO ] - VERBOSE: Exporting function 'Get-OSArchitectureWidth'.
2026-06-27 04:05:29,320 12416 [INFO ] - VERBOSE: Exporting function 'Get-PackageParameters'.
2026-06-27 04:05:29,320 12416 [INFO ] - VERBOSE: Exporting function 'Get-PackageParametersBuiltIn'.
2026-06-27 04:05:29,320 12416 [INFO ] - VERBOSE: Exporting function 'Get-ToolsLocation'.
2026-06-27 04:05:29,320 12416 [INFO ] - VERBOSE: Exporting function 'Get-UACEnabled'.
2026-06-27 04:05:29,320 12416 [INFO ] - VERBOSE: Exporting function 'Get-UninstallRegistryKey'.
2026-06-27 04:05:29,320 12416 [INFO ] - VERBOSE: Exporting function 'Get-VirusCheckValid'.
2026-06-27 04:05:29,320 12416 [INFO ] - VERBOSE: Exporting function 'Get-WebFile'.
2026-06-27 04:05:29,320 12416 [INFO ] - VERBOSE: Exporting function 'Get-WebFileName'.
2026-06-27 04:05:29,320 12416 [INFO ] - VERBOSE: Exporting function 'Get-WebHeaders'.
2026-06-27 04:05:29,320 12416 [INFO ] - VERBOSE: Exporting function 'Install-BinFile'.
2026-06-27 04:05:29,320 12416 [INFO ] - VERBOSE: Exporting function 'Install-ChocolateyEnvironmentVariable'.
2026-06-27 04:05:29,320 12416 [INFO ] - VERBOSE: Exporting function 'Install-ChocolateyExplorerMenuItem'.
2026-06-27 04:05:29,320 12416 [INFO ] - VERBOSE: Exporting function 'Install-ChocolateyFileAssociation'.
2026-06-27 04:05:29,320 12416 [INFO ] - VERBOSE: Exporting function 'Install-ChocolateyInstallPackage'.
2026-06-27 04:05:29,320 12416 [INFO ] - VERBOSE: Exporting function 'Install-ChocolateyPackage'.
2026-06-27 04:05:29,320 12416 [INFO ] - VERBOSE: Exporting function 'Install-ChocolateyPinnedTaskBarItem'.
2026-06-27 04:05:29,320 12416 [INFO ] - VERBOSE: Exporting function 'Install-ChocolateyPowershellCommand'.
2026-06-27 04:05:29,320 12416 [INFO ] - VERBOSE: Exporting function 'Install-ChocolateyShortcut'.
2026-06-27 04:05:29,320 12416 [INFO ] - VERBOSE: Exporting function 'Install-ChocolateyVsixPackage'.
2026-06-27 04:05:29,320 12416 [INFO ] - VERBOSE: Exporting function 'Install-ChocolateyZipPackage'.
2026-06-27 04:05:29,320 12416 [INFO ] - VERBOSE: Exporting function 'Install-Vsix'.
2026-06-27 04:05:29,320 12416 [INFO ] - VERBOSE: Exporting function 'Set-PowerShellExitCode'.
2026-06-27 04:05:29,320 12416 [INFO ] - VERBOSE: Exporting function 'Start-ChocolateyProcessAsAdmin'.
2026-06-27 04:05:29,320 12416 [INFO ] - VERBOSE: Exporting function 'Uninstall-BinFile'.
2026-06-27 04:05:29,320 12416 [INFO ] - VERBOSE: Exporting function 'Uninstall-ChocolateyEnvironmentVariable'.
2026-06-27 04:05:29,320 12416 [INFO ] - VERBOSE: Exporting function 'Uninstall-ChocolateyPackage'.
2026-06-27 04:05:29,320 12416 [INFO ] - VERBOSE: Exporting function 'Uninstall-ChocolateyZipPackage'.
2026-06-27 04:05:29,320 12416 [INFO ] - VERBOSE: Exporting function 'Write-FunctionCallLogMessage'.
2026-06-27 04:05:29,320 12416 [INFO ] - VERBOSE: Exporting function 'Install-ChocolateyDesktopLink'.
2026-06-27 04:05:29,320 12416 [INFO ] - VERBOSE: Exporting function 'Write-ChocolateyFailure'.
2026-06-27 04:05:29,320 12416 [INFO ] - VERBOSE: Exporting function 'Write-ChocolateySuccess'.
2026-06-27 04:05:29,320 12416 [INFO ] - VERBOSE: Exporting function 'Write-FileUpdateLog'.
2026-06-27 04:05:29,320 12416 [INFO ] - VERBOSE: Exporting function 'Get-AppInstallLocation'.
2026-06-27 04:05:29,320 12416 [INFO ] - VERBOSE: Exporting function 'Get-AvailableDriveLetter'.
2026-06-27 04:05:29,320 12416 [INFO ] - VERBOSE: Exporting function 'Get-EffectiveProxy'.
2026-06-27 04:05:29,320 12416 [INFO ] - VERBOSE: Exporting function 'Get-PackageCacheLocation'.
2026-06-27 04:05:29,320 12416 [INFO ] - VERBOSE: Exporting function 'Get-WebContent'.
2026-06-27 04:05:29,320 12416 [INFO ] - VERBOSE: Exporting function 'Register-Application'.
2026-06-27 04:05:29,320 12416 [INFO ] - VERBOSE: Exporting function 'Remove-Process'.
2026-06-27 04:05:29,320 12416 [INFO ] - VERBOSE: Exporting function 'Install-DotNetDevPack'.
2026-06-27 04:05:29,320 12416 [INFO ] - VERBOSE: Exporting function 'Install-DotNetFramework'.
2026-06-27 04:05:29,336 12416 [INFO ] - VERBOSE: Exporting function 'Add-VisualStudioComponent'.
2026-06-27 04:05:29,336 12416 [INFO ] - VERBOSE: Exporting function 'Add-VisualStudioWorkload'.
2026-06-27 04:05:29,336 12416 [INFO ] - VERBOSE: Exporting function 'Get-VisualStudioInstaller'.
2026-06-27 04:05:29,336 12416 [INFO ] - VERBOSE: Exporting function 'Get-VisualStudioInstallerHealth'.
2026-06-27 04:05:29,336 12416 [INFO ] - VERBOSE: Exporting function 'Get-VisualStudioInstance'.
2026-06-27 04:05:29,336 12416 [INFO ] - VERBOSE: Exporting function 'Get-VisualStudioVsixInstaller'.
2026-06-27 04:05:29,336 12416 [INFO ] - VERBOSE: Exporting function 'Install-VisualStudio'.
2026-06-27 04:05:29,336 12416 [INFO ] - VERBOSE: Exporting function 'Install-VisualStudioInstaller'.
2026-06-27 04:05:29,336 12416 [INFO ] - VERBOSE: Exporting function 'Install-VisualStudioVsixExtension'.
2026-06-27 04:05:29,336 12416 [INFO ] - VERBOSE: Exporting function 'Remove-VisualStudioComponent'.
2026-06-27 04:05:29,336 12416 [INFO ] - VERBOSE: Exporting function 'Remove-VisualStudioProduct'.
2026-06-27 04:05:29,336 12416 [INFO ] - VERBOSE: Exporting function 'Remove-VisualStudioWorkload'.
2026-06-27 04:05:29,336 12416 [INFO ] - VERBOSE: Exporting function 'Uninstall-VisualStudio'.
2026-06-27 04:05:29,336 12416 [INFO ] - VERBOSE: Exporting function 'Uninstall-VisualStudioVsixExtension'.
2026-06-27 04:05:29,336 12416 [INFO ] - VERBOSE: Exporting function 'Install-WindowsUpdate'.
2026-06-27 04:05:29,336 12416 [INFO ] - VERBOSE: Exporting function 'Test-WindowsUpdate'.
2026-06-27 04:05:29,336 12416 [INFO ] - VERBOSE: Exporting cmdlet 'Get-EnvironmentVariable'.
2026-06-27 04:05:29,336 12416 [INFO ] - VERBOSE: Exporting cmdlet 'Get-EnvironmentVariableNames'.
2026-06-27 04:05:29,336 12416 [INFO ] - VERBOSE: Exporting cmdlet 'Install-ChocolateyPath'.
2026-06-27 04:05:29,336 12416 [INFO ] - VERBOSE: Exporting cmdlet 'Set-EnvironmentVariable'.
2026-06-27 04:05:29,336 12416 [INFO ] - VERBOSE: Exporting cmdlet 'Test-ProcessAdminRights'.
2026-06-27 04:05:29,336 12416 [INFO ] - VERBOSE: Exporting cmdlet 'Uninstall-ChocolateyPath'.
2026-06-27 04:05:29,336 12416 [INFO ] - VERBOSE: Exporting cmdlet 'Update-SessionEnvironment'.
2026-06-27 04:05:29,336 12416 [INFO ] - VERBOSE: Exporting cmdlet 'Get-EnvironmentVariable'.
2026-06-27 04:05:29,336 12416 [INFO ] - VERBOSE: Exporting cmdlet 'Get-EnvironmentVariableNames'.
2026-06-27 04:05:29,336 12416 [INFO ] - VERBOSE: Exporting cmdlet 'Install-ChocolateyPath'.
2026-06-27 04:05:29,336 12416 [INFO ] - VERBOSE: Exporting cmdlet 'Set-EnvironmentVariable'.
2026-06-27 04:05:29,336 12416 [INFO ] - VERBOSE: Exporting cmdlet 'Test-ProcessAdminRights'.
2026-06-27 04:05:29,336 12416 [INFO ] - VERBOSE: Exporting cmdlet 'Uninstall-ChocolateyPath'.
2026-06-27 04:05:29,336 12416 [INFO ] - VERBOSE: Exporting cmdlet 'Update-SessionEnvironment'.
2026-06-27 04:05:29,336 12416 [INFO ] - VERBOSE: Exporting alias 'Get-ProcessorBits'.
2026-06-27 04:05:29,336 12416 [INFO ] - VERBOSE: Exporting alias 'Get-OSBitness'.
2026-06-27 04:05:29,336 12416 [INFO ] - VERBOSE: Exporting alias 'Get-InstallRegistryKey'.
2026-06-27 04:05:29,336 12416 [INFO ] - VERBOSE: Exporting alias 'Generate-BinFile'.
2026-06-27 04:05:29,336 12416 [INFO ] - VERBOSE: Exporting alias 'Add-BinFile'.
2026-06-27 04:05:29,336 12416 [INFO ] - VERBOSE: Exporting alias 'Start-ChocolateyProcess'.
2026-06-27 04:05:29,336 12416 [INFO ] - VERBOSE: Exporting alias 'Invoke-ChocolateyProcess'.
2026-06-27 04:05:29,336 12416 [INFO ] - VERBOSE: Exporting alias 'Remove-BinFile'.
2026-06-27 04:05:29,336 12416 [INFO ] - VERBOSE: Exporting alias 'refreshenv'.
2026-06-27 04:05:29,336 12416 [INFO ] - VERBOSE: Importing cmdlet 'Get-EnvironmentVariable'.
2026-06-27 04:05:29,336 12416 [INFO ] - VERBOSE: Importing cmdlet 'Get-EnvironmentVariableNames'.
2026-06-27 04:05:29,336 12416 [INFO ] - VERBOSE: Importing cmdlet 'Install-ChocolateyPath'.
2026-06-27 04:05:29,336 12416 [INFO ] - VERBOSE: Importing cmdlet 'Set-EnvironmentVariable'.
2026-06-27 04:05:29,336 12416 [INFO ] - VERBOSE: Importing cmdlet 'Test-ProcessAdminRights'.
2026-06-27 04:05:29,336 12416 [INFO ] - VERBOSE: Importing cmdlet 'Uninstall-ChocolateyPath'.
2026-06-27 04:05:29,336 12416 [INFO ] - VERBOSE: Importing cmdlet 'Update-SessionEnvironment'.
2026-06-27 04:05:29,336 12416 [INFO ] - VERBOSE: Importing function 'Add-VisualStudioComponent'.
2026-06-27 04:05:29,336 12416 [INFO ] - VERBOSE: Importing function 'Add-VisualStudioWorkload'.
2026-06-27 04:05:29,336 12416 [INFO ] - VERBOSE: Importing function 'Format-FileSize'.
2026-06-27 04:05:29,336 12416 [INFO ] - VERBOSE: Importing function 'Get-AppInstallLocation'.
2026-06-27 04:05:29,336 12416 [INFO ] - VERBOSE: Importing function 'Get-AvailableDriveLetter'.
2026-06-27 04:05:29,336 12416 [INFO ] - VERBOSE: Importing function 'Get-ChecksumValid'.
2026-06-27 04:05:29,336 12416 [INFO ] - VERBOSE: Importing function 'Get-ChocolateyConfigValue'.
2026-06-27 04:05:29,336 12416 [INFO ] - VERBOSE: Importing function 'Get-ChocolateyPath'.
2026-06-27 04:05:29,336 12416 [INFO ] - VERBOSE: Importing function 'Get-ChocolateyUnzip'.
2026-06-27 04:05:29,336 12416 [INFO ] - VERBOSE: Importing function 'Get-ChocolateyWebFile'.
2026-06-27 04:05:29,336 12416 [INFO ] - VERBOSE: Importing function 'Get-EffectiveProxy'.
2026-06-27 04:05:29,336 12416 [INFO ] - VERBOSE: Importing function 'Get-FtpFile'.
2026-06-27 04:05:29,336 12416 [INFO ] - VERBOSE: Importing function 'Get-OSArchitectureWidth'.
2026-06-27 04:05:29,336 12416 [INFO ] - VERBOSE: Importing function 'Get-PackageCacheLocation'.
2026-06-27 04:05:29,336 12416 [INFO ] - VERBOSE: Importing function 'Get-PackageParameters'.
2026-06-27 04:05:29,336 12416 [INFO ] - VERBOSE: Importing function 'Get-PackageParametersBuiltIn'.
2026-06-27 04:05:29,336 12416 [INFO ] - VERBOSE: Importing function 'Get-ToolsLocation'.
2026-06-27 04:05:29,336 12416 [INFO ] - VERBOSE: Importing function 'Get-UACEnabled'.
2026-06-27 04:05:29,336 12416 [INFO ] - VERBOSE: Importing function 'Get-UninstallRegistryKey'.
2026-06-27 04:05:29,336 12416 [INFO ] - VERBOSE: Importing function 'Get-VirusCheckValid'.
2026-06-27 04:05:29,336 12416 [INFO ] - VERBOSE: Importing function 'Get-VisualStudioInstaller'.
2026-06-27 04:05:29,336 12416 [INFO ] - VERBOSE: Importing function 'Get-VisualStudioInstallerHealth'.
2026-06-27 04:05:29,336 12416 [INFO ] - VERBOSE: Importing function 'Get-VisualStudioInstance'.
2026-06-27 04:05:29,336 12416 [INFO ] - VERBOSE: Importing function 'Get-VisualStudioVsixInstaller'.
2026-06-27 04:05:29,336 12416 [INFO ] - VERBOSE: Importing function 'Get-WebContent'.
2026-06-27 04:05:29,351 12416 [INFO ] - VERBOSE: Importing function 'Get-WebFile'.
2026-06-27 04:05:29,351 12416 [INFO ] - VERBOSE: Importing function 'Get-WebFileName'.
2026-06-27 04:05:29,351 12416 [INFO ] - VERBOSE: Importing function 'Get-WebHeaders'.
2026-06-27 04:05:29,351 12416 [INFO ] - VERBOSE: Importing function 'Install-BinFile'.
2026-06-27 04:05:29,351 12416 [INFO ] - VERBOSE: Importing function 'Install-ChocolateyDesktopLink'.
2026-06-27 04:05:29,351 12416 [INFO ] - VERBOSE: Importing function 'Install-ChocolateyEnvironmentVariable'.
2026-06-27 04:05:29,351 12416 [INFO ] - VERBOSE: Importing function 'Install-ChocolateyExplorerMenuItem'.
2026-06-27 04:05:29,351 12416 [INFO ] - VERBOSE: Importing function 'Install-ChocolateyFileAssociation'.
2026-06-27 04:05:29,351 12416 [INFO ] - VERBOSE: Importing function 'Install-ChocolateyInstallPackage'.
2026-06-27 04:05:29,351 12416 [INFO ] - VERBOSE: Importing function 'Install-ChocolateyPackage'.
2026-06-27 04:05:29,351 12416 [INFO ] - VERBOSE: Importing function 'Install-ChocolateyPinnedTaskBarItem'.
2026-06-27 04:05:29,351 12416 [INFO ] - VERBOSE: Importing function 'Install-ChocolateyPowershellCommand'.
2026-06-27 04:05:29,351 12416 [INFO ] - VERBOSE: Importing function 'Install-ChocolateyShortcut'.
2026-06-27 04:05:29,351 12416 [INFO ] - VERBOSE: Importing function 'Install-ChocolateyVsixPackage'.
2026-06-27 04:05:29,351 12416 [INFO ] - VERBOSE: Importing function 'Install-ChocolateyZipPackage'.
2026-06-27 04:05:29,351 12416 [INFO ] - VERBOSE: Importing function 'Install-DotNetDevPack'.
2026-06-27 04:05:29,351 12416 [INFO ] - VERBOSE: Importing function 'Install-DotNetFramework'.
2026-06-27 04:05:29,351 12416 [INFO ] - VERBOSE: Importing function 'Install-VisualStudio'.
2026-06-27 04:05:29,351 12416 [INFO ] - VERBOSE: Importing function 'Install-VisualStudioInstaller'.
2026-06-27 04:05:29,351 12416 [INFO ] - VERBOSE: Importing function 'Install-VisualStudioVsixExtension'.
2026-06-27 04:05:29,351 12416 [INFO ] - VERBOSE: Importing function 'Install-Vsix'.
2026-06-27 04:05:29,351 12416 [INFO ] - VERBOSE: Importing function 'Install-WindowsUpdate'.
2026-06-27 04:05:29,351 12416 [INFO ] - VERBOSE: Importing function 'Register-Application'.
2026-06-27 04:05:29,351 12416 [INFO ] - VERBOSE: Importing function 'Remove-Process'.
2026-06-27 04:05:29,351 12416 [INFO ] - VERBOSE: Importing function 'Remove-VisualStudioComponent'.
2026-06-27 04:05:29,351 12416 [INFO ] - VERBOSE: Importing function 'Remove-VisualStudioProduct'.
2026-06-27 04:05:29,351 12416 [INFO ] - VERBOSE: Importing function 'Remove-VisualStudioWorkload'.
2026-06-27 04:05:29,351 12416 [INFO ] - VERBOSE: Importing function 'Set-PowerShellExitCode'.
2026-06-27 04:05:29,351 12416 [INFO ] - VERBOSE: Importing function 'Start-ChocolateyProcessAsAdmin'.
2026-06-27 04:05:29,351 12416 [INFO ] - VERBOSE: Importing function 'Test-WindowsUpdate'.
2026-06-27 04:05:29,351 12416 [INFO ] - VERBOSE: Importing function 'Uninstall-BinFile'.
2026-06-27 04:05:29,351 12416 [INFO ] - VERBOSE: Importing function 'Uninstall-ChocolateyEnvironmentVariable'.
2026-06-27 04:05:29,351 12416 [INFO ] - VERBOSE: Importing function 'Uninstall-ChocolateyPackage'.
2026-06-27 04:05:29,351 12416 [INFO ] - VERBOSE: Importing function 'Uninstall-ChocolateyZipPackage'.
2026-06-27 04:05:29,351 12416 [INFO ] - VERBOSE: Importing function 'Uninstall-VisualStudio'.
2026-06-27 04:05:29,351 12416 [INFO ] - VERBOSE: Importing function 'Uninstall-VisualStudioVsixExtension'.
2026-06-27 04:05:29,351 12416 [INFO ] - VERBOSE: Importing function 'Write-ChocolateyFailure'.
2026-06-27 04:05:29,351 12416 [INFO ] - VERBOSE: Importing function 'Write-ChocolateySuccess'.
2026-06-27 04:05:29,351 12416 [INFO ] - VERBOSE: Importing function 'Write-FileUpdateLog'.
2026-06-27 04:05:29,351 12416 [INFO ] - VERBOSE: Importing function 'Write-FunctionCallLogMessage'.
2026-06-27 04:05:29,351 12416 [INFO ] - VERBOSE: Importing alias 'Add-BinFile'.
2026-06-27 04:05:29,351 12416 [INFO ] - VERBOSE: Importing alias 'Generate-BinFile'.
2026-06-27 04:05:29,351 12416 [INFO ] - VERBOSE: Importing alias 'Get-InstallRegistryKey'.
2026-06-27 04:05:29,351 12416 [INFO ] - VERBOSE: Importing alias 'Get-OSBitness'.
2026-06-27 04:05:29,351 12416 [INFO ] - VERBOSE: Importing alias 'Get-ProcessorBits'.
2026-06-27 04:05:29,351 12416 [INFO ] - VERBOSE: Importing alias 'Invoke-ChocolateyProcess'.
2026-06-27 04:05:29,351 12416 [INFO ] - VERBOSE: Importing alias 'refreshenv'.
2026-06-27 04:05:29,351 12416 [INFO ] - VERBOSE: Importing alias 'Remove-BinFile'.
2026-06-27 04:05:29,351 12416 [INFO ] - VERBOSE: Importing alias 'Start-ChocolateyProcess'.
2026-06-27 04:05:29,463 12416 [INFO ] - Extracting 64-bit C:\ProgramData\chocolatey\lib\ripgrep\tools\ripgrep-14.1.0-x86_64-pc-windows-msvc.zip to C:\ProgramData\chocolatey\lib\ripgrep\tools...
2026-06-27 04:05:29,717 12416 [INFO ] - VERBOSE: Scanning the drive for archives:
2026-06-27 04:05:29,717 12416 [INFO ] - VERBOSE: 
2026-06-27 04:05:29,717 12416 [INFO ] - VERBOSE: 1 file, 2020417 bytes (1974 KiB)
2026-06-27 04:05:29,717 12416 [INFO ] - VERBOSE: 
2026-06-27 04:05:29,717 12416 [INFO ] - VERBOSE: Extracting archive: C:\ProgramData\chocolatey\lib\ripgrep\tools\ripgrep-14.1.0-x86_64-pc-windows-msvc.zip
2026-06-27 04:05:29,717 12416 [INFO ] - VERBOSE: 7-Zip 26.00 (x86) : Copyright (c) 1999-2026 Igor Pavlov : 2026-02-12
2026-06-27 04:05:29,717 12416 [INFO ] - VERBOSE: 
2026-06-27 04:05:29,733 12416 [INFO ] - VERBOSE: Path = C:\ProgramData\chocolatey\lib\ripgrep\tools\ripgrep-14.1.0-x86_64-pc-windows-msvc.zip
2026-06-27 04:05:29,733 12416 [INFO ] - VERBOSE: - ripgrep-14.1.0-x86_64-pc-windows-msvc\complete\rg.bash
2026-06-27 04:05:29,733 12416 [INFO ] - VERBOSE: Physical Size = 2020417
2026-06-27 04:05:29,733 12416 [INFO ] - VERBOSE: Type = zip
2026-06-27 04:05:29,733 12416 [INFO ] - VERBOSE: - ripgrep-14.1.0-x86_64-pc-windows-msvc\doc\
2026-06-27 04:05:29,733 12416 [INFO ] - VERBOSE: - ripgrep-14.1.0-x86_64-pc-windows-msvc\complete\
2026-06-27 04:05:29,733 12416 [INFO ] - VERBOSE: - ripgrep-14.1.0-x86_64-pc-windows-msvc\doc\FAQ.md
2026-06-27 04:05:29,733 12416 [INFO ] - VERBOSE: - ripgrep-14.1.0-x86_64-pc-windows-msvc\complete\_rg
2026-06-27 04:05:29,733 12416 [INFO ] - VERBOSE: - ripgrep-14.1.0-x86_64-pc-windows-msvc\LICENSE-MIT
2026-06-27 04:05:29,733 12416 [INFO ] - VERBOSE: - ripgrep-14.1.0-x86_64-pc-windows-msvc\COPYING
2026-06-27 04:05:29,733 12416 [INFO ] - VERBOSE: - ripgrep-14.1.0-x86_64-pc-windows-msvc\doc\GUIDE.md
2026-06-27 04:05:29,733 12416 [INFO ] - VERBOSE: - ripgrep-14.1.0-x86_64-pc-windows-msvc\complete\rg.fish
2026-06-27 04:05:29,733 12416 [INFO ] - VERBOSE: - ripgrep-14.1.0-x86_64-pc-windows-msvc\complete\_rg.ps1
2026-06-27 04:05:29,733 12416 [INFO ] - VERBOSE: - ripgrep-14.1.0-x86_64-pc-windows-msvc\rg.exe
2026-06-27 04:05:29,733 12416 [INFO ] - VERBOSE: - ripgrep-14.1.0-x86_64-pc-windows-msvc\doc\CHANGELOG.md
2026-06-27 04:05:29,733 12416 [INFO ] - VERBOSE: - ripgrep-14.1.0-x86_64-pc-windows-msvc\UNLICENSE
2026-06-27 04:05:29,733 12416 [INFO ] - VERBOSE: - ripgrep-14.1.0-x86_64-pc-windows-msvc\README.md
2026-06-27 04:05:29,733 12416 [INFO ] - VERBOSE: 
2026-06-27 04:05:29,733 12416 [INFO ] - VERBOSE: - ripgrep-14.1.0-x86_64-pc-windows-msvc\doc\rg.1
2026-06-27 04:05:29,733 12416 [INFO ] - VERBOSE: --
2026-06-27 04:05:29,733 12416 [INFO ] - VERBOSE: - ripgrep-14.1.0-x86_64-pc-windows-msvc\
2026-06-27 04:05:29,733 12416 [INFO ] - VERBOSE: Everything is Ok
2026-06-27 04:05:29,733 12416 [INFO ] - VERBOSE: Folders: 3
2026-06-27 04:05:29,733 12416 [INFO ] - VERBOSE: 
2026-06-27 04:05:29,733 12416 [INFO ] - VERBOSE: Files: 13
2026-06-27 04:05:29,733 12416 [INFO ] - VERBOSE: Size:       5700695
2026-06-27 04:05:29,733 12416 [INFO ] - VERBOSE: Compressed: 2020417
2026-06-27 04:05:29,764 12416 [INFO ] - C:\ProgramData\chocolatey\lib\ripgrep\tools
2026-06-27 04:05:29,780 12416 [INFO ] - ripgrep installed to C:\ProgramData\chocolatey\lib\ripgrep\tools
2026-06-27 04:05:31,058 12416 [INFO ] -  ShimGen has successfully created a shim for rg.exe
2026-06-27 04:05:31,074 12416 [INFO ] -  The install of ripgrep was successful.
2026-06-27 04:05:31,074 12416 [INFO ] -   Deployed to 'C:\ProgramData\chocolatey\lib\ripgrep\tools'
2026-06-27 04:05:31,095 12416 [WARN ] - 
Chocolatey installed 1/1 packages. 
 See the log for details (C:\ProgramData\chocolatey\logs\chocolatey.log).
