2026-04-06 04:45:31,982 19412 [DEBUG] - XmlConfiguration is now operational
2026-04-06 04:45:32,007 19412 [DEBUG] - Adding new type 'CygwinService' for type 'IAlternativeSourceRunner' from assembly 'choco'
2026-04-06 04:45:32,007 19412 [DEBUG] - Adding new type 'CygwinService' for type 'IInstallSourceRunner' from assembly 'choco'
2026-04-06 04:45:32,007 19412 [DEBUG] - Adding new type 'PythonService' for type 'IAlternativeSourceRunner' from assembly 'choco'
2026-04-06 04:45:32,007 19412 [DEBUG] - Adding new type 'PythonService' for type 'IListSourceRunner' from assembly 'choco'
2026-04-06 04:45:32,007 19412 [DEBUG] - Adding new type 'PythonService' for type 'IInstallSourceRunner' from assembly 'choco'
2026-04-06 04:45:32,007 19412 [DEBUG] - Adding new type 'PythonService' for type 'IUninstallSourceRunner' from assembly 'choco'
2026-04-06 04:45:32,007 19412 [DEBUG] - Adding new type 'RubyGemsService' for type 'IAlternativeSourceRunner' from assembly 'choco'
2026-04-06 04:45:32,007 19412 [DEBUG] - Adding new type 'RubyGemsService' for type 'IListSourceRunner' from assembly 'choco'
2026-04-06 04:45:32,007 19412 [DEBUG] - Adding new type 'RubyGemsService' for type 'IInstallSourceRunner' from assembly 'choco'
2026-04-06 04:45:32,007 19412 [DEBUG] - Adding new type 'SystemStateValidation' for type 'IValidation' from assembly 'choco'
2026-04-06 04:45:32,007 19412 [DEBUG] - Adding new type 'CacheFolderLockdownValidation' for type 'IValidation' from assembly 'choco'
2026-04-06 04:45:32,276 19412 [DEBUG] - Adding new type 'FrameWorkReferencesMetadataRule' for type 'IMetadataRule' from assembly 'choco'
2026-04-06 04:45:32,276 19412 [DEBUG] - Adding new type 'IconMetadataRule' for type 'IMetadataRule' from assembly 'choco'
2026-04-06 04:45:32,276 19412 [DEBUG] - Adding new type 'LicenseMetadataRule' for type 'IMetadataRule' from assembly 'choco'
2026-04-06 04:45:32,276 19412 [DEBUG] - Adding new type 'PackageTypesMetadataRule' for type 'IMetadataRule' from assembly 'choco'
2026-04-06 04:45:32,276 19412 [DEBUG] - Adding new type 'ReadmeMetadataRule' for type 'IMetadataRule' from assembly 'choco'
2026-04-06 04:45:32,276 19412 [DEBUG] - Adding new type 'RepositoryMetadataRule' for type 'IMetadataRule' from assembly 'choco'
2026-04-06 04:45:32,276 19412 [DEBUG] - Adding new type 'RequiredMetadataRule' for type 'IMetadataRule' from assembly 'choco'
2026-04-06 04:45:32,276 19412 [DEBUG] - Adding new type 'RequireLicenseAcceptanceMetadataRule' for type 'IMetadataRule' from assembly 'choco'
2026-04-06 04:45:32,276 19412 [DEBUG] - Adding new type 'ServicableMetadataRule' for type 'IMetadataRule' from assembly 'choco'
2026-04-06 04:45:32,276 19412 [DEBUG] - Adding new type 'VersionMetadataRule' for type 'IMetadataRule' from assembly 'choco'
2026-04-06 04:45:32,292 19412 [DEBUG] - Registering new command 'apikey' in assembly 'choco'
2026-04-06 04:45:32,292 19412 [DEBUG] - Registering new command 'cache' in assembly 'choco'
2026-04-06 04:45:32,292 19412 [DEBUG] - Registering new command 'config' in assembly 'choco'
2026-04-06 04:45:32,292 19412 [DEBUG] - Registering new command 'export' in assembly 'choco'
2026-04-06 04:45:32,292 19412 [DEBUG] - Registering new command 'feature' in assembly 'choco'
2026-04-06 04:45:32,292 19412 [DEBUG] - Registering new command 'help' in assembly 'choco'
2026-04-06 04:45:32,292 19412 [DEBUG] - Registering new command 'info' in assembly 'choco'
2026-04-06 04:45:32,292 19412 [DEBUG] - Registering new command 'install' in assembly 'choco'
2026-04-06 04:45:32,292 19412 [DEBUG] - Registering new command 'license' in assembly 'choco'
2026-04-06 04:45:32,292 19412 [DEBUG] - Registering new command 'list' in assembly 'choco'
2026-04-06 04:45:32,292 19412 [DEBUG] - Registering new command 'new' in assembly 'choco'
2026-04-06 04:45:32,292 19412 [DEBUG] - Registering new command 'outdated' in assembly 'choco'
2026-04-06 04:45:32,292 19412 [DEBUG] - Registering new command 'pack' in assembly 'choco'
2026-04-06 04:45:32,292 19412 [DEBUG] - Registering new command 'pin' in assembly 'choco'
2026-04-06 04:45:32,292 19412 [DEBUG] - Registering new command 'push' in assembly 'choco'
2026-04-06 04:45:32,292 19412 [DEBUG] - Registering new command 'rule' in assembly 'choco'
2026-04-06 04:45:32,292 19412 [DEBUG] - Registering new command 'search' in assembly 'choco'
2026-04-06 04:45:32,292 19412 [DEBUG] - Registering new command 'source' in assembly 'choco'
2026-04-06 04:45:32,292 19412 [DEBUG] - Registering new command 'support' in assembly 'choco'
2026-04-06 04:45:32,292 19412 [DEBUG] - Registering new command 'template' in assembly 'choco'
2026-04-06 04:45:32,292 19412 [DEBUG] - Registering new command 'uninstall' in assembly 'choco'
2026-04-06 04:45:32,292 19412 [DEBUG] - Registering new command 'unpackself' in assembly 'choco'
2026-04-06 04:45:32,292 19412 [DEBUG] - Registering new command 'upgrade' in assembly 'choco'
2026-04-06 04:45:32,292 19412 [DEBUG] - Attempting to create directory "C:\ProgramData\chocolatey\config".
2026-04-06 04:45:32,365 19412 [INFO ] - ============================================================
2026-04-06 04:45:32,751 19412 [DEBUG] - Attempting to replace "C:\ProgramData\chocolatey\config\chocolatey.config"
 with "C:\ProgramData\chocolatey\config\chocolatey.config.19412.update".
 Backup placed at "C:\ProgramData\chocolatey\config\chocolatey.config.backup".
2026-04-06 04:45:32,751 19412 [DEBUG] - Attempting to copy "C:\ProgramData\chocolatey\config\chocolatey.config.19412.update"
 to "C:\ProgramData\chocolatey\config\chocolatey.config".
2026-04-06 04:45:32,751 19412 [DEBUG] - Attempting to delete file "C:\ProgramData\chocolatey\config\chocolatey.config.19412.update".
2026-04-06 04:45:32,751 19412 [INFO ] - 2.7.1
2026-04-06 04:45:32,751 19412 [DEBUG] - Exiting with 0
2026-04-06 04:45:33,101 14024 [DEBUG] - XmlConfiguration is now operational
2026-04-06 04:45:33,132 14024 [DEBUG] - Adding new type 'CygwinService' for type 'IAlternativeSourceRunner' from assembly 'choco'
2026-04-06 04:45:33,132 14024 [DEBUG] - Adding new type 'CygwinService' for type 'IInstallSourceRunner' from assembly 'choco'
2026-04-06 04:45:33,132 14024 [DEBUG] - Adding new type 'PythonService' for type 'IAlternativeSourceRunner' from assembly 'choco'
2026-04-06 04:45:33,132 14024 [DEBUG] - Adding new type 'PythonService' for type 'IListSourceRunner' from assembly 'choco'
2026-04-06 04:45:33,132 14024 [DEBUG] - Adding new type 'PythonService' for type 'IInstallSourceRunner' from assembly 'choco'
2026-04-06 04:45:33,132 14024 [DEBUG] - Adding new type 'PythonService' for type 'IUninstallSourceRunner' from assembly 'choco'
2026-04-06 04:45:33,132 14024 [DEBUG] - Adding new type 'RubyGemsService' for type 'IAlternativeSourceRunner' from assembly 'choco'
2026-04-06 04:45:33,132 14024 [DEBUG] - Adding new type 'RubyGemsService' for type 'IListSourceRunner' from assembly 'choco'
2026-04-06 04:45:33,132 14024 [DEBUG] - Adding new type 'RubyGemsService' for type 'IInstallSourceRunner' from assembly 'choco'
2026-04-06 04:45:33,132 14024 [DEBUG] - Adding new type 'SystemStateValidation' for type 'IValidation' from assembly 'choco'
2026-04-06 04:45:33,132 14024 [DEBUG] - Adding new type 'CacheFolderLockdownValidation' for type 'IValidation' from assembly 'choco'
2026-04-06 04:45:33,352 14024 [DEBUG] - Adding new type 'FrameWorkReferencesMetadataRule' for type 'IMetadataRule' from assembly 'choco'
2026-04-06 04:45:33,352 14024 [DEBUG] - Adding new type 'IconMetadataRule' for type 'IMetadataRule' from assembly 'choco'
2026-04-06 04:45:33,352 14024 [DEBUG] - Adding new type 'LicenseMetadataRule' for type 'IMetadataRule' from assembly 'choco'
2026-04-06 04:45:33,352 14024 [DEBUG] - Adding new type 'PackageTypesMetadataRule' for type 'IMetadataRule' from assembly 'choco'
2026-04-06 04:45:33,352 14024 [DEBUG] - Adding new type 'ReadmeMetadataRule' for type 'IMetadataRule' from assembly 'choco'
2026-04-06 04:45:33,354 14024 [DEBUG] - Adding new type 'RepositoryMetadataRule' for type 'IMetadataRule' from assembly 'choco'
2026-04-06 04:45:33,354 14024 [DEBUG] - Adding new type 'RequiredMetadataRule' for type 'IMetadataRule' from assembly 'choco'
2026-04-06 04:45:33,354 14024 [DEBUG] - Adding new type 'RequireLicenseAcceptanceMetadataRule' for type 'IMetadataRule' from assembly 'choco'
2026-04-06 04:45:33,354 14024 [DEBUG] - Adding new type 'ServicableMetadataRule' for type 'IMetadataRule' from assembly 'choco'
2026-04-06 04:45:33,354 14024 [DEBUG] - Adding new type 'VersionMetadataRule' for type 'IMetadataRule' from assembly 'choco'
2026-04-06 04:45:33,360 14024 [DEBUG] - Registering new command 'apikey' in assembly 'choco'
2026-04-06 04:45:33,360 14024 [DEBUG] - Registering new command 'cache' in assembly 'choco'
2026-04-06 04:45:33,360 14024 [DEBUG] - Registering new command 'config' in assembly 'choco'
2026-04-06 04:45:33,360 14024 [DEBUG] - Registering new command 'export' in assembly 'choco'
2026-04-06 04:45:33,360 14024 [DEBUG] - Registering new command 'feature' in assembly 'choco'
2026-04-06 04:45:33,360 14024 [DEBUG] - Registering new command 'help' in assembly 'choco'
2026-04-06 04:45:33,362 14024 [DEBUG] - Registering new command 'info' in assembly 'choco'
2026-04-06 04:45:33,362 14024 [DEBUG] - Registering new command 'install' in assembly 'choco'
2026-04-06 04:45:33,362 14024 [DEBUG] - Registering new command 'license' in assembly 'choco'
2026-04-06 04:45:33,362 14024 [DEBUG] - Registering new command 'list' in assembly 'choco'
2026-04-06 04:45:33,362 14024 [DEBUG] - Registering new command 'new' in assembly 'choco'
2026-04-06 04:45:33,362 14024 [DEBUG] - Registering new command 'outdated' in assembly 'choco'
2026-04-06 04:45:33,362 14024 [DEBUG] - Registering new command 'pack' in assembly 'choco'
2026-04-06 04:45:33,362 14024 [DEBUG] - Registering new command 'pin' in assembly 'choco'
2026-04-06 04:45:33,362 14024 [DEBUG] - Registering new command 'push' in assembly 'choco'
2026-04-06 04:45:33,364 14024 [DEBUG] - Registering new command 'rule' in assembly 'choco'
2026-04-06 04:45:33,364 14024 [DEBUG] - Registering new command 'search' in assembly 'choco'
2026-04-06 04:45:33,364 14024 [DEBUG] - Registering new command 'source' in assembly 'choco'
2026-04-06 04:45:33,364 14024 [DEBUG] - Registering new command 'support' in assembly 'choco'
2026-04-06 04:45:33,364 14024 [DEBUG] - Registering new command 'template' in assembly 'choco'
2026-04-06 04:45:33,364 14024 [DEBUG] - Registering new command 'uninstall' in assembly 'choco'
2026-04-06 04:45:33,364 14024 [DEBUG] - Registering new command 'unpackself' in assembly 'choco'
2026-04-06 04:45:33,364 14024 [DEBUG] - Registering new command 'upgrade' in assembly 'choco'
2026-04-06 04:45:33,416 14024 [INFO ] - ============================================================
2026-04-06 04:45:33,701 14024 [INFO ] - Chocolatey v2.7.1
2026-04-06 04:45:33,701 14024 [DEBUG] - Chocolatey is running on Windows v 10.0.26200.0
2026-04-06 04:45:33,701 14024 [DEBUG] - Attempting to delete file "C:/ProgramData/chocolatey/choco.exe.old".
2026-04-06 04:45:33,701 14024 [DEBUG] - Attempting to delete file "C:\ProgramData\chocolatey\choco.exe.old".
2026-04-06 04:45:33,717 14024 [DEBUG] - Command line: "C:\ProgramData\chocolatey\choco.exe" upgrade -y python visualstudio2026-workload-vctools
2026-04-06 04:45:33,717 14024 [DEBUG] - Received arguments: upgrade -y python visualstudio2026-workload-vctools
2026-04-06 04:45:33,732 14024 [DEBUG] - RemovePendingPackagesTask is now ready and waiting for PreRunMessage.
2026-04-06 04:45:33,748 14024 [DEBUG] - Sending message 'PreRunMessage' out if there are subscribers...
2026-04-06 04:45:33,748 14024 [DEBUG] - [Pending] Removing all pending packages that should not be considered installed...
2026-04-06 04:45:33,780 14024 [DEBUG] - Performing validation checks.
2026-04-06 04:45:33,780 14024 [DEBUG] - Global Configuration Validation Checks:
2026-04-06 04:45:33,780 14024 [DEBUG] -  - Package Exit Code / Exit On Reboot = Checked
2026-04-06 04:45:33,780 14024 [DEBUG] - System State Validation Checks:
2026-04-06 04:45:33,780 14024 [DEBUG] -  Reboot Requirement Checks:
2026-04-06 04:45:33,780 14024 [DEBUG] -  - Pending Computer Rename = Checked
2026-04-06 04:45:33,780 14024 [DEBUG] -  - Pending Component Based Servicing = Checked
2026-04-06 04:45:33,780 14024 [DEBUG] -  - Pending Windows Auto Update = Checked
2026-04-06 04:45:33,780 14024 [DEBUG] -  - Pending File Rename Operations = Ignored
2026-04-06 04:45:33,780 14024 [DEBUG] -  - Pending Windows Package Installer = Checked
2026-04-06 04:45:33,780 14024 [DEBUG] -  - Pending Windows Package Installer SysWow64 = Checked
2026-04-06 04:45:33,780 14024 [DEBUG] - Cache Folder Lockdown Checks:
2026-04-06 04:45:33,780 14024 [DEBUG] -  - Elevated State = Checked
2026-04-06 04:45:33,780 14024 [DEBUG] -  - Folder Exists = Failed
2026-04-06 04:45:33,780 14024 [DEBUG] -  - Folder Created = Success
2026-04-06 04:45:33,796 14024 [DEBUG] -  - Pending normal access removed = Checked
2026-04-06 04:45:33,796 14024 [DEBUG] -  - Pending write permissions for Administrators = Checked
2026-04-06 04:45:33,796 14024 [DEBUG] -  - Pending Administrators as Owners = Checked
2026-04-06 04:45:33,796 14024 [DEBUG] -  - Pending removing inheritance with no copy = Checked
2026-04-06 04:45:33,796 14024 [DEBUG] -  - Access Permissions updated = Success
2026-04-06 04:45:33,796 14024 [DEBUG] -  - Folder lockdown update = Success
2026-04-06 04:45:33,796 14024 [INFO ] - 3 validations performed. 3 success(es), 0 warning(s), and 0 error(s).
2026-04-06 04:45:33,796 14024 [DEBUG] - The source 'https://community.chocolatey.org/api/v2/' evaluated to a 'normal' source type
2026-04-06 04:45:33,796 14024 [DEBUG] - 
NOTE: Hiding sensitive configuration data! Please double and triple
 check to be sure no sensitive data is shown, especially if copying
 output to a gist for review.
2026-04-06 04:45:33,811 14024 [DEBUG] - Configuration: CommandName='upgrade'|
CacheLocation='C:\Users\tsmit\AppData\Local\Temp\chocolatey'|
CommandExecutionTimeoutSeconds='2700'|WebRequestTimeoutSeconds='30'|
Sources='https://community.chocolatey.org/api/v2/'|SourceType='normal'|
IncludeConfiguredSources='False'|ShowOnlineHelp='False'|Debug='False'|
Verbose='False'|Trace='False'|Force='False'|Noop='False'|
HelpRequested='False'|UnsuccessfulParsing='False'|RegularOutput='True'|
QuietOutput='False'|PromptForConfirmation='False'|
DisableCompatibilityChecks='False'|AcceptLicense='True'|
AllowUnofficialBuild='False'|
Input='python visualstudio2026-workload-vctools'|AllVersions='False'|
SkipPackageInstallProvider='False'|SkipHookScripts='False'|
PackageNames='python;visualstudio2026-workload-vctools'|
Prerelease='False'|ForceX86='False'|OverrideArguments='False'|
NotSilent='False'|ApplyPackageParametersToDependencies='False'|
ApplyInstallArgumentsToDependencies='False'|IgnoreDependencies='False'|
UseHttpCache='True'|CacheExpirationInMinutes='30'|
AllowDowngrade='False'|ForceDependencies='False'|PinPackage='False'|
IncludeHeaders='False'|Information.PlatformType='Windows'|
Information.PlatformVersion='10.0.26200.0'|
Information.PlatformName='Windows 11'|
Information.ChocolateyVersion='2.7.1.0'|
Information.ChocolateyProductVersion='2.7.1'|
Information.FullName='choco, Version=2.7.1.0, Culture=neutral, PublicKeyToken=79d02ea9cad655eb'|

Information.Is64BitOperatingSystem='True'|
Information.Is64BitProcess='True'|Information.IsInteractive='True'|
Information.UserName='tsmit'|
Information.UserDomainName='DESKTOP-GILF4VQ'|
Information.IsUserAdministrator='True'|
Information.IsUserSystemAccount='False'|
Information.IsUserRemoteDesktop='False'|
Information.IsUserRemote='True'|
Information.IsProcessElevated='True'|
Information.IsLicensedVersion='False'|
Information.IsLicensedAssemblyLoaded='False'|
Information.LicenseType='Foss'|
Information.CurrentDirectory='C:\WINDOWS\system32'|
Features.AutoUninstaller='True'|Features.ChecksumFiles='True'|
Features.AllowEmptyChecksums='False'|
Features.AllowEmptyChecksumsSecure='True'|
Features.FailOnAutoUninstaller='False'|
Features.FailOnStandardError='False'|Features.UsePowerShellHost='True'|
Features.LogEnvironmentValues='False'|Features.LogWithoutColor='False'|
Features.VirusCheck='False'|
Features.FailOnInvalidOrMissingLicense='False'|
Features.IgnoreInvalidOptionsSwitches='True'|
Features.UsePackageExitCodes='True'|
Features.UseEnhancedExitCodes='False'|
Features.UseFipsCompliantChecksums='False'|
Features.ShowNonElevatedWarnings='True'|
Features.ShowDownloadProgress='True'|
Features.StopOnFirstPackageFailure='False'|
Features.UseRememberedArgumentsForUpgrades='False'|
Features.IgnoreUnfoundPackagesOnUpgradeOutdated='False'|
Features.SkipPackageUpgradesWhenNotInstalled='False'|
Features.RemovePackageInformationOnUninstall='False'|
Features.ExitOnRebootDetected='False'|
Features.LogValidationResultsOnWarnings='True'|
Features.UsePackageRepositoryOptimizations='True'|
Features.UsePackageHashValidation='False'|
ListCommand.LocalOnly='False'|
ListCommand.IdOnly='False'|ListCommand.IncludeRegistryPrograms='False'|
ListCommand.PageSize='25'|ListCommand.Exact='False'|
ListCommand.ByIdOnly='False'|ListCommand.ByTagOnly='False'|
ListCommand.IdStartsWith='False'|ListCommand.IgnorePinned='False'|
ListCommand.OrderBy='Id'|ListCommand.OrderByPopularity='False'|
ListCommand.ApprovedOnly='False'|
ListCommand.DownloadCacheAvailable='False'|
ListCommand.NotBroken='False'|
ListCommand.IncludeVersionOverrides='False'|
ListCommand.ExplicitPageSize='False'|
ListCommand.ExplicitSource='False'|
UpgradeCommand.FailOnUnfound='False'|
UpgradeCommand.FailOnNotInstalled='False'|
UpgradeCommand.NotifyOnlyAvailableUpgrades='False'|
UpgradeCommand.ExcludePrerelease='False'|
UpgradeCommand.IgnorePinned='False'|
NewCommand.AutomaticPackage='False'|
NewCommand.UseOriginalTemplate='False'|SourceCommand.Command='unknown'|
SourceCommand.Priority='0'|SourceCommand.BypassProxy='False'|
SourceCommand.AllowSelfService='False'|
SourceCommand.VisibleToAdminsOnly='False'|
FeatureCommand.Command='unknown'|ConfigCommand.Command='Unknown'|
ApiKeyCommand.Command='Unknown'|PinCommand.Command='Unknown'|
LicenseCommand.Command='Unknown'|OutdatedCommand.IgnorePinned='False'|
ExportCommand.IncludeVersionNumbers='False'|Proxy.BypassOnLocal='True'|
TemplateCommand.Command='unknown'|CacheCommand.Command='Unknown'|
CacheCommand.RemoveExpiredItemsOnly='False'|
2026-04-06 04:45:33,811 14024 [DEBUG] - _ Chocolatey:ChocolateyUpgradeCommand - Normal Run Mode _
2026-04-06 04:45:33,811 14024 [INFO ] - Upgrading the following packages:
2026-04-06 04:45:33,811 14024 [INFO ] - python;visualstudio2026-workload-vctools
2026-04-06 04:45:33,811 14024 [INFO ] - By upgrading, you accept licenses for the packages.
2026-04-06 04:45:33,859 14024 [DEBUG] - Process Tree: Chocolatey CLI => Chocolatey CLI => powershell
2026-04-06 04:45:33,875 14024 [DEBUG] - Updating User Agent to 'Chocolatey Command Line/2.7.1 (Chocolatey CLI) via NuGet Client/6.4.1 (Microsoft Windows NT 10.0.26200.0)'.
2026-04-06 04:45:33,923 14024 [DEBUG] - Running list with the following filter = ''
2026-04-06 04:45:33,939 14024 [DEBUG] - --- Start of List ---
2026-04-06 04:45:33,939 14024 [DEBUG] - Process Tree: Chocolatey CLI => Chocolatey CLI => powershell
2026-04-06 04:45:33,939 14024 [DEBUG] - Updating User Agent to 'Chocolatey Command Line/2.7.1 (Chocolatey CLI) via NuGet Client/6.4.1 (Microsoft Windows NT 10.0.26200.0)'.
2026-04-06 04:45:33,939 14024 [DEBUG] - Resolving resource PackageSearchResource for source C:\ProgramData\chocolatey\lib
2026-04-06 04:45:34,034 14024 [DEBUG] - chocolatey 2.7.1
2026-04-06 04:45:34,034 14024 [DEBUG] - --- End of List ---
2026-04-06 04:45:34,050 14024 [WARN ] - python is not installed. Installing...
2026-04-06 04:45:34,066 14024 [DEBUG] - Process Tree: Chocolatey CLI => Chocolatey CLI => powershell
2026-04-06 04:45:34,066 14024 [DEBUG] - Updating User Agent to 'Chocolatey Command Line/2.7.1 (Chocolatey CLI) via NuGet Client/6.4.1 (Microsoft Windows NT 10.0.26200.0)'.
2026-04-06 04:45:34,066 14024 [DEBUG] - Running list with the following filter = ''
2026-04-06 04:45:34,066 14024 [DEBUG] - --- Start of List ---
2026-04-06 04:45:34,066 14024 [DEBUG] - Process Tree: Chocolatey CLI => Chocolatey CLI => powershell
2026-04-06 04:45:34,066 14024 [DEBUG] - Updating User Agent to 'Chocolatey Command Line/2.7.1 (Chocolatey CLI) via NuGet Client/6.4.1 (Microsoft Windows NT 10.0.26200.0)'.
2026-04-06 04:45:34,082 14024 [DEBUG] - chocolatey 2.7.1
2026-04-06 04:45:34,082 14024 [DEBUG] - --- End of List ---
2026-04-06 04:45:34,082 14024 [DEBUG] - Resolving resource ListResource for source https://community.chocolatey.org/api/v2/
2026-04-06 04:45:35,071 14024 [INFO ] - [NuGet]   GET https://community.chocolatey.org/api/v2/$metadata
2026-04-06 04:45:35,392 14024 [INFO ] - [NuGet]   OK https://community.chocolatey.org/api/v2/$metadata 319ms
2026-04-06 04:45:35,407 14024 [INFO ] - [NuGet]   GET https://community.chocolatey.org/api/v2/Packages()?$filter=(tolower(Id) eq 'python') and IsLatestVersion&semVerLevel=2.0.0
2026-04-06 04:45:35,692 14024 [INFO ] - [NuGet]   OK https://community.chocolatey.org/api/v2/Packages()?$filter=(tolower(Id) eq 'python') and IsLatestVersion&semVerLevel=2.0.0 277ms
2026-04-06 04:45:35,708 14024 [DEBUG] - Resolving resource DependencyInfoResource for source https://community.chocolatey.org/api/v2/
2026-04-06 04:45:35,724 14024 [INFO ] - [NuGet]   GET https://community.chocolatey.org/api/v2/Packages(Id='python',Version='3.14.3')
2026-04-06 04:45:36,172 14024 [INFO ] - [NuGet]   OK https://community.chocolatey.org/api/v2/Packages(Id='python',Version='3.14.3') 452ms
2026-04-06 04:45:36,188 14024 [INFO ] - [NuGet]   GET https://community.chocolatey.org/api/v2/Packages(Id='python3',Version='3.14.3')
2026-04-06 04:45:36,544 14024 [INFO ] - [NuGet]   OK https://community.chocolatey.org/api/v2/Packages(Id='python3',Version='3.14.3') 345ms
2026-04-06 04:45:36,553 14024 [INFO ] - [NuGet]   GET https://community.chocolatey.org/api/v2/Packages(Id='python314',Version='3.14.3')
2026-04-06 04:45:36,898 14024 [INFO ] - [NuGet]   OK https://community.chocolatey.org/api/v2/Packages(Id='python314',Version='3.14.3') 344ms
2026-04-06 04:45:36,922 14024 [INFO ] - [NuGet]   GET https://community.chocolatey.org/api/v2/FindPackagesById()?id='vcredist2015'&semVerLevel=2.0.0
2026-04-06 04:45:37,055 14024 [INFO ] - [NuGet]   OK https://community.chocolatey.org/api/v2/FindPackagesById()?id='vcredist2015'&semVerLevel=2.0.0 136ms
2026-04-06 04:45:37,119 14024 [INFO ] - [NuGet]   GET http://community.chocolatey.org/api/v2/FindPackagesById?id='vcredist2015'&$skiptoken='1757831706953','14.0.23506','vcredist2015'
2026-04-06 04:45:37,740 14024 [INFO ] - [NuGet]   OK http://community.chocolatey.org/api/v2/FindPackagesById?id='vcredist2015'&$skiptoken='1757831706953','14.0.23506','vcredist2015' 616ms
2026-04-06 04:45:37,740 14024 [INFO ] - [NuGet]   GET https://community.chocolatey.org/api/v2/FindPackagesById()?id='vcredist140'&semVerLevel=2.0.0
2026-04-06 04:45:37,835 14024 [INFO ] - [NuGet]   OK https://community.chocolatey.org/api/v2/FindPackagesById()?id='vcredist140'&semVerLevel=2.0.0 85ms
2026-04-06 04:45:38,175 14024 [INFO ] - [NuGet]   GET http://community.chocolatey.org/api/v2/FindPackagesById?id='vcredist140'&$skiptoken='1758917989857','14.24.28127.4','vcredist140'
2026-04-06 04:45:38,405 14024 [INFO ] - [NuGet]   OK http://community.chocolatey.org/api/v2/FindPackagesById?id='vcredist140'&$skiptoken='1758917989857','14.24.28127.4','vcredist140' 242ms
2026-04-06 04:45:38,468 14024 [INFO ] - [NuGet]   GET http://community.chocolatey.org/api/v2/FindPackagesById?id='vcredist140'&$skiptoken='1758917088380','14.0.24516-preview5','vcredist140'
2026-04-06 04:45:38,755 14024 [INFO ] - [NuGet]   OK http://community.chocolatey.org/api/v2/FindPackagesById?id='vcredist140'&$skiptoken='1758917088380','14.0.24516-preview5','vcredist140' 282ms
2026-04-06 04:45:38,755 14024 [INFO ] - [NuGet]   GET https://community.chocolatey.org/api/v2/FindPackagesById()?id='chocolatey-core.extension'&semVerLevel=2.0.0
2026-04-06 04:45:38,897 14024 [INFO ] - [NuGet]   OK https://community.chocolatey.org/api/v2/FindPackagesById()?id='chocolatey-core.extension'&semVerLevel=2.0.0 136ms
2026-04-06 04:45:38,929 14024 [INFO ] - [NuGet]   GET http://community.chocolatey.org/api/v2/FindPackagesById?id='chocolatey-core.extension'&$skiptoken='1757694056117','0.1.2','chocolatey-core.extension'
2026-04-06 04:45:39,438 14024 [INFO ] - [NuGet]   OK http://community.chocolatey.org/api/v2/FindPackagesById?id='chocolatey-core.extension'&$skiptoken='1757694056117','0.1.2','chocolatey-core.extension' 497ms
2026-04-06 04:45:39,438 14024 [INFO ] - [NuGet]   GET https://community.chocolatey.org/api/v2/FindPackagesById()?id='chocolatey-compatibility.extension'&semVerLevel=2.0.0
2026-04-06 04:45:39,711 14024 [INFO ] - [NuGet]   OK https://community.chocolatey.org/api/v2/FindPackagesById()?id='chocolatey-compatibility.extension'&semVerLevel=2.0.0 280ms
2026-04-06 04:45:39,727 14024 [INFO ] - [NuGet]   GET http://community.chocolatey.org/api/v2/FindPackagesById?id='chocolatey-compatibility.extension'&$skiptoken='1775157323107','1.0.0','chocolatey-compatibility.extension'
2026-04-06 04:45:40,330 14024 [INFO ] - [NuGet]   OK http://community.chocolatey.org/api/v2/FindPackagesById?id='chocolatey-compatibility.extension'&$skiptoken='1775157323107','1.0.0','chocolatey-compatibility.extension' 604ms
2026-04-06 04:45:40,330 14024 [INFO ] - [NuGet]   GET https://community.chocolatey.org/api/v2/FindPackagesById()?id='kb3033929'&semVerLevel=2.0.0
2026-04-06 04:45:40,588 14024 [INFO ] - [NuGet]   OK https://community.chocolatey.org/api/v2/FindPackagesById()?id='kb3033929'&semVerLevel=2.0.0 264ms
2026-04-06 04:45:40,603 14024 [INFO ] - [NuGet]   GET http://community.chocolatey.org/api/v2/FindPackagesById?id='kb3033929'&$skiptoken='1757852403537','1.0.0','kb3033929'
2026-04-06 04:45:41,798 14024 [INFO ] - [NuGet]   OK http://community.chocolatey.org/api/v2/FindPackagesById?id='kb3033929'&$skiptoken='1757852403537','1.0.0','kb3033929' 1181ms
2026-04-06 04:45:41,798 14024 [INFO ] - [NuGet]   GET https://community.chocolatey.org/api/v2/FindPackagesById()?id='chocolatey-windowsupdate.extension'&semVerLevel=2.0.0
2026-04-06 04:45:42,051 14024 [INFO ] - [NuGet]   OK https://community.chocolatey.org/api/v2/FindPackagesById()?id='chocolatey-windowsupdate.extension'&semVerLevel=2.0.0 252ms
2026-04-06 04:45:42,067 14024 [INFO ] - [NuGet]   GET http://community.chocolatey.org/api/v2/FindPackagesById?id='chocolatey-windowsupdate.extension'&$skiptoken='1758091804557','1.0.1','chocolatey-windowsupdate.extension'
2026-04-06 04:45:42,632 14024 [INFO ] - [NuGet]   OK http://community.chocolatey.org/api/v2/FindPackagesById?id='chocolatey-windowsupdate.extension'&$skiptoken='1758091804557','1.0.1','chocolatey-windowsupdate.extension' 556ms
2026-04-06 04:45:42,637 14024 [INFO ] - [NuGet]   GET https://community.chocolatey.org/api/v2/FindPackagesById()?id='kb3035131'&semVerLevel=2.0.0
2026-04-06 04:45:42,939 14024 [INFO ] - [NuGet]   OK https://community.chocolatey.org/api/v2/FindPackagesById()?id='kb3035131'&semVerLevel=2.0.0 305ms
2026-04-06 04:45:42,953 14024 [INFO ] - [NuGet]   GET http://community.chocolatey.org/api/v2/FindPackagesById?id='kb3035131'&$skiptoken='1758694790893','1.0.0','kb3035131'
2026-04-06 04:45:43,528 14024 [INFO ] - [NuGet]   OK http://community.chocolatey.org/api/v2/FindPackagesById?id='kb3035131'&$skiptoken='1758694790893','1.0.0','kb3035131' 576ms
2026-04-06 04:45:43,528 14024 [INFO ] - [NuGet]   GET https://community.chocolatey.org/api/v2/FindPackagesById()?id='kb2919355'&semVerLevel=2.0.0
2026-04-06 04:45:43,787 14024 [INFO ] - [NuGet]   OK https://community.chocolatey.org/api/v2/FindPackagesById()?id='kb2919355'&semVerLevel=2.0.0 263ms
2026-04-06 04:45:43,803 14024 [INFO ] - [NuGet]   GET http://community.chocolatey.org/api/v2/FindPackagesById?id='kb2919355'&$skiptoken='1759018786213','1.0.20160719','kb2919355'
2026-04-06 04:45:44,360 14024 [INFO ] - [NuGet]   OK http://community.chocolatey.org/api/v2/FindPackagesById?id='kb2919355'&$skiptoken='1759018786213','1.0.20160719','kb2919355' 557ms
2026-04-06 04:45:44,360 14024 [INFO ] - [NuGet]   GET https://community.chocolatey.org/api/v2/FindPackagesById()?id='kb2919442'&semVerLevel=2.0.0
2026-04-06 04:45:44,613 14024 [INFO ] - [NuGet]   OK https://community.chocolatey.org/api/v2/FindPackagesById()?id='kb2919442'&semVerLevel=2.0.0 257ms
2026-04-06 04:45:44,613 14024 [INFO ] - [NuGet]   GET http://community.chocolatey.org/api/v2/FindPackagesById?id='kb2919442'&$skiptoken='1758687599443','1.0.20160719','kb2919442'
2026-04-06 04:45:44,981 14024 [INFO ] - [NuGet]   OK http://community.chocolatey.org/api/v2/FindPackagesById?id='kb2919442'&$skiptoken='1758687599443','1.0.20160719','kb2919442' 365ms
2026-04-06 04:45:44,997 14024 [INFO ] - [NuGet]   GET https://community.chocolatey.org/api/v2/FindPackagesById()?id='kb2999226'&semVerLevel=2.0.0
2026-04-06 04:45:45,093 14024 [INFO ] - [NuGet]   OK https://community.chocolatey.org/api/v2/FindPackagesById()?id='kb2999226'&semVerLevel=2.0.0 106ms
2026-04-06 04:45:45,110 14024 [INFO ] - [NuGet]   GET http://community.chocolatey.org/api/v2/FindPackagesById?id='kb2999226'&$skiptoken='1757864999427','1.0.20161030','kb2999226'
2026-04-06 04:45:45,283 14024 [INFO ] - [NuGet]   OK http://community.chocolatey.org/api/v2/FindPackagesById?id='kb2999226'&$skiptoken='1757864999427','1.0.20161030','kb2999226' 175ms
2026-04-06 04:45:45,330 14024 [INFO ] - [NuGet] Resolving dependency information took 0 ms
2026-04-06 04:45:45,330 14024 [DEBUG] - Resolving resource PackageMetadataResource for source https://community.chocolatey.org/api/v2/
2026-04-06 04:45:45,330 14024 [INFO ] - [NuGet]   GET https://community.chocolatey.org/api/v2/Packages(Id='chocolatey-compatibility.extension',Version='1.0.0')
2026-04-06 04:45:45,552 14024 [INFO ] - [NuGet]   OK https://community.chocolatey.org/api/v2/Packages(Id='chocolatey-compatibility.extension',Version='1.0.0') 217ms
2026-04-06 04:45:45,552 14024 [DEBUG] - Resolving resource DownloadResource for source https://community.chocolatey.org/api/v2/
2026-04-06 04:45:45,568 14024 [DEBUG] - Attempting to delete file "".
2026-04-06 04:45:45,568 14024 [INFO ] - Downloading package from source 'https://community.chocolatey.org/api/v2/'
2026-04-06 04:45:45,568 14024 [DEBUG] - Package download location 'https://community.chocolatey.org/api/v2/package/chocolatey-compatibility.extension/1.0.0'
2026-04-06 04:45:45,568 14024 [INFO ] - [NuGet]   GET https://community.chocolatey.org/api/v2/package/chocolatey-compatibility.extension/1.0.0
2026-04-06 04:45:46,157 14024 [INFO ] - [NuGet]   OK https://community.chocolatey.org/api/v2/package/chocolatey-compatibility.extension/1.0.0 580ms
2026-04-06 04:45:46,173 14024 [INFO ] - [NuGet] Acquiring lock for the installation of chocolatey-compatibility.extension 1.0.0
2026-04-06 04:45:46,173 14024 [INFO ] - [NuGet] Acquired lock for the installation of chocolatey-compatibility.extension 1.0.0
2026-04-06 04:45:46,268 14024 [INFO ] - [NuGet] Installed chocolatey-compatibility.extension 1.0.0 from https://community.chocolatey.org/api/v2/ with content hash cRfCv902OWoBUREOIdPpWS5y7Hm+qpscBpEeJ0X2IC1qNkoChFKHPM/X8H0jeutO/o/6tD/4uNSmUueRWjJWjQ==.
2026-04-06 04:45:46,284 14024 [DEBUG] - Skipping package hash validation as feature 'usePackageHashValidation' is not enabled.
2026-04-06 04:45:46,284 14024 [INFO ] - [NuGet] Adding package 'chocolatey-compatibility.extension.1.0.0' to folder 'C:\ProgramData\chocolatey\lib'
2026-04-06 04:45:46,476 14024 [INFO ] - [NuGet] Added package 'chocolatey-compatibility.extension.1.0.0' to folder 'C:\ProgramData\chocolatey\lib'
2026-04-06 04:45:46,476 14024 [DEBUG] - Attempting to delete file "C:\Users\tsmit\AppData\Local\Temp\chocolatey\ChocolateyScratch\chocolatey-compatibility.extension/1.0.0\chocolatey-compatibility.extension.1.0.0.nupkg".
2026-04-06 04:45:46,476 14024 [DEBUG] - Attempting to delete file "C:\Users\tsmit\AppData\Local\Temp\chocolatey\ChocolateyScratch\chocolatey-compatibility.extension/1.0.0\.nupkg.metadata".
2026-04-06 04:45:46,476 14024 [DEBUG] - Attempting to delete file "C:\Users\tsmit\AppData\Local\Temp\chocolatey\ChocolateyScratch\chocolatey-compatibility.extension/1.0.0\chocolatey-compatibility.extension.1.0.0.nupkg.sha512".
2026-04-06 04:45:46,476 14024 [INFO ] - 
chocolatey-compatibility.extension v1.0.0 [Approved]
2026-04-06 04:45:46,492 14024 [INFO ] - chocolatey-compatibility.extension package files upgrade completed. Performing other installation steps.
2026-04-06 04:45:46,571 14024 [DEBUG] - Capturing package files in 'C:\ProgramData\chocolatey\lib\chocolatey-compatibility.extension'
2026-04-06 04:45:46,571 14024 [DEBUG] -  Found 'C:\ProgramData\chocolatey\lib\chocolatey-compatibility.extension\chocolatey-compatibility.extension.nupkg'
  with checksum 'FA277C3720AB0DA4947D11272DAB96A8'
2026-04-06 04:45:46,571 14024 [DEBUG] -  Found 'C:\ProgramData\chocolatey\lib\chocolatey-compatibility.extension\chocolatey-compatibility.extension.nuspec'
  with checksum 'E4F76BE29CB79EF59D3238F490BA92E2'
2026-04-06 04:45:46,571 14024 [DEBUG] -  Found 'C:\ProgramData\chocolatey\lib\chocolatey-compatibility.extension\extensions\chocolatey-compatibility.psm1'
  with checksum 'D6BED48F1A2055D2CC8A7E65A3B9B653'
2026-04-06 04:45:46,571 14024 [DEBUG] -  Found 'C:\ProgramData\chocolatey\lib\chocolatey-compatibility.extension\extensions\helpers\Get-PackageParameters.ps1'
  with checksum '71D1214302A8DCEDBC514DDD1A4C8B02'
2026-04-06 04:45:46,571 14024 [DEBUG] -  Found 'C:\ProgramData\chocolatey\lib\chocolatey-compatibility.extension\extensions\helpers\Get-UninstallRegistryKey.ps1'
  with checksum 'BEF350705A6096C5A6D5008674F81A0A'
2026-04-06 04:45:46,571 14024 [DEBUG] -  Found 'C:\ProgramData\chocolatey\lib\chocolatey-compatibility.extension\extensions\helpers\Install-ChocolateyDesktopLink.ps1'
  with checksum '507F2FBE3B0E4E7026FF318F57D11629'
2026-04-06 04:45:46,571 14024 [DEBUG] -  Found 'C:\ProgramData\chocolatey\lib\chocolatey-compatibility.extension\extensions\helpers\Write-ChocolateyFailure.ps1'
  with checksum '62F5761ED276CC6E52D7B7A57F50B669'
2026-04-06 04:45:46,571 14024 [DEBUG] -  Found 'C:\ProgramData\chocolatey\lib\chocolatey-compatibility.extension\extensions\helpers\Write-ChocolateySuccess.ps1'
  with checksum 'F2D4D28C6EAA6D52E827761700BFC366'
2026-04-06 04:45:46,571 14024 [DEBUG] -  Found 'C:\ProgramData\chocolatey\lib\chocolatey-compatibility.extension\extensions\helpers\Write-FileUpdateLog.ps1'
  with checksum '96B9E7F714A968AE4CD62E3749C3E5EC'
2026-04-06 04:45:46,571 14024 [DEBUG] - Attempting to create directory "C:\ProgramData\chocolatey\extensions".
2026-04-06 04:45:46,571 14024 [DEBUG] - Attempting to create directory "C:\ProgramData\chocolatey\extensions\chocolatey-compatibility".
2026-04-06 04:45:46,587 14024 [DEBUG] - Attempting to copy "C:\ProgramData\chocolatey\lib\chocolatey-compatibility.extension\extensions\chocolatey-compatibility.psm1"
 to "C:\ProgramData\chocolatey\extensions\chocolatey-compatibility\chocolatey-compatibility.psm1".
2026-04-06 04:45:46,587 14024 [DEBUG] - Attempting to create directory "C:\ProgramData\chocolatey\extensions\chocolatey-compatibility\helpers".
2026-04-06 04:45:46,587 14024 [DEBUG] - Attempting to copy "C:\ProgramData\chocolatey\lib\chocolatey-compatibility.extension\extensions\helpers\Get-PackageParameters.ps1"
 to "C:\ProgramData\chocolatey\extensions\chocolatey-compatibility\helpers\Get-PackageParameters.ps1".
2026-04-06 04:45:46,587 14024 [DEBUG] - Attempting to copy "C:\ProgramData\chocolatey\lib\chocolatey-compatibility.extension\extensions\helpers\Get-UninstallRegistryKey.ps1"
 to "C:\ProgramData\chocolatey\extensions\chocolatey-compatibility\helpers\Get-UninstallRegistryKey.ps1".
2026-04-06 04:45:46,587 14024 [DEBUG] - Attempting to copy "C:\ProgramData\chocolatey\lib\chocolatey-compatibility.extension\extensions\helpers\Install-ChocolateyDesktopLink.ps1"
 to "C:\ProgramData\chocolatey\extensions\chocolatey-compatibility\helpers\Install-ChocolateyDesktopLink.ps1".
2026-04-06 04:45:46,587 14024 [DEBUG] - Attempting to copy "C:\ProgramData\chocolatey\lib\chocolatey-compatibility.extension\extensions\helpers\Write-ChocolateyFailure.ps1"
 to "C:\ProgramData\chocolatey\extensions\chocolatey-compatibility\helpers\Write-ChocolateyFailure.ps1".
2026-04-06 04:45:46,587 14024 [DEBUG] - Attempting to copy "C:\ProgramData\chocolatey\lib\chocolatey-compatibility.extension\extensions\helpers\Write-ChocolateySuccess.ps1"
 to "C:\ProgramData\chocolatey\extensions\chocolatey-compatibility\helpers\Write-ChocolateySuccess.ps1".
2026-04-06 04:45:46,587 14024 [DEBUG] - Attempting to copy "C:\ProgramData\chocolatey\lib\chocolatey-compatibility.extension\extensions\helpers\Write-FileUpdateLog.ps1"
 to "C:\ProgramData\chocolatey\extensions\chocolatey-compatibility\helpers\Write-FileUpdateLog.ps1".
2026-04-06 04:45:48,095 14024 [WARN ] -  Installed/updated chocolatey-compatibility extensions.
2026-04-06 04:45:48,104 14024 [DEBUG] - Attempting to create directory "C:\ProgramData\chocolatey\.chocolatey".
2026-04-06 04:45:48,104 14024 [DEBUG] - Adding 'Hidden' attribute(s) to 'C:\ProgramData\chocolatey\.chocolatey'.
2026-04-06 04:45:48,111 14024 [DEBUG] - Attempting to create directory "C:\ProgramData\chocolatey\.chocolatey\chocolatey-compatibility.extension.1.0.0".
2026-04-06 04:45:48,111 14024 [DEBUG] - There was no original file at 'C:\ProgramData\chocolatey\.chocolatey\chocolatey-compatibility.extension.1.0.0\.files'
2026-04-06 04:45:48,111 14024 [DEBUG] - Attempting to delete file "C:\ProgramData\chocolatey\.chocolatey\chocolatey-compatibility.extension.1.0.0\.extra".
2026-04-06 04:45:48,111 14024 [DEBUG] - Attempting to delete file "C:\ProgramData\chocolatey\.chocolatey\chocolatey-compatibility.extension.1.0.0\.version".
2026-04-06 04:45:48,111 14024 [DEBUG] - Attempting to delete file "C:\ProgramData\chocolatey\.chocolatey\chocolatey-compatibility.extension.1.0.0\.sxs".
2026-04-06 04:45:48,111 14024 [DEBUG] - Attempting to delete file "C:\ProgramData\chocolatey\.chocolatey\chocolatey-compatibility.extension.1.0.0\.pin".
2026-04-06 04:45:48,111 14024 [DEBUG] - Sending message 'HandlePackageResultCompletedMessage' out if there are subscribers...
2026-04-06 04:45:48,126 14024 [DEBUG] - Attempting to delete file "C:\ProgramData\chocolatey\lib\chocolatey-compatibility.extension\.chocolateyPending".
2026-04-06 04:45:48,126 14024 [INFO ] -  The upgrade of chocolatey-compatibility.extension was successful.
2026-04-06 04:45:48,126 14024 [INFO ] -   Deployed to 'C:\ProgramData\chocolatey\extensions\chocolatey-compatibility'
2026-04-06 04:45:48,126 14024 [INFO ] - [NuGet]   GET https://community.chocolatey.org/api/v2/Packages(Id='chocolatey-core.extension',Version='1.4.0')
2026-04-06 04:45:48,493 14024 [INFO ] - [NuGet]   OK https://community.chocolatey.org/api/v2/Packages(Id='chocolatey-core.extension',Version='1.4.0') 369ms
2026-04-06 04:45:48,493 14024 [DEBUG] - Attempting to delete file "".
2026-04-06 04:45:48,493 14024 [INFO ] - Downloading package from source 'https://community.chocolatey.org/api/v2/'
2026-04-06 04:45:48,493 14024 [DEBUG] - Package download location 'https://community.chocolatey.org/api/v2/package/chocolatey-core.extension/1.4.0'
2026-04-06 04:45:48,493 14024 [INFO ] - [NuGet]   GET https://community.chocolatey.org/api/v2/package/chocolatey-core.extension/1.4.0
2026-04-06 04:45:49,182 14024 [INFO ] - [NuGet]   OK https://community.chocolatey.org/api/v2/package/chocolatey-core.extension/1.4.0 677ms
2026-04-06 04:45:49,182 14024 [INFO ] - [NuGet] Acquiring lock for the installation of chocolatey-core.extension 1.4.0
2026-04-06 04:45:49,184 14024 [INFO ] - [NuGet] Acquired lock for the installation of chocolatey-core.extension 1.4.0
2026-04-06 04:45:49,200 14024 [INFO ] - [NuGet] Installed chocolatey-core.extension 1.4.0 from https://community.chocolatey.org/api/v2/ with content hash ePZsQlm8eur8F379bOGYgRKz73/ENtMw2+fvYBMIoXleuU1OEXcxo77hGEOeWAn7BZJ7Bl4U0MafTi+TvcfhGw==.
2026-04-06 04:45:49,218 14024 [DEBUG] - Skipping package hash validation as feature 'usePackageHashValidation' is not enabled.
2026-04-06 04:45:49,228 14024 [INFO ] - [NuGet] Adding package 'chocolatey-core.extension.1.4.0 : chocolatey-compatibility.extension [1.0.0, )' to folder 'C:\ProgramData\chocolatey\lib'
2026-04-06 04:45:49,371 14024 [INFO ] - [NuGet] Added package 'chocolatey-core.extension.1.4.0 : chocolatey-compatibility.extension [1.0.0, )' to folder 'C:\ProgramData\chocolatey\lib'
2026-04-06 04:45:49,371 14024 [DEBUG] - Attempting to delete file "C:\Users\tsmit\AppData\Local\Temp\chocolatey\ChocolateyScratch\chocolatey-core.extension/1.4.0\chocolatey-core.extension.1.4.0.nupkg".
2026-04-06 04:45:49,371 14024 [DEBUG] - Attempting to delete file "C:\Users\tsmit\AppData\Local\Temp\chocolatey\ChocolateyScratch\chocolatey-core.extension/1.4.0\.nupkg.metadata".
2026-04-06 04:45:49,375 14024 [DEBUG] - Attempting to delete file "C:\Users\tsmit\AppData\Local\Temp\chocolatey\ChocolateyScratch\chocolatey-core.extension/1.4.0\chocolatey-core.extension.1.4.0.nupkg.sha512".
2026-04-06 04:45:49,375 14024 [INFO ] - 
chocolatey-core.extension v1.4.0 [Approved]
2026-04-06 04:45:49,375 14024 [INFO ] - chocolatey-core.extension package files upgrade completed. Performing other installation steps.
2026-04-06 04:45:49,389 14024 [DEBUG] - Capturing package files in 'C:\ProgramData\chocolatey\lib\chocolatey-core.extension'
2026-04-06 04:45:49,391 14024 [DEBUG] -  Found 'C:\ProgramData\chocolatey\lib\chocolatey-core.extension\chocolatey-core.extension.nupkg'
  with checksum '0CA0F8AA17B974343E7967B1820D0D9C'
2026-04-06 04:45:49,391 14024 [DEBUG] -  Found 'C:\ProgramData\chocolatey\lib\chocolatey-core.extension\chocolatey-core.extension.nuspec'
  with checksum 'B2C1C3F82AA3D894AD8E5547FF7B1688'
2026-04-06 04:45:49,391 14024 [DEBUG] -  Found 'C:\ProgramData\chocolatey\lib\chocolatey-core.extension\extensions\chocolatey-core.psm1'
  with checksum '2A0DE2FF529CFC02FDF540ACBEE99EE1'
2026-04-06 04:45:49,391 14024 [DEBUG] -  Found 'C:\ProgramData\chocolatey\lib\chocolatey-core.extension\extensions\Get-AppInstallLocation.ps1'
  with checksum 'D19FCAF1650F0EE327666CA8823F3731'
2026-04-06 04:45:49,391 14024 [DEBUG] -  Found 'C:\ProgramData\chocolatey\lib\chocolatey-core.extension\extensions\Get-AvailableDriveLetter.ps1'
  with checksum 'FF3C638BD18B2D3A563753960F6DD323'
2026-04-06 04:45:49,391 14024 [DEBUG] -  Found 'C:\ProgramData\chocolatey\lib\chocolatey-core.extension\extensions\Get-EffectiveProxy.ps1'
  with checksum '2584085C65E44561A8D8A78F617AFD3E'
2026-04-06 04:45:49,391 14024 [DEBUG] -  Found 'C:\ProgramData\chocolatey\lib\chocolatey-core.extension\extensions\Get-PackageCacheLocation.ps1'
  with checksum '77A378E5C659E5A53D2D64E276159B62'
2026-04-06 04:45:49,391 14024 [DEBUG] -  Found 'C:\ProgramData\chocolatey\lib\chocolatey-core.extension\extensions\Get-WebContent.ps1'
  with checksum '57D013E581EFEA3D4D8366183C9A5797'
2026-04-06 04:45:49,391 14024 [DEBUG] -  Found 'C:\ProgramData\chocolatey\lib\chocolatey-core.extension\extensions\Register-Application.ps1'
  with checksum 'D2853E569DAC9A341642BA76EC4FB411'
2026-04-06 04:45:49,391 14024 [DEBUG] -  Found 'C:\ProgramData\chocolatey\lib\chocolatey-core.extension\extensions\Remove-Process.ps1'
  with checksum '9A56AD3B71FD44CB8D0EA2C1ADB023B2'
2026-04-06 04:45:49,391 14024 [DEBUG] - Attempting to create directory "C:\ProgramData\chocolatey\extensions\chocolatey-core".
2026-04-06 04:45:49,391 14024 [DEBUG] - Attempting to copy "C:\ProgramData\chocolatey\lib\chocolatey-core.extension\extensions\chocolatey-core.psm1"
 to "C:\ProgramData\chocolatey\extensions\chocolatey-core\chocolatey-core.psm1".
2026-04-06 04:45:49,398 14024 [DEBUG] - Attempting to copy "C:\ProgramData\chocolatey\lib\chocolatey-core.extension\extensions\Get-AppInstallLocation.ps1"
 to "C:\ProgramData\chocolatey\extensions\chocolatey-core\Get-AppInstallLocation.ps1".
2026-04-06 04:45:49,398 14024 [DEBUG] - Attempting to copy "C:\ProgramData\chocolatey\lib\chocolatey-core.extension\extensions\Get-AvailableDriveLetter.ps1"
 to "C:\ProgramData\chocolatey\extensions\chocolatey-core\Get-AvailableDriveLetter.ps1".
2026-04-06 04:45:49,398 14024 [DEBUG] - Attempting to copy "C:\ProgramData\chocolatey\lib\chocolatey-core.extension\extensions\Get-EffectiveProxy.ps1"
 to "C:\ProgramData\chocolatey\extensions\chocolatey-core\Get-EffectiveProxy.ps1".
2026-04-06 04:45:49,398 14024 [DEBUG] - Attempting to copy "C:\ProgramData\chocolatey\lib\chocolatey-core.extension\extensions\Get-PackageCacheLocation.ps1"
 to "C:\ProgramData\chocolatey\extensions\chocolatey-core\Get-PackageCacheLocation.ps1".
2026-04-06 04:45:49,398 14024 [DEBUG] - Attempting to copy "C:\ProgramData\chocolatey\lib\chocolatey-core.extension\extensions\Get-WebContent.ps1"
 to "C:\ProgramData\chocolatey\extensions\chocolatey-core\Get-WebContent.ps1".
2026-04-06 04:45:49,398 14024 [DEBUG] - Attempting to copy "C:\ProgramData\chocolatey\lib\chocolatey-core.extension\extensions\Register-Application.ps1"
 to "C:\ProgramData\chocolatey\extensions\chocolatey-core\Register-Application.ps1".
2026-04-06 04:45:49,398 14024 [DEBUG] - Attempting to copy "C:\ProgramData\chocolatey\lib\chocolatey-core.extension\extensions\Remove-Process.ps1"
 to "C:\ProgramData\chocolatey\extensions\chocolatey-core\Remove-Process.ps1".
2026-04-06 04:45:50,905 14024 [WARN ] -  Installed/updated chocolatey-core extensions.
2026-04-06 04:45:50,905 14024 [DEBUG] - Attempting to create directory "C:\ProgramData\chocolatey\.chocolatey\chocolatey-core.extension.1.4.0".
2026-04-06 04:45:50,905 14024 [DEBUG] - There was no original file at 'C:\ProgramData\chocolatey\.chocolatey\chocolatey-core.extension.1.4.0\.files'
2026-04-06 04:45:50,905 14024 [DEBUG] - Attempting to delete file "C:\ProgramData\chocolatey\.chocolatey\chocolatey-core.extension.1.4.0\.extra".
2026-04-06 04:45:50,905 14024 [DEBUG] - Attempting to delete file "C:\ProgramData\chocolatey\.chocolatey\chocolatey-core.extension.1.4.0\.version".
2026-04-06 04:45:50,905 14024 [DEBUG] - Attempting to delete file "C:\ProgramData\chocolatey\.chocolatey\chocolatey-core.extension.1.4.0\.sxs".
2026-04-06 04:45:50,905 14024 [DEBUG] - Attempting to delete file "C:\ProgramData\chocolatey\.chocolatey\chocolatey-core.extension.1.4.0\.pin".
2026-04-06 04:45:50,913 14024 [DEBUG] - Sending message 'HandlePackageResultCompletedMessage' out if there are subscribers...
2026-04-06 04:45:50,913 14024 [DEBUG] - Attempting to delete file "C:\ProgramData\chocolatey\lib\chocolatey-core.extension\.chocolateyPending".
2026-04-06 04:45:50,913 14024 [INFO ] -  The upgrade of chocolatey-core.extension was successful.
2026-04-06 04:45:50,913 14024 [INFO ] -   Deployed to 'C:\ProgramData\chocolatey\extensions\chocolatey-core'
2026-04-06 04:45:50,913 14024 [INFO ] - [NuGet]   GET https://community.chocolatey.org/api/v2/Packages(Id='chocolatey-windowsupdate.extension',Version='1.0.5')
2026-04-06 04:45:51,302 14024 [INFO ] - [NuGet]   OK https://community.chocolatey.org/api/v2/Packages(Id='chocolatey-windowsupdate.extension',Version='1.0.5') 386ms
2026-04-06 04:45:51,302 14024 [DEBUG] - Attempting to delete file "".
2026-04-06 04:45:51,302 14024 [INFO ] - Downloading package from source 'https://community.chocolatey.org/api/v2/'
2026-04-06 04:45:51,302 14024 [DEBUG] - Package download location 'https://community.chocolatey.org/api/v2/package/chocolatey-windowsupdate.extension/1.0.5'
2026-04-06 04:45:51,302 14024 [INFO ] - [NuGet]   GET https://community.chocolatey.org/api/v2/package/chocolatey-windowsupdate.extension/1.0.5
2026-04-06 04:45:52,050 14024 [INFO ] - [NuGet]   OK https://community.chocolatey.org/api/v2/package/chocolatey-windowsupdate.extension/1.0.5 752ms
2026-04-06 04:45:52,050 14024 [INFO ] - [NuGet] Acquiring lock for the installation of chocolatey-windowsupdate.extension 1.0.5
2026-04-06 04:45:52,050 14024 [INFO ] - [NuGet] Acquired lock for the installation of chocolatey-windowsupdate.extension 1.0.5
2026-04-06 04:45:52,066 14024 [INFO ] - [NuGet] Installed chocolatey-windowsupdate.extension 1.0.5 from https://community.chocolatey.org/api/v2/ with content hash uZdp2WxTVq8bq8ksHoeK3EnOmZgyBnMEJf7p9ycVpQKUvEz4T8XjGB0bg6svF8lBvEq9lDhkDXQI1qnnJOxf4A==.
2026-04-06 04:45:52,082 14024 [DEBUG] - Skipping package hash validation as feature 'usePackageHashValidation' is not enabled.
2026-04-06 04:45:52,082 14024 [INFO ] - [NuGet] Adding package 'chocolatey-windowsupdate.extension.1.0.5' to folder 'C:\ProgramData\chocolatey\lib'
2026-04-06 04:45:52,194 14024 [INFO ] - [NuGet] Added package 'chocolatey-windowsupdate.extension.1.0.5' to folder 'C:\ProgramData\chocolatey\lib'
2026-04-06 04:45:52,194 14024 [DEBUG] - Attempting to delete file "C:\Users\tsmit\AppData\Local\Temp\chocolatey\ChocolateyScratch\chocolatey-windowsupdate.extension/1.0.5\chocolatey-windowsupdate.extension.1.0.5.nupkg".
2026-04-06 04:45:52,194 14024 [DEBUG] - Attempting to delete file "C:\Users\tsmit\AppData\Local\Temp\chocolatey\ChocolateyScratch\chocolatey-windowsupdate.extension/1.0.5\.nupkg.metadata".
2026-04-06 04:45:52,194 14024 [DEBUG] - Attempting to delete file "C:\Users\tsmit\AppData\Local\Temp\chocolatey\ChocolateyScratch\chocolatey-windowsupdate.extension/1.0.5\chocolatey-windowsupdate.extension.1.0.5.nupkg.sha512".
2026-04-06 04:45:52,194 14024 [INFO ] - 
chocolatey-windowsupdate.extension v1.0.5 [Approved]
2026-04-06 04:45:52,194 14024 [INFO ] - chocolatey-windowsupdate.extension package files upgrade completed. Performing other installation steps.
2026-04-06 04:45:52,210 14024 [DEBUG] - Capturing package files in 'C:\ProgramData\chocolatey\lib\chocolatey-windowsupdate.extension'
2026-04-06 04:45:52,210 14024 [DEBUG] -  Found 'C:\ProgramData\chocolatey\lib\chocolatey-windowsupdate.extension\chocolatey-windowsupdate.extension.nupkg'
  with checksum 'A08CB4D9F0B4FBBDB20387C8C32D91E3'
2026-04-06 04:45:52,210 14024 [DEBUG] -  Found 'C:\ProgramData\chocolatey\lib\chocolatey-windowsupdate.extension\chocolatey-windowsupdate.extension.nuspec'
  with checksum 'B70EFF5545B66A584A05AB0AFBBD05A1'
2026-04-06 04:45:52,210 14024 [DEBUG] -  Found 'C:\ProgramData\chocolatey\lib\chocolatey-windowsupdate.extension\extensions\chocolatey-windowsupdate.psm1'
  with checksum '6743F625A65587991A230D8D965908F6'
2026-04-06 04:45:52,210 14024 [DEBUG] -  Found 'C:\ProgramData\chocolatey\lib\chocolatey-windowsupdate.extension\extensions\Get-NativeInstallerExitCode.ps1'
  with checksum 'A8DA12DDEFC9C6A077E7F59FB47C3CEC'
2026-04-06 04:45:52,210 14024 [DEBUG] -  Found 'C:\ProgramData\chocolatey\lib\chocolatey-windowsupdate.extension\extensions\Get-WindowsUpdateErrorDescription.ps1'
  with checksum '1E302C5D745B2A3C87DCFE76709A5C7F'
2026-04-06 04:45:52,210 14024 [DEBUG] -  Found 'C:\ProgramData\chocolatey\lib\chocolatey-windowsupdate.extension\extensions\Install-ChocolateyPackageAndHandleExitCode.ps1'
  with checksum 'C8D8BF533EFAD990E7E9D0671F7DF685'
2026-04-06 04:45:52,210 14024 [DEBUG] -  Found 'C:\ProgramData\chocolatey\lib\chocolatey-windowsupdate.extension\extensions\Install-WindowsUpdate.ps1'
  with checksum '091E970C08F59F92829CAD5C63AD265D'
2026-04-06 04:45:52,210 14024 [DEBUG] -  Found 'C:\ProgramData\chocolatey\lib\chocolatey-windowsupdate.extension\extensions\Set-PowerShellExitCode.ps1'
  with checksum '58F9F443A2415DB881C5FB711C6D445A'
2026-04-06 04:45:52,210 14024 [DEBUG] -  Found 'C:\ProgramData\chocolatey\lib\chocolatey-windowsupdate.extension\extensions\Test-WindowsUpdate.ps1'
  with checksum '13E44CF74C3FB18BAE02AA65FD95D1DE'
2026-04-06 04:45:52,210 14024 [DEBUG] - Attempting to create directory "C:\ProgramData\chocolatey\extensions\chocolatey-windowsupdate".
2026-04-06 04:45:52,210 14024 [DEBUG] - Attempting to copy "C:\ProgramData\chocolatey\lib\chocolatey-windowsupdate.extension\extensions\chocolatey-windowsupdate.psm1"
 to "C:\ProgramData\chocolatey\extensions\chocolatey-windowsupdate\chocolatey-windowsupdate.psm1".
2026-04-06 04:45:52,210 14024 [DEBUG] - Attempting to copy "C:\ProgramData\chocolatey\lib\chocolatey-windowsupdate.extension\extensions\Get-NativeInstallerExitCode.ps1"
 to "C:\ProgramData\chocolatey\extensions\chocolatey-windowsupdate\Get-NativeInstallerExitCode.ps1".
2026-04-06 04:45:52,210 14024 [DEBUG] - Attempting to copy "C:\ProgramData\chocolatey\lib\chocolatey-windowsupdate.extension\extensions\Get-WindowsUpdateErrorDescription.ps1"
 to "C:\ProgramData\chocolatey\extensions\chocolatey-windowsupdate\Get-WindowsUpdateErrorDescription.ps1".
2026-04-06 04:45:52,210 14024 [DEBUG] - Attempting to copy "C:\ProgramData\chocolatey\lib\chocolatey-windowsupdate.extension\extensions\Install-ChocolateyPackageAndHandleExitCode.ps1"
 to "C:\ProgramData\chocolatey\extensions\chocolatey-windowsupdate\Install-ChocolateyPackageAndHandleExitCode.ps1".
2026-04-06 04:45:52,210 14024 [DEBUG] - Attempting to copy "C:\ProgramData\chocolatey\lib\chocolatey-windowsupdate.extension\extensions\Install-WindowsUpdate.ps1"
 to "C:\ProgramData\chocolatey\extensions\chocolatey-windowsupdate\Install-WindowsUpdate.ps1".
2026-04-06 04:45:52,226 14024 [DEBUG] - Attempting to copy "C:\ProgramData\chocolatey\lib\chocolatey-windowsupdate.extension\extensions\Set-PowerShellExitCode.ps1"
 to "C:\ProgramData\chocolatey\extensions\chocolatey-windowsupdate\Set-PowerShellExitCode.ps1".
2026-04-06 04:45:52,226 14024 [DEBUG] - Attempting to copy "C:\ProgramData\chocolatey\lib\chocolatey-windowsupdate.extension\extensions\Test-WindowsUpdate.ps1"
 to "C:\ProgramData\chocolatey\extensions\chocolatey-windowsupdate\Test-WindowsUpdate.ps1".
2026-04-06 04:45:53,736 14024 [WARN ] -  Installed/updated chocolatey-windowsupdate extensions.
2026-04-06 04:45:53,736 14024 [DEBUG] - Attempting to create directory "C:\ProgramData\chocolatey\.chocolatey\chocolatey-windowsupdate.extension.1.0.5".
2026-04-06 04:45:53,740 14024 [DEBUG] - There was no original file at 'C:\ProgramData\chocolatey\.chocolatey\chocolatey-windowsupdate.extension.1.0.5\.files'
2026-04-06 04:45:53,740 14024 [DEBUG] - Attempting to delete file "C:\ProgramData\chocolatey\.chocolatey\chocolatey-windowsupdate.extension.1.0.5\.extra".
2026-04-06 04:45:53,740 14024 [DEBUG] - Attempting to delete file "C:\ProgramData\chocolatey\.chocolatey\chocolatey-windowsupdate.extension.1.0.5\.version".
2026-04-06 04:45:53,740 14024 [DEBUG] - Attempting to delete file "C:\ProgramData\chocolatey\.chocolatey\chocolatey-windowsupdate.extension.1.0.5\.sxs".
2026-04-06 04:45:53,740 14024 [DEBUG] - Attempting to delete file "C:\ProgramData\chocolatey\.chocolatey\chocolatey-windowsupdate.extension.1.0.5\.pin".
2026-04-06 04:45:53,740 14024 [DEBUG] - Sending message 'HandlePackageResultCompletedMessage' out if there are subscribers...
2026-04-06 04:45:53,740 14024 [DEBUG] - Attempting to delete file "C:\ProgramData\chocolatey\lib\chocolatey-windowsupdate.extension\.chocolateyPending".
2026-04-06 04:45:53,740 14024 [INFO ] -  The upgrade of chocolatey-windowsupdate.extension was successful.
2026-04-06 04:45:53,740 14024 [INFO ] -   Deployed to 'C:\ProgramData\chocolatey\extensions\chocolatey-windowsupdate'
2026-04-06 04:45:53,740 14024 [INFO ] - [NuGet]   GET https://community.chocolatey.org/api/v2/Packages(Id='KB2919442',Version='1.0.20160915')
2026-04-06 04:45:53,959 14024 [INFO ] - [NuGet]   OK https://community.chocolatey.org/api/v2/Packages(Id='KB2919442',Version='1.0.20160915') 216ms
2026-04-06 04:45:53,959 14024 [DEBUG] - Attempting to delete file "".
2026-04-06 04:45:53,959 14024 [INFO ] - Downloading package from source 'https://community.chocolatey.org/api/v2/'
2026-04-06 04:45:53,959 14024 [DEBUG] - Package download location 'https://community.chocolatey.org/api/v2/package/KB2919442/1.0.20160915'
2026-04-06 04:45:53,959 14024 [INFO ] - [NuGet]   GET https://community.chocolatey.org/api/v2/package/KB2919442/1.0.20160915
2026-04-06 04:45:54,276 14024 [INFO ] - [NuGet]   OK https://community.chocolatey.org/api/v2/package/KB2919442/1.0.20160915 309ms
2026-04-06 04:45:54,276 14024 [INFO ] - [NuGet] Acquiring lock for the installation of KB2919442 1.0.20160915
2026-04-06 04:45:54,276 14024 [INFO ] - [NuGet] Acquired lock for the installation of KB2919442 1.0.20160915
2026-04-06 04:45:54,284 14024 [INFO ] - [NuGet] Installed KB2919442 1.0.20160915 from https://community.chocolatey.org/api/v2/ with content hash TQeoUGG09UgFxQ8kkrknyaOGchD6tctB4eWoyVVNZmGcyMVSTSyvgeB3xmPdF/BLXueGJfRFhEtaGKUF3pE6eA==.
2026-04-06 04:45:54,292 14024 [DEBUG] - Skipping package hash validation as feature 'usePackageHashValidation' is not enabled.
2026-04-06 04:45:54,308 14024 [INFO ] - [NuGet] Adding package 'KB2919442.1.0.20160915' to folder 'C:\ProgramData\chocolatey\lib'
2026-04-06 04:45:54,324 14024 [INFO ] - [NuGet] Added package 'KB2919442.1.0.20160915' to folder 'C:\ProgramData\chocolatey\lib'
2026-04-06 04:45:54,329 14024 [DEBUG] - Attempting to delete file "C:\Users\tsmit\AppData\Local\Temp\chocolatey\ChocolateyScratch\KB2919442/1.0.20160915\KB2919442.1.0.20160915.nupkg".
2026-04-06 04:45:54,329 14024 [DEBUG] - Attempting to delete file "C:\Users\tsmit\AppData\Local\Temp\chocolatey\ChocolateyScratch\KB2919442/1.0.20160915\.nupkg.metadata".
2026-04-06 04:45:54,329 14024 [DEBUG] - Attempting to delete file "C:\Users\tsmit\AppData\Local\Temp\chocolatey\ChocolateyScratch\KB2919442/1.0.20160915\KB2919442.1.0.20160915.nupkg.sha512".
2026-04-06 04:45:54,329 14024 [INFO ] - 
KB2919442 v1.0.20160915 [Approved]
2026-04-06 04:45:54,329 14024 [INFO ] - KB2919442 package files upgrade completed. Performing other installation steps.
2026-04-06 04:45:54,340 14024 [DEBUG] - Contents of 'C:\ProgramData\chocolatey\lib\KB2919442\tools\ChocolateyInstall.ps1':
2026-04-06 04:45:54,340 14024 [DEBUG] - $kb = "KB2919442"
$packageName = "KB2919442"
$silentArgs = "/quiet /norestart /log:`"$env:TEMP\$kb.Install.evt`""

$os = Get-WmiObject -Class Win32_OperatingSystem
$version = [Version]$os.Version

if ($version -eq $null -or $version -lt [Version]'6.3' -or $version -ge [Version]'6.4') {
	Write-Host "Skipping installation because this hotfix only applies to Windows 8.1 and Windows Server 2012 R2."
	return
}

if (Get-HotFix -id $kb -ea SilentlyContinue)
{
	Write-Host "Skipping installation because hotfix $kb is already installed."
	return
}

if ($os.ProductType -eq '1') {
	# Windows 8.1
	$url = "https://download.microsoft.com/download/9/D/A/9DA6C939-9E65-4681-BBBE-A8F73A5C116F/Windows8.1-KB2919442-x86.msu"
	$url64 = "https://download.microsoft.com/download/C/F/8/CF821C31-38C7-4C5C-89BB-B283059269AF/Windows8.1-KB2919442-x64.msu"
	$checksum = '3368C3A329F402FD982B15B399368627B96973F008A5456B5286BDFC10C1169B'
	$checksum64 = 'C10787E669B484674584A990E069295E8B81B5366F98508010A3AE181B729482'
} else {
	# Windows Server 2012 R2
	$url64 = "https://download.microsoft.com/download/D/6/0/D60ED3E0-93A5-4505-8F6A-8D0A5DA16C8A/Windows8.1-KB2919442-x64.msu"
	$checksum64 = 'C10787E669B484674584A990E069295E8B81B5366F98508010A3AE181B729482'
}

Install-ChocolateyPackage $packageName 'msu' $silentArgs $url $url64 -checksum $checksum -checksum64 $checksum64 -checksumType 'sha256' -validExitCodes @(0, 3010, 0x80240017)

2026-04-06 04:45:54,356 14024 [DEBUG] - Calling built-in PowerShell host with ['[System.Threading.Thread]::CurrentThread.CurrentCulture = '';[System.Threading.Thread]::CurrentThread.CurrentUICulture = '';[System.Net.ServicePointManager]::SecurityProtocol = [System.Net.SecurityProtocolType]::SystemDefault; & import-module -name 'C:\ProgramData\chocolatey\helpers\chocolateyInstaller.psm1'; & 'C:\ProgramData\chocolatey\helpers\chocolateyScriptRunner.ps1' -packageScript 'C:\ProgramData\chocolatey\lib\KB2919442\tools\ChocolateyInstall.ps1' -installArguments '' -packageParameters '' -preRunHookScripts $null -postRunHookScripts $null']
2026-04-06 04:45:54,356 14024 [DEBUG] - Redirecting System.Management.Automation.resources, Version=3.0.0.0, Culture=en-US, PublicKeyToken=31bf3856ad364e35, requested by ''
2026-04-06 04:45:54,705 14024 [DEBUG] - Host version is 5.1.26100.1882, PowerShell Version is '5.1.26100.7920' and CLR Version is '4.0.30319.42000'.
2026-04-06 04:45:54,832 14024 [INFO ] - VERBOSE: Loading module from path 'C:\ProgramData\chocolatey\helpers\Chocolatey.PowerShell.dll'.
2026-04-06 04:45:54,911 14024 [DEBUG] - Returning loaded assembly type for 'Chocolatey.PowerShell'
2026-04-06 04:45:54,911 14024 [INFO ] - VERBOSE: Importing cmdlet 'Get-EnvironmentVariable'.
2026-04-06 04:45:54,911 14024 [INFO ] - VERBOSE: Importing cmdlet 'Get-EnvironmentVariableNames'.
2026-04-06 04:45:54,911 14024 [INFO ] - VERBOSE: Importing cmdlet 'Install-ChocolateyPath'.
2026-04-06 04:45:54,911 14024 [INFO ] - VERBOSE: Importing cmdlet 'Set-EnvironmentVariable'.
2026-04-06 04:45:54,911 14024 [INFO ] - VERBOSE: Importing cmdlet 'Test-ProcessAdminRights'.
2026-04-06 04:45:54,911 14024 [INFO ] - VERBOSE: Importing cmdlet 'Uninstall-ChocolateyPath'.
2026-04-06 04:45:54,911 14024 [INFO ] - VERBOSE: Importing cmdlet 'Update-SessionEnvironment'.
2026-04-06 04:45:54,911 14024 [DEBUG] - Cmdlets exported from Chocolatey.PowerShell.dll
2026-04-06 04:45:54,911 14024 [DEBUG] - Get-EnvironmentVariable
2026-04-06 04:45:54,911 14024 [DEBUG] - Get-EnvironmentVariableNames
2026-04-06 04:45:54,911 14024 [DEBUG] - Install-ChocolateyPath
2026-04-06 04:45:54,911 14024 [DEBUG] - Set-EnvironmentVariable
2026-04-06 04:45:54,911 14024 [DEBUG] - Test-ProcessAdminRights
2026-04-06 04:45:54,911 14024 [DEBUG] - Uninstall-ChocolateyPath
2026-04-06 04:45:54,911 14024 [DEBUG] - Update-SessionEnvironment
2026-04-06 04:45:54,926 14024 [INFO ] - VERBOSE: Exporting function 'Format-FileSize'.
2026-04-06 04:45:54,926 14024 [INFO ] - VERBOSE: Exporting function 'Get-ChecksumValid'.
2026-04-06 04:45:54,926 14024 [INFO ] - VERBOSE: Exporting function 'Get-ChocolateyConfigValue'.
2026-04-06 04:45:54,926 14024 [INFO ] - VERBOSE: Exporting function 'Get-ChocolateyPath'.
2026-04-06 04:45:54,926 14024 [INFO ] - VERBOSE: Exporting function 'Get-ChocolateyUnzip'.
2026-04-06 04:45:54,926 14024 [INFO ] - VERBOSE: Exporting function 'Get-ChocolateyWebFile'.
2026-04-06 04:45:54,926 14024 [INFO ] - VERBOSE: Exporting function 'Get-FtpFile'.
2026-04-06 04:45:54,926 14024 [INFO ] - VERBOSE: Exporting function 'Get-OSArchitectureWidth'.
2026-04-06 04:45:54,926 14024 [INFO ] - VERBOSE: Exporting function 'Get-PackageParameters'.
2026-04-06 04:45:54,926 14024 [INFO ] - VERBOSE: Exporting function 'Get-PackageParametersBuiltIn'.
2026-04-06 04:45:54,926 14024 [INFO ] - VERBOSE: Exporting function 'Get-ToolsLocation'.
2026-04-06 04:45:54,926 14024 [INFO ] - VERBOSE: Exporting function 'Get-UACEnabled'.
2026-04-06 04:45:54,926 14024 [INFO ] - VERBOSE: Exporting function 'Get-UninstallRegistryKey'.
2026-04-06 04:45:54,926 14024 [INFO ] - VERBOSE: Exporting function 'Get-VirusCheckValid'.
2026-04-06 04:45:54,926 14024 [INFO ] - VERBOSE: Exporting function 'Get-WebFile'.
2026-04-06 04:45:54,926 14024 [INFO ] - VERBOSE: Exporting function 'Get-WebFileName'.
2026-04-06 04:45:54,926 14024 [INFO ] - VERBOSE: Exporting function 'Get-WebHeaders'.
2026-04-06 04:45:54,926 14024 [INFO ] - VERBOSE: Exporting function 'Install-BinFile'.
2026-04-06 04:45:54,926 14024 [INFO ] - VERBOSE: Exporting function 'Install-ChocolateyEnvironmentVariable'.
2026-04-06 04:45:54,926 14024 [INFO ] - VERBOSE: Exporting function 'Install-ChocolateyExplorerMenuItem'.
2026-04-06 04:45:54,926 14024 [INFO ] - VERBOSE: Exporting function 'Install-ChocolateyFileAssociation'.
2026-04-06 04:45:54,926 14024 [INFO ] - VERBOSE: Exporting function 'Install-ChocolateyInstallPackage'.
2026-04-06 04:45:54,926 14024 [INFO ] - VERBOSE: Exporting function 'Install-ChocolateyPackage'.
2026-04-06 04:45:54,926 14024 [INFO ] - VERBOSE: Exporting function 'Install-ChocolateyPinnedTaskBarItem'.
2026-04-06 04:45:54,926 14024 [INFO ] - VERBOSE: Exporting function 'Install-ChocolateyPowershellCommand'.
2026-04-06 04:45:54,926 14024 [INFO ] - VERBOSE: Exporting function 'Install-ChocolateyShortcut'.
2026-04-06 04:45:54,926 14024 [INFO ] - VERBOSE: Exporting function 'Install-ChocolateyVsixPackage'.
2026-04-06 04:45:54,926 14024 [INFO ] - VERBOSE: Exporting function 'Install-ChocolateyZipPackage'.
2026-04-06 04:45:54,926 14024 [INFO ] - VERBOSE: Exporting function 'Install-Vsix'.
2026-04-06 04:45:54,926 14024 [INFO ] - VERBOSE: Exporting function 'Set-PowerShellExitCode'.
2026-04-06 04:45:54,926 14024 [INFO ] - VERBOSE: Exporting function 'Start-ChocolateyProcessAsAdmin'.
2026-04-06 04:45:54,926 14024 [INFO ] - VERBOSE: Exporting function 'Uninstall-BinFile'.
2026-04-06 04:45:54,926 14024 [INFO ] - VERBOSE: Exporting function 'Uninstall-ChocolateyEnvironmentVariable'.
2026-04-06 04:45:54,926 14024 [INFO ] - VERBOSE: Exporting function 'Uninstall-ChocolateyPackage'.
2026-04-06 04:45:54,926 14024 [INFO ] - VERBOSE: Exporting function 'Uninstall-ChocolateyZipPackage'.
2026-04-06 04:45:54,926 14024 [INFO ] - VERBOSE: Exporting function 'Write-FunctionCallLogMessage'.
2026-04-06 04:45:54,926 14024 [INFO ] - VERBOSE: Exporting cmdlet 'Get-EnvironmentVariable'.
2026-04-06 04:45:54,926 14024 [INFO ] - VERBOSE: Exporting cmdlet 'Get-EnvironmentVariableNames'.
2026-04-06 04:45:54,926 14024 [INFO ] - VERBOSE: Exporting cmdlet 'Install-ChocolateyPath'.
2026-04-06 04:45:54,926 14024 [INFO ] - VERBOSE: Exporting cmdlet 'Set-EnvironmentVariable'.
2026-04-06 04:45:54,926 14024 [INFO ] - VERBOSE: Exporting cmdlet 'Test-ProcessAdminRights'.
2026-04-06 04:45:54,926 14024 [INFO ] - VERBOSE: Exporting cmdlet 'Uninstall-ChocolateyPath'.
2026-04-06 04:45:54,926 14024 [INFO ] - VERBOSE: Exporting cmdlet 'Update-SessionEnvironment'.
2026-04-06 04:45:54,926 14024 [INFO ] - VERBOSE: Exporting alias 'Get-ProcessorBits'.
2026-04-06 04:45:54,926 14024 [INFO ] - VERBOSE: Exporting alias 'Get-OSBitness'.
2026-04-06 04:45:54,926 14024 [INFO ] - VERBOSE: Exporting alias 'Get-InstallRegistryKey'.
2026-04-06 04:45:54,926 14024 [INFO ] - VERBOSE: Exporting alias 'Generate-BinFile'.
2026-04-06 04:45:54,926 14024 [INFO ] - VERBOSE: Exporting alias 'Add-BinFile'.
2026-04-06 04:45:54,926 14024 [INFO ] - VERBOSE: Exporting alias 'Start-ChocolateyProcess'.
2026-04-06 04:45:54,926 14024 [INFO ] - VERBOSE: Exporting alias 'Invoke-ChocolateyProcess'.
2026-04-06 04:45:54,926 14024 [INFO ] - VERBOSE: Exporting alias 'Remove-BinFile'.
2026-04-06 04:45:54,926 14024 [INFO ] - VERBOSE: Exporting alias 'refreshenv'.
2026-04-06 04:45:54,926 14024 [DEBUG] - Loading community extensions
2026-04-06 04:45:54,942 14024 [DEBUG] - Importing 'C:\ProgramData\chocolatey\extensions\chocolatey-compatibility\chocolatey-compatibility.psm1'
2026-04-06 04:45:54,942 14024 [INFO ] - VERBOSE: Loading module from path 'C:\ProgramData\chocolatey\extensions\chocolatey-compatibility\chocolatey-compatibility.psm1'.
2026-04-06 04:45:55,021 14024 [DEBUG] - Function 'Get-PackageParameters' exists, ignoring export.
2026-04-06 04:45:55,021 14024 [DEBUG] - Function 'Get-UninstallRegistryKey' exists, ignoring export.
2026-04-06 04:45:55,021 14024 [DEBUG] - Exporting function 'Install-ChocolateyDesktopLink' for backwards compatibility
2026-04-06 04:45:55,038 14024 [INFO ] - VERBOSE: Exporting function 'Install-ChocolateyDesktopLink'.
2026-04-06 04:45:55,038 14024 [DEBUG] - Exporting function 'Write-ChocolateyFailure' for backwards compatibility
2026-04-06 04:45:55,054 14024 [INFO ] - VERBOSE: Exporting function 'Write-ChocolateyFailure'.
2026-04-06 04:45:55,054 14024 [DEBUG] - Exporting function 'Write-ChocolateySuccess' for backwards compatibility
2026-04-06 04:45:55,070 14024 [INFO ] - VERBOSE: Exporting function 'Write-ChocolateySuccess'.
2026-04-06 04:45:55,070 14024 [DEBUG] - Exporting function 'Write-FileUpdateLog' for backwards compatibility
2026-04-06 04:45:55,086 14024 [INFO ] - VERBOSE: Exporting function 'Write-FileUpdateLog'.
2026-04-06 04:45:55,086 14024 [INFO ] - VERBOSE: Importing function 'Install-ChocolateyDesktopLink'.
2026-04-06 04:45:55,086 14024 [INFO ] - VERBOSE: Importing function 'Write-ChocolateyFailure'.
2026-04-06 04:45:55,086 14024 [INFO ] - VERBOSE: Importing function 'Write-ChocolateySuccess'.
2026-04-06 04:45:55,086 14024 [INFO ] - VERBOSE: Importing function 'Write-FileUpdateLog'.
2026-04-06 04:45:55,086 14024 [DEBUG] - Importing 'C:\ProgramData\chocolatey\extensions\chocolatey-core\chocolatey-core.psm1'
2026-04-06 04:45:55,086 14024 [INFO ] - VERBOSE: Loading module from path 'C:\ProgramData\chocolatey\extensions\chocolatey-core\chocolatey-core.psm1'.
2026-04-06 04:45:55,308 14024 [INFO ] - VERBOSE: Exporting function 'Get-AppInstallLocation'.
2026-04-06 04:45:55,308 14024 [INFO ] - VERBOSE: Exporting function 'Get-AvailableDriveLetter'.
2026-04-06 04:45:55,308 14024 [INFO ] - VERBOSE: Exporting function 'Get-EffectiveProxy'.
2026-04-06 04:45:55,308 14024 [INFO ] - VERBOSE: Exporting function 'Get-PackageCacheLocation'.
2026-04-06 04:45:55,308 14024 [INFO ] - VERBOSE: Exporting function 'Get-WebContent'.
2026-04-06 04:45:55,308 14024 [INFO ] - VERBOSE: Exporting function 'Register-Application'.
2026-04-06 04:45:55,308 14024 [INFO ] - VERBOSE: Exporting function 'Remove-Process'.
2026-04-06 04:45:55,308 14024 [INFO ] - VERBOSE: Importing function 'Get-AppInstallLocation'.
2026-04-06 04:45:55,308 14024 [INFO ] - VERBOSE: Importing function 'Get-AvailableDriveLetter'.
2026-04-06 04:45:55,308 14024 [INFO ] - VERBOSE: Importing function 'Get-EffectiveProxy'.
2026-04-06 04:45:55,308 14024 [INFO ] - VERBOSE: Importing function 'Get-PackageCacheLocation'.
2026-04-06 04:45:55,308 14024 [INFO ] - VERBOSE: Importing function 'Get-WebContent'.
2026-04-06 04:45:55,308 14024 [INFO ] - VERBOSE: Importing function 'Register-Application'.
2026-04-06 04:45:55,308 14024 [INFO ] - VERBOSE: Importing function 'Remove-Process'.
2026-04-06 04:45:55,308 14024 [DEBUG] - Importing 'C:\ProgramData\chocolatey\extensions\chocolatey-windowsupdate\chocolatey-windowsupdate.psm1'
2026-04-06 04:45:55,308 14024 [INFO ] - VERBOSE: Loading module from path 'C:\ProgramData\chocolatey\extensions\chocolatey-windowsupdate\chocolatey-windowsupdate.psm1'.
2026-04-06 04:45:55,467 14024 [INFO ] - VERBOSE: Exporting function 'Install-WindowsUpdate'.
2026-04-06 04:45:55,467 14024 [INFO ] - VERBOSE: Exporting function 'Test-WindowsUpdate'.
2026-04-06 04:45:55,467 14024 [INFO ] - VERBOSE: Importing function 'Install-WindowsUpdate'.
2026-04-06 04:45:55,467 14024 [INFO ] - VERBOSE: Importing function 'Test-WindowsUpdate'.
2026-04-06 04:45:55,467 14024 [INFO ] - VERBOSE: Exporting function 'Format-FileSize'.
2026-04-06 04:45:55,467 14024 [INFO ] - VERBOSE: Exporting function 'Get-ChecksumValid'.
2026-04-06 04:45:55,467 14024 [INFO ] - VERBOSE: Exporting function 'Get-ChocolateyConfigValue'.
2026-04-06 04:45:55,467 14024 [INFO ] - VERBOSE: Exporting function 'Get-ChocolateyPath'.
2026-04-06 04:45:55,467 14024 [INFO ] - VERBOSE: Exporting function 'Get-ChocolateyUnzip'.
2026-04-06 04:45:55,467 14024 [INFO ] - VERBOSE: Exporting function 'Get-ChocolateyWebFile'.
2026-04-06 04:45:55,467 14024 [INFO ] - VERBOSE: Exporting function 'Get-FtpFile'.
2026-04-06 04:45:55,467 14024 [INFO ] - VERBOSE: Exporting function 'Get-OSArchitectureWidth'.
2026-04-06 04:45:55,467 14024 [INFO ] - VERBOSE: Exporting function 'Get-PackageParameters'.
2026-04-06 04:45:55,467 14024 [INFO ] - VERBOSE: Exporting function 'Get-PackageParametersBuiltIn'.
2026-04-06 04:45:55,467 14024 [INFO ] - VERBOSE: Exporting function 'Get-ToolsLocation'.
2026-04-06 04:45:55,467 14024 [INFO ] - VERBOSE: Exporting function 'Get-UACEnabled'.
2026-04-06 04:45:55,467 14024 [INFO ] - VERBOSE: Exporting function 'Get-UninstallRegistryKey'.
2026-04-06 04:45:55,467 14024 [INFO ] - VERBOSE: Exporting function 'Get-VirusCheckValid'.
2026-04-06 04:45:55,467 14024 [INFO ] - VERBOSE: Exporting function 'Get-WebFile'.
2026-04-06 04:45:55,467 14024 [INFO ] - VERBOSE: Exporting function 'Get-WebFileName'.
2026-04-06 04:45:55,467 14024 [INFO ] - VERBOSE: Exporting function 'Get-WebHeaders'.
2026-04-06 04:45:55,467 14024 [INFO ] - VERBOSE: Exporting function 'Install-BinFile'.
2026-04-06 04:45:55,467 14024 [INFO ] - VERBOSE: Exporting function 'Install-ChocolateyEnvironmentVariable'.
2026-04-06 04:45:55,467 14024 [INFO ] - VERBOSE: Exporting function 'Install-ChocolateyExplorerMenuItem'.
2026-04-06 04:45:55,467 14024 [INFO ] - VERBOSE: Exporting function 'Install-ChocolateyFileAssociation'.
2026-04-06 04:45:55,482 14024 [INFO ] - VERBOSE: Exporting function 'Install-ChocolateyInstallPackage'.
2026-04-06 04:45:55,482 14024 [INFO ] - VERBOSE: Exporting function 'Install-ChocolateyPackage'.
2026-04-06 04:45:55,482 14024 [INFO ] - VERBOSE: Exporting function 'Install-ChocolateyPinnedTaskBarItem'.
2026-04-06 04:45:55,482 14024 [INFO ] - VERBOSE: Exporting function 'Install-ChocolateyPowershellCommand'.
2026-04-06 04:45:55,482 14024 [INFO ] - VERBOSE: Exporting function 'Install-ChocolateyShortcut'.
2026-04-06 04:45:55,482 14024 [INFO ] - VERBOSE: Exporting function 'Install-ChocolateyVsixPackage'.
2026-04-06 04:45:55,482 14024 [INFO ] - VERBOSE: Exporting function 'Install-ChocolateyZipPackage'.
2026-04-06 04:45:55,482 14024 [INFO ] - VERBOSE: Exporting function 'Install-Vsix'.
2026-04-06 04:45:55,482 14024 [INFO ] - VERBOSE: Exporting function 'Set-PowerShellExitCode'.
2026-04-06 04:45:55,482 14024 [INFO ] - VERBOSE: Exporting function 'Start-ChocolateyProcessAsAdmin'.
2026-04-06 04:45:55,482 14024 [INFO ] - VERBOSE: Exporting function 'Uninstall-BinFile'.
2026-04-06 04:45:55,482 14024 [INFO ] - VERBOSE: Exporting function 'Uninstall-ChocolateyEnvironmentVariable'.
2026-04-06 04:45:55,482 14024 [INFO ] - VERBOSE: Exporting function 'Uninstall-ChocolateyPackage'.
2026-04-06 04:45:55,482 14024 [INFO ] - VERBOSE: Exporting function 'Uninstall-ChocolateyZipPackage'.
2026-04-06 04:45:55,482 14024 [INFO ] - VERBOSE: Exporting function 'Write-FunctionCallLogMessage'.
2026-04-06 04:45:55,482 14024 [INFO ] - VERBOSE: Exporting function 'Install-ChocolateyDesktopLink'.
2026-04-06 04:45:55,482 14024 [INFO ] - VERBOSE: Exporting function 'Write-ChocolateyFailure'.
2026-04-06 04:45:55,482 14024 [INFO ] - VERBOSE: Exporting function 'Write-ChocolateySuccess'.
2026-04-06 04:45:55,482 14024 [INFO ] - VERBOSE: Exporting function 'Write-FileUpdateLog'.
2026-04-06 04:45:55,482 14024 [INFO ] - VERBOSE: Exporting function 'Get-AppInstallLocation'.
2026-04-06 04:45:55,482 14024 [INFO ] - VERBOSE: Exporting function 'Get-AvailableDriveLetter'.
2026-04-06 04:45:55,482 14024 [INFO ] - VERBOSE: Exporting function 'Get-EffectiveProxy'.
2026-04-06 04:45:55,482 14024 [INFO ] - VERBOSE: Exporting function 'Get-PackageCacheLocation'.
2026-04-06 04:45:55,482 14024 [INFO ] - VERBOSE: Exporting function 'Get-WebContent'.
2026-04-06 04:45:55,482 14024 [INFO ] - VERBOSE: Exporting function 'Register-Application'.
2026-04-06 04:45:55,482 14024 [INFO ] - VERBOSE: Exporting function 'Remove-Process'.
2026-04-06 04:45:55,482 14024 [INFO ] - VERBOSE: Exporting function 'Install-WindowsUpdate'.
2026-04-06 04:45:55,482 14024 [INFO ] - VERBOSE: Exporting function 'Test-WindowsUpdate'.
2026-04-06 04:45:55,482 14024 [INFO ] - VERBOSE: Exporting cmdlet 'Get-EnvironmentVariable'.
2026-04-06 04:45:55,482 14024 [INFO ] - VERBOSE: Exporting cmdlet 'Get-EnvironmentVariableNames'.
2026-04-06 04:45:55,482 14024 [INFO ] - VERBOSE: Exporting cmdlet 'Install-ChocolateyPath'.
2026-04-06 04:45:55,482 14024 [INFO ] - VERBOSE: Exporting cmdlet 'Set-EnvironmentVariable'.
2026-04-06 04:45:55,482 14024 [INFO ] - VERBOSE: Exporting cmdlet 'Test-ProcessAdminRights'.
2026-04-06 04:45:55,482 14024 [INFO ] - VERBOSE: Exporting cmdlet 'Uninstall-ChocolateyPath'.
2026-04-06 04:45:55,482 14024 [INFO ] - VERBOSE: Exporting cmdlet 'Update-SessionEnvironment'.
2026-04-06 04:45:55,482 14024 [INFO ] - VERBOSE: Exporting cmdlet 'Get-EnvironmentVariable'.
2026-04-06 04:45:55,482 14024 [INFO ] - VERBOSE: Exporting cmdlet 'Get-EnvironmentVariableNames'.
2026-04-06 04:45:55,482 14024 [INFO ] - VERBOSE: Exporting cmdlet 'Install-ChocolateyPath'.
2026-04-06 04:45:55,482 14024 [INFO ] - VERBOSE: Exporting cmdlet 'Set-EnvironmentVariable'.
2026-04-06 04:45:55,482 14024 [INFO ] - VERBOSE: Exporting cmdlet 'Test-ProcessAdminRights'.
2026-04-06 04:45:55,482 14024 [INFO ] - VERBOSE: Exporting cmdlet 'Uninstall-ChocolateyPath'.
2026-04-06 04:45:55,482 14024 [INFO ] - VERBOSE: Exporting cmdlet 'Update-SessionEnvironment'.
2026-04-06 04:45:55,482 14024 [INFO ] - VERBOSE: Exporting alias 'Get-ProcessorBits'.
2026-04-06 04:45:55,482 14024 [INFO ] - VERBOSE: Exporting alias 'Get-OSBitness'.
2026-04-06 04:45:55,482 14024 [INFO ] - VERBOSE: Exporting alias 'Get-InstallRegistryKey'.
2026-04-06 04:45:55,482 14024 [INFO ] - VERBOSE: Exporting alias 'Generate-BinFile'.
2026-04-06 04:45:55,482 14024 [INFO ] - VERBOSE: Exporting alias 'Add-BinFile'.
2026-04-06 04:45:55,482 14024 [INFO ] - VERBOSE: Exporting alias 'Start-ChocolateyProcess'.
2026-04-06 04:45:55,482 14024 [INFO ] - VERBOSE: Exporting alias 'Invoke-ChocolateyProcess'.
2026-04-06 04:45:55,482 14024 [INFO ] - VERBOSE: Exporting alias 'Remove-BinFile'.
2026-04-06 04:45:55,482 14024 [INFO ] - VERBOSE: Exporting alias 'refreshenv'.
2026-04-06 04:45:55,482 14024 [INFO ] - VERBOSE: Importing cmdlet 'Get-EnvironmentVariable'.
2026-04-06 04:45:55,482 14024 [INFO ] - VERBOSE: Importing cmdlet 'Get-EnvironmentVariableNames'.
2026-04-06 04:45:55,482 14024 [INFO ] - VERBOSE: Importing cmdlet 'Install-ChocolateyPath'.
2026-04-06 04:45:55,482 14024 [INFO ] - VERBOSE: Importing cmdlet 'Set-EnvironmentVariable'.
2026-04-06 04:45:55,482 14024 [INFO ] - VERBOSE: Importing cmdlet 'Test-ProcessAdminRights'.
2026-04-06 04:45:55,482 14024 [INFO ] - VERBOSE: Importing cmdlet 'Uninstall-ChocolateyPath'.
2026-04-06 04:45:55,482 14024 [INFO ] - VERBOSE: Importing cmdlet 'Update-SessionEnvironment'.
2026-04-06 04:45:55,482 14024 [INFO ] - VERBOSE: Importing function 'Format-FileSize'.
2026-04-06 04:45:55,482 14024 [INFO ] - VERBOSE: Importing function 'Get-AppInstallLocation'.
2026-04-06 04:45:55,482 14024 [INFO ] - VERBOSE: Importing function 'Get-AvailableDriveLetter'.
2026-04-06 04:45:55,482 14024 [INFO ] - VERBOSE: Importing function 'Get-ChecksumValid'.
2026-04-06 04:45:55,482 14024 [INFO ] - VERBOSE: Importing function 'Get-ChocolateyConfigValue'.
2026-04-06 04:45:55,482 14024 [INFO ] - VERBOSE: Importing function 'Get-ChocolateyPath'.
2026-04-06 04:45:55,482 14024 [INFO ] - VERBOSE: Importing function 'Get-ChocolateyUnzip'.
2026-04-06 04:45:55,482 14024 [INFO ] - VERBOSE: Importing function 'Get-ChocolateyWebFile'.
2026-04-06 04:45:55,482 14024 [INFO ] - VERBOSE: Importing function 'Get-EffectiveProxy'.
2026-04-06 04:45:55,482 14024 [INFO ] - VERBOSE: Importing function 'Get-FtpFile'.
2026-04-06 04:45:55,482 14024 [INFO ] - VERBOSE: Importing function 'Get-OSArchitectureWidth'.
2026-04-06 04:45:55,482 14024 [INFO ] - VERBOSE: Importing function 'Get-PackageCacheLocation'.
2026-04-06 04:45:55,482 14024 [INFO ] - VERBOSE: Importing function 'Get-PackageParameters'.
2026-04-06 04:45:55,482 14024 [INFO ] - VERBOSE: Importing function 'Get-PackageParametersBuiltIn'.
2026-04-06 04:45:55,482 14024 [INFO ] - VERBOSE: Importing function 'Get-ToolsLocation'.
2026-04-06 04:45:55,482 14024 [INFO ] - VERBOSE: Importing function 'Get-UACEnabled'.
2026-04-06 04:45:55,498 14024 [INFO ] - VERBOSE: Importing function 'Get-UninstallRegistryKey'.
2026-04-06 04:45:55,498 14024 [INFO ] - VERBOSE: Importing function 'Get-VirusCheckValid'.
2026-04-06 04:45:55,498 14024 [INFO ] - VERBOSE: Importing function 'Get-WebContent'.
2026-04-06 04:45:55,498 14024 [INFO ] - VERBOSE: Importing function 'Get-WebFile'.
2026-04-06 04:45:55,498 14024 [INFO ] - VERBOSE: Importing function 'Get-WebFileName'.
2026-04-06 04:45:55,498 14024 [INFO ] - VERBOSE: Importing function 'Get-WebHeaders'.
2026-04-06 04:45:55,498 14024 [INFO ] - VERBOSE: Importing function 'Install-BinFile'.
2026-04-06 04:45:55,498 14024 [INFO ] - VERBOSE: Importing function 'Install-ChocolateyDesktopLink'.
2026-04-06 04:45:55,498 14024 [INFO ] - VERBOSE: Importing function 'Install-ChocolateyEnvironmentVariable'.
2026-04-06 04:45:55,498 14024 [INFO ] - VERBOSE: Importing function 'Install-ChocolateyExplorerMenuItem'.
2026-04-06 04:45:55,498 14024 [INFO ] - VERBOSE: Importing function 'Install-ChocolateyFileAssociation'.
2026-04-06 04:45:55,498 14024 [INFO ] - VERBOSE: Importing function 'Install-ChocolateyInstallPackage'.
2026-04-06 04:45:55,498 14024 [INFO ] - VERBOSE: Importing function 'Install-ChocolateyPackage'.
2026-04-06 04:45:55,498 14024 [INFO ] - VERBOSE: Importing function 'Install-ChocolateyPinnedTaskBarItem'.
2026-04-06 04:45:55,498 14024 [INFO ] - VERBOSE: Importing function 'Install-ChocolateyPowershellCommand'.
2026-04-06 04:45:55,498 14024 [INFO ] - VERBOSE: Importing function 'Install-ChocolateyShortcut'.
2026-04-06 04:45:55,498 14024 [INFO ] - VERBOSE: Importing function 'Install-ChocolateyVsixPackage'.
2026-04-06 04:45:55,498 14024 [INFO ] - VERBOSE: Importing function 'Install-ChocolateyZipPackage'.
2026-04-06 04:45:55,498 14024 [INFO ] - VERBOSE: Importing function 'Install-Vsix'.
2026-04-06 04:45:55,498 14024 [INFO ] - VERBOSE: Importing function 'Install-WindowsUpdate'.
2026-04-06 04:45:55,498 14024 [INFO ] - VERBOSE: Importing function 'Register-Application'.
2026-04-06 04:45:55,498 14024 [INFO ] - VERBOSE: Importing function 'Remove-Process'.
2026-04-06 04:45:55,498 14024 [INFO ] - VERBOSE: Importing function 'Set-PowerShellExitCode'.
2026-04-06 04:45:55,498 14024 [INFO ] - VERBOSE: Importing function 'Start-ChocolateyProcessAsAdmin'.
2026-04-06 04:45:55,498 14024 [INFO ] - VERBOSE: Importing function 'Test-WindowsUpdate'.
2026-04-06 04:45:55,498 14024 [INFO ] - VERBOSE: Importing function 'Uninstall-BinFile'.
2026-04-06 04:45:55,498 14024 [INFO ] - VERBOSE: Importing function 'Uninstall-ChocolateyEnvironmentVariable'.
2026-04-06 04:45:55,498 14024 [INFO ] - VERBOSE: Importing function 'Uninstall-ChocolateyPackage'.
2026-04-06 04:45:55,498 14024 [INFO ] - VERBOSE: Importing function 'Uninstall-ChocolateyZipPackage'.
2026-04-06 04:45:55,498 14024 [INFO ] - VERBOSE: Importing function 'Write-ChocolateyFailure'.
2026-04-06 04:45:55,498 14024 [INFO ] - VERBOSE: Importing function 'Write-ChocolateySuccess'.
2026-04-06 04:45:55,498 14024 [INFO ] - VERBOSE: Importing function 'Write-FileUpdateLog'.
2026-04-06 04:45:55,498 14024 [INFO ] - VERBOSE: Importing function 'Write-FunctionCallLogMessage'.
2026-04-06 04:45:55,498 14024 [INFO ] - VERBOSE: Importing alias 'Add-BinFile'.
2026-04-06 04:45:55,498 14024 [INFO ] - VERBOSE: Importing alias 'Generate-BinFile'.
2026-04-06 04:45:55,498 14024 [INFO ] - VERBOSE: Importing alias 'Get-InstallRegistryKey'.
2026-04-06 04:45:55,498 14024 [INFO ] - VERBOSE: Importing alias 'Get-OSBitness'.
2026-04-06 04:45:55,498 14024 [INFO ] - VERBOSE: Importing alias 'Get-ProcessorBits'.
2026-04-06 04:45:55,498 14024 [INFO ] - VERBOSE: Importing alias 'Invoke-ChocolateyProcess'.
2026-04-06 04:45:55,498 14024 [INFO ] - VERBOSE: Importing alias 'refreshenv'.
2026-04-06 04:45:55,498 14024 [INFO ] - VERBOSE: Importing alias 'Remove-BinFile'.
2026-04-06 04:45:55,498 14024 [INFO ] - VERBOSE: Importing alias 'Start-ChocolateyProcess'.
2026-04-06 04:45:55,530 14024 [DEBUG] - ---------------------------Script Execution---------------------------
2026-04-06 04:45:55,546 14024 [DEBUG] - Running 'ChocolateyScriptRunner' for KB2919442 v1.0.20160915 with packageScript 'C:\ProgramData\chocolatey\lib\KB2919442\tools\ChocolateyInstall.ps1', packageFolder:'C:\ProgramData\chocolatey\lib\KB2919442', installArguments: '', packageParameters: '', preRunHookScripts: '', postRunHookScripts: '',
2026-04-06 04:45:55,546 14024 [DEBUG] - Running package script 'C:\ProgramData\chocolatey\lib\KB2919442\tools\ChocolateyInstall.ps1'
2026-04-06 04:45:55,689 14024 [INFO ] - Skipping installation because this hotfix only applies to Windows 8.1 and Windows Server 2012 R2.
2026-04-06 04:45:55,705 14024 [DEBUG] - ----------------------------------------------------------------------
2026-04-06 04:45:55,705 14024 [DEBUG] - Built-in PowerShell host called with ['[System.Threading.Thread]::CurrentThread.CurrentCulture = '';[System.Threading.Thread]::CurrentThread.CurrentUICulture = '';[System.Net.ServicePointManager]::SecurityProtocol = [System.Net.SecurityProtocolType]::SystemDefault; & import-module -name 'C:\ProgramData\chocolatey\helpers\chocolateyInstaller.psm1'; & 'C:\ProgramData\chocolatey\helpers\chocolateyScriptRunner.ps1' -packageScript 'C:\ProgramData\chocolatey\lib\KB2919442\tools\ChocolateyInstall.ps1' -installArguments '' -packageParameters '' -preRunHookScripts $null -postRunHookScripts $null'] exited with '0'.
2026-04-06 04:45:55,705 14024 [DEBUG] - Calling command ['"C:\WINDOWS\System32\shutdown.exe" /a']
2026-04-06 04:45:55,737 14024 [DEBUG] - Command ['"C:\WINDOWS\System32\shutdown.exe" /a'] exited with '1116'
2026-04-06 04:45:55,752 14024 [DEBUG] - Capturing package files in 'C:\ProgramData\chocolatey\lib\KB2919442'
2026-04-06 04:45:55,752 14024 [DEBUG] -  Found 'C:\ProgramData\chocolatey\lib\KB2919442\KB2919442.nupkg'
  with checksum '32A7D9E3BE59767CD880591CA5759720'
2026-04-06 04:45:55,752 14024 [DEBUG] -  Found 'C:\ProgramData\chocolatey\lib\KB2919442\kb2919442.nuspec'
  with checksum 'D9C59DC8D9EF1855BBE7724D3F0BAC12'
2026-04-06 04:45:55,752 14024 [DEBUG] -  Found 'C:\ProgramData\chocolatey\lib\KB2919442\tools\ChocolateyInstall.ps1'
  with checksum '154B6B62AD6DFE6A6339441FB8A0CFDE'
2026-04-06 04:45:55,752 14024 [DEBUG] - Attempting to create directory "C:\ProgramData\chocolatey\.chocolatey\KB2919442.1.0.20160915".
2026-04-06 04:45:55,752 14024 [DEBUG] - There was no original file at 'C:\ProgramData\chocolatey\.chocolatey\KB2919442.1.0.20160915\.files'
2026-04-06 04:45:55,752 14024 [DEBUG] - Attempting to delete file "C:\ProgramData\chocolatey\.chocolatey\KB2919442.1.0.20160915\.extra".
2026-04-06 04:45:55,752 14024 [DEBUG] - Attempting to delete file "C:\ProgramData\chocolatey\.chocolatey\KB2919442.1.0.20160915\.version".
2026-04-06 04:45:55,752 14024 [DEBUG] - Attempting to delete file "C:\ProgramData\chocolatey\.chocolatey\KB2919442.1.0.20160915\.sxs".
2026-04-06 04:45:55,752 14024 [DEBUG] - Attempting to delete file "C:\ProgramData\chocolatey\.chocolatey\KB2919442.1.0.20160915\.pin".
2026-04-06 04:45:55,752 14024 [DEBUG] - Attempting to delete file "C:\ProgramData\chocolatey\.chocolatey\KB2919442.1.0.20160915\.deploymentLocation".
2026-04-06 04:45:55,752 14024 [DEBUG] - Sending message 'HandlePackageResultCompletedMessage' out if there are subscribers...
2026-04-06 04:45:55,752 14024 [DEBUG] - Attempting to delete file "C:\ProgramData\chocolatey\lib\KB2919442\.chocolateyPending".
2026-04-06 04:45:55,752 14024 [INFO ] -  The upgrade of KB2919442 was successful.
2026-04-06 04:45:55,752 14024 [INFO ] -   Software install location not explicitly set, it could be in package or
  default install location of installer.
2026-04-06 04:45:55,752 14024 [INFO ] - [NuGet]   GET https://community.chocolatey.org/api/v2/Packages(Id='KB2919355',Version='1.0.20160915')
2026-04-06 04:45:56,147 14024 [INFO ] - [NuGet]   OK https://community.chocolatey.org/api/v2/Packages(Id='KB2919355',Version='1.0.20160915') 384ms
2026-04-06 04:45:56,151 14024 [DEBUG] - Attempting to delete file "".
2026-04-06 04:45:56,151 14024 [INFO ] - Downloading package from source 'https://community.chocolatey.org/api/v2/'
2026-04-06 04:45:56,153 14024 [DEBUG] - Package download location 'https://community.chocolatey.org/api/v2/package/KB2919355/1.0.20160915'
2026-04-06 04:45:56,153 14024 [INFO ] - [NuGet]   GET https://community.chocolatey.org/api/v2/package/KB2919355/1.0.20160915
2026-04-06 04:45:56,737 14024 [INFO ] - [NuGet]   OK https://community.chocolatey.org/api/v2/package/KB2919355/1.0.20160915 594ms
2026-04-06 04:45:56,737 14024 [INFO ] - [NuGet] Acquiring lock for the installation of KB2919355 1.0.20160915
2026-04-06 04:45:56,737 14024 [INFO ] - [NuGet] Acquired lock for the installation of KB2919355 1.0.20160915
2026-04-06 04:45:56,756 14024 [INFO ] - [NuGet] Installed KB2919355 1.0.20160915 from https://community.chocolatey.org/api/v2/ with content hash RCCHts7pC4SV1kJdKJMOC3mzKtjmiShaBkl0KmTsF1G9mNKNXB1qWckzDOQ++J4rIIhk6RWEjQhjb3eFKxOmLg==.
2026-04-06 04:45:56,769 14024 [DEBUG] - Skipping package hash validation as feature 'usePackageHashValidation' is not enabled.
2026-04-06 04:45:56,769 14024 [INFO ] - [NuGet] Adding package 'KB2919355.1.0.20160915 : kb2919442 [1.0.20160915, )' to folder 'C:\ProgramData\chocolatey\lib'
2026-04-06 04:45:56,785 14024 [INFO ] - [NuGet] Added package 'KB2919355.1.0.20160915 : kb2919442 [1.0.20160915, )' to folder 'C:\ProgramData\chocolatey\lib'
2026-04-06 04:45:56,785 14024 [DEBUG] - Attempting to delete file "C:\Users\tsmit\AppData\Local\Temp\chocolatey\ChocolateyScratch\KB2919355/1.0.20160915\KB2919355.1.0.20160915.nupkg".
2026-04-06 04:45:56,785 14024 [DEBUG] - Attempting to delete file "C:\Users\tsmit\AppData\Local\Temp\chocolatey\ChocolateyScratch\KB2919355/1.0.20160915\.nupkg.metadata".
2026-04-06 04:45:56,785 14024 [DEBUG] - Attempting to delete file "C:\Users\tsmit\AppData\Local\Temp\chocolatey\ChocolateyScratch\KB2919355/1.0.20160915\KB2919355.1.0.20160915.nupkg.sha512".
2026-04-06 04:45:56,785 14024 [INFO ] - 
KB2919355 v1.0.20160915 [Approved]
2026-04-06 04:45:56,800 14024 [INFO ] - KB2919355 package files upgrade completed. Performing other installation steps.
2026-04-06 04:45:56,800 14024 [DEBUG] - Contents of 'C:\ProgramData\chocolatey\lib\KB2919355\tools\ChocolateyInstall.ps1':
2026-04-06 04:45:56,800 14024 [DEBUG] - $kb = "KB2919355"
$packageName = "KB2919355"
$silentArgs = "/quiet /norestart /log:`"$env:TEMP\$kb.Install.evt`""

$os = Get-WmiObject -Class Win32_OperatingSystem
$version = [Version]$os.Version

if ($version -eq $null -or $version -lt [Version]'6.3' -or $version -ge [Version]'6.4') {
	Write-Host "Skipping installation because this hotfix only applies to Windows 8.1 and Windows Server 2012 R2."
	return
}

if (Get-HotFix -id $kb -ea SilentlyContinue)
{
	Write-Host "Skipping installation because hotfix $kb is already installed."
	return
}

if ($os.ProductType -eq '1') {
	# Windows 8.1
	$url = "https://download.microsoft.com/download/4/E/C/4EC66C83-1E15-43FD-B591-63FB7A1A5C04/Windows8.1-KB2919355-x86.msu"
	$url64 = "https://download.microsoft.com/download/D/B/1/DB1F29FC-316D-481E-B435-1654BA185DCF/Windows8.1-KB2919355-x64.msu"
	$checksum = 'F8BECA5B463A36E1FEF45AD0DCA6A0DE7606930380514AC1852DF5CA6E3F6C1D'
	$checksum64 = 'B0C9ADA530F5EE90BB962AFA9ED26218C582362315E13B1BA97E59767CB7825D'
} else {
	# Windows Server 2012 R2
	$url64 = "https://download.microsoft.com/download/2/5/6/256CCCFB-5341-4A8D-A277-8A81B21A1E35/Windows8.1-KB2919355-x64.msu"
	$checksum64 = 'B0C9ADA530F5EE90BB962AFA9ED26218C582362315E13B1BA97E59767CB7825D'
}

Install-ChocolateyPackage $packageName 'msu' $silentArgs $url $url64 -checksum $checksum -checksum64 $checksum64 -checksumType 'sha256' -validExitCodes @(0, 3010, 0x80240017)

2026-04-06 04:45:56,800 14024 [DEBUG] - Calling built-in PowerShell host with ['[System.Threading.Thread]::CurrentThread.CurrentCulture = '';[System.Threading.Thread]::CurrentThread.CurrentUICulture = '';[System.Net.ServicePointManager]::SecurityProtocol = [System.Net.SecurityProtocolType]::SystemDefault; & import-module -name 'C:\ProgramData\chocolatey\helpers\chocolateyInstaller.psm1'; & 'C:\ProgramData\chocolatey\helpers\chocolateyScriptRunner.ps1' -packageScript 'C:\ProgramData\chocolatey\lib\KB2919355\tools\ChocolateyInstall.ps1' -installArguments '' -packageParameters '' -preRunHookScripts $null -postRunHookScripts $null']
2026-04-06 04:45:56,816 14024 [DEBUG] - Redirecting Microsoft.WSMan.Management.resources, Version=3.0.0.0, Culture=en-US, PublicKeyToken=31bf3856ad364e35, requested by ''
2026-04-06 04:45:56,832 14024 [DEBUG] - Host version is 5.1.26100.1882, PowerShell Version is '5.1.26100.7920' and CLR Version is '4.0.30319.42000'.
2026-04-06 04:45:56,863 14024 [INFO ] - VERBOSE: Loading module from path 'C:\ProgramData\chocolatey\helpers\Chocolatey.PowerShell.dll'.
2026-04-06 04:45:56,879 14024 [INFO ] - VERBOSE: Importing cmdlet 'Get-EnvironmentVariable'.
2026-04-06 04:45:56,879 14024 [INFO ] - VERBOSE: Importing cmdlet 'Get-EnvironmentVariableNames'.
2026-04-06 04:45:56,879 14024 [INFO ] - VERBOSE: Importing cmdlet 'Install-ChocolateyPath'.
2026-04-06 04:45:56,879 14024 [INFO ] - VERBOSE: Importing cmdlet 'Set-EnvironmentVariable'.
2026-04-06 04:45:56,879 14024 [INFO ] - VERBOSE: Importing cmdlet 'Test-ProcessAdminRights'.
2026-04-06 04:45:56,879 14024 [INFO ] - VERBOSE: Importing cmdlet 'Uninstall-ChocolateyPath'.
2026-04-06 04:45:56,879 14024 [INFO ] - VERBOSE: Importing cmdlet 'Update-SessionEnvironment'.
2026-04-06 04:45:56,879 14024 [DEBUG] - Cmdlets exported from Chocolatey.PowerShell.dll
2026-04-06 04:45:56,879 14024 [DEBUG] - Get-EnvironmentVariable
2026-04-06 04:45:56,879 14024 [DEBUG] - Get-EnvironmentVariableNames
2026-04-06 04:45:56,879 14024 [DEBUG] - Install-ChocolateyPath
2026-04-06 04:45:56,879 14024 [DEBUG] - Set-EnvironmentVariable
2026-04-06 04:45:56,879 14024 [DEBUG] - Test-ProcessAdminRights
2026-04-06 04:45:56,879 14024 [DEBUG] - Uninstall-ChocolateyPath
2026-04-06 04:45:56,879 14024 [DEBUG] - Update-SessionEnvironment
2026-04-06 04:45:56,879 14024 [INFO ] - VERBOSE: Exporting function 'Format-FileSize'.
2026-04-06 04:45:56,879 14024 [INFO ] - VERBOSE: Exporting function 'Get-ChecksumValid'.
2026-04-06 04:45:56,879 14024 [INFO ] - VERBOSE: Exporting function 'Get-ChocolateyConfigValue'.
2026-04-06 04:45:56,879 14024 [INFO ] - VERBOSE: Exporting function 'Get-ChocolateyPath'.
2026-04-06 04:45:56,879 14024 [INFO ] - VERBOSE: Exporting function 'Get-ChocolateyUnzip'.
2026-04-06 04:45:56,879 14024 [INFO ] - VERBOSE: Exporting function 'Get-ChocolateyWebFile'.
2026-04-06 04:45:56,879 14024 [INFO ] - VERBOSE: Exporting function 'Get-FtpFile'.
2026-04-06 04:45:56,879 14024 [INFO ] - VERBOSE: Exporting function 'Get-OSArchitectureWidth'.
2026-04-06 04:45:56,879 14024 [INFO ] - VERBOSE: Exporting function 'Get-PackageParameters'.
2026-04-06 04:45:56,879 14024 [INFO ] - VERBOSE: Exporting function 'Get-PackageParametersBuiltIn'.
2026-04-06 04:45:56,879 14024 [INFO ] - VERBOSE: Exporting function 'Get-ToolsLocation'.
2026-04-06 04:45:56,879 14024 [INFO ] - VERBOSE: Exporting function 'Get-UACEnabled'.
2026-04-06 04:45:56,879 14024 [INFO ] - VERBOSE: Exporting function 'Get-UninstallRegistryKey'.
2026-04-06 04:45:56,879 14024 [INFO ] - VERBOSE: Exporting function 'Get-VirusCheckValid'.
2026-04-06 04:45:56,879 14024 [INFO ] - VERBOSE: Exporting function 'Get-WebFile'.
2026-04-06 04:45:56,879 14024 [INFO ] - VERBOSE: Exporting function 'Get-WebFileName'.
2026-04-06 04:45:56,879 14024 [INFO ] - VERBOSE: Exporting function 'Get-WebHeaders'.
2026-04-06 04:45:56,879 14024 [INFO ] - VERBOSE: Exporting function 'Install-BinFile'.
2026-04-06 04:45:56,879 14024 [INFO ] - VERBOSE: Exporting function 'Install-ChocolateyEnvironmentVariable'.
2026-04-06 04:45:56,879 14024 [INFO ] - VERBOSE: Exporting function 'Install-ChocolateyExplorerMenuItem'.
2026-04-06 04:45:56,879 14024 [INFO ] - VERBOSE: Exporting function 'Install-ChocolateyFileAssociation'.
2026-04-06 04:45:56,879 14024 [INFO ] - VERBOSE: Exporting function 'Install-ChocolateyInstallPackage'.
2026-04-06 04:45:56,879 14024 [INFO ] - VERBOSE: Exporting function 'Install-ChocolateyPackage'.
2026-04-06 04:45:56,879 14024 [INFO ] - VERBOSE: Exporting function 'Install-ChocolateyPinnedTaskBarItem'.
2026-04-06 04:45:56,879 14024 [INFO ] - VERBOSE: Exporting function 'Install-ChocolateyPowershellCommand'.
2026-04-06 04:45:56,879 14024 [INFO ] - VERBOSE: Exporting function 'Install-ChocolateyShortcut'.
2026-04-06 04:45:56,879 14024 [INFO ] - VERBOSE: Exporting function 'Install-ChocolateyVsixPackage'.
2026-04-06 04:45:56,879 14024 [INFO ] - VERBOSE: Exporting function 'Install-ChocolateyZipPackage'.
2026-04-06 04:45:56,879 14024 [INFO ] - VERBOSE: Exporting function 'Install-Vsix'.
2026-04-06 04:45:56,879 14024 [INFO ] - VERBOSE: Exporting function 'Set-PowerShellExitCode'.
2026-04-06 04:45:56,879 14024 [INFO ] - VERBOSE: Exporting function 'Start-ChocolateyProcessAsAdmin'.
2026-04-06 04:45:56,879 14024 [INFO ] - VERBOSE: Exporting function 'Uninstall-BinFile'.
2026-04-06 04:45:56,879 14024 [INFO ] - VERBOSE: Exporting function 'Uninstall-ChocolateyEnvironmentVariable'.
2026-04-06 04:45:56,879 14024 [INFO ] - VERBOSE: Exporting function 'Uninstall-ChocolateyPackage'.
2026-04-06 04:45:56,879 14024 [INFO ] - VERBOSE: Exporting function 'Uninstall-ChocolateyZipPackage'.
2026-04-06 04:45:56,879 14024 [INFO ] - VERBOSE: Exporting function 'Write-FunctionCallLogMessage'.
2026-04-06 04:45:56,879 14024 [INFO ] - VERBOSE: Exporting cmdlet 'Get-EnvironmentVariable'.
2026-04-06 04:45:56,879 14024 [INFO ] - VERBOSE: Exporting cmdlet 'Get-EnvironmentVariableNames'.
2026-04-06 04:45:56,879 14024 [INFO ] - VERBOSE: Exporting cmdlet 'Install-ChocolateyPath'.
2026-04-06 04:45:56,879 14024 [INFO ] - VERBOSE: Exporting cmdlet 'Set-EnvironmentVariable'.
2026-04-06 04:45:56,879 14024 [INFO ] - VERBOSE: Exporting cmdlet 'Test-ProcessAdminRights'.
2026-04-06 04:45:56,879 14024 [INFO ] - VERBOSE: Exporting cmdlet 'Uninstall-ChocolateyPath'.
2026-04-06 04:45:56,879 14024 [INFO ] - VERBOSE: Exporting cmdlet 'Update-SessionEnvironment'.
2026-04-06 04:45:56,879 14024 [INFO ] - VERBOSE: Exporting alias 'Get-ProcessorBits'.
2026-04-06 04:45:56,879 14024 [INFO ] - VERBOSE: Exporting alias 'Get-OSBitness'.
2026-04-06 04:45:56,879 14024 [INFO ] - VERBOSE: Exporting alias 'Get-InstallRegistryKey'.
2026-04-06 04:45:56,879 14024 [INFO ] - VERBOSE: Exporting alias 'Generate-BinFile'.
2026-04-06 04:45:56,879 14024 [INFO ] - VERBOSE: Exporting alias 'Add-BinFile'.
2026-04-06 04:45:56,879 14024 [INFO ] - VERBOSE: Exporting alias 'Start-ChocolateyProcess'.
2026-04-06 04:45:56,879 14024 [INFO ] - VERBOSE: Exporting alias 'Invoke-ChocolateyProcess'.
2026-04-06 04:45:56,879 14024 [INFO ] - VERBOSE: Exporting alias 'Remove-BinFile'.
2026-04-06 04:45:56,879 14024 [INFO ] - VERBOSE: Exporting alias 'refreshenv'.
2026-04-06 04:45:56,895 14024 [DEBUG] - Loading community extensions
2026-04-06 04:45:56,895 14024 [DEBUG] - Importing 'C:\ProgramData\chocolatey\extensions\chocolatey-compatibility\chocolatey-compatibility.psm1'
2026-04-06 04:45:56,895 14024 [INFO ] - VERBOSE: Loading module from path 'C:\ProgramData\chocolatey\extensions\chocolatey-compatibility\chocolatey-compatibility.psm1'.
2026-04-06 04:45:56,895 14024 [DEBUG] - Function 'Get-PackageParameters' exists, ignoring export.
2026-04-06 04:45:56,895 14024 [DEBUG] - Function 'Get-UninstallRegistryKey' exists, ignoring export.
2026-04-06 04:45:56,895 14024 [DEBUG] - Exporting function 'Install-ChocolateyDesktopLink' for backwards compatibility
2026-04-06 04:45:56,895 14024 [INFO ] - VERBOSE: Exporting function 'Install-ChocolateyDesktopLink'.
2026-04-06 04:45:56,895 14024 [DEBUG] - Exporting function 'Write-ChocolateyFailure' for backwards compatibility
2026-04-06 04:45:56,895 14024 [INFO ] - VERBOSE: Exporting function 'Write-ChocolateyFailure'.
2026-04-06 04:45:56,895 14024 [DEBUG] - Exporting function 'Write-ChocolateySuccess' for backwards compatibility
2026-04-06 04:45:56,895 14024 [INFO ] - VERBOSE: Exporting function 'Write-ChocolateySuccess'.
2026-04-06 04:45:56,895 14024 [DEBUG] - Exporting function 'Write-FileUpdateLog' for backwards compatibility
2026-04-06 04:45:56,895 14024 [INFO ] - VERBOSE: Exporting function 'Write-FileUpdateLog'.
2026-04-06 04:45:56,895 14024 [INFO ] - VERBOSE: Importing function 'Install-ChocolateyDesktopLink'.
2026-04-06 04:45:56,895 14024 [INFO ] - VERBOSE: Importing function 'Write-ChocolateyFailure'.
2026-04-06 04:45:56,895 14024 [INFO ] - VERBOSE: Importing function 'Write-ChocolateySuccess'.
2026-04-06 04:45:56,895 14024 [INFO ] - VERBOSE: Importing function 'Write-FileUpdateLog'.
2026-04-06 04:45:56,895 14024 [DEBUG] - Importing 'C:\ProgramData\chocolatey\extensions\chocolatey-core\chocolatey-core.psm1'
2026-04-06 04:45:56,895 14024 [INFO ] - VERBOSE: Loading module from path 'C:\ProgramData\chocolatey\extensions\chocolatey-core\chocolatey-core.psm1'.
2026-04-06 04:45:56,926 14024 [INFO ] - VERBOSE: Exporting function 'Get-AppInstallLocation'.
2026-04-06 04:45:56,926 14024 [INFO ] - VERBOSE: Exporting function 'Get-AvailableDriveLetter'.
2026-04-06 04:45:56,926 14024 [INFO ] - VERBOSE: Exporting function 'Get-EffectiveProxy'.
2026-04-06 04:45:56,926 14024 [INFO ] - VERBOSE: Exporting function 'Get-PackageCacheLocation'.
2026-04-06 04:45:56,926 14024 [INFO ] - VERBOSE: Exporting function 'Get-WebContent'.
2026-04-06 04:45:56,926 14024 [INFO ] - VERBOSE: Exporting function 'Register-Application'.
2026-04-06 04:45:56,926 14024 [INFO ] - VERBOSE: Exporting function 'Remove-Process'.
2026-04-06 04:45:56,926 14024 [INFO ] - VERBOSE: Importing function 'Get-AppInstallLocation'.
2026-04-06 04:45:56,926 14024 [INFO ] - VERBOSE: Importing function 'Get-AvailableDriveLetter'.
2026-04-06 04:45:56,926 14024 [INFO ] - VERBOSE: Importing function 'Get-EffectiveProxy'.
2026-04-06 04:45:56,926 14024 [INFO ] - VERBOSE: Importing function 'Get-PackageCacheLocation'.
2026-04-06 04:45:56,926 14024 [INFO ] - VERBOSE: Importing function 'Get-WebContent'.
2026-04-06 04:45:56,926 14024 [INFO ] - VERBOSE: Importing function 'Register-Application'.
2026-04-06 04:45:56,926 14024 [INFO ] - VERBOSE: Importing function 'Remove-Process'.
2026-04-06 04:45:56,926 14024 [DEBUG] - Importing 'C:\ProgramData\chocolatey\extensions\chocolatey-windowsupdate\chocolatey-windowsupdate.psm1'
2026-04-06 04:45:56,926 14024 [INFO ] - VERBOSE: Loading module from path 'C:\ProgramData\chocolatey\extensions\chocolatey-windowsupdate\chocolatey-windowsupdate.psm1'.
2026-04-06 04:45:56,926 14024 [INFO ] - VERBOSE: Exporting function 'Install-WindowsUpdate'.
2026-04-06 04:45:56,926 14024 [INFO ] - VERBOSE: Exporting function 'Test-WindowsUpdate'.
2026-04-06 04:45:56,942 14024 [INFO ] - VERBOSE: Importing function 'Install-WindowsUpdate'.
2026-04-06 04:45:56,942 14024 [INFO ] - VERBOSE: Importing function 'Test-WindowsUpdate'.
2026-04-06 04:45:56,942 14024 [INFO ] - VERBOSE: Exporting function 'Format-FileSize'.
2026-04-06 04:45:56,942 14024 [INFO ] - VERBOSE: Exporting function 'Get-ChecksumValid'.
2026-04-06 04:45:56,942 14024 [INFO ] - VERBOSE: Exporting function 'Get-ChocolateyConfigValue'.
2026-04-06 04:45:56,942 14024 [INFO ] - VERBOSE: Exporting function 'Get-ChocolateyPath'.
2026-04-06 04:45:56,942 14024 [INFO ] - VERBOSE: Exporting function 'Get-ChocolateyUnzip'.
2026-04-06 04:45:56,942 14024 [INFO ] - VERBOSE: Exporting function 'Get-ChocolateyWebFile'.
2026-04-06 04:45:56,942 14024 [INFO ] - VERBOSE: Exporting function 'Get-FtpFile'.
2026-04-06 04:45:56,942 14024 [INFO ] - VERBOSE: Exporting function 'Get-OSArchitectureWidth'.
2026-04-06 04:45:56,942 14024 [INFO ] - VERBOSE: Exporting function 'Get-PackageParameters'.
2026-04-06 04:45:56,942 14024 [INFO ] - VERBOSE: Exporting function 'Get-PackageParametersBuiltIn'.
2026-04-06 04:45:56,942 14024 [INFO ] - VERBOSE: Exporting function 'Get-ToolsLocation'.
2026-04-06 04:45:56,942 14024 [INFO ] - VERBOSE: Exporting function 'Get-UACEnabled'.
2026-04-06 04:45:56,942 14024 [INFO ] - VERBOSE: Exporting function 'Get-UninstallRegistryKey'.
2026-04-06 04:45:56,942 14024 [INFO ] - VERBOSE: Exporting function 'Get-VirusCheckValid'.
2026-04-06 04:45:56,942 14024 [INFO ] - VERBOSE: Exporting function 'Get-WebFile'.
2026-04-06 04:45:56,942 14024 [INFO ] - VERBOSE: Exporting function 'Get-WebFileName'.
2026-04-06 04:45:56,942 14024 [INFO ] - VERBOSE: Exporting function 'Get-WebHeaders'.
2026-04-06 04:45:56,942 14024 [INFO ] - VERBOSE: Exporting function 'Install-BinFile'.
2026-04-06 04:45:56,942 14024 [INFO ] - VERBOSE: Exporting function 'Install-ChocolateyEnvironmentVariable'.
2026-04-06 04:45:56,942 14024 [INFO ] - VERBOSE: Exporting function 'Install-ChocolateyExplorerMenuItem'.
2026-04-06 04:45:56,942 14024 [INFO ] - VERBOSE: Exporting function 'Install-ChocolateyFileAssociation'.
2026-04-06 04:45:56,942 14024 [INFO ] - VERBOSE: Exporting function 'Install-ChocolateyInstallPackage'.
2026-04-06 04:45:56,942 14024 [INFO ] - VERBOSE: Exporting function 'Install-ChocolateyPackage'.
2026-04-06 04:45:56,942 14024 [INFO ] - VERBOSE: Exporting function 'Install-ChocolateyPinnedTaskBarItem'.
2026-04-06 04:45:56,942 14024 [INFO ] - VERBOSE: Exporting function 'Install-ChocolateyPowershellCommand'.
2026-04-06 04:45:56,942 14024 [INFO ] - VERBOSE: Exporting function 'Install-ChocolateyShortcut'.
2026-04-06 04:45:56,942 14024 [INFO ] - VERBOSE: Exporting function 'Install-ChocolateyVsixPackage'.
2026-04-06 04:45:56,942 14024 [INFO ] - VERBOSE: Exporting function 'Install-ChocolateyZipPackage'.
2026-04-06 04:45:56,942 14024 [INFO ] - VERBOSE: Exporting function 'Install-Vsix'.
2026-04-06 04:45:56,942 14024 [INFO ] - VERBOSE: Exporting function 'Set-PowerShellExitCode'.
2026-04-06 04:45:56,942 14024 [INFO ] - VERBOSE: Exporting function 'Start-ChocolateyProcessAsAdmin'.
2026-04-06 04:45:56,942 14024 [INFO ] - VERBOSE: Exporting function 'Uninstall-BinFile'.
2026-04-06 04:45:56,942 14024 [INFO ] - VERBOSE: Exporting function 'Uninstall-ChocolateyEnvironmentVariable'.
2026-04-06 04:45:56,942 14024 [INFO ] - VERBOSE: Exporting function 'Uninstall-ChocolateyPackage'.
2026-04-06 04:45:56,942 14024 [INFO ] - VERBOSE: Exporting function 'Uninstall-ChocolateyZipPackage'.
2026-04-06 04:45:56,942 14024 [INFO ] - VERBOSE: Exporting function 'Write-FunctionCallLogMessage'.
2026-04-06 04:45:56,942 14024 [INFO ] - VERBOSE: Exporting function 'Install-ChocolateyDesktopLink'.
2026-04-06 04:45:56,942 14024 [INFO ] - VERBOSE: Exporting function 'Write-ChocolateyFailure'.
2026-04-06 04:45:56,942 14024 [INFO ] - VERBOSE: Exporting function 'Write-ChocolateySuccess'.
2026-04-06 04:45:56,942 14024 [INFO ] - VERBOSE: Exporting function 'Write-FileUpdateLog'.
2026-04-06 04:45:56,942 14024 [INFO ] - VERBOSE: Exporting function 'Get-AppInstallLocation'.
2026-04-06 04:45:56,942 14024 [INFO ] - VERBOSE: Exporting function 'Get-AvailableDriveLetter'.
2026-04-06 04:45:56,942 14024 [INFO ] - VERBOSE: Exporting function 'Get-EffectiveProxy'.
2026-04-06 04:45:56,942 14024 [INFO ] - VERBOSE: Exporting function 'Get-PackageCacheLocation'.
2026-04-06 04:45:56,942 14024 [INFO ] - VERBOSE: Exporting function 'Get-WebContent'.
2026-04-06 04:45:56,942 14024 [INFO ] - VERBOSE: Exporting function 'Register-Application'.
2026-04-06 04:45:56,942 14024 [INFO ] - VERBOSE: Exporting function 'Remove-Process'.
2026-04-06 04:45:56,942 14024 [INFO ] - VERBOSE: Exporting function 'Install-WindowsUpdate'.
2026-04-06 04:45:56,942 14024 [INFO ] - VERBOSE: Exporting function 'Test-WindowsUpdate'.
2026-04-06 04:45:56,942 14024 [INFO ] - VERBOSE: Exporting cmdlet 'Get-EnvironmentVariable'.
2026-04-06 04:45:56,942 14024 [INFO ] - VERBOSE: Exporting cmdlet 'Get-EnvironmentVariableNames'.
2026-04-06 04:45:56,942 14024 [INFO ] - VERBOSE: Exporting cmdlet 'Install-ChocolateyPath'.
2026-04-06 04:45:56,942 14024 [INFO ] - VERBOSE: Exporting cmdlet 'Set-EnvironmentVariable'.
2026-04-06 04:45:56,942 14024 [INFO ] - VERBOSE: Exporting cmdlet 'Test-ProcessAdminRights'.
2026-04-06 04:45:56,942 14024 [INFO ] - VERBOSE: Exporting cmdlet 'Uninstall-ChocolateyPath'.
2026-04-06 04:45:56,942 14024 [INFO ] - VERBOSE: Exporting cmdlet 'Update-SessionEnvironment'.
2026-04-06 04:45:56,942 14024 [INFO ] - VERBOSE: Exporting cmdlet 'Get-EnvironmentVariable'.
2026-04-06 04:45:56,942 14024 [INFO ] - VERBOSE: Exporting cmdlet 'Get-EnvironmentVariableNames'.
2026-04-06 04:45:56,942 14024 [INFO ] - VERBOSE: Exporting cmdlet 'Install-ChocolateyPath'.
2026-04-06 04:45:56,942 14024 [INFO ] - VERBOSE: Exporting cmdlet 'Set-EnvironmentVariable'.
2026-04-06 04:45:56,942 14024 [INFO ] - VERBOSE: Exporting cmdlet 'Test-ProcessAdminRights'.
2026-04-06 04:45:56,942 14024 [INFO ] - VERBOSE: Exporting cmdlet 'Uninstall-ChocolateyPath'.
2026-04-06 04:45:56,942 14024 [INFO ] - VERBOSE: Exporting cmdlet 'Update-SessionEnvironment'.
2026-04-06 04:45:56,942 14024 [INFO ] - VERBOSE: Exporting alias 'Get-ProcessorBits'.
2026-04-06 04:45:56,942 14024 [INFO ] - VERBOSE: Exporting alias 'Get-OSBitness'.
2026-04-06 04:45:56,942 14024 [INFO ] - VERBOSE: Exporting alias 'Get-InstallRegistryKey'.
2026-04-06 04:45:56,942 14024 [INFO ] - VERBOSE: Exporting alias 'Generate-BinFile'.
2026-04-06 04:45:56,942 14024 [INFO ] - VERBOSE: Exporting alias 'Add-BinFile'.
2026-04-06 04:45:56,942 14024 [INFO ] - VERBOSE: Exporting alias 'Start-ChocolateyProcess'.
2026-04-06 04:45:56,942 14024 [INFO ] - VERBOSE: Exporting alias 'Invoke-ChocolateyProcess'.
2026-04-06 04:45:56,958 14024 [INFO ] - VERBOSE: Exporting alias 'Remove-BinFile'.
2026-04-06 04:45:56,958 14024 [INFO ] - VERBOSE: Exporting alias 'refreshenv'.
2026-04-06 04:45:56,958 14024 [INFO ] - VERBOSE: Importing cmdlet 'Get-EnvironmentVariable'.
2026-04-06 04:45:56,958 14024 [INFO ] - VERBOSE: Importing cmdlet 'Get-EnvironmentVariableNames'.
2026-04-06 04:45:56,958 14024 [INFO ] - VERBOSE: Importing cmdlet 'Install-ChocolateyPath'.
2026-04-06 04:45:56,958 14024 [INFO ] - VERBOSE: Importing cmdlet 'Set-EnvironmentVariable'.
2026-04-06 04:45:56,958 14024 [INFO ] - VERBOSE: Importing cmdlet 'Test-ProcessAdminRights'.
2026-04-06 04:45:56,958 14024 [INFO ] - VERBOSE: Importing cmdlet 'Uninstall-ChocolateyPath'.
2026-04-06 04:45:56,958 14024 [INFO ] - VERBOSE: Importing cmdlet 'Update-SessionEnvironment'.
2026-04-06 04:45:56,958 14024 [INFO ] - VERBOSE: Importing function 'Format-FileSize'.
2026-04-06 04:45:56,958 14024 [INFO ] - VERBOSE: Importing function 'Get-AppInstallLocation'.
2026-04-06 04:45:56,958 14024 [INFO ] - VERBOSE: Importing function 'Get-AvailableDriveLetter'.
2026-04-06 04:45:56,958 14024 [INFO ] - VERBOSE: Importing function 'Get-ChecksumValid'.
2026-04-06 04:45:56,958 14024 [INFO ] - VERBOSE: Importing function 'Get-ChocolateyConfigValue'.
2026-04-06 04:45:56,958 14024 [INFO ] - VERBOSE: Importing function 'Get-ChocolateyPath'.
2026-04-06 04:45:56,958 14024 [INFO ] - VERBOSE: Importing function 'Get-ChocolateyUnzip'.
2026-04-06 04:45:56,958 14024 [INFO ] - VERBOSE: Importing function 'Get-ChocolateyWebFile'.
2026-04-06 04:45:56,958 14024 [INFO ] - VERBOSE: Importing function 'Get-EffectiveProxy'.
2026-04-06 04:45:56,958 14024 [INFO ] - VERBOSE: Importing function 'Get-FtpFile'.
2026-04-06 04:45:56,958 14024 [INFO ] - VERBOSE: Importing function 'Get-OSArchitectureWidth'.
2026-04-06 04:45:56,958 14024 [INFO ] - VERBOSE: Importing function 'Get-PackageCacheLocation'.
2026-04-06 04:45:56,958 14024 [INFO ] - VERBOSE: Importing function 'Get-PackageParameters'.
2026-04-06 04:45:56,958 14024 [INFO ] - VERBOSE: Importing function 'Get-PackageParametersBuiltIn'.
2026-04-06 04:45:56,958 14024 [INFO ] - VERBOSE: Importing function 'Get-ToolsLocation'.
2026-04-06 04:45:56,958 14024 [INFO ] - VERBOSE: Importing function 'Get-UACEnabled'.
2026-04-06 04:45:56,958 14024 [INFO ] - VERBOSE: Importing function 'Get-UninstallRegistryKey'.
2026-04-06 04:45:56,958 14024 [INFO ] - VERBOSE: Importing function 'Get-VirusCheckValid'.
2026-04-06 04:45:56,958 14024 [INFO ] - VERBOSE: Importing function 'Get-WebContent'.
2026-04-06 04:45:56,958 14024 [INFO ] - VERBOSE: Importing function 'Get-WebFile'.
2026-04-06 04:45:56,958 14024 [INFO ] - VERBOSE: Importing function 'Get-WebFileName'.
2026-04-06 04:45:56,958 14024 [INFO ] - VERBOSE: Importing function 'Get-WebHeaders'.
2026-04-06 04:45:56,958 14024 [INFO ] - VERBOSE: Importing function 'Install-BinFile'.
2026-04-06 04:45:56,958 14024 [INFO ] - VERBOSE: Importing function 'Install-ChocolateyDesktopLink'.
2026-04-06 04:45:56,958 14024 [INFO ] - VERBOSE: Importing function 'Install-ChocolateyEnvironmentVariable'.
2026-04-06 04:45:56,958 14024 [INFO ] - VERBOSE: Importing function 'Install-ChocolateyExplorerMenuItem'.
2026-04-06 04:45:56,958 14024 [INFO ] - VERBOSE: Importing function 'Install-ChocolateyFileAssociation'.
2026-04-06 04:45:56,958 14024 [INFO ] - VERBOSE: Importing function 'Install-ChocolateyInstallPackage'.
2026-04-06 04:45:56,958 14024 [INFO ] - VERBOSE: Importing function 'Install-ChocolateyPackage'.
2026-04-06 04:45:56,958 14024 [INFO ] - VERBOSE: Importing function 'Install-ChocolateyPinnedTaskBarItem'.
2026-04-06 04:45:56,958 14024 [INFO ] - VERBOSE: Importing function 'Install-ChocolateyPowershellCommand'.
2026-04-06 04:45:56,958 14024 [INFO ] - VERBOSE: Importing function 'Install-ChocolateyShortcut'.
2026-04-06 04:45:56,958 14024 [INFO ] - VERBOSE: Importing function 'Install-ChocolateyVsixPackage'.
2026-04-06 04:45:56,958 14024 [INFO ] - VERBOSE: Importing function 'Install-ChocolateyZipPackage'.
2026-04-06 04:45:56,958 14024 [INFO ] - VERBOSE: Importing function 'Install-Vsix'.
2026-04-06 04:45:56,958 14024 [INFO ] - VERBOSE: Importing function 'Install-WindowsUpdate'.
2026-04-06 04:45:56,958 14024 [INFO ] - VERBOSE: Importing function 'Register-Application'.
2026-04-06 04:45:56,958 14024 [INFO ] - VERBOSE: Importing function 'Remove-Process'.
2026-04-06 04:45:56,958 14024 [INFO ] - VERBOSE: Importing function 'Set-PowerShellExitCode'.
2026-04-06 04:45:56,958 14024 [INFO ] - VERBOSE: Importing function 'Start-ChocolateyProcessAsAdmin'.
2026-04-06 04:45:56,958 14024 [INFO ] - VERBOSE: Importing function 'Test-WindowsUpdate'.
2026-04-06 04:45:56,958 14024 [INFO ] - VERBOSE: Importing function 'Uninstall-BinFile'.
2026-04-06 04:45:56,958 14024 [INFO ] - VERBOSE: Importing function 'Uninstall-ChocolateyEnvironmentVariable'.
2026-04-06 04:45:56,958 14024 [INFO ] - VERBOSE: Importing function 'Uninstall-ChocolateyPackage'.
2026-04-06 04:45:56,958 14024 [INFO ] - VERBOSE: Importing function 'Uninstall-ChocolateyZipPackage'.
2026-04-06 04:45:56,958 14024 [INFO ] - VERBOSE: Importing function 'Write-ChocolateyFailure'.
2026-04-06 04:45:56,958 14024 [INFO ] - VERBOSE: Importing function 'Write-ChocolateySuccess'.
2026-04-06 04:45:56,958 14024 [INFO ] - VERBOSE: Importing function 'Write-FileUpdateLog'.
2026-04-06 04:45:56,958 14024 [INFO ] - VERBOSE: Importing function 'Write-FunctionCallLogMessage'.
2026-04-06 04:45:56,958 14024 [INFO ] - VERBOSE: Importing alias 'Add-BinFile'.
2026-04-06 04:45:56,958 14024 [INFO ] - VERBOSE: Importing alias 'Generate-BinFile'.
2026-04-06 04:45:56,958 14024 [INFO ] - VERBOSE: Importing alias 'Get-InstallRegistryKey'.
2026-04-06 04:45:56,958 14024 [INFO ] - VERBOSE: Importing alias 'Get-OSBitness'.
2026-04-06 04:45:56,958 14024 [INFO ] - VERBOSE: Importing alias 'Get-ProcessorBits'.
2026-04-06 04:45:56,958 14024 [INFO ] - VERBOSE: Importing alias 'Invoke-ChocolateyProcess'.
2026-04-06 04:45:56,958 14024 [INFO ] - VERBOSE: Importing alias 'refreshenv'.
2026-04-06 04:45:56,958 14024 [INFO ] - VERBOSE: Importing alias 'Remove-BinFile'.
2026-04-06 04:45:56,958 14024 [INFO ] - VERBOSE: Importing alias 'Start-ChocolateyProcess'.
2026-04-06 04:45:56,958 14024 [DEBUG] - ---------------------------Script Execution---------------------------
2026-04-06 04:45:56,974 14024 [DEBUG] - Running 'ChocolateyScriptRunner' for KB2919355 v1.0.20160915 with packageScript 'C:\ProgramData\chocolatey\lib\KB2919355\tools\ChocolateyInstall.ps1', packageFolder:'C:\ProgramData\chocolatey\lib\KB2919355', installArguments: '', packageParameters: '', preRunHookScripts: '', postRunHookScripts: '',
2026-04-06 04:45:56,974 14024 [DEBUG] - Running package script 'C:\ProgramData\chocolatey\lib\KB2919355\tools\ChocolateyInstall.ps1'
2026-04-06 04:45:57,053 14024 [INFO ] - Skipping installation because this hotfix only applies to Windows 8.1 and Windows Server 2012 R2.
2026-04-06 04:45:57,053 14024 [DEBUG] - ----------------------------------------------------------------------
2026-04-06 04:45:57,053 14024 [DEBUG] - Built-in PowerShell host called with ['[System.Threading.Thread]::CurrentThread.CurrentCulture = '';[System.Threading.Thread]::CurrentThread.CurrentUICulture = '';[System.Net.ServicePointManager]::SecurityProtocol = [System.Net.SecurityProtocolType]::SystemDefault; & import-module -name 'C:\ProgramData\chocolatey\helpers\chocolateyInstaller.psm1'; & 'C:\ProgramData\chocolatey\helpers\chocolateyScriptRunner.ps1' -packageScript 'C:\ProgramData\chocolatey\lib\KB2919355\tools\ChocolateyInstall.ps1' -installArguments '' -packageParameters '' -preRunHookScripts $null -postRunHookScripts $null'] exited with '0'.
2026-04-06 04:45:57,053 14024 [DEBUG] - Calling command ['"C:\WINDOWS\System32\shutdown.exe" /a']
2026-04-06 04:45:57,085 14024 [DEBUG] - Command ['"C:\WINDOWS\System32\shutdown.exe" /a'] exited with '1116'
2026-04-06 04:45:57,085 14024 [DEBUG] - Capturing package files in 'C:\ProgramData\chocolatey\lib\KB2919355'
2026-04-06 04:45:57,085 14024 [DEBUG] -  Found 'C:\ProgramData\chocolatey\lib\KB2919355\KB2919355.nupkg'
  with checksum '6384E224A2407A0FD2BD9F0D6F4380A6'
2026-04-06 04:45:57,085 14024 [DEBUG] -  Found 'C:\ProgramData\chocolatey\lib\KB2919355\kb2919355.nuspec'
  with checksum '34507A749528D6E32A04A706771C8D36'
2026-04-06 04:45:57,085 14024 [DEBUG] -  Found 'C:\ProgramData\chocolatey\lib\KB2919355\tools\ChocolateyInstall.ps1'
  with checksum '7C8F335CAA880A57142BC255CF70FA01'
2026-04-06 04:45:57,085 14024 [DEBUG] - Attempting to create directory "C:\ProgramData\chocolatey\.chocolatey\KB2919355.1.0.20160915".
2026-04-06 04:45:57,085 14024 [DEBUG] - There was no original file at 'C:\ProgramData\chocolatey\.chocolatey\KB2919355.1.0.20160915\.files'
2026-04-06 04:45:57,085 14024 [DEBUG] - Attempting to delete file "C:\ProgramData\chocolatey\.chocolatey\KB2919355.1.0.20160915\.extra".
2026-04-06 04:45:57,085 14024 [DEBUG] - Attempting to delete file "C:\ProgramData\chocolatey\.chocolatey\KB2919355.1.0.20160915\.version".
2026-04-06 04:45:57,085 14024 [DEBUG] - Attempting to delete file "C:\ProgramData\chocolatey\.chocolatey\KB2919355.1.0.20160915\.sxs".
2026-04-06 04:45:57,085 14024 [DEBUG] - Attempting to delete file "C:\ProgramData\chocolatey\.chocolatey\KB2919355.1.0.20160915\.pin".
2026-04-06 04:45:57,085 14024 [DEBUG] - Attempting to delete file "C:\ProgramData\chocolatey\.chocolatey\KB2919355.1.0.20160915\.deploymentLocation".
2026-04-06 04:45:57,085 14024 [DEBUG] - Sending message 'HandlePackageResultCompletedMessage' out if there are subscribers...
2026-04-06 04:45:57,085 14024 [DEBUG] - Attempting to delete file "C:\ProgramData\chocolatey\lib\KB2919355\.chocolateyPending".
2026-04-06 04:45:57,085 14024 [INFO ] -  The upgrade of KB2919355 was successful.
2026-04-06 04:45:57,085 14024 [INFO ] -   Software install location not explicitly set, it could be in package or
  default install location of installer.
2026-04-06 04:45:57,101 14024 [INFO ] - [NuGet]   GET https://community.chocolatey.org/api/v2/Packages(Id='KB2999226',Version='1.0.20181019')
2026-04-06 04:45:57,534 14024 [INFO ] - [NuGet]   OK https://community.chocolatey.org/api/v2/Packages(Id='KB2999226',Version='1.0.20181019') 432ms
2026-04-06 04:45:57,534 14024 [DEBUG] - Attempting to delete file "".
2026-04-06 04:45:57,534 14024 [INFO ] - Downloading package from source 'https://community.chocolatey.org/api/v2/'
2026-04-06 04:45:57,534 14024 [DEBUG] - Package download location 'https://community.chocolatey.org/api/v2/package/KB2999226/1.0.20181019'
2026-04-06 04:45:57,534 14024 [INFO ] - [NuGet]   GET https://community.chocolatey.org/api/v2/package/KB2999226/1.0.20181019
2026-04-06 04:45:58,194 14024 [INFO ] - [NuGet]   OK https://community.chocolatey.org/api/v2/package/KB2999226/1.0.20181019 657ms
2026-04-06 04:45:58,194 14024 [INFO ] - [NuGet] Acquiring lock for the installation of KB2999226 1.0.20181019
2026-04-06 04:45:58,194 14024 [INFO ] - [NuGet] Acquired lock for the installation of KB2999226 1.0.20181019
2026-04-06 04:45:58,208 14024 [INFO ] - [NuGet] Installed KB2999226 1.0.20181019 from https://community.chocolatey.org/api/v2/ with content hash I835VAD2tV0upl6KII8haovTLip3QkrtfdjcrxqdzVPiy+x4E9dln+FBgfl/R5phzD0AWgWmIC7g6PVusrpF+w==.
2026-04-06 04:45:58,223 14024 [DEBUG] - Skipping package hash validation as feature 'usePackageHashValidation' is not enabled.
2026-04-06 04:45:58,223 14024 [INFO ] - [NuGet] Adding package 'KB2999226.1.0.20181019 : chocolatey-windowsupdate.extension [1.0.2, ), kb2919355 [1.0.20160915, )' to folder 'C:\ProgramData\chocolatey\lib'
2026-04-06 04:45:58,255 14024 [INFO ] - [NuGet] Added package 'KB2999226.1.0.20181019 : chocolatey-windowsupdate.extension [1.0.2, ), kb2919355 [1.0.20160915, )' to folder 'C:\ProgramData\chocolatey\lib'
2026-04-06 04:45:58,255 14024 [DEBUG] - Attempting to delete file "C:\Users\tsmit\AppData\Local\Temp\chocolatey\ChocolateyScratch\KB2999226/1.0.20181019\KB2999226.1.0.20181019.nupkg".
2026-04-06 04:45:58,255 14024 [DEBUG] - Attempting to delete file "C:\Users\tsmit\AppData\Local\Temp\chocolatey\ChocolateyScratch\KB2999226/1.0.20181019\.nupkg.metadata".
2026-04-06 04:45:58,255 14024 [DEBUG] - Attempting to delete file "C:\Users\tsmit\AppData\Local\Temp\chocolatey\ChocolateyScratch\KB2999226/1.0.20181019\KB2999226.1.0.20181019.nupkg.sha512".
2026-04-06 04:45:58,255 14024 [INFO ] - 
KB2999226 v1.0.20181019 [Approved]
2026-04-06 04:45:58,255 14024 [INFO ] - KB2999226 package files upgrade completed. Performing other installation steps.
2026-04-06 04:45:58,271 14024 [DEBUG] - Contents of 'C:\ProgramData\chocolatey\lib\KB2999226\tools\chocolateyinstall.ps1':
2026-04-06 04:45:58,271 14024 [DEBUG] - $msuData = @{
  '6.0-client' = @{
    Url = 'https://download.microsoft.com/download/D/8/3/D838D576-232C-4C17-A402-75913F27113B/Windows6.0-KB2999226-x86.msu'
    Url64 = 'https://download.microsoft.com/download/5/4/E/54E27BE2-CFB2-4FC9-AB03-C39302CA68A0/Windows6.0-KB2999226-x64.msu'
    Checksum = 'AE380F63BF4E8700ADA686406B04B01230A339B09EDF7819814A4C0BF4AB72E1'
    Checksum64 = '10069DE7315CA3F405E2579846AF5DAB3089A8496AE4C1AB61763480F43A05A8'
  }
  '6.0-server' = @{
    Url = 'https://download.microsoft.com/download/B/5/7/B5757251-DAB0-4E23-AA46-ABC233FDB90E/Windows6.0-KB2999226-x86.msu'
    Url64 = 'https://download.microsoft.com/download/A/7/A/A7A70B17-ADF9-4FC3-A722-69FA89B79756/Windows6.0-KB2999226-x64.msu'
    Checksum = 'AE380F63BF4E8700ADA686406B04B01230A339B09EDF7819814A4C0BF4AB72E1'
    Checksum64 = '10069DE7315CA3F405E2579846AF5DAB3089A8496AE4C1AB61763480F43A05A8'
  }
  '6.1-client' = @{
    Url = 'https://download.microsoft.com/download/4/F/E/4FE73868-5EDD-4B47-8B33-CE1BB7B2B16A/Windows6.1-KB2999226-x86.msu'
    Url64 = 'https://download.microsoft.com/download/1/1/5/11565A9A-EA09-4F0A-A57E-520D5D138140/Windows6.1-KB2999226-x64.msu'
    Checksum = '909E76C81EF0EB176144B253DDFFE7A8FDFACEBFAA15E97DEF003D2262FBF084'
    Checksum64 = '43234D2986CA9B0DE75D5183977964D161A8395C3396279DDFC9B20698E5BC34'
  }
  '6.1-server' = @{
    Url64 = 'https://download.microsoft.com/download/F/1/3/F13BEC9A-8FC6-4489-9D6A-F84BDC9496FE/Windows6.1-KB2999226-x64.msu'
    Checksum64 = '43234D2986CA9B0DE75D5183977964D161A8395C3396279DDFC9B20698E5BC34'
  }
  '6.2-client' = @{
    Url = 'https://download.microsoft.com/download/1/E/8/1E8AFE90-5217-464D-9292-7D0B95A56CE4/Windows8-RT-KB2999226-x86.msu'
    Url64 = 'https://download.microsoft.com/download/A/C/1/AC15393F-A6E6-469B-B222-C44B3BB6ECCC/Windows8-RT-KB2999226-x64.msu'
    Checksum = '0F36750FBB06FEE23131F68B4D0943841EED24730EC1D5D77DEDC41D359BE88D'
    Checksum64 = '50CAE25DA33FA950222D1A803E42567291EB7FEB087FA119B1C97FE9D41CD9F8'
  }
  '6.2-server' = @{
    Url64 = 'https://download.microsoft.com/download/9/3/E/93E0745A-EAE9-4B5A-B50C-012F2D3B6659/Windows8-RT-KB2999226-x64.msu'
    Checksum64 = '50CAE25DA33FA950222D1A803E42567291EB7FEB087FA119B1C97FE9D41CD9F8'
  }
  '6.3-client' = @{
    Url = 'https://download.microsoft.com/download/E/4/6/E4694323-8290-4A08-82DB-81F2EB9452C2/Windows8.1-KB2999226-x86.msu'
    Url64 = 'https://download.microsoft.com/download/9/6/F/96FD0525-3DDF-423D-8845-5F92F4A6883E/Windows8.1-KB2999226-x64.msu'
    Checksum = 'B83251219C5390536B02BEBAF5E43A6F13381CE1DB43E76483BCE07C4BCF877B'
    Checksum64 = '9F707096C7D279ED4BC2A40BA695EFAC69C20406E0CA97E2B3E08443C6381D15'
  }
  '6.3-server' = @{
    Url64 = 'https://download.microsoft.com/download/D/1/3/D13E3150-3BB2-4B22-9D8A-47EE2D609FFF/Windows8.1-KB2999226-x64.msu'
    Checksum64 = '9F707096C7D279ED4BC2A40BA695EFAC69C20406E0CA97E2B3E08443C6381D15'
  }
}

$servicePackRequirements = @{
  '6.0' = @{ ServicePackNumber = 1; ChocolateyPackage = $null }
  '6.1' = @{ ServicePackNumber = 1; ChocolateyPackage = 'KB976932' }
}

chocolateyInstaller\Install-WindowsUpdate -Id 'KB2999226' -MsuData $msuData -ChecksumType 'sha256' -ServicePackRequirements $servicePackRequirements

2026-04-06 04:45:58,271 14024 [DEBUG] - Calling built-in PowerShell host with ['[System.Threading.Thread]::CurrentThread.CurrentCulture = '';[System.Threading.Thread]::CurrentThread.CurrentUICulture = '';[System.Net.ServicePointManager]::SecurityProtocol = [System.Net.SecurityProtocolType]::SystemDefault; & import-module -name 'C:\ProgramData\chocolatey\helpers\chocolateyInstaller.psm1'; & 'C:\ProgramData\chocolatey\helpers\chocolateyScriptRunner.ps1' -packageScript 'C:\ProgramData\chocolatey\lib\KB2999226\tools\chocolateyinstall.ps1' -installArguments '' -packageParameters '' -preRunHookScripts $null -postRunHookScripts $null']
2026-04-06 04:45:58,277 14024 [DEBUG] - Redirecting Microsoft.WSMan.Management.resources, Version=3.0.0.0, Culture=en-US, PublicKeyToken=31bf3856ad364e35, requested by ''
2026-04-06 04:45:58,304 14024 [DEBUG] - Host version is 5.1.26100.1882, PowerShell Version is '5.1.26100.7920' and CLR Version is '4.0.30319.42000'.
2026-04-06 04:45:58,318 14024 [INFO ] - VERBOSE: Loading module from path 'C:\ProgramData\chocolatey\helpers\Chocolatey.PowerShell.dll'.
2026-04-06 04:45:58,333 14024 [INFO ] - VERBOSE: Importing cmdlet 'Get-EnvironmentVariable'.
2026-04-06 04:45:58,333 14024 [INFO ] - VERBOSE: Importing cmdlet 'Get-EnvironmentVariableNames'.
2026-04-06 04:45:58,333 14024 [INFO ] - VERBOSE: Importing cmdlet 'Install-ChocolateyPath'.
2026-04-06 04:45:58,333 14024 [INFO ] - VERBOSE: Importing cmdlet 'Set-EnvironmentVariable'.
2026-04-06 04:45:58,333 14024 [INFO ] - VERBOSE: Importing cmdlet 'Test-ProcessAdminRights'.
2026-04-06 04:45:58,333 14024 [INFO ] - VERBOSE: Importing cmdlet 'Uninstall-ChocolateyPath'.
2026-04-06 04:45:58,333 14024 [INFO ] - VERBOSE: Importing cmdlet 'Update-SessionEnvironment'.
2026-04-06 04:45:58,333 14024 [DEBUG] - Cmdlets exported from Chocolatey.PowerShell.dll
2026-04-06 04:45:58,333 14024 [DEBUG] - Get-EnvironmentVariable
2026-04-06 04:45:58,333 14024 [DEBUG] - Get-EnvironmentVariableNames
2026-04-06 04:45:58,333 14024 [DEBUG] - Install-ChocolateyPath
2026-04-06 04:45:58,333 14024 [DEBUG] - Set-EnvironmentVariable
2026-04-06 04:45:58,333 14024 [DEBUG] - Test-ProcessAdminRights
2026-04-06 04:45:58,333 14024 [DEBUG] - Uninstall-ChocolateyPath
2026-04-06 04:45:58,333 14024 [DEBUG] - Update-SessionEnvironment
2026-04-06 04:45:58,333 14024 [INFO ] - VERBOSE: Exporting function 'Format-FileSize'.
2026-04-06 04:45:58,333 14024 [INFO ] - VERBOSE: Exporting function 'Get-ChecksumValid'.
2026-04-06 04:45:58,333 14024 [INFO ] - VERBOSE: Exporting function 'Get-ChocolateyConfigValue'.
2026-04-06 04:45:58,333 14024 [INFO ] - VERBOSE: Exporting function 'Get-ChocolateyPath'.
2026-04-06 04:45:58,333 14024 [INFO ] - VERBOSE: Exporting function 'Get-ChocolateyUnzip'.
2026-04-06 04:45:58,333 14024 [INFO ] - VERBOSE: Exporting function 'Get-ChocolateyWebFile'.
2026-04-06 04:45:58,333 14024 [INFO ] - VERBOSE: Exporting function 'Get-FtpFile'.
2026-04-06 04:45:58,333 14024 [INFO ] - VERBOSE: Exporting function 'Get-OSArchitectureWidth'.
2026-04-06 04:45:58,333 14024 [INFO ] - VERBOSE: Exporting function 'Get-PackageParameters'.
2026-04-06 04:45:58,333 14024 [INFO ] - VERBOSE: Exporting function 'Get-PackageParametersBuiltIn'.
2026-04-06 04:45:58,333 14024 [INFO ] - VERBOSE: Exporting function 'Get-ToolsLocation'.
2026-04-06 04:45:58,333 14024 [INFO ] - VERBOSE: Exporting function 'Get-UACEnabled'.
2026-04-06 04:45:58,333 14024 [INFO ] - VERBOSE: Exporting function 'Get-UninstallRegistryKey'.
2026-04-06 04:45:58,333 14024 [INFO ] - VERBOSE: Exporting function 'Get-VirusCheckValid'.
2026-04-06 04:45:58,333 14024 [INFO ] - VERBOSE: Exporting function 'Get-WebFile'.
2026-04-06 04:45:58,333 14024 [INFO ] - VERBOSE: Exporting function 'Get-WebFileName'.
2026-04-06 04:45:58,333 14024 [INFO ] - VERBOSE: Exporting function 'Get-WebHeaders'.
2026-04-06 04:45:58,333 14024 [INFO ] - VERBOSE: Exporting function 'Install-BinFile'.
2026-04-06 04:45:58,333 14024 [INFO ] - VERBOSE: Exporting function 'Install-ChocolateyEnvironmentVariable'.
2026-04-06 04:45:58,333 14024 [INFO ] - VERBOSE: Exporting function 'Install-ChocolateyExplorerMenuItem'.
2026-04-06 04:45:58,333 14024 [INFO ] - VERBOSE: Exporting function 'Install-ChocolateyFileAssociation'.
2026-04-06 04:45:58,333 14024 [INFO ] - VERBOSE: Exporting function 'Install-ChocolateyInstallPackage'.
2026-04-06 04:45:58,333 14024 [INFO ] - VERBOSE: Exporting function 'Install-ChocolateyPackage'.
2026-04-06 04:45:58,333 14024 [INFO ] - VERBOSE: Exporting function 'Install-ChocolateyPinnedTaskBarItem'.
2026-04-06 04:45:58,333 14024 [INFO ] - VERBOSE: Exporting function 'Install-ChocolateyPowershellCommand'.
2026-04-06 04:45:58,333 14024 [INFO ] - VERBOSE: Exporting function 'Install-ChocolateyShortcut'.
2026-04-06 04:45:58,333 14024 [INFO ] - VERBOSE: Exporting function 'Install-ChocolateyVsixPackage'.
2026-04-06 04:45:58,333 14024 [INFO ] - VERBOSE: Exporting function 'Install-ChocolateyZipPackage'.
2026-04-06 04:45:58,333 14024 [INFO ] - VERBOSE: Exporting function 'Install-Vsix'.
2026-04-06 04:45:58,333 14024 [INFO ] - VERBOSE: Exporting function 'Set-PowerShellExitCode'.
2026-04-06 04:45:58,333 14024 [INFO ] - VERBOSE: Exporting function 'Start-ChocolateyProcessAsAdmin'.
2026-04-06 04:45:58,333 14024 [INFO ] - VERBOSE: Exporting function 'Uninstall-BinFile'.
2026-04-06 04:45:58,333 14024 [INFO ] - VERBOSE: Exporting function 'Uninstall-ChocolateyEnvironmentVariable'.
2026-04-06 04:45:58,333 14024 [INFO ] - VERBOSE: Exporting function 'Uninstall-ChocolateyPackage'.
2026-04-06 04:45:58,333 14024 [INFO ] - VERBOSE: Exporting function 'Uninstall-ChocolateyZipPackage'.
2026-04-06 04:45:58,333 14024 [INFO ] - VERBOSE: Exporting function 'Write-FunctionCallLogMessage'.
2026-04-06 04:45:58,333 14024 [INFO ] - VERBOSE: Exporting cmdlet 'Get-EnvironmentVariable'.
2026-04-06 04:45:58,333 14024 [INFO ] - VERBOSE: Exporting cmdlet 'Get-EnvironmentVariableNames'.
2026-04-06 04:45:58,333 14024 [INFO ] - VERBOSE: Exporting cmdlet 'Install-ChocolateyPath'.
2026-04-06 04:45:58,333 14024 [INFO ] - VERBOSE: Exporting cmdlet 'Set-EnvironmentVariable'.
2026-04-06 04:45:58,333 14024 [INFO ] - VERBOSE: Exporting cmdlet 'Test-ProcessAdminRights'.
2026-04-06 04:45:58,333 14024 [INFO ] - VERBOSE: Exporting cmdlet 'Uninstall-ChocolateyPath'.
2026-04-06 04:45:58,333 14024 [INFO ] - VERBOSE: Exporting cmdlet 'Update-SessionEnvironment'.
2026-04-06 04:45:58,333 14024 [INFO ] - VERBOSE: Exporting alias 'Get-ProcessorBits'.
2026-04-06 04:45:58,333 14024 [INFO ] - VERBOSE: Exporting alias 'Get-OSBitness'.
2026-04-06 04:45:58,333 14024 [INFO ] - VERBOSE: Exporting alias 'Get-InstallRegistryKey'.
2026-04-06 04:45:58,333 14024 [INFO ] - VERBOSE: Exporting alias 'Generate-BinFile'.
2026-04-06 04:45:58,333 14024 [INFO ] - VERBOSE: Exporting alias 'Add-BinFile'.
2026-04-06 04:45:58,333 14024 [INFO ] - VERBOSE: Exporting alias 'Start-ChocolateyProcess'.
2026-04-06 04:45:58,333 14024 [INFO ] - VERBOSE: Exporting alias 'Invoke-ChocolateyProcess'.
2026-04-06 04:45:58,333 14024 [INFO ] - VERBOSE: Exporting alias 'Remove-BinFile'.
2026-04-06 04:45:58,333 14024 [INFO ] - VERBOSE: Exporting alias 'refreshenv'.
2026-04-06 04:45:58,349 14024 [DEBUG] - Loading community extensions
2026-04-06 04:45:58,349 14024 [DEBUG] - Importing 'C:\ProgramData\chocolatey\extensions\chocolatey-compatibility\chocolatey-compatibility.psm1'
2026-04-06 04:45:58,349 14024 [INFO ] - VERBOSE: Loading module from path 'C:\ProgramData\chocolatey\extensions\chocolatey-compatibility\chocolatey-compatibility.psm1'.
2026-04-06 04:45:58,349 14024 [DEBUG] - Function 'Get-PackageParameters' exists, ignoring export.
2026-04-06 04:45:58,349 14024 [DEBUG] - Function 'Get-UninstallRegistryKey' exists, ignoring export.
2026-04-06 04:45:58,349 14024 [DEBUG] - Exporting function 'Install-ChocolateyDesktopLink' for backwards compatibility
2026-04-06 04:45:58,349 14024 [INFO ] - VERBOSE: Exporting function 'Install-ChocolateyDesktopLink'.
2026-04-06 04:45:58,349 14024 [DEBUG] - Exporting function 'Write-ChocolateyFailure' for backwards compatibility
2026-04-06 04:45:58,349 14024 [INFO ] - VERBOSE: Exporting function 'Write-ChocolateyFailure'.
2026-04-06 04:45:58,349 14024 [DEBUG] - Exporting function 'Write-ChocolateySuccess' for backwards compatibility
2026-04-06 04:45:58,349 14024 [INFO ] - VERBOSE: Exporting function 'Write-ChocolateySuccess'.
2026-04-06 04:45:58,349 14024 [DEBUG] - Exporting function 'Write-FileUpdateLog' for backwards compatibility
2026-04-06 04:45:58,349 14024 [INFO ] - VERBOSE: Exporting function 'Write-FileUpdateLog'.
2026-04-06 04:45:58,349 14024 [INFO ] - VERBOSE: Importing function 'Install-ChocolateyDesktopLink'.
2026-04-06 04:45:58,349 14024 [INFO ] - VERBOSE: Importing function 'Write-ChocolateyFailure'.
2026-04-06 04:45:58,349 14024 [INFO ] - VERBOSE: Importing function 'Write-ChocolateySuccess'.
2026-04-06 04:45:58,349 14024 [INFO ] - VERBOSE: Importing function 'Write-FileUpdateLog'.
2026-04-06 04:45:58,349 14024 [DEBUG] - Importing 'C:\ProgramData\chocolatey\extensions\chocolatey-core\chocolatey-core.psm1'
2026-04-06 04:45:58,349 14024 [INFO ] - VERBOSE: Loading module from path 'C:\ProgramData\chocolatey\extensions\chocolatey-core\chocolatey-core.psm1'.
2026-04-06 04:45:58,382 14024 [INFO ] - VERBOSE: Exporting function 'Get-AppInstallLocation'.
2026-04-06 04:45:58,382 14024 [INFO ] - VERBOSE: Exporting function 'Get-AvailableDriveLetter'.
2026-04-06 04:45:58,382 14024 [INFO ] - VERBOSE: Exporting function 'Get-EffectiveProxy'.
2026-04-06 04:45:58,382 14024 [INFO ] - VERBOSE: Exporting function 'Get-PackageCacheLocation'.
2026-04-06 04:45:58,382 14024 [INFO ] - VERBOSE: Exporting function 'Get-WebContent'.
2026-04-06 04:45:58,382 14024 [INFO ] - VERBOSE: Exporting function 'Register-Application'.
2026-04-06 04:45:58,382 14024 [INFO ] - VERBOSE: Exporting function 'Remove-Process'.
2026-04-06 04:45:58,382 14024 [INFO ] - VERBOSE: Importing function 'Get-AppInstallLocation'.
2026-04-06 04:45:58,382 14024 [INFO ] - VERBOSE: Importing function 'Get-AvailableDriveLetter'.
2026-04-06 04:45:58,382 14024 [INFO ] - VERBOSE: Importing function 'Get-EffectiveProxy'.
2026-04-06 04:45:58,382 14024 [INFO ] - VERBOSE: Importing function 'Get-PackageCacheLocation'.
2026-04-06 04:45:58,382 14024 [INFO ] - VERBOSE: Importing function 'Get-WebContent'.
2026-04-06 04:45:58,382 14024 [INFO ] - VERBOSE: Importing function 'Register-Application'.
2026-04-06 04:45:58,382 14024 [INFO ] - VERBOSE: Importing function 'Remove-Process'.
2026-04-06 04:45:58,382 14024 [DEBUG] - Importing 'C:\ProgramData\chocolatey\extensions\chocolatey-windowsupdate\chocolatey-windowsupdate.psm1'
2026-04-06 04:45:58,382 14024 [INFO ] - VERBOSE: Loading module from path 'C:\ProgramData\chocolatey\extensions\chocolatey-windowsupdate\chocolatey-windowsupdate.psm1'.
2026-04-06 04:45:58,414 14024 [INFO ] - VERBOSE: Exporting function 'Install-WindowsUpdate'.
2026-04-06 04:45:58,414 14024 [INFO ] - VERBOSE: Exporting function 'Test-WindowsUpdate'.
2026-04-06 04:45:58,414 14024 [INFO ] - VERBOSE: Importing function 'Install-WindowsUpdate'.
2026-04-06 04:45:58,414 14024 [INFO ] - VERBOSE: Importing function 'Test-WindowsUpdate'.
2026-04-06 04:45:58,414 14024 [INFO ] - VERBOSE: Exporting function 'Format-FileSize'.
2026-04-06 04:45:58,414 14024 [INFO ] - VERBOSE: Exporting function 'Get-ChecksumValid'.
2026-04-06 04:45:58,414 14024 [INFO ] - VERBOSE: Exporting function 'Get-ChocolateyConfigValue'.
2026-04-06 04:45:58,414 14024 [INFO ] - VERBOSE: Exporting function 'Get-ChocolateyPath'.
2026-04-06 04:45:58,414 14024 [INFO ] - VERBOSE: Exporting function 'Get-ChocolateyUnzip'.
2026-04-06 04:45:58,414 14024 [INFO ] - VERBOSE: Exporting function 'Get-ChocolateyWebFile'.
2026-04-06 04:45:58,414 14024 [INFO ] - VERBOSE: Exporting function 'Get-FtpFile'.
2026-04-06 04:45:58,414 14024 [INFO ] - VERBOSE: Exporting function 'Get-OSArchitectureWidth'.
2026-04-06 04:45:58,414 14024 [INFO ] - VERBOSE: Exporting function 'Get-PackageParameters'.
2026-04-06 04:45:58,414 14024 [INFO ] - VERBOSE: Exporting function 'Get-PackageParametersBuiltIn'.
2026-04-06 04:45:58,414 14024 [INFO ] - VERBOSE: Exporting function 'Get-ToolsLocation'.
2026-04-06 04:45:58,414 14024 [INFO ] - VERBOSE: Exporting function 'Get-UACEnabled'.
2026-04-06 04:45:58,414 14024 [INFO ] - VERBOSE: Exporting function 'Get-UninstallRegistryKey'.
2026-04-06 04:45:58,414 14024 [INFO ] - VERBOSE: Exporting function 'Get-VirusCheckValid'.
2026-04-06 04:45:58,414 14024 [INFO ] - VERBOSE: Exporting function 'Get-WebFile'.
2026-04-06 04:45:58,414 14024 [INFO ] - VERBOSE: Exporting function 'Get-WebFileName'.
2026-04-06 04:45:58,414 14024 [INFO ] - VERBOSE: Exporting function 'Get-WebHeaders'.
2026-04-06 04:45:58,414 14024 [INFO ] - VERBOSE: Exporting function 'Install-BinFile'.
2026-04-06 04:45:58,414 14024 [INFO ] - VERBOSE: Exporting function 'Install-ChocolateyEnvironmentVariable'.
2026-04-06 04:45:58,414 14024 [INFO ] - VERBOSE: Exporting function 'Install-ChocolateyExplorerMenuItem'.
2026-04-06 04:45:58,414 14024 [INFO ] - VERBOSE: Exporting function 'Install-ChocolateyFileAssociation'.
2026-04-06 04:45:58,414 14024 [INFO ] - VERBOSE: Exporting function 'Install-ChocolateyInstallPackage'.
2026-04-06 04:45:58,414 14024 [INFO ] - VERBOSE: Exporting function 'Install-ChocolateyPackage'.
2026-04-06 04:45:58,414 14024 [INFO ] - VERBOSE: Exporting function 'Install-ChocolateyPinnedTaskBarItem'.
2026-04-06 04:45:58,414 14024 [INFO ] - VERBOSE: Exporting function 'Install-ChocolateyPowershellCommand'.
2026-04-06 04:45:58,414 14024 [INFO ] - VERBOSE: Exporting function 'Install-ChocolateyShortcut'.
2026-04-06 04:45:58,414 14024 [INFO ] - VERBOSE: Exporting function 'Install-ChocolateyVsixPackage'.
2026-04-06 04:45:58,414 14024 [INFO ] - VERBOSE: Exporting function 'Install-ChocolateyZipPackage'.
2026-04-06 04:45:58,414 14024 [INFO ] - VERBOSE: Exporting function 'Install-Vsix'.
2026-04-06 04:45:58,414 14024 [INFO ] - VERBOSE: Exporting function 'Set-PowerShellExitCode'.
2026-04-06 04:45:58,414 14024 [INFO ] - VERBOSE: Exporting function 'Start-ChocolateyProcessAsAdmin'.
2026-04-06 04:45:58,414 14024 [INFO ] - VERBOSE: Exporting function 'Uninstall-BinFile'.
2026-04-06 04:45:58,414 14024 [INFO ] - VERBOSE: Exporting function 'Uninstall-ChocolateyEnvironmentVariable'.
2026-04-06 04:45:58,414 14024 [INFO ] - VERBOSE: Exporting function 'Uninstall-ChocolateyPackage'.
2026-04-06 04:45:58,414 14024 [INFO ] - VERBOSE: Exporting function 'Uninstall-ChocolateyZipPackage'.
2026-04-06 04:45:58,414 14024 [INFO ] - VERBOSE: Exporting function 'Write-FunctionCallLogMessage'.
2026-04-06 04:45:58,414 14024 [INFO ] - VERBOSE: Exporting function 'Install-ChocolateyDesktopLink'.
2026-04-06 04:45:58,414 14024 [INFO ] - VERBOSE: Exporting function 'Write-ChocolateyFailure'.
2026-04-06 04:45:58,414 14024 [INFO ] - VERBOSE: Exporting function 'Write-ChocolateySuccess'.
2026-04-06 04:45:58,414 14024 [INFO ] - VERBOSE: Exporting function 'Write-FileUpdateLog'.
2026-04-06 04:45:58,414 14024 [INFO ] - VERBOSE: Exporting function 'Get-AppInstallLocation'.
2026-04-06 04:45:58,414 14024 [INFO ] - VERBOSE: Exporting function 'Get-AvailableDriveLetter'.
2026-04-06 04:45:58,414 14024 [INFO ] - VERBOSE: Exporting function 'Get-EffectiveProxy'.
2026-04-06 04:45:58,414 14024 [INFO ] - VERBOSE: Exporting function 'Get-PackageCacheLocation'.
2026-04-06 04:45:58,414 14024 [INFO ] - VERBOSE: Exporting function 'Get-WebContent'.
2026-04-06 04:45:58,414 14024 [INFO ] - VERBOSE: Exporting function 'Register-Application'.
2026-04-06 04:45:58,414 14024 [INFO ] - VERBOSE: Exporting function 'Remove-Process'.
2026-04-06 04:45:58,414 14024 [INFO ] - VERBOSE: Exporting function 'Install-WindowsUpdate'.
2026-04-06 04:45:58,414 14024 [INFO ] - VERBOSE: Exporting function 'Test-WindowsUpdate'.
2026-04-06 04:45:58,414 14024 [INFO ] - VERBOSE: Exporting cmdlet 'Get-EnvironmentVariable'.
2026-04-06 04:45:58,414 14024 [INFO ] - VERBOSE: Exporting cmdlet 'Get-EnvironmentVariableNames'.
2026-04-06 04:45:58,414 14024 [INFO ] - VERBOSE: Exporting cmdlet 'Install-ChocolateyPath'.
2026-04-06 04:45:58,414 14024 [INFO ] - VERBOSE: Exporting cmdlet 'Set-EnvironmentVariable'.
2026-04-06 04:45:58,414 14024 [INFO ] - VERBOSE: Exporting cmdlet 'Test-ProcessAdminRights'.
2026-04-06 04:45:58,414 14024 [INFO ] - VERBOSE: Exporting cmdlet 'Uninstall-ChocolateyPath'.
2026-04-06 04:45:58,414 14024 [INFO ] - VERBOSE: Exporting cmdlet 'Update-SessionEnvironment'.
2026-04-06 04:45:58,414 14024 [INFO ] - VERBOSE: Exporting cmdlet 'Get-EnvironmentVariable'.
2026-04-06 04:45:58,414 14024 [INFO ] - VERBOSE: Exporting cmdlet 'Get-EnvironmentVariableNames'.
2026-04-06 04:45:58,414 14024 [INFO ] - VERBOSE: Exporting cmdlet 'Install-ChocolateyPath'.
2026-04-06 04:45:58,414 14024 [INFO ] - VERBOSE: Exporting cmdlet 'Set-EnvironmentVariable'.
2026-04-06 04:45:58,429 14024 [INFO ] - VERBOSE: Exporting cmdlet 'Test-ProcessAdminRights'.
2026-04-06 04:45:58,429 14024 [INFO ] - VERBOSE: Exporting cmdlet 'Uninstall-ChocolateyPath'.
2026-04-06 04:45:58,429 14024 [INFO ] - VERBOSE: Exporting cmdlet 'Update-SessionEnvironment'.
2026-04-06 04:45:58,429 14024 [INFO ] - VERBOSE: Exporting alias 'Get-ProcessorBits'.
2026-04-06 04:45:58,429 14024 [INFO ] - VERBOSE: Exporting alias 'Get-OSBitness'.
2026-04-06 04:45:58,429 14024 [INFO ] - VERBOSE: Exporting alias 'Get-InstallRegistryKey'.
2026-04-06 04:45:58,429 14024 [INFO ] - VERBOSE: Exporting alias 'Generate-BinFile'.
2026-04-06 04:45:58,429 14024 [INFO ] - VERBOSE: Exporting alias 'Add-BinFile'.
2026-04-06 04:45:58,429 14024 [INFO ] - VERBOSE: Exporting alias 'Start-ChocolateyProcess'.
2026-04-06 04:45:58,429 14024 [INFO ] - VERBOSE: Exporting alias 'Invoke-ChocolateyProcess'.
2026-04-06 04:45:58,429 14024 [INFO ] - VERBOSE: Exporting alias 'Remove-BinFile'.
2026-04-06 04:45:58,429 14024 [INFO ] - VERBOSE: Exporting alias 'refreshenv'.
2026-04-06 04:45:58,429 14024 [INFO ] - VERBOSE: Importing cmdlet 'Get-EnvironmentVariable'.
2026-04-06 04:45:58,429 14024 [INFO ] - VERBOSE: Importing cmdlet 'Get-EnvironmentVariableNames'.
2026-04-06 04:45:58,429 14024 [INFO ] - VERBOSE: Importing cmdlet 'Install-ChocolateyPath'.
2026-04-06 04:45:58,429 14024 [INFO ] - VERBOSE: Importing cmdlet 'Set-EnvironmentVariable'.
2026-04-06 04:45:58,429 14024 [INFO ] - VERBOSE: Importing cmdlet 'Test-ProcessAdminRights'.
2026-04-06 04:45:58,429 14024 [INFO ] - VERBOSE: Importing cmdlet 'Uninstall-ChocolateyPath'.
2026-04-06 04:45:58,429 14024 [INFO ] - VERBOSE: Importing cmdlet 'Update-SessionEnvironment'.
2026-04-06 04:45:58,429 14024 [INFO ] - VERBOSE: Importing function 'Format-FileSize'.
2026-04-06 04:45:58,429 14024 [INFO ] - VERBOSE: Importing function 'Get-AppInstallLocation'.
2026-04-06 04:45:58,429 14024 [INFO ] - VERBOSE: Importing function 'Get-AvailableDriveLetter'.
2026-04-06 04:45:58,429 14024 [INFO ] - VERBOSE: Importing function 'Get-ChecksumValid'.
2026-04-06 04:45:58,429 14024 [INFO ] - VERBOSE: Importing function 'Get-ChocolateyConfigValue'.
2026-04-06 04:45:58,429 14024 [INFO ] - VERBOSE: Importing function 'Get-ChocolateyPath'.
2026-04-06 04:45:58,429 14024 [INFO ] - VERBOSE: Importing function 'Get-ChocolateyUnzip'.
2026-04-06 04:45:58,429 14024 [INFO ] - VERBOSE: Importing function 'Get-ChocolateyWebFile'.
2026-04-06 04:45:58,429 14024 [INFO ] - VERBOSE: Importing function 'Get-EffectiveProxy'.
2026-04-06 04:45:58,429 14024 [INFO ] - VERBOSE: Importing function 'Get-FtpFile'.
2026-04-06 04:45:58,429 14024 [INFO ] - VERBOSE: Importing function 'Get-OSArchitectureWidth'.
2026-04-06 04:45:58,429 14024 [INFO ] - VERBOSE: Importing function 'Get-PackageCacheLocation'.
2026-04-06 04:45:58,429 14024 [INFO ] - VERBOSE: Importing function 'Get-PackageParameters'.
2026-04-06 04:45:58,429 14024 [INFO ] - VERBOSE: Importing function 'Get-PackageParametersBuiltIn'.
2026-04-06 04:45:58,429 14024 [INFO ] - VERBOSE: Importing function 'Get-ToolsLocation'.
2026-04-06 04:45:58,429 14024 [INFO ] - VERBOSE: Importing function 'Get-UACEnabled'.
2026-04-06 04:45:58,429 14024 [INFO ] - VERBOSE: Importing function 'Get-UninstallRegistryKey'.
2026-04-06 04:45:58,429 14024 [INFO ] - VERBOSE: Importing function 'Get-VirusCheckValid'.
2026-04-06 04:45:58,429 14024 [INFO ] - VERBOSE: Importing function 'Get-WebContent'.
2026-04-06 04:45:58,429 14024 [INFO ] - VERBOSE: Importing function 'Get-WebFile'.
2026-04-06 04:45:58,429 14024 [INFO ] - VERBOSE: Importing function 'Get-WebFileName'.
2026-04-06 04:45:58,429 14024 [INFO ] - VERBOSE: Importing function 'Get-WebHeaders'.
2026-04-06 04:45:58,429 14024 [INFO ] - VERBOSE: Importing function 'Install-BinFile'.
2026-04-06 04:45:58,429 14024 [INFO ] - VERBOSE: Importing function 'Install-ChocolateyDesktopLink'.
2026-04-06 04:45:58,429 14024 [INFO ] - VERBOSE: Importing function 'Install-ChocolateyEnvironmentVariable'.
2026-04-06 04:45:58,429 14024 [INFO ] - VERBOSE: Importing function 'Install-ChocolateyExplorerMenuItem'.
2026-04-06 04:45:58,429 14024 [INFO ] - VERBOSE: Importing function 'Install-ChocolateyFileAssociation'.
2026-04-06 04:45:58,429 14024 [INFO ] - VERBOSE: Importing function 'Install-ChocolateyInstallPackage'.
2026-04-06 04:45:58,429 14024 [INFO ] - VERBOSE: Importing function 'Install-ChocolateyPackage'.
2026-04-06 04:45:58,429 14024 [INFO ] - VERBOSE: Importing function 'Install-ChocolateyPinnedTaskBarItem'.
2026-04-06 04:45:58,429 14024 [INFO ] - VERBOSE: Importing function 'Install-ChocolateyPowershellCommand'.
2026-04-06 04:45:58,429 14024 [INFO ] - VERBOSE: Importing function 'Install-ChocolateyShortcut'.
2026-04-06 04:45:58,429 14024 [INFO ] - VERBOSE: Importing function 'Install-ChocolateyVsixPackage'.
2026-04-06 04:45:58,429 14024 [INFO ] - VERBOSE: Importing function 'Install-ChocolateyZipPackage'.
2026-04-06 04:45:58,429 14024 [INFO ] - VERBOSE: Importing function 'Install-Vsix'.
2026-04-06 04:45:58,429 14024 [INFO ] - VERBOSE: Importing function 'Install-WindowsUpdate'.
2026-04-06 04:45:58,429 14024 [INFO ] - VERBOSE: Importing function 'Register-Application'.
2026-04-06 04:45:58,429 14024 [INFO ] - VERBOSE: Importing function 'Remove-Process'.
2026-04-06 04:45:58,429 14024 [INFO ] - VERBOSE: Importing function 'Set-PowerShellExitCode'.
2026-04-06 04:45:58,429 14024 [INFO ] - VERBOSE: Importing function 'Start-ChocolateyProcessAsAdmin'.
2026-04-06 04:45:58,429 14024 [INFO ] - VERBOSE: Importing function 'Test-WindowsUpdate'.
2026-04-06 04:45:58,429 14024 [INFO ] - VERBOSE: Importing function 'Uninstall-BinFile'.
2026-04-06 04:45:58,429 14024 [INFO ] - VERBOSE: Importing function 'Uninstall-ChocolateyEnvironmentVariable'.
2026-04-06 04:45:58,429 14024 [INFO ] - VERBOSE: Importing function 'Uninstall-ChocolateyPackage'.
2026-04-06 04:45:58,429 14024 [INFO ] - VERBOSE: Importing function 'Uninstall-ChocolateyZipPackage'.
2026-04-06 04:45:58,429 14024 [INFO ] - VERBOSE: Importing function 'Write-ChocolateyFailure'.
2026-04-06 04:45:58,429 14024 [INFO ] - VERBOSE: Importing function 'Write-ChocolateySuccess'.
2026-04-06 04:45:58,429 14024 [INFO ] - VERBOSE: Importing function 'Write-FileUpdateLog'.
2026-04-06 04:45:58,429 14024 [INFO ] - VERBOSE: Importing function 'Write-FunctionCallLogMessage'.
2026-04-06 04:45:58,429 14024 [INFO ] - VERBOSE: Importing alias 'Add-BinFile'.
2026-04-06 04:45:58,429 14024 [INFO ] - VERBOSE: Importing alias 'Generate-BinFile'.
2026-04-06 04:45:58,429 14024 [INFO ] - VERBOSE: Importing alias 'Get-InstallRegistryKey'.
2026-04-06 04:45:58,429 14024 [INFO ] - VERBOSE: Importing alias 'Get-OSBitness'.
2026-04-06 04:45:58,445 14024 [INFO ] - VERBOSE: Importing alias 'Get-ProcessorBits'.
2026-04-06 04:45:58,445 14024 [INFO ] - VERBOSE: Importing alias 'Invoke-ChocolateyProcess'.
2026-04-06 04:45:58,445 14024 [INFO ] - VERBOSE: Importing alias 'refreshenv'.
2026-04-06 04:45:58,445 14024 [INFO ] - VERBOSE: Importing alias 'Remove-BinFile'.
2026-04-06 04:45:58,445 14024 [INFO ] - VERBOSE: Importing alias 'Start-ChocolateyProcess'.
2026-04-06 04:45:58,445 14024 [DEBUG] - ---------------------------Script Execution---------------------------
2026-04-06 04:45:58,445 14024 [DEBUG] - Running 'ChocolateyScriptRunner' for KB2999226 v1.0.20181019 with packageScript 'C:\ProgramData\chocolatey\lib\KB2999226\tools\chocolateyinstall.ps1', packageFolder:'C:\ProgramData\chocolatey\lib\KB2999226', installArguments: '', packageParameters: '', preRunHookScripts: '', postRunHookScripts: '',
2026-04-06 04:45:58,445 14024 [DEBUG] - Running package script 'C:\ProgramData\chocolatey\lib\KB2999226\tools\chocolateyinstall.ps1'
2026-04-06 04:45:58,477 14024 [INFO ] - VERBOSE: Obtaining operating system information
2026-04-06 04:45:58,732 14024 [INFO ] - VERBOSE: Perform operation 'Enumerate CimInstances' with following parameters, ''namespaceName' = root\cimv2,'className' = Win32_OperatingSystem'.
2026-04-06 04:45:58,811 14024 [INFO ] - VERBOSE: Operation 'Enumerate CimInstances' complete.
2026-04-06 04:45:58,811 14024 [INFO ] - VERBOSE: Operating system: Microsoft Windows 11 Home, version 10.0.26200, product type 'client'
2026-04-06 04:45:58,811 14024 [INFO ] - VERBOSE: Locating MSU rules for this operating system
2026-04-06 04:45:58,827 14024 [INFO ] - VERBOSE: No MSU rules defined for this operating system
2026-04-06 04:45:58,827 14024 [INFO ] - Skipping installation because update KB2999226 does not apply to this operating system (Microsoft Windows 11 Home).
2026-04-06 04:45:58,827 14024 [DEBUG] - ----------------------------------------------------------------------
2026-04-06 04:45:58,827 14024 [DEBUG] - Built-in PowerShell host called with ['[System.Threading.Thread]::CurrentThread.CurrentCulture = '';[System.Threading.Thread]::CurrentThread.CurrentUICulture = '';[System.Net.ServicePointManager]::SecurityProtocol = [System.Net.SecurityProtocolType]::SystemDefault; & import-module -name 'C:\ProgramData\chocolatey\helpers\chocolateyInstaller.psm1'; & 'C:\ProgramData\chocolatey\helpers\chocolateyScriptRunner.ps1' -packageScript 'C:\ProgramData\chocolatey\lib\KB2999226\tools\chocolateyinstall.ps1' -installArguments '' -packageParameters '' -preRunHookScripts $null -postRunHookScripts $null'] exited with '0'.
2026-04-06 04:45:58,827 14024 [DEBUG] - Calling command ['"C:\WINDOWS\System32\shutdown.exe" /a']
2026-04-06 04:45:58,843 14024 [DEBUG] - Command ['"C:\WINDOWS\System32\shutdown.exe" /a'] exited with '1116'
2026-04-06 04:45:58,859 14024 [DEBUG] - Capturing package files in 'C:\ProgramData\chocolatey\lib\KB2999226'
2026-04-06 04:45:58,859 14024 [DEBUG] -  Found 'C:\ProgramData\chocolatey\lib\KB2999226\KB2999226.nupkg'
  with checksum '00FEDCC92100C0472BFC7001E3111764'
2026-04-06 04:45:58,859 14024 [DEBUG] -  Found 'C:\ProgramData\chocolatey\lib\KB2999226\kb2999226.nuspec'
  with checksum '3B26D2573FD5896D91076740B666E12C'
2026-04-06 04:45:58,859 14024 [DEBUG] -  Found 'C:\ProgramData\chocolatey\lib\KB2999226\README.md'
  with checksum '89AA036EDA6211A4524DC9ADCB1B34CB'
2026-04-06 04:45:58,859 14024 [DEBUG] -  Found 'C:\ProgramData\chocolatey\lib\KB2999226\tools\chocolateyinstall.ps1'
  with checksum 'DE3EBDADD4B400BFDCACEF22A64D7E4F'
2026-04-06 04:45:58,859 14024 [DEBUG] - Attempting to create directory "C:\ProgramData\chocolatey\.chocolatey\KB2999226.1.0.20181019".
2026-04-06 04:45:58,859 14024 [DEBUG] - There was no original file at 'C:\ProgramData\chocolatey\.chocolatey\KB2999226.1.0.20181019\.files'
2026-04-06 04:45:58,859 14024 [DEBUG] - Attempting to delete file "C:\ProgramData\chocolatey\.chocolatey\KB2999226.1.0.20181019\.extra".
2026-04-06 04:45:58,859 14024 [DEBUG] - Attempting to delete file "C:\ProgramData\chocolatey\.chocolatey\KB2999226.1.0.20181019\.version".
2026-04-06 04:45:58,859 14024 [DEBUG] - Attempting to delete file "C:\ProgramData\chocolatey\.chocolatey\KB2999226.1.0.20181019\.sxs".
2026-04-06 04:45:58,859 14024 [DEBUG] - Attempting to delete file "C:\ProgramData\chocolatey\.chocolatey\KB2999226.1.0.20181019\.pin".
2026-04-06 04:45:58,859 14024 [DEBUG] - Attempting to delete file "C:\ProgramData\chocolatey\.chocolatey\KB2999226.1.0.20181019\.deploymentLocation".
2026-04-06 04:45:58,859 14024 [DEBUG] - Sending message 'HandlePackageResultCompletedMessage' out if there are subscribers...
2026-04-06 04:45:58,859 14024 [DEBUG] - Attempting to delete file "C:\ProgramData\chocolatey\lib\KB2999226\.chocolateyPending".
2026-04-06 04:45:58,859 14024 [INFO ] -  The upgrade of KB2999226 was successful.
2026-04-06 04:45:58,859 14024 [INFO ] -   Software install location not explicitly set, it could be in package or
  default install location of installer.
2026-04-06 04:45:58,859 14024 [INFO ] - [NuGet]   GET https://community.chocolatey.org/api/v2/Packages(Id='KB3035131',Version='1.0.3')
2026-04-06 04:45:59,225 14024 [INFO ] - [NuGet]   OK https://community.chocolatey.org/api/v2/Packages(Id='KB3035131',Version='1.0.3') 364ms
2026-04-06 04:45:59,225 14024 [DEBUG] - Attempting to delete file "".
2026-04-06 04:45:59,225 14024 [INFO ] - Downloading package from source 'https://community.chocolatey.org/api/v2/'
2026-04-06 04:45:59,225 14024 [DEBUG] - Package download location 'https://community.chocolatey.org/api/v2/package/KB3035131/1.0.3'
2026-04-06 04:45:59,225 14024 [INFO ] - [NuGet]   GET https://community.chocolatey.org/api/v2/package/KB3035131/1.0.3
2026-04-06 04:45:59,847 14024 [INFO ] - [NuGet]   OK https://community.chocolatey.org/api/v2/package/KB3035131/1.0.3 612ms
2026-04-06 04:45:59,847 14024 [INFO ] - [NuGet] Acquiring lock for the installation of KB3035131 1.0.3
2026-04-06 04:45:59,847 14024 [INFO ] - [NuGet] Acquired lock for the installation of KB3035131 1.0.3
2026-04-06 04:45:59,861 14024 [INFO ] - [NuGet] Installed KB3035131 1.0.3 from https://community.chocolatey.org/api/v2/ with content hash YSHu/anZrSNGjXxAQoDcqNjhdY2qjZQndonleto3HTnAbit/yA/ltRQrQCZ+kZqMgiJZk8gQ1snn6NupYsdxdg==.
2026-04-06 04:45:59,877 14024 [DEBUG] - Skipping package hash validation as feature 'usePackageHashValidation' is not enabled.
2026-04-06 04:45:59,877 14024 [INFO ] - [NuGet] Adding package 'KB3035131.1.0.3 : chocolatey-windowsupdate.extension [1.0.4, )' to folder 'C:\ProgramData\chocolatey\lib'
2026-04-06 04:45:59,909 14024 [INFO ] - [NuGet] Added package 'KB3035131.1.0.3 : chocolatey-windowsupdate.extension [1.0.4, )' to folder 'C:\ProgramData\chocolatey\lib'
2026-04-06 04:45:59,909 14024 [DEBUG] - Attempting to delete file "C:\Users\tsmit\AppData\Local\Temp\chocolatey\ChocolateyScratch\KB3035131/1.0.3\KB3035131.1.0.3.nupkg".
2026-04-06 04:45:59,909 14024 [DEBUG] - Attempting to delete file "C:\Users\tsmit\AppData\Local\Temp\chocolatey\ChocolateyScratch\KB3035131/1.0.3\.nupkg.metadata".
2026-04-06 04:45:59,909 14024 [DEBUG] - Attempting to delete file "C:\Users\tsmit\AppData\Local\Temp\chocolatey\ChocolateyScratch\KB3035131/1.0.3\KB3035131.1.0.3.nupkg.sha512".
2026-04-06 04:45:59,909 14024 [INFO ] - 
KB3035131 v1.0.3 [Approved]
2026-04-06 04:45:59,909 14024 [INFO ] - KB3035131 package files upgrade completed. Performing other installation steps.
2026-04-06 04:45:59,909 14024 [DEBUG] - Contents of 'C:\ProgramData\chocolatey\lib\KB3035131\Tools\ChocolateyInstall.ps1':
2026-04-06 04:45:59,925 14024 [DEBUG] - $msuData = @{
    '6.3-client' = @{
        Url = 'https://download.microsoft.com/download/D/2/B/D2B466AA-E011-42D6-92DA-4FA8FCDAB8CB/Windows8.1-KB3035131-x86.msu'
        Checksum = '61C80C09EBE58558A7CF15F6892B392BC73A2EF669255A236562B6196FFE47C0'
        Url64 = 'https://download.microsoft.com/download/A/B/7/AB7824E4-A7BC-49A0-BBAB-0556344F8747/Windows8.1-KB3035131-x64.msu'
        Checksum64 = 'A9D6F7B519AD3A22ABDE3AF7CE3EBB90FF84A028EDE2154AC5D0548C88CCFEDD'
    }
    '6.3-server' = @{
        Url64 = 'https://download.microsoft.com/download/B/2/4/B24FB08A-DEA8-4B4C-8EE4-B9F0FB180200/Windows8.1-KB3035131-x64.msu'
        Checksum64 = 'A9D6F7B519AD3A22ABDE3AF7CE3EBB90FF84A028EDE2154AC5D0548C88CCFEDD'
    }
    '6.2-client' = @{
        Url = 'https://download.microsoft.com/download/F/A/1/FA163776-A65D-49DA-BCAA-BD4173B0656E/Windows8-RT-KB3035131-x86.msu'
        Checksum = '3CBA7162DE2ECFD14E2C5B8805C15C74E15898E1D1DEAAAEDCC18BB50ACB5BC3'
        Url64 = 'https://download.microsoft.com/download/4/3/1/431125D8-FAA3-4420-B7C0-2794E71F50FB/Windows8-RT-KB3035131-x64.msu'
        Checksum64 = '22CBF7E733C55C4F90DFA0864AE8B61F07E522825DE7DDD94439FF4D1F4D2766'
    }
    '6.2-server' = @{
        Url64 = 'https://download.microsoft.com/download/4/7/6/47682024-8C3B-4D81-B019-24E34EAC3ABA/Windows8-RT-KB3035131-x64.msu'
        Checksum64 = '22CBF7E733C55C4F90DFA0864AE8B61F07E522825DE7DDD94439FF4D1F4D2766'
    }
    '6.1-client' = @{
        Url = 'https://download.microsoft.com/download/8/A/3/8A3E90CC-AEC3-4645-8CF3-2BD205E26B5E/Windows6.1-KB3035131-x86.msu'
        Checksum = '65608782ED5A77293436ADE0B1CDA37668A30D8E27198A6CD331704ADDC3D782'
        Url64 = 'https://download.microsoft.com/download/3/D/F/3DF6B0B1-D849-4272-AA98-3AA8BB456CCC/Windows6.1-KB3035131-x64.msu'
        Checksum64 = '589F6BA1097937E99B3CECC113D3535FBF7DE4E40623D3145E89E4EBCBE028AC'
    }
    '6.1-server' = @{
        Url64 = 'https://download.microsoft.com/download/1/1/4/1140E6A6-D865-48FD-BF91-5FF8975F8BE5/Windows6.1-KB3035131-x64.msu'
        Checksum64 = '589F6BA1097937E99B3CECC113D3535FBF7DE4E40623D3145E89E4EBCBE028AC'
    }
    '6.0-client' = @{
        Url = 'https://download.microsoft.com/download/7/1/4/714C40B3-7A8A-4DE5-B082-51E5054D1EEC/Windows6.0-KB3035131-x86.msu'
        Checksum = 'E883D65A9DB0669DA158DC27C8FD63C4C91D1EEA46C3B415391030EA6B3C1083'
        Url64 = 'https://download.microsoft.com/download/C/B/5/CB536E82-8BFC-4256-B729-543F91CF7344/Windows6.0-KB3035131-x64.msu'
        Checksum64 = '391D27E4A62C52F2DD83DEC869728EC67A76694C6181E4E0287B565B86E8FE0E'
    }
    '6.0-server' = @{
        Url = 'https://download.microsoft.com/download/8/0/E/80E3D2ED-D8C1-40C0-9CAA-9431D3F1A0A6/Windows6.0-KB3035131-x86.msu'
        Checksum = 'E883D65A9DB0669DA158DC27C8FD63C4C91D1EEA46C3B415391030EA6B3C1083'
        Url64 = 'https://download.microsoft.com/download/F/6/B/F6B87903-3523-4761-BE50-0982E5B3674A/Windows6.0-KB3035131-x64.msu'
        Checksum64 = '391D27E4A62C52F2DD83DEC869728EC67A76694C6181E4E0287B565B86E8FE0E'
    }
}

$servicePackRequirements = @{
    '6.1' = @{ ServicePackNumber = 1; ChocolateyPackage = 'KB976932' }
    '6.0' = @{ ServicePackNumber = 2; ChocolateyPackage = $null }
}

chocolateyInstaller\Install-WindowsUpdate -Id 'KB3035131' -MsuData $msuData -ChecksumType 'sha256' -ServicePackRequirements $servicePackRequirements

2026-04-06 04:45:59,925 14024 [DEBUG] - Calling built-in PowerShell host with ['[System.Threading.Thread]::CurrentThread.CurrentCulture = '';[System.Threading.Thread]::CurrentThread.CurrentUICulture = '';[System.Net.ServicePointManager]::SecurityProtocol = [System.Net.SecurityProtocolType]::SystemDefault; & import-module -name 'C:\ProgramData\chocolatey\helpers\chocolateyInstaller.psm1'; & 'C:\ProgramData\chocolatey\helpers\chocolateyScriptRunner.ps1' -packageScript 'C:\ProgramData\chocolatey\lib\KB3035131\Tools\ChocolateyInstall.ps1' -installArguments '' -packageParameters '' -preRunHookScripts $null -postRunHookScripts $null']
2026-04-06 04:45:59,925 14024 [DEBUG] - Redirecting Microsoft.WSMan.Management.resources, Version=3.0.0.0, Culture=en-US, PublicKeyToken=31bf3856ad364e35, requested by ''
2026-04-06 04:45:59,956 14024 [DEBUG] - Host version is 5.1.26100.1882, PowerShell Version is '5.1.26100.7920' and CLR Version is '4.0.30319.42000'.
2026-04-06 04:45:59,972 14024 [INFO ] - VERBOSE: Loading module from path 'C:\ProgramData\chocolatey\helpers\Chocolatey.PowerShell.dll'.
2026-04-06 04:45:59,972 14024 [INFO ] - VERBOSE: Importing cmdlet 'Get-EnvironmentVariable'.
2026-04-06 04:45:59,972 14024 [INFO ] - VERBOSE: Importing cmdlet 'Get-EnvironmentVariableNames'.
2026-04-06 04:45:59,972 14024 [INFO ] - VERBOSE: Importing cmdlet 'Install-ChocolateyPath'.
2026-04-06 04:45:59,972 14024 [INFO ] - VERBOSE: Importing cmdlet 'Set-EnvironmentVariable'.
2026-04-06 04:45:59,972 14024 [INFO ] - VERBOSE: Importing cmdlet 'Test-ProcessAdminRights'.
2026-04-06 04:45:59,972 14024 [INFO ] - VERBOSE: Importing cmdlet 'Uninstall-ChocolateyPath'.
2026-04-06 04:45:59,972 14024 [INFO ] - VERBOSE: Importing cmdlet 'Update-SessionEnvironment'.
2026-04-06 04:45:59,972 14024 [DEBUG] - Cmdlets exported from Chocolatey.PowerShell.dll
2026-04-06 04:45:59,972 14024 [DEBUG] - Get-EnvironmentVariable
2026-04-06 04:45:59,988 14024 [DEBUG] - Get-EnvironmentVariableNames
2026-04-06 04:45:59,988 14024 [DEBUG] - Install-ChocolateyPath
2026-04-06 04:45:59,988 14024 [DEBUG] - Set-EnvironmentVariable
2026-04-06 04:45:59,988 14024 [DEBUG] - Test-ProcessAdminRights
2026-04-06 04:45:59,988 14024 [DEBUG] - Uninstall-ChocolateyPath
2026-04-06 04:45:59,988 14024 [DEBUG] - Update-SessionEnvironment
2026-04-06 04:45:59,988 14024 [INFO ] - VERBOSE: Exporting function 'Format-FileSize'.
2026-04-06 04:45:59,988 14024 [INFO ] - VERBOSE: Exporting function 'Get-ChecksumValid'.
2026-04-06 04:45:59,988 14024 [INFO ] - VERBOSE: Exporting function 'Get-ChocolateyConfigValue'.
2026-04-06 04:45:59,988 14024 [INFO ] - VERBOSE: Exporting function 'Get-ChocolateyPath'.
2026-04-06 04:45:59,988 14024 [INFO ] - VERBOSE: Exporting function 'Get-ChocolateyUnzip'.
2026-04-06 04:45:59,988 14024 [INFO ] - VERBOSE: Exporting function 'Get-ChocolateyWebFile'.
2026-04-06 04:45:59,988 14024 [INFO ] - VERBOSE: Exporting function 'Get-FtpFile'.
2026-04-06 04:45:59,988 14024 [INFO ] - VERBOSE: Exporting function 'Get-OSArchitectureWidth'.
2026-04-06 04:45:59,988 14024 [INFO ] - VERBOSE: Exporting function 'Get-PackageParameters'.
2026-04-06 04:45:59,988 14024 [INFO ] - VERBOSE: Exporting function 'Get-PackageParametersBuiltIn'.
2026-04-06 04:45:59,988 14024 [INFO ] - VERBOSE: Exporting function 'Get-ToolsLocation'.
2026-04-06 04:45:59,988 14024 [INFO ] - VERBOSE: Exporting function 'Get-UACEnabled'.
2026-04-06 04:45:59,988 14024 [INFO ] - VERBOSE: Exporting function 'Get-UninstallRegistryKey'.
2026-04-06 04:45:59,988 14024 [INFO ] - VERBOSE: Exporting function 'Get-VirusCheckValid'.
2026-04-06 04:45:59,988 14024 [INFO ] - VERBOSE: Exporting function 'Get-WebFile'.
2026-04-06 04:45:59,988 14024 [INFO ] - VERBOSE: Exporting function 'Get-WebFileName'.
2026-04-06 04:45:59,988 14024 [INFO ] - VERBOSE: Exporting function 'Get-WebHeaders'.
2026-04-06 04:45:59,988 14024 [INFO ] - VERBOSE: Exporting function 'Install-BinFile'.
2026-04-06 04:45:59,988 14024 [INFO ] - VERBOSE: Exporting function 'Install-ChocolateyEnvironmentVariable'.
2026-04-06 04:45:59,988 14024 [INFO ] - VERBOSE: Exporting function 'Install-ChocolateyExplorerMenuItem'.
2026-04-06 04:45:59,988 14024 [INFO ] - VERBOSE: Exporting function 'Install-ChocolateyFileAssociation'.
2026-04-06 04:45:59,988 14024 [INFO ] - VERBOSE: Exporting function 'Install-ChocolateyInstallPackage'.
2026-04-06 04:45:59,988 14024 [INFO ] - VERBOSE: Exporting function 'Install-ChocolateyPackage'.
2026-04-06 04:45:59,988 14024 [INFO ] - VERBOSE: Exporting function 'Install-ChocolateyPinnedTaskBarItem'.
2026-04-06 04:45:59,988 14024 [INFO ] - VERBOSE: Exporting function 'Install-ChocolateyPowershellCommand'.
2026-04-06 04:45:59,988 14024 [INFO ] - VERBOSE: Exporting function 'Install-ChocolateyShortcut'.
2026-04-06 04:45:59,988 14024 [INFO ] - VERBOSE: Exporting function 'Install-ChocolateyVsixPackage'.
2026-04-06 04:45:59,988 14024 [INFO ] - VERBOSE: Exporting function 'Install-ChocolateyZipPackage'.
2026-04-06 04:45:59,988 14024 [INFO ] - VERBOSE: Exporting function 'Install-Vsix'.
2026-04-06 04:45:59,988 14024 [INFO ] - VERBOSE: Exporting function 'Set-PowerShellExitCode'.
2026-04-06 04:45:59,988 14024 [INFO ] - VERBOSE: Exporting function 'Start-ChocolateyProcessAsAdmin'.
2026-04-06 04:45:59,988 14024 [INFO ] - VERBOSE: Exporting function 'Uninstall-BinFile'.
2026-04-06 04:45:59,988 14024 [INFO ] - VERBOSE: Exporting function 'Uninstall-ChocolateyEnvironmentVariable'.
2026-04-06 04:45:59,988 14024 [INFO ] - VERBOSE: Exporting function 'Uninstall-ChocolateyPackage'.
2026-04-06 04:45:59,988 14024 [INFO ] - VERBOSE: Exporting function 'Uninstall-ChocolateyZipPackage'.
2026-04-06 04:45:59,988 14024 [INFO ] - VERBOSE: Exporting function 'Write-FunctionCallLogMessage'.
2026-04-06 04:45:59,988 14024 [INFO ] - VERBOSE: Exporting cmdlet 'Get-EnvironmentVariable'.
2026-04-06 04:45:59,988 14024 [INFO ] - VERBOSE: Exporting cmdlet 'Get-EnvironmentVariableNames'.
2026-04-06 04:45:59,988 14024 [INFO ] - VERBOSE: Exporting cmdlet 'Install-ChocolateyPath'.
2026-04-06 04:45:59,988 14024 [INFO ] - VERBOSE: Exporting cmdlet 'Set-EnvironmentVariable'.
2026-04-06 04:45:59,988 14024 [INFO ] - VERBOSE: Exporting cmdlet 'Test-ProcessAdminRights'.
2026-04-06 04:45:59,988 14024 [INFO ] - VERBOSE: Exporting cmdlet 'Uninstall-ChocolateyPath'.
2026-04-06 04:45:59,988 14024 [INFO ] - VERBOSE: Exporting cmdlet 'Update-SessionEnvironment'.
2026-04-06 04:45:59,988 14024 [INFO ] - VERBOSE: Exporting alias 'Get-ProcessorBits'.
2026-04-06 04:45:59,988 14024 [INFO ] - VERBOSE: Exporting alias 'Get-OSBitness'.
2026-04-06 04:45:59,988 14024 [INFO ] - VERBOSE: Exporting alias 'Get-InstallRegistryKey'.
2026-04-06 04:45:59,988 14024 [INFO ] - VERBOSE: Exporting alias 'Generate-BinFile'.
2026-04-06 04:45:59,988 14024 [INFO ] - VERBOSE: Exporting alias 'Add-BinFile'.
2026-04-06 04:45:59,988 14024 [INFO ] - VERBOSE: Exporting alias 'Start-ChocolateyProcess'.
2026-04-06 04:45:59,988 14024 [INFO ] - VERBOSE: Exporting alias 'Invoke-ChocolateyProcess'.
2026-04-06 04:45:59,988 14024 [INFO ] - VERBOSE: Exporting alias 'Remove-BinFile'.
2026-04-06 04:45:59,988 14024 [INFO ] - VERBOSE: Exporting alias 'refreshenv'.
2026-04-06 04:45:59,988 14024 [DEBUG] - Loading community extensions
2026-04-06 04:45:59,988 14024 [DEBUG] - Importing 'C:\ProgramData\chocolatey\extensions\chocolatey-compatibility\chocolatey-compatibility.psm1'
2026-04-06 04:46:00,003 14024 [INFO ] - VERBOSE: Loading module from path 'C:\ProgramData\chocolatey\extensions\chocolatey-compatibility\chocolatey-compatibility.psm1'.
2026-04-06 04:46:00,003 14024 [DEBUG] - Function 'Get-PackageParameters' exists, ignoring export.
2026-04-06 04:46:00,003 14024 [DEBUG] - Function 'Get-UninstallRegistryKey' exists, ignoring export.
2026-04-06 04:46:00,003 14024 [DEBUG] - Exporting function 'Install-ChocolateyDesktopLink' for backwards compatibility
2026-04-06 04:46:00,003 14024 [INFO ] - VERBOSE: Exporting function 'Install-ChocolateyDesktopLink'.
2026-04-06 04:46:00,003 14024 [DEBUG] - Exporting function 'Write-ChocolateyFailure' for backwards compatibility
2026-04-06 04:46:00,003 14024 [INFO ] - VERBOSE: Exporting function 'Write-ChocolateyFailure'.
2026-04-06 04:46:00,003 14024 [DEBUG] - Exporting function 'Write-ChocolateySuccess' for backwards compatibility
2026-04-06 04:46:00,003 14024 [INFO ] - VERBOSE: Exporting function 'Write-ChocolateySuccess'.
2026-04-06 04:46:00,003 14024 [DEBUG] - Exporting function 'Write-FileUpdateLog' for backwards compatibility
2026-04-06 04:46:00,003 14024 [INFO ] - VERBOSE: Exporting function 'Write-FileUpdateLog'.
2026-04-06 04:46:00,003 14024 [INFO ] - VERBOSE: Importing function 'Install-ChocolateyDesktopLink'.
2026-04-06 04:46:00,003 14024 [INFO ] - VERBOSE: Importing function 'Write-ChocolateyFailure'.
2026-04-06 04:46:00,003 14024 [INFO ] - VERBOSE: Importing function 'Write-ChocolateySuccess'.
2026-04-06 04:46:00,003 14024 [INFO ] - VERBOSE: Importing function 'Write-FileUpdateLog'.
2026-04-06 04:46:00,003 14024 [DEBUG] - Importing 'C:\ProgramData\chocolatey\extensions\chocolatey-core\chocolatey-core.psm1'
2026-04-06 04:46:00,003 14024 [INFO ] - VERBOSE: Loading module from path 'C:\ProgramData\chocolatey\extensions\chocolatey-core\chocolatey-core.psm1'.
2026-04-06 04:46:00,035 14024 [INFO ] - VERBOSE: Exporting function 'Get-AppInstallLocation'.
2026-04-06 04:46:00,035 14024 [INFO ] - VERBOSE: Exporting function 'Get-AvailableDriveLetter'.
2026-04-06 04:46:00,035 14024 [INFO ] - VERBOSE: Exporting function 'Get-EffectiveProxy'.
2026-04-06 04:46:00,035 14024 [INFO ] - VERBOSE: Exporting function 'Get-PackageCacheLocation'.
2026-04-06 04:46:00,035 14024 [INFO ] - VERBOSE: Exporting function 'Get-WebContent'.
2026-04-06 04:46:00,035 14024 [INFO ] - VERBOSE: Exporting function 'Register-Application'.
2026-04-06 04:46:00,035 14024 [INFO ] - VERBOSE: Exporting function 'Remove-Process'.
2026-04-06 04:46:00,035 14024 [INFO ] - VERBOSE: Importing function 'Get-AppInstallLocation'.
2026-04-06 04:46:00,035 14024 [INFO ] - VERBOSE: Importing function 'Get-AvailableDriveLetter'.
2026-04-06 04:46:00,035 14024 [INFO ] - VERBOSE: Importing function 'Get-EffectiveProxy'.
2026-04-06 04:46:00,035 14024 [INFO ] - VERBOSE: Importing function 'Get-PackageCacheLocation'.
2026-04-06 04:46:00,035 14024 [INFO ] - VERBOSE: Importing function 'Get-WebContent'.
2026-04-06 04:46:00,035 14024 [INFO ] - VERBOSE: Importing function 'Register-Application'.
2026-04-06 04:46:00,035 14024 [INFO ] - VERBOSE: Importing function 'Remove-Process'.
2026-04-06 04:46:00,035 14024 [DEBUG] - Importing 'C:\ProgramData\chocolatey\extensions\chocolatey-windowsupdate\chocolatey-windowsupdate.psm1'
2026-04-06 04:46:00,035 14024 [INFO ] - VERBOSE: Loading module from path 'C:\ProgramData\chocolatey\extensions\chocolatey-windowsupdate\chocolatey-windowsupdate.psm1'.
2026-04-06 04:46:00,051 14024 [INFO ] - VERBOSE: Exporting function 'Install-WindowsUpdate'.
2026-04-06 04:46:00,051 14024 [INFO ] - VERBOSE: Exporting function 'Test-WindowsUpdate'.
2026-04-06 04:46:00,051 14024 [INFO ] - VERBOSE: Importing function 'Install-WindowsUpdate'.
2026-04-06 04:46:00,051 14024 [INFO ] - VERBOSE: Importing function 'Test-WindowsUpdate'.
2026-04-06 04:46:00,051 14024 [INFO ] - VERBOSE: Exporting function 'Format-FileSize'.
2026-04-06 04:46:00,051 14024 [INFO ] - VERBOSE: Exporting function 'Get-ChecksumValid'.
2026-04-06 04:46:00,051 14024 [INFO ] - VERBOSE: Exporting function 'Get-ChocolateyConfigValue'.
2026-04-06 04:46:00,051 14024 [INFO ] - VERBOSE: Exporting function 'Get-ChocolateyPath'.
2026-04-06 04:46:00,051 14024 [INFO ] - VERBOSE: Exporting function 'Get-ChocolateyUnzip'.
2026-04-06 04:46:00,051 14024 [INFO ] - VERBOSE: Exporting function 'Get-ChocolateyWebFile'.
2026-04-06 04:46:00,051 14024 [INFO ] - VERBOSE: Exporting function 'Get-FtpFile'.
2026-04-06 04:46:00,051 14024 [INFO ] - VERBOSE: Exporting function 'Get-OSArchitectureWidth'.
2026-04-06 04:46:00,051 14024 [INFO ] - VERBOSE: Exporting function 'Get-PackageParameters'.
2026-04-06 04:46:00,051 14024 [INFO ] - VERBOSE: Exporting function 'Get-PackageParametersBuiltIn'.
2026-04-06 04:46:00,051 14024 [INFO ] - VERBOSE: Exporting function 'Get-ToolsLocation'.
2026-04-06 04:46:00,051 14024 [INFO ] - VERBOSE: Exporting function 'Get-UACEnabled'.
2026-04-06 04:46:00,051 14024 [INFO ] - VERBOSE: Exporting function 'Get-UninstallRegistryKey'.
2026-04-06 04:46:00,051 14024 [INFO ] - VERBOSE: Exporting function 'Get-VirusCheckValid'.
2026-04-06 04:46:00,051 14024 [INFO ] - VERBOSE: Exporting function 'Get-WebFile'.
2026-04-06 04:46:00,051 14024 [INFO ] - VERBOSE: Exporting function 'Get-WebFileName'.
2026-04-06 04:46:00,051 14024 [INFO ] - VERBOSE: Exporting function 'Get-WebHeaders'.
2026-04-06 04:46:00,051 14024 [INFO ] - VERBOSE: Exporting function 'Install-BinFile'.
2026-04-06 04:46:00,051 14024 [INFO ] - VERBOSE: Exporting function 'Install-ChocolateyEnvironmentVariable'.
2026-04-06 04:46:00,051 14024 [INFO ] - VERBOSE: Exporting function 'Install-ChocolateyExplorerMenuItem'.
2026-04-06 04:46:00,051 14024 [INFO ] - VERBOSE: Exporting function 'Install-ChocolateyFileAssociation'.
2026-04-06 04:46:00,051 14024 [INFO ] - VERBOSE: Exporting function 'Install-ChocolateyInstallPackage'.
2026-04-06 04:46:00,051 14024 [INFO ] - VERBOSE: Exporting function 'Install-ChocolateyPackage'.
2026-04-06 04:46:00,051 14024 [INFO ] - VERBOSE: Exporting function 'Install-ChocolateyPinnedTaskBarItem'.
2026-04-06 04:46:00,051 14024 [INFO ] - VERBOSE: Exporting function 'Install-ChocolateyPowershellCommand'.
2026-04-06 04:46:00,051 14024 [INFO ] - VERBOSE: Exporting function 'Install-ChocolateyShortcut'.
2026-04-06 04:46:00,051 14024 [INFO ] - VERBOSE: Exporting function 'Install-ChocolateyVsixPackage'.
2026-04-06 04:46:00,051 14024 [INFO ] - VERBOSE: Exporting function 'Install-ChocolateyZipPackage'.
2026-04-06 04:46:00,051 14024 [INFO ] - VERBOSE: Exporting function 'Install-Vsix'.
2026-04-06 04:46:00,051 14024 [INFO ] - VERBOSE: Exporting function 'Set-PowerShellExitCode'.
2026-04-06 04:46:00,051 14024 [INFO ] - VERBOSE: Exporting function 'Start-ChocolateyProcessAsAdmin'.
2026-04-06 04:46:00,051 14024 [INFO ] - VERBOSE: Exporting function 'Uninstall-BinFile'.
2026-04-06 04:46:00,051 14024 [INFO ] - VERBOSE: Exporting function 'Uninstall-ChocolateyEnvironmentVariable'.
2026-04-06 04:46:00,051 14024 [INFO ] - VERBOSE: Exporting function 'Uninstall-ChocolateyPackage'.
2026-04-06 04:46:00,051 14024 [INFO ] - VERBOSE: Exporting function 'Uninstall-ChocolateyZipPackage'.
2026-04-06 04:46:00,051 14024 [INFO ] - VERBOSE: Exporting function 'Write-FunctionCallLogMessage'.
2026-04-06 04:46:00,051 14024 [INFO ] - VERBOSE: Exporting function 'Install-ChocolateyDesktopLink'.
2026-04-06 04:46:00,051 14024 [INFO ] - VERBOSE: Exporting function 'Write-ChocolateyFailure'.
2026-04-06 04:46:00,051 14024 [INFO ] - VERBOSE: Exporting function 'Write-ChocolateySuccess'.
2026-04-06 04:46:00,051 14024 [INFO ] - VERBOSE: Exporting function 'Write-FileUpdateLog'.
2026-04-06 04:46:00,051 14024 [INFO ] - VERBOSE: Exporting function 'Get-AppInstallLocation'.
2026-04-06 04:46:00,051 14024 [INFO ] - VERBOSE: Exporting function 'Get-AvailableDriveLetter'.
2026-04-06 04:46:00,051 14024 [INFO ] - VERBOSE: Exporting function 'Get-EffectiveProxy'.
2026-04-06 04:46:00,051 14024 [INFO ] - VERBOSE: Exporting function 'Get-PackageCacheLocation'.
2026-04-06 04:46:00,051 14024 [INFO ] - VERBOSE: Exporting function 'Get-WebContent'.
2026-04-06 04:46:00,051 14024 [INFO ] - VERBOSE: Exporting function 'Register-Application'.
2026-04-06 04:46:00,051 14024 [INFO ] - VERBOSE: Exporting function 'Remove-Process'.
2026-04-06 04:46:00,051 14024 [INFO ] - VERBOSE: Exporting function 'Install-WindowsUpdate'.
2026-04-06 04:46:00,051 14024 [INFO ] - VERBOSE: Exporting function 'Test-WindowsUpdate'.
2026-04-06 04:46:00,051 14024 [INFO ] - VERBOSE: Exporting cmdlet 'Get-EnvironmentVariable'.
2026-04-06 04:46:00,051 14024 [INFO ] - VERBOSE: Exporting cmdlet 'Get-EnvironmentVariableNames'.
2026-04-06 04:46:00,051 14024 [INFO ] - VERBOSE: Exporting cmdlet 'Install-ChocolateyPath'.
2026-04-06 04:46:00,067 14024 [INFO ] - VERBOSE: Exporting cmdlet 'Set-EnvironmentVariable'.
2026-04-06 04:46:00,067 14024 [INFO ] - VERBOSE: Exporting cmdlet 'Test-ProcessAdminRights'.
2026-04-06 04:46:00,067 14024 [INFO ] - VERBOSE: Exporting cmdlet 'Uninstall-ChocolateyPath'.
2026-04-06 04:46:00,067 14024 [INFO ] - VERBOSE: Exporting cmdlet 'Update-SessionEnvironment'.
2026-04-06 04:46:00,067 14024 [INFO ] - VERBOSE: Exporting cmdlet 'Get-EnvironmentVariable'.
2026-04-06 04:46:00,067 14024 [INFO ] - VERBOSE: Exporting cmdlet 'Get-EnvironmentVariableNames'.
2026-04-06 04:46:00,067 14024 [INFO ] - VERBOSE: Exporting cmdlet 'Install-ChocolateyPath'.
2026-04-06 04:46:00,067 14024 [INFO ] - VERBOSE: Exporting cmdlet 'Set-EnvironmentVariable'.
2026-04-06 04:46:00,067 14024 [INFO ] - VERBOSE: Exporting cmdlet 'Test-ProcessAdminRights'.
2026-04-06 04:46:00,067 14024 [INFO ] - VERBOSE: Exporting cmdlet 'Uninstall-ChocolateyPath'.
2026-04-06 04:46:00,067 14024 [INFO ] - VERBOSE: Exporting cmdlet 'Update-SessionEnvironment'.
2026-04-06 04:46:00,067 14024 [INFO ] - VERBOSE: Exporting alias 'Get-ProcessorBits'.
2026-04-06 04:46:00,067 14024 [INFO ] - VERBOSE: Exporting alias 'Get-OSBitness'.
2026-04-06 04:46:00,067 14024 [INFO ] - VERBOSE: Exporting alias 'Get-InstallRegistryKey'.
2026-04-06 04:46:00,067 14024 [INFO ] - VERBOSE: Exporting alias 'Generate-BinFile'.
2026-04-06 04:46:00,067 14024 [INFO ] - VERBOSE: Exporting alias 'Add-BinFile'.
2026-04-06 04:46:00,067 14024 [INFO ] - VERBOSE: Exporting alias 'Start-ChocolateyProcess'.
2026-04-06 04:46:00,067 14024 [INFO ] - VERBOSE: Exporting alias 'Invoke-ChocolateyProcess'.
2026-04-06 04:46:00,067 14024 [INFO ] - VERBOSE: Exporting alias 'Remove-BinFile'.
2026-04-06 04:46:00,067 14024 [INFO ] - VERBOSE: Exporting alias 'refreshenv'.
2026-04-06 04:46:00,067 14024 [INFO ] - VERBOSE: Importing cmdlet 'Get-EnvironmentVariable'.
2026-04-06 04:46:00,067 14024 [INFO ] - VERBOSE: Importing cmdlet 'Get-EnvironmentVariableNames'.
2026-04-06 04:46:00,067 14024 [INFO ] - VERBOSE: Importing cmdlet 'Install-ChocolateyPath'.
2026-04-06 04:46:00,067 14024 [INFO ] - VERBOSE: Importing cmdlet 'Set-EnvironmentVariable'.
2026-04-06 04:46:00,067 14024 [INFO ] - VERBOSE: Importing cmdlet 'Test-ProcessAdminRights'.
2026-04-06 04:46:00,067 14024 [INFO ] - VERBOSE: Importing cmdlet 'Uninstall-ChocolateyPath'.
2026-04-06 04:46:00,067 14024 [INFO ] - VERBOSE: Importing cmdlet 'Update-SessionEnvironment'.
2026-04-06 04:46:00,067 14024 [INFO ] - VERBOSE: Importing function 'Format-FileSize'.
2026-04-06 04:46:00,067 14024 [INFO ] - VERBOSE: Importing function 'Get-AppInstallLocation'.
2026-04-06 04:46:00,067 14024 [INFO ] - VERBOSE: Importing function 'Get-AvailableDriveLetter'.
2026-04-06 04:46:00,067 14024 [INFO ] - VERBOSE: Importing function 'Get-ChecksumValid'.
2026-04-06 04:46:00,067 14024 [INFO ] - VERBOSE: Importing function 'Get-ChocolateyConfigValue'.
2026-04-06 04:46:00,067 14024 [INFO ] - VERBOSE: Importing function 'Get-ChocolateyPath'.
2026-04-06 04:46:00,067 14024 [INFO ] - VERBOSE: Importing function 'Get-ChocolateyUnzip'.
2026-04-06 04:46:00,067 14024 [INFO ] - VERBOSE: Importing function 'Get-ChocolateyWebFile'.
2026-04-06 04:46:00,067 14024 [INFO ] - VERBOSE: Importing function 'Get-EffectiveProxy'.
2026-04-06 04:46:00,067 14024 [INFO ] - VERBOSE: Importing function 'Get-FtpFile'.
2026-04-06 04:46:00,067 14024 [INFO ] - VERBOSE: Importing function 'Get-OSArchitectureWidth'.
2026-04-06 04:46:00,067 14024 [INFO ] - VERBOSE: Importing function 'Get-PackageCacheLocation'.
2026-04-06 04:46:00,067 14024 [INFO ] - VERBOSE: Importing function 'Get-PackageParameters'.
2026-04-06 04:46:00,067 14024 [INFO ] - VERBOSE: Importing function 'Get-PackageParametersBuiltIn'.
2026-04-06 04:46:00,067 14024 [INFO ] - VERBOSE: Importing function 'Get-ToolsLocation'.
2026-04-06 04:46:00,067 14024 [INFO ] - VERBOSE: Importing function 'Get-UACEnabled'.
2026-04-06 04:46:00,067 14024 [INFO ] - VERBOSE: Importing function 'Get-UninstallRegistryKey'.
2026-04-06 04:46:00,067 14024 [INFO ] - VERBOSE: Importing function 'Get-VirusCheckValid'.
2026-04-06 04:46:00,067 14024 [INFO ] - VERBOSE: Importing function 'Get-WebContent'.
2026-04-06 04:46:00,067 14024 [INFO ] - VERBOSE: Importing function 'Get-WebFile'.
2026-04-06 04:46:00,067 14024 [INFO ] - VERBOSE: Importing function 'Get-WebFileName'.
2026-04-06 04:46:00,067 14024 [INFO ] - VERBOSE: Importing function 'Get-WebHeaders'.
2026-04-06 04:46:00,067 14024 [INFO ] - VERBOSE: Importing function 'Install-BinFile'.
2026-04-06 04:46:00,067 14024 [INFO ] - VERBOSE: Importing function 'Install-ChocolateyDesktopLink'.
2026-04-06 04:46:00,067 14024 [INFO ] - VERBOSE: Importing function 'Install-ChocolateyEnvironmentVariable'.
2026-04-06 04:46:00,067 14024 [INFO ] - VERBOSE: Importing function 'Install-ChocolateyExplorerMenuItem'.
2026-04-06 04:46:00,067 14024 [INFO ] - VERBOSE: Importing function 'Install-ChocolateyFileAssociation'.
2026-04-06 04:46:00,067 14024 [INFO ] - VERBOSE: Importing function 'Install-ChocolateyInstallPackage'.
2026-04-06 04:46:00,067 14024 [INFO ] - VERBOSE: Importing function 'Install-ChocolateyPackage'.
2026-04-06 04:46:00,067 14024 [INFO ] - VERBOSE: Importing function 'Install-ChocolateyPinnedTaskBarItem'.
2026-04-06 04:46:00,067 14024 [INFO ] - VERBOSE: Importing function 'Install-ChocolateyPowershellCommand'.
2026-04-06 04:46:00,067 14024 [INFO ] - VERBOSE: Importing function 'Install-ChocolateyShortcut'.
2026-04-06 04:46:00,081 14024 [INFO ] - VERBOSE: Importing function 'Install-ChocolateyVsixPackage'.
2026-04-06 04:46:00,081 14024 [INFO ] - VERBOSE: Importing function 'Install-ChocolateyZipPackage'.
2026-04-06 04:46:00,081 14024 [INFO ] - VERBOSE: Importing function 'Install-Vsix'.
2026-04-06 04:46:00,081 14024 [INFO ] - VERBOSE: Importing function 'Install-WindowsUpdate'.
2026-04-06 04:46:00,081 14024 [INFO ] - VERBOSE: Importing function 'Register-Application'.
2026-04-06 04:46:00,081 14024 [INFO ] - VERBOSE: Importing function 'Remove-Process'.
2026-04-06 04:46:00,083 14024 [INFO ] - VERBOSE: Importing function 'Set-PowerShellExitCode'.
2026-04-06 04:46:00,083 14024 [INFO ] - VERBOSE: Importing function 'Start-ChocolateyProcessAsAdmin'.
2026-04-06 04:46:00,083 14024 [INFO ] - VERBOSE: Importing function 'Test-WindowsUpdate'.
2026-04-06 04:46:00,083 14024 [INFO ] - VERBOSE: Importing function 'Uninstall-BinFile'.
2026-04-06 04:46:00,083 14024 [INFO ] - VERBOSE: Importing function 'Uninstall-ChocolateyEnvironmentVariable'.
2026-04-06 04:46:00,083 14024 [INFO ] - VERBOSE: Importing function 'Uninstall-ChocolateyPackage'.
2026-04-06 04:46:00,083 14024 [INFO ] - VERBOSE: Importing function 'Uninstall-ChocolateyZipPackage'.
2026-04-06 04:46:00,083 14024 [INFO ] - VERBOSE: Importing function 'Write-ChocolateyFailure'.
2026-04-06 04:46:00,085 14024 [INFO ] - VERBOSE: Importing function 'Write-ChocolateySuccess'.
2026-04-06 04:46:00,085 14024 [INFO ] - VERBOSE: Importing function 'Write-FileUpdateLog'.
2026-04-06 04:46:00,085 14024 [INFO ] - VERBOSE: Importing function 'Write-FunctionCallLogMessage'.
2026-04-06 04:46:00,085 14024 [INFO ] - VERBOSE: Importing alias 'Add-BinFile'.
2026-04-06 04:46:00,085 14024 [INFO ] - VERBOSE: Importing alias 'Generate-BinFile'.
2026-04-06 04:46:00,085 14024 [INFO ] - VERBOSE: Importing alias 'Get-InstallRegistryKey'.
2026-04-06 04:46:00,085 14024 [INFO ] - VERBOSE: Importing alias 'Get-OSBitness'.
2026-04-06 04:46:00,085 14024 [INFO ] - VERBOSE: Importing alias 'Get-ProcessorBits'.
2026-04-06 04:46:00,085 14024 [INFO ] - VERBOSE: Importing alias 'Invoke-ChocolateyProcess'.
2026-04-06 04:46:00,087 14024 [INFO ] - VERBOSE: Importing alias 'refreshenv'.
2026-04-06 04:46:00,087 14024 [INFO ] - VERBOSE: Importing alias 'Remove-BinFile'.
2026-04-06 04:46:00,087 14024 [INFO ] - VERBOSE: Importing alias 'Start-ChocolateyProcess'.
2026-04-06 04:46:00,087 14024 [DEBUG] - ---------------------------Script Execution---------------------------
2026-04-06 04:46:00,087 14024 [DEBUG] - Running 'ChocolateyScriptRunner' for KB3035131 v1.0.3 with packageScript 'C:\ProgramData\chocolatey\lib\KB3035131\Tools\ChocolateyInstall.ps1', packageFolder:'C:\ProgramData\chocolatey\lib\KB3035131', installArguments: '', packageParameters: '', preRunHookScripts: '', postRunHookScripts: '',
2026-04-06 04:46:00,087 14024 [DEBUG] - Running package script 'C:\ProgramData\chocolatey\lib\KB3035131\Tools\ChocolateyInstall.ps1'
2026-04-06 04:46:00,099 14024 [INFO ] - VERBOSE: Obtaining operating system information
2026-04-06 04:46:00,131 14024 [INFO ] - VERBOSE: Perform operation 'Enumerate CimInstances' with following parameters, ''namespaceName' = root\cimv2,'className' = Win32_OperatingSystem'.
2026-04-06 04:46:00,194 14024 [INFO ] - VERBOSE: Operation 'Enumerate CimInstances' complete.
2026-04-06 04:46:00,194 14024 [INFO ] - VERBOSE: Operating system: Microsoft Windows 11 Home, version 10.0.26200, product type 'client'
2026-04-06 04:46:00,194 14024 [INFO ] - VERBOSE: Locating MSU rules for this operating system
2026-04-06 04:46:00,194 14024 [INFO ] - VERBOSE: No MSU rules defined for this operating system
2026-04-06 04:46:00,194 14024 [INFO ] - Skipping installation because update KB3035131 does not apply to this operating system (Microsoft Windows 11 Home).
2026-04-06 04:46:00,194 14024 [DEBUG] - ----------------------------------------------------------------------
2026-04-06 04:46:00,210 14024 [DEBUG] - Built-in PowerShell host called with ['[System.Threading.Thread]::CurrentThread.CurrentCulture = '';[System.Threading.Thread]::CurrentThread.CurrentUICulture = '';[System.Net.ServicePointManager]::SecurityProtocol = [System.Net.SecurityProtocolType]::SystemDefault; & import-module -name 'C:\ProgramData\chocolatey\helpers\chocolateyInstaller.psm1'; & 'C:\ProgramData\chocolatey\helpers\chocolateyScriptRunner.ps1' -packageScript 'C:\ProgramData\chocolatey\lib\KB3035131\Tools\ChocolateyInstall.ps1' -installArguments '' -packageParameters '' -preRunHookScripts $null -postRunHookScripts $null'] exited with '0'.
2026-04-06 04:46:00,210 14024 [DEBUG] - Calling command ['"C:\WINDOWS\System32\shutdown.exe" /a']
2026-04-06 04:46:00,232 14024 [DEBUG] - Command ['"C:\WINDOWS\System32\shutdown.exe" /a'] exited with '1116'
2026-04-06 04:46:00,232 14024 [DEBUG] - Capturing package files in 'C:\ProgramData\chocolatey\lib\KB3035131'
2026-04-06 04:46:00,232 14024 [DEBUG] -  Found 'C:\ProgramData\chocolatey\lib\KB3035131\KB3035131.nupkg'
  with checksum '50D96E41802B1B3F6B557E9A197EF3F6'
2026-04-06 04:46:00,232 14024 [DEBUG] -  Found 'C:\ProgramData\chocolatey\lib\KB3035131\kb3035131.nuspec'
  with checksum '05DBB685F7B6257BB8B90C178C6E63A1'
2026-04-06 04:46:00,232 14024 [DEBUG] -  Found 'C:\ProgramData\chocolatey\lib\KB3035131\Tools\ChocolateyInstall.ps1'
  with checksum 'C96AB84A5AEBA2761E40A151EE4B0230'
2026-04-06 04:46:00,232 14024 [DEBUG] - Attempting to create directory "C:\ProgramData\chocolatey\.chocolatey\KB3035131.1.0.3".
2026-04-06 04:46:00,232 14024 [DEBUG] - There was no original file at 'C:\ProgramData\chocolatey\.chocolatey\KB3035131.1.0.3\.files'
2026-04-06 04:46:00,232 14024 [DEBUG] - Attempting to delete file "C:\ProgramData\chocolatey\.chocolatey\KB3035131.1.0.3\.extra".
2026-04-06 04:46:00,232 14024 [DEBUG] - Attempting to delete file "C:\ProgramData\chocolatey\.chocolatey\KB3035131.1.0.3\.version".
2026-04-06 04:46:00,232 14024 [DEBUG] - Attempting to delete file "C:\ProgramData\chocolatey\.chocolatey\KB3035131.1.0.3\.sxs".
2026-04-06 04:46:00,232 14024 [DEBUG] - Attempting to delete file "C:\ProgramData\chocolatey\.chocolatey\KB3035131.1.0.3\.pin".
2026-04-06 04:46:00,232 14024 [DEBUG] - Attempting to delete file "C:\ProgramData\chocolatey\.chocolatey\KB3035131.1.0.3\.deploymentLocation".
2026-04-06 04:46:00,232 14024 [DEBUG] - Sending message 'HandlePackageResultCompletedMessage' out if there are subscribers...
2026-04-06 04:46:00,232 14024 [DEBUG] - Attempting to delete file "C:\ProgramData\chocolatey\lib\KB3035131\.chocolateyPending".
2026-04-06 04:46:00,232 14024 [INFO ] -  The upgrade of KB3035131 was successful.
2026-04-06 04:46:00,232 14024 [INFO ] -   Software install location not explicitly set, it could be in package or
  default install location of installer.
2026-04-06 04:46:00,248 14024 [INFO ] - [NuGet]   GET https://community.chocolatey.org/api/v2/Packages(Id='KB3033929',Version='1.0.5')
2026-04-06 04:46:00,646 14024 [INFO ] - [NuGet]   OK https://community.chocolatey.org/api/v2/Packages(Id='KB3033929',Version='1.0.5') 411ms
2026-04-06 04:46:00,662 14024 [DEBUG] - Attempting to delete file "".
2026-04-06 04:46:00,662 14024 [INFO ] - Downloading package from source 'https://community.chocolatey.org/api/v2/'
2026-04-06 04:46:00,662 14024 [DEBUG] - Package download location 'https://community.chocolatey.org/api/v2/package/KB3033929/1.0.5'
2026-04-06 04:46:00,662 14024 [INFO ] - [NuGet]   GET https://community.chocolatey.org/api/v2/package/KB3033929/1.0.5
2026-04-06 04:46:01,204 14024 [INFO ] - [NuGet]   OK https://community.chocolatey.org/api/v2/package/KB3033929/1.0.5 551ms
2026-04-06 04:46:01,204 14024 [INFO ] - [NuGet] Acquiring lock for the installation of KB3033929 1.0.5
2026-04-06 04:46:01,220 14024 [INFO ] - [NuGet] Acquired lock for the installation of KB3033929 1.0.5
2026-04-06 04:46:01,226 14024 [INFO ] - [NuGet] Installed KB3033929 1.0.5 from https://community.chocolatey.org/api/v2/ with content hash BVvLl4AxeRTgkbQpccUzxjs6epyKL4b9amFyG74KpWdjJ1yOS4cQf2K5oYW5+SmUkh7ICJjLPMEgdJAFK3snRw==.
2026-04-06 04:46:01,235 14024 [DEBUG] - Skipping package hash validation as feature 'usePackageHashValidation' is not enabled.
2026-04-06 04:46:01,235 14024 [INFO ] - [NuGet] Adding package 'KB3033929.1.0.5 : chocolatey-windowsupdate.extension [1.0.4, ), kb3035131 [1.0.3, )' to folder 'C:\ProgramData\chocolatey\lib'
2026-04-06 04:46:01,267 14024 [INFO ] - [NuGet] Added package 'KB3033929.1.0.5 : chocolatey-windowsupdate.extension [1.0.4, ), kb3035131 [1.0.3, )' to folder 'C:\ProgramData\chocolatey\lib'
2026-04-06 04:46:01,267 14024 [DEBUG] - Attempting to delete file "C:\Users\tsmit\AppData\Local\Temp\chocolatey\ChocolateyScratch\KB3033929/1.0.5\KB3033929.1.0.5.nupkg".
2026-04-06 04:46:01,267 14024 [DEBUG] - Attempting to delete file "C:\Users\tsmit\AppData\Local\Temp\chocolatey\ChocolateyScratch\KB3033929/1.0.5\.nupkg.metadata".
2026-04-06 04:46:01,267 14024 [DEBUG] - Attempting to delete file "C:\Users\tsmit\AppData\Local\Temp\chocolatey\ChocolateyScratch\KB3033929/1.0.5\KB3033929.1.0.5.nupkg.sha512".
2026-04-06 04:46:01,267 14024 [INFO ] - 
KB3033929 v1.0.5 [Approved]
2026-04-06 04:46:01,267 14024 [INFO ] - KB3033929 package files upgrade completed. Performing other installation steps.
2026-04-06 04:46:01,267 14024 [DEBUG] - Contents of 'C:\ProgramData\chocolatey\lib\KB3033929\Tools\ChocolateyInstall.ps1':
2026-04-06 04:46:01,267 14024 [DEBUG] - $msuData = @{
    '6.1-client' = @{
        Url = 'https://download.microsoft.com/download/3/7/4/37473F39-5728-4153-9A25-64C09DE9ED52/Windows6.1-KB3033929-x86.msu'
        Checksum = '246C300A6AE6DCA99453F6839745AC0015953528A7065BED1B015F91B80CF64D'
        Url64 = 'https://download.microsoft.com/download/C/8/7/C87AE67E-A228-48FB-8F02-B2A9A1238099/Windows6.1-KB3033929-x64.msu'
        Checksum64 = '5318587007EDB6C8B29310FF18DA479A162B486B9101A7DE735F94A70DBC3B31'
    }
    '6.1-server' = @{
        Url64 = 'https://download.microsoft.com/download/A/4/E/A4E91F1E-83D8-4926-9CC5-3B3B4F371B80/Windows6.1-KB3033929-x64.msu'
        Checksum64 = '5318587007EDB6C8B29310FF18DA479A162B486B9101A7DE735F94A70DBC3B31'
    }
}

$servicePackRequirements = @{
    '6.1' = @{ ServicePackNumber = 1; ChocolateyPackage = 'KB976932' }
}

chocolateyInstaller\Install-WindowsUpdate -Id 'KB3033929' -MsuData $msuData -ChecksumType 'sha256' -ServicePackRequirements $servicePackRequirements

2026-04-06 04:46:01,267 14024 [DEBUG] - Calling built-in PowerShell host with ['[System.Threading.Thread]::CurrentThread.CurrentCulture = '';[System.Threading.Thread]::CurrentThread.CurrentUICulture = '';[System.Net.ServicePointManager]::SecurityProtocol = [System.Net.SecurityProtocolType]::SystemDefault; & import-module -name 'C:\ProgramData\chocolatey\helpers\chocolateyInstaller.psm1'; & 'C:\ProgramData\chocolatey\helpers\chocolateyScriptRunner.ps1' -packageScript 'C:\ProgramData\chocolatey\lib\KB3033929\Tools\ChocolateyInstall.ps1' -installArguments '' -packageParameters '' -preRunHookScripts $null -postRunHookScripts $null']
2026-04-06 04:46:01,283 14024 [DEBUG] - Redirecting Microsoft.WSMan.Management.resources, Version=3.0.0.0, Culture=en-US, PublicKeyToken=31bf3856ad364e35, requested by ''
2026-04-06 04:46:01,315 14024 [DEBUG] - Host version is 5.1.26100.1882, PowerShell Version is '5.1.26100.7920' and CLR Version is '4.0.30319.42000'.
2026-04-06 04:46:01,331 14024 [INFO ] - VERBOSE: Loading module from path 'C:\ProgramData\chocolatey\helpers\Chocolatey.PowerShell.dll'.
2026-04-06 04:46:01,331 14024 [INFO ] - VERBOSE: Importing cmdlet 'Get-EnvironmentVariable'.
2026-04-06 04:46:01,331 14024 [INFO ] - VERBOSE: Importing cmdlet 'Get-EnvironmentVariableNames'.
2026-04-06 04:46:01,331 14024 [INFO ] - VERBOSE: Importing cmdlet 'Install-ChocolateyPath'.
2026-04-06 04:46:01,331 14024 [INFO ] - VERBOSE: Importing cmdlet 'Set-EnvironmentVariable'.
2026-04-06 04:46:01,331 14024 [INFO ] - VERBOSE: Importing cmdlet 'Test-ProcessAdminRights'.
2026-04-06 04:46:01,331 14024 [INFO ] - VERBOSE: Importing cmdlet 'Uninstall-ChocolateyPath'.
2026-04-06 04:46:01,331 14024 [INFO ] - VERBOSE: Importing cmdlet 'Update-SessionEnvironment'.
2026-04-06 04:46:01,331 14024 [DEBUG] - Cmdlets exported from Chocolatey.PowerShell.dll
2026-04-06 04:46:01,331 14024 [DEBUG] - Get-EnvironmentVariable
2026-04-06 04:46:01,331 14024 [DEBUG] - Get-EnvironmentVariableNames
2026-04-06 04:46:01,331 14024 [DEBUG] - Install-ChocolateyPath
2026-04-06 04:46:01,346 14024 [DEBUG] - Set-EnvironmentVariable
2026-04-06 04:46:01,346 14024 [DEBUG] - Test-ProcessAdminRights
2026-04-06 04:46:01,346 14024 [DEBUG] - Uninstall-ChocolateyPath
2026-04-06 04:46:01,346 14024 [DEBUG] - Update-SessionEnvironment
2026-04-06 04:46:01,346 14024 [INFO ] - VERBOSE: Exporting function 'Format-FileSize'.
2026-04-06 04:46:01,346 14024 [INFO ] - VERBOSE: Exporting function 'Get-ChecksumValid'.
2026-04-06 04:46:01,346 14024 [INFO ] - VERBOSE: Exporting function 'Get-ChocolateyConfigValue'.
2026-04-06 04:46:01,346 14024 [INFO ] - VERBOSE: Exporting function 'Get-ChocolateyPath'.
2026-04-06 04:46:01,346 14024 [INFO ] - VERBOSE: Exporting function 'Get-ChocolateyUnzip'.
2026-04-06 04:46:01,346 14024 [INFO ] - VERBOSE: Exporting function 'Get-ChocolateyWebFile'.
2026-04-06 04:46:01,346 14024 [INFO ] - VERBOSE: Exporting function 'Get-FtpFile'.
2026-04-06 04:46:01,346 14024 [INFO ] - VERBOSE: Exporting function 'Get-OSArchitectureWidth'.
2026-04-06 04:46:01,346 14024 [INFO ] - VERBOSE: Exporting function 'Get-PackageParameters'.
2026-04-06 04:46:01,346 14024 [INFO ] - VERBOSE: Exporting function 'Get-PackageParametersBuiltIn'.
2026-04-06 04:46:01,346 14024 [INFO ] - VERBOSE: Exporting function 'Get-ToolsLocation'.
2026-04-06 04:46:01,346 14024 [INFO ] - VERBOSE: Exporting function 'Get-UACEnabled'.
2026-04-06 04:46:01,346 14024 [INFO ] - VERBOSE: Exporting function 'Get-UninstallRegistryKey'.
2026-04-06 04:46:01,346 14024 [INFO ] - VERBOSE: Exporting function 'Get-VirusCheckValid'.
2026-04-06 04:46:01,346 14024 [INFO ] - VERBOSE: Exporting function 'Get-WebFile'.
2026-04-06 04:46:01,346 14024 [INFO ] - VERBOSE: Exporting function 'Get-WebFileName'.
2026-04-06 04:46:01,346 14024 [INFO ] - VERBOSE: Exporting function 'Get-WebHeaders'.
2026-04-06 04:46:01,346 14024 [INFO ] - VERBOSE: Exporting function 'Install-BinFile'.
2026-04-06 04:46:01,346 14024 [INFO ] - VERBOSE: Exporting function 'Install-ChocolateyEnvironmentVariable'.
2026-04-06 04:46:01,346 14024 [INFO ] - VERBOSE: Exporting function 'Install-ChocolateyExplorerMenuItem'.
2026-04-06 04:46:01,346 14024 [INFO ] - VERBOSE: Exporting function 'Install-ChocolateyFileAssociation'.
2026-04-06 04:46:01,346 14024 [INFO ] - VERBOSE: Exporting function 'Install-ChocolateyInstallPackage'.
2026-04-06 04:46:01,346 14024 [INFO ] - VERBOSE: Exporting function 'Install-ChocolateyPackage'.
2026-04-06 04:46:01,346 14024 [INFO ] - VERBOSE: Exporting function 'Install-ChocolateyPinnedTaskBarItem'.
2026-04-06 04:46:01,346 14024 [INFO ] - VERBOSE: Exporting function 'Install-ChocolateyPowershellCommand'.
2026-04-06 04:46:01,346 14024 [INFO ] - VERBOSE: Exporting function 'Install-ChocolateyShortcut'.
2026-04-06 04:46:01,346 14024 [INFO ] - VERBOSE: Exporting function 'Install-ChocolateyVsixPackage'.
2026-04-06 04:46:01,346 14024 [INFO ] - VERBOSE: Exporting function 'Install-ChocolateyZipPackage'.
2026-04-06 04:46:01,346 14024 [INFO ] - VERBOSE: Exporting function 'Install-Vsix'.
2026-04-06 04:46:01,346 14024 [INFO ] - VERBOSE: Exporting function 'Set-PowerShellExitCode'.
2026-04-06 04:46:01,346 14024 [INFO ] - VERBOSE: Exporting function 'Start-ChocolateyProcessAsAdmin'.
2026-04-06 04:46:01,346 14024 [INFO ] - VERBOSE: Exporting function 'Uninstall-BinFile'.
2026-04-06 04:46:01,346 14024 [INFO ] - VERBOSE: Exporting function 'Uninstall-ChocolateyEnvironmentVariable'.
2026-04-06 04:46:01,346 14024 [INFO ] - VERBOSE: Exporting function 'Uninstall-ChocolateyPackage'.
2026-04-06 04:46:01,346 14024 [INFO ] - VERBOSE: Exporting function 'Uninstall-ChocolateyZipPackage'.
2026-04-06 04:46:01,346 14024 [INFO ] - VERBOSE: Exporting function 'Write-FunctionCallLogMessage'.
2026-04-06 04:46:01,346 14024 [INFO ] - VERBOSE: Exporting cmdlet 'Get-EnvironmentVariable'.
2026-04-06 04:46:01,346 14024 [INFO ] - VERBOSE: Exporting cmdlet 'Get-EnvironmentVariableNames'.
2026-04-06 04:46:01,346 14024 [INFO ] - VERBOSE: Exporting cmdlet 'Install-ChocolateyPath'.
2026-04-06 04:46:01,346 14024 [INFO ] - VERBOSE: Exporting cmdlet 'Set-EnvironmentVariable'.
2026-04-06 04:46:01,346 14024 [INFO ] - VERBOSE: Exporting cmdlet 'Test-ProcessAdminRights'.
2026-04-06 04:46:01,346 14024 [INFO ] - VERBOSE: Exporting cmdlet 'Uninstall-ChocolateyPath'.
2026-04-06 04:46:01,346 14024 [INFO ] - VERBOSE: Exporting cmdlet 'Update-SessionEnvironment'.
2026-04-06 04:46:01,346 14024 [INFO ] - VERBOSE: Exporting alias 'Get-ProcessorBits'.
2026-04-06 04:46:01,346 14024 [INFO ] - VERBOSE: Exporting alias 'Get-OSBitness'.
2026-04-06 04:46:01,346 14024 [INFO ] - VERBOSE: Exporting alias 'Get-InstallRegistryKey'.
2026-04-06 04:46:01,346 14024 [INFO ] - VERBOSE: Exporting alias 'Generate-BinFile'.
2026-04-06 04:46:01,346 14024 [INFO ] - VERBOSE: Exporting alias 'Add-BinFile'.
2026-04-06 04:46:01,346 14024 [INFO ] - VERBOSE: Exporting alias 'Start-ChocolateyProcess'.
2026-04-06 04:46:01,346 14024 [INFO ] - VERBOSE: Exporting alias 'Invoke-ChocolateyProcess'.
2026-04-06 04:46:01,346 14024 [INFO ] - VERBOSE: Exporting alias 'Remove-BinFile'.
2026-04-06 04:46:01,346 14024 [INFO ] - VERBOSE: Exporting alias 'refreshenv'.
2026-04-06 04:46:01,346 14024 [DEBUG] - Loading community extensions
2026-04-06 04:46:01,346 14024 [DEBUG] - Importing 'C:\ProgramData\chocolatey\extensions\chocolatey-compatibility\chocolatey-compatibility.psm1'
2026-04-06 04:46:01,346 14024 [INFO ] - VERBOSE: Loading module from path 'C:\ProgramData\chocolatey\extensions\chocolatey-compatibility\chocolatey-compatibility.psm1'.
2026-04-06 04:46:01,366 14024 [DEBUG] - Function 'Get-PackageParameters' exists, ignoring export.
2026-04-06 04:46:01,366 14024 [DEBUG] - Function 'Get-UninstallRegistryKey' exists, ignoring export.
2026-04-06 04:46:01,368 14024 [DEBUG] - Exporting function 'Install-ChocolateyDesktopLink' for backwards compatibility
2026-04-06 04:46:01,368 14024 [INFO ] - VERBOSE: Exporting function 'Install-ChocolateyDesktopLink'.
2026-04-06 04:46:01,370 14024 [DEBUG] - Exporting function 'Write-ChocolateyFailure' for backwards compatibility
2026-04-06 04:46:01,370 14024 [INFO ] - VERBOSE: Exporting function 'Write-ChocolateyFailure'.
2026-04-06 04:46:01,370 14024 [DEBUG] - Exporting function 'Write-ChocolateySuccess' for backwards compatibility
2026-04-06 04:46:01,370 14024 [INFO ] - VERBOSE: Exporting function 'Write-ChocolateySuccess'.
2026-04-06 04:46:01,370 14024 [DEBUG] - Exporting function 'Write-FileUpdateLog' for backwards compatibility
2026-04-06 04:46:01,370 14024 [INFO ] - VERBOSE: Exporting function 'Write-FileUpdateLog'.
2026-04-06 04:46:01,370 14024 [INFO ] - VERBOSE: Importing function 'Install-ChocolateyDesktopLink'.
2026-04-06 04:46:01,370 14024 [INFO ] - VERBOSE: Importing function 'Write-ChocolateyFailure'.
2026-04-06 04:46:01,370 14024 [INFO ] - VERBOSE: Importing function 'Write-ChocolateySuccess'.
2026-04-06 04:46:01,370 14024 [INFO ] - VERBOSE: Importing function 'Write-FileUpdateLog'.
2026-04-06 04:46:01,375 14024 [DEBUG] - Importing 'C:\ProgramData\chocolatey\extensions\chocolatey-core\chocolatey-core.psm1'
2026-04-06 04:46:01,375 14024 [INFO ] - VERBOSE: Loading module from path 'C:\ProgramData\chocolatey\extensions\chocolatey-core\chocolatey-core.psm1'.
2026-04-06 04:46:01,394 14024 [INFO ] - VERBOSE: Exporting function 'Get-AppInstallLocation'.
2026-04-06 04:46:01,396 14024 [INFO ] - VERBOSE: Exporting function 'Get-AvailableDriveLetter'.
2026-04-06 04:46:01,396 14024 [INFO ] - VERBOSE: Exporting function 'Get-EffectiveProxy'.
2026-04-06 04:46:01,396 14024 [INFO ] - VERBOSE: Exporting function 'Get-PackageCacheLocation'.
2026-04-06 04:46:01,396 14024 [INFO ] - VERBOSE: Exporting function 'Get-WebContent'.
2026-04-06 04:46:01,396 14024 [INFO ] - VERBOSE: Exporting function 'Register-Application'.
2026-04-06 04:46:01,398 14024 [INFO ] - VERBOSE: Exporting function 'Remove-Process'.
2026-04-06 04:46:01,398 14024 [INFO ] - VERBOSE: Importing function 'Get-AppInstallLocation'.
2026-04-06 04:46:01,398 14024 [INFO ] - VERBOSE: Importing function 'Get-AvailableDriveLetter'.
2026-04-06 04:46:01,398 14024 [INFO ] - VERBOSE: Importing function 'Get-EffectiveProxy'.
2026-04-06 04:46:01,398 14024 [INFO ] - VERBOSE: Importing function 'Get-PackageCacheLocation'.
2026-04-06 04:46:01,398 14024 [INFO ] - VERBOSE: Importing function 'Get-WebContent'.
2026-04-06 04:46:01,398 14024 [INFO ] - VERBOSE: Importing function 'Register-Application'.
2026-04-06 04:46:01,398 14024 [INFO ] - VERBOSE: Importing function 'Remove-Process'.
2026-04-06 04:46:01,400 14024 [DEBUG] - Importing 'C:\ProgramData\chocolatey\extensions\chocolatey-windowsupdate\chocolatey-windowsupdate.psm1'
2026-04-06 04:46:01,400 14024 [INFO ] - VERBOSE: Loading module from path 'C:\ProgramData\chocolatey\extensions\chocolatey-windowsupdate\chocolatey-windowsupdate.psm1'.
2026-04-06 04:46:01,410 14024 [INFO ] - VERBOSE: Exporting function 'Install-WindowsUpdate'.
2026-04-06 04:46:01,410 14024 [INFO ] - VERBOSE: Exporting function 'Test-WindowsUpdate'.
2026-04-06 04:46:01,410 14024 [INFO ] - VERBOSE: Importing function 'Install-WindowsUpdate'.
2026-04-06 04:46:01,410 14024 [INFO ] - VERBOSE: Importing function 'Test-WindowsUpdate'.
2026-04-06 04:46:01,410 14024 [INFO ] - VERBOSE: Exporting function 'Format-FileSize'.
2026-04-06 04:46:01,412 14024 [INFO ] - VERBOSE: Exporting function 'Get-ChecksumValid'.
2026-04-06 04:46:01,412 14024 [INFO ] - VERBOSE: Exporting function 'Get-ChocolateyConfigValue'.
2026-04-06 04:46:01,412 14024 [INFO ] - VERBOSE: Exporting function 'Get-ChocolateyPath'.
2026-04-06 04:46:01,412 14024 [INFO ] - VERBOSE: Exporting function 'Get-ChocolateyUnzip'.
2026-04-06 04:46:01,412 14024 [INFO ] - VERBOSE: Exporting function 'Get-ChocolateyWebFile'.
2026-04-06 04:46:01,412 14024 [INFO ] - VERBOSE: Exporting function 'Get-FtpFile'.
2026-04-06 04:46:01,412 14024 [INFO ] - VERBOSE: Exporting function 'Get-OSArchitectureWidth'.
2026-04-06 04:46:01,412 14024 [INFO ] - VERBOSE: Exporting function 'Get-PackageParameters'.
2026-04-06 04:46:01,412 14024 [INFO ] - VERBOSE: Exporting function 'Get-PackageParametersBuiltIn'.
2026-04-06 04:46:01,414 14024 [INFO ] - VERBOSE: Exporting function 'Get-ToolsLocation'.
2026-04-06 04:46:01,414 14024 [INFO ] - VERBOSE: Exporting function 'Get-UACEnabled'.
2026-04-06 04:46:01,414 14024 [INFO ] - VERBOSE: Exporting function 'Get-UninstallRegistryKey'.
2026-04-06 04:46:01,414 14024 [INFO ] - VERBOSE: Exporting function 'Get-VirusCheckValid'.
2026-04-06 04:46:01,414 14024 [INFO ] - VERBOSE: Exporting function 'Get-WebFile'.
2026-04-06 04:46:01,414 14024 [INFO ] - VERBOSE: Exporting function 'Get-WebFileName'.
2026-04-06 04:46:01,414 14024 [INFO ] - VERBOSE: Exporting function 'Get-WebHeaders'.
2026-04-06 04:46:01,414 14024 [INFO ] - VERBOSE: Exporting function 'Install-BinFile'.
2026-04-06 04:46:01,414 14024 [INFO ] - VERBOSE: Exporting function 'Install-ChocolateyEnvironmentVariable'.
2026-04-06 04:46:01,414 14024 [INFO ] - VERBOSE: Exporting function 'Install-ChocolateyExplorerMenuItem'.
2026-04-06 04:46:01,416 14024 [INFO ] - VERBOSE: Exporting function 'Install-ChocolateyFileAssociation'.
2026-04-06 04:46:01,416 14024 [INFO ] - VERBOSE: Exporting function 'Install-ChocolateyInstallPackage'.
2026-04-06 04:46:01,416 14024 [INFO ] - VERBOSE: Exporting function 'Install-ChocolateyPackage'.
2026-04-06 04:46:01,416 14024 [INFO ] - VERBOSE: Exporting function 'Install-ChocolateyPinnedTaskBarItem'.
2026-04-06 04:46:01,416 14024 [INFO ] - VERBOSE: Exporting function 'Install-ChocolateyPowershellCommand'.
2026-04-06 04:46:01,416 14024 [INFO ] - VERBOSE: Exporting function 'Install-ChocolateyShortcut'.
2026-04-06 04:46:01,416 14024 [INFO ] - VERBOSE: Exporting function 'Install-ChocolateyVsixPackage'.
2026-04-06 04:46:01,416 14024 [INFO ] - VERBOSE: Exporting function 'Install-ChocolateyZipPackage'.
2026-04-06 04:46:01,416 14024 [INFO ] - VERBOSE: Exporting function 'Install-Vsix'.
2026-04-06 04:46:01,418 14024 [INFO ] - VERBOSE: Exporting function 'Set-PowerShellExitCode'.
2026-04-06 04:46:01,418 14024 [INFO ] - VERBOSE: Exporting function 'Start-ChocolateyProcessAsAdmin'.
2026-04-06 04:46:01,418 14024 [INFO ] - VERBOSE: Exporting function 'Uninstall-BinFile'.
2026-04-06 04:46:01,418 14024 [INFO ] - VERBOSE: Exporting function 'Uninstall-ChocolateyEnvironmentVariable'.
2026-04-06 04:46:01,418 14024 [INFO ] - VERBOSE: Exporting function 'Uninstall-ChocolateyPackage'.
2026-04-06 04:46:01,418 14024 [INFO ] - VERBOSE: Exporting function 'Uninstall-ChocolateyZipPackage'.
2026-04-06 04:46:01,418 14024 [INFO ] - VERBOSE: Exporting function 'Write-FunctionCallLogMessage'.
2026-04-06 04:46:01,418 14024 [INFO ] - VERBOSE: Exporting function 'Install-ChocolateyDesktopLink'.
2026-04-06 04:46:01,418 14024 [INFO ] - VERBOSE: Exporting function 'Write-ChocolateyFailure'.
2026-04-06 04:46:01,420 14024 [INFO ] - VERBOSE: Exporting function 'Write-ChocolateySuccess'.
2026-04-06 04:46:01,420 14024 [INFO ] - VERBOSE: Exporting function 'Write-FileUpdateLog'.
2026-04-06 04:46:01,420 14024 [INFO ] - VERBOSE: Exporting function 'Get-AppInstallLocation'.
2026-04-06 04:46:01,420 14024 [INFO ] - VERBOSE: Exporting function 'Get-AvailableDriveLetter'.
2026-04-06 04:46:01,420 14024 [INFO ] - VERBOSE: Exporting function 'Get-EffectiveProxy'.
2026-04-06 04:46:01,420 14024 [INFO ] - VERBOSE: Exporting function 'Get-PackageCacheLocation'.
2026-04-06 04:46:01,420 14024 [INFO ] - VERBOSE: Exporting function 'Get-WebContent'.
2026-04-06 04:46:01,420 14024 [INFO ] - VERBOSE: Exporting function 'Register-Application'.
2026-04-06 04:46:01,420 14024 [INFO ] - VERBOSE: Exporting function 'Remove-Process'.
2026-04-06 04:46:01,420 14024 [INFO ] - VERBOSE: Exporting function 'Install-WindowsUpdate'.
2026-04-06 04:46:01,422 14024 [INFO ] - VERBOSE: Exporting function 'Test-WindowsUpdate'.
2026-04-06 04:46:01,422 14024 [INFO ] - VERBOSE: Exporting cmdlet 'Get-EnvironmentVariable'.
2026-04-06 04:46:01,422 14024 [INFO ] - VERBOSE: Exporting cmdlet 'Get-EnvironmentVariableNames'.
2026-04-06 04:46:01,422 14024 [INFO ] - VERBOSE: Exporting cmdlet 'Install-ChocolateyPath'.
2026-04-06 04:46:01,422 14024 [INFO ] - VERBOSE: Exporting cmdlet 'Set-EnvironmentVariable'.
2026-04-06 04:46:01,422 14024 [INFO ] - VERBOSE: Exporting cmdlet 'Test-ProcessAdminRights'.
2026-04-06 04:46:01,422 14024 [INFO ] - VERBOSE: Exporting cmdlet 'Uninstall-ChocolateyPath'.
2026-04-06 04:46:01,422 14024 [INFO ] - VERBOSE: Exporting cmdlet 'Update-SessionEnvironment'.
2026-04-06 04:46:01,422 14024 [INFO ] - VERBOSE: Exporting cmdlet 'Get-EnvironmentVariable'.
2026-04-06 04:46:01,424 14024 [INFO ] - VERBOSE: Exporting cmdlet 'Get-EnvironmentVariableNames'.
2026-04-06 04:46:01,424 14024 [INFO ] - VERBOSE: Exporting cmdlet 'Install-ChocolateyPath'.
2026-04-06 04:46:01,424 14024 [INFO ] - VERBOSE: Exporting cmdlet 'Set-EnvironmentVariable'.
2026-04-06 04:46:01,424 14024 [INFO ] - VERBOSE: Exporting cmdlet 'Test-ProcessAdminRights'.
2026-04-06 04:46:01,424 14024 [INFO ] - VERBOSE: Exporting cmdlet 'Uninstall-ChocolateyPath'.
2026-04-06 04:46:01,424 14024 [INFO ] - VERBOSE: Exporting cmdlet 'Update-SessionEnvironment'.
2026-04-06 04:46:01,424 14024 [INFO ] - VERBOSE: Exporting alias 'Get-ProcessorBits'.
2026-04-06 04:46:01,424 14024 [INFO ] - VERBOSE: Exporting alias 'Get-OSBitness'.
2026-04-06 04:46:01,426 14024 [INFO ] - VERBOSE: Exporting alias 'Get-InstallRegistryKey'.
2026-04-06 04:46:01,426 14024 [INFO ] - VERBOSE: Exporting alias 'Generate-BinFile'.
2026-04-06 04:46:01,426 14024 [INFO ] - VERBOSE: Exporting alias 'Add-BinFile'.
2026-04-06 04:46:01,426 14024 [INFO ] - VERBOSE: Exporting alias 'Start-ChocolateyProcess'.
2026-04-06 04:46:01,426 14024 [INFO ] - VERBOSE: Exporting alias 'Invoke-ChocolateyProcess'.
2026-04-06 04:46:01,426 14024 [INFO ] - VERBOSE: Exporting alias 'Remove-BinFile'.
2026-04-06 04:46:01,426 14024 [INFO ] - VERBOSE: Exporting alias 'refreshenv'.
2026-04-06 04:46:01,426 14024 [INFO ] - VERBOSE: Importing cmdlet 'Get-EnvironmentVariable'.
2026-04-06 04:46:01,426 14024 [INFO ] - VERBOSE: Importing cmdlet 'Get-EnvironmentVariableNames'.
2026-04-06 04:46:01,428 14024 [INFO ] - VERBOSE: Importing cmdlet 'Install-ChocolateyPath'.
2026-04-06 04:46:01,428 14024 [INFO ] - VERBOSE: Importing cmdlet 'Set-EnvironmentVariable'.
2026-04-06 04:46:01,428 14024 [INFO ] - VERBOSE: Importing cmdlet 'Test-ProcessAdminRights'.
2026-04-06 04:46:01,428 14024 [INFO ] - VERBOSE: Importing cmdlet 'Uninstall-ChocolateyPath'.
2026-04-06 04:46:01,428 14024 [INFO ] - VERBOSE: Importing cmdlet 'Update-SessionEnvironment'.
2026-04-06 04:46:01,428 14024 [INFO ] - VERBOSE: Importing function 'Format-FileSize'.
2026-04-06 04:46:01,428 14024 [INFO ] - VERBOSE: Importing function 'Get-AppInstallLocation'.
2026-04-06 04:46:01,428 14024 [INFO ] - VERBOSE: Importing function 'Get-AvailableDriveLetter'.
2026-04-06 04:46:01,428 14024 [INFO ] - VERBOSE: Importing function 'Get-ChecksumValid'.
2026-04-06 04:46:01,430 14024 [INFO ] - VERBOSE: Importing function 'Get-ChocolateyConfigValue'.
2026-04-06 04:46:01,430 14024 [INFO ] - VERBOSE: Importing function 'Get-ChocolateyPath'.
2026-04-06 04:46:01,430 14024 [INFO ] - VERBOSE: Importing function 'Get-ChocolateyUnzip'.
2026-04-06 04:46:01,430 14024 [INFO ] - VERBOSE: Importing function 'Get-ChocolateyWebFile'.
2026-04-06 04:46:01,430 14024 [INFO ] - VERBOSE: Importing function 'Get-EffectiveProxy'.
2026-04-06 04:46:01,430 14024 [INFO ] - VERBOSE: Importing function 'Get-FtpFile'.
2026-04-06 04:46:01,430 14024 [INFO ] - VERBOSE: Importing function 'Get-OSArchitectureWidth'.
2026-04-06 04:46:01,430 14024 [INFO ] - VERBOSE: Importing function 'Get-PackageCacheLocation'.
2026-04-06 04:46:01,430 14024 [INFO ] - VERBOSE: Importing function 'Get-PackageParameters'.
2026-04-06 04:46:01,430 14024 [INFO ] - VERBOSE: Importing function 'Get-PackageParametersBuiltIn'.
2026-04-06 04:46:01,432 14024 [INFO ] - VERBOSE: Importing function 'Get-ToolsLocation'.
2026-04-06 04:46:01,432 14024 [INFO ] - VERBOSE: Importing function 'Get-UACEnabled'.
2026-04-06 04:46:01,432 14024 [INFO ] - VERBOSE: Importing function 'Get-UninstallRegistryKey'.
2026-04-06 04:46:01,432 14024 [INFO ] - VERBOSE: Importing function 'Get-VirusCheckValid'.
2026-04-06 04:46:01,432 14024 [INFO ] - VERBOSE: Importing function 'Get-WebContent'.
2026-04-06 04:46:01,432 14024 [INFO ] - VERBOSE: Importing function 'Get-WebFile'.
2026-04-06 04:46:01,432 14024 [INFO ] - VERBOSE: Importing function 'Get-WebFileName'.
2026-04-06 04:46:01,432 14024 [INFO ] - VERBOSE: Importing function 'Get-WebHeaders'.
2026-04-06 04:46:01,432 14024 [INFO ] - VERBOSE: Importing function 'Install-BinFile'.
2026-04-06 04:46:01,434 14024 [INFO ] - VERBOSE: Importing function 'Install-ChocolateyDesktopLink'.
2026-04-06 04:46:01,434 14024 [INFO ] - VERBOSE: Importing function 'Install-ChocolateyEnvironmentVariable'.
2026-04-06 04:46:01,434 14024 [INFO ] - VERBOSE: Importing function 'Install-ChocolateyExplorerMenuItem'.
2026-04-06 04:46:01,434 14024 [INFO ] - VERBOSE: Importing function 'Install-ChocolateyFileAssociation'.
2026-04-06 04:46:01,434 14024 [INFO ] - VERBOSE: Importing function 'Install-ChocolateyInstallPackage'.
2026-04-06 04:46:01,434 14024 [INFO ] - VERBOSE: Importing function 'Install-ChocolateyPackage'.
2026-04-06 04:46:01,434 14024 [INFO ] - VERBOSE: Importing function 'Install-ChocolateyPinnedTaskBarItem'.
2026-04-06 04:46:01,434 14024 [INFO ] - VERBOSE: Importing function 'Install-ChocolateyPowershellCommand'.
2026-04-06 04:46:01,434 14024 [INFO ] - VERBOSE: Importing function 'Install-ChocolateyShortcut'.
2026-04-06 04:46:01,436 14024 [INFO ] - VERBOSE: Importing function 'Install-ChocolateyVsixPackage'.
2026-04-06 04:46:01,436 14024 [INFO ] - VERBOSE: Importing function 'Install-ChocolateyZipPackage'.
2026-04-06 04:46:01,436 14024 [INFO ] - VERBOSE: Importing function 'Install-Vsix'.
2026-04-06 04:46:01,436 14024 [INFO ] - VERBOSE: Importing function 'Install-WindowsUpdate'.
2026-04-06 04:46:01,436 14024 [INFO ] - VERBOSE: Importing function 'Register-Application'.
2026-04-06 04:46:01,436 14024 [INFO ] - VERBOSE: Importing function 'Remove-Process'.
2026-04-06 04:46:01,436 14024 [INFO ] - VERBOSE: Importing function 'Set-PowerShellExitCode'.
2026-04-06 04:46:01,436 14024 [INFO ] - VERBOSE: Importing function 'Start-ChocolateyProcessAsAdmin'.
2026-04-06 04:46:01,436 14024 [INFO ] - VERBOSE: Importing function 'Test-WindowsUpdate'.
2026-04-06 04:46:01,438 14024 [INFO ] - VERBOSE: Importing function 'Uninstall-BinFile'.
2026-04-06 04:46:01,438 14024 [INFO ] - VERBOSE: Importing function 'Uninstall-ChocolateyEnvironmentVariable'.
2026-04-06 04:46:01,438 14024 [INFO ] - VERBOSE: Importing function 'Uninstall-ChocolateyPackage'.
2026-04-06 04:46:01,438 14024 [INFO ] - VERBOSE: Importing function 'Uninstall-ChocolateyZipPackage'.
2026-04-06 04:46:01,438 14024 [INFO ] - VERBOSE: Importing function 'Write-ChocolateyFailure'.
2026-04-06 04:46:01,438 14024 [INFO ] - VERBOSE: Importing function 'Write-ChocolateySuccess'.
2026-04-06 04:46:01,438 14024 [INFO ] - VERBOSE: Importing function 'Write-FileUpdateLog'.
2026-04-06 04:46:01,438 14024 [INFO ] - VERBOSE: Importing function 'Write-FunctionCallLogMessage'.
2026-04-06 04:46:01,438 14024 [INFO ] - VERBOSE: Importing alias 'Add-BinFile'.
2026-04-06 04:46:01,440 14024 [INFO ] - VERBOSE: Importing alias 'Generate-BinFile'.
2026-04-06 04:46:01,440 14024 [INFO ] - VERBOSE: Importing alias 'Get-InstallRegistryKey'.
2026-04-06 04:46:01,440 14024 [INFO ] - VERBOSE: Importing alias 'Get-OSBitness'.
2026-04-06 04:46:01,440 14024 [INFO ] - VERBOSE: Importing alias 'Get-ProcessorBits'.
2026-04-06 04:46:01,440 14024 [INFO ] - VERBOSE: Importing alias 'Invoke-ChocolateyProcess'.
2026-04-06 04:46:01,440 14024 [INFO ] - VERBOSE: Importing alias 'refreshenv'.
2026-04-06 04:46:01,440 14024 [INFO ] - VERBOSE: Importing alias 'Remove-BinFile'.
2026-04-06 04:46:01,440 14024 [INFO ] - VERBOSE: Importing alias 'Start-ChocolateyProcess'.
2026-04-06 04:46:01,442 14024 [DEBUG] - ---------------------------Script Execution---------------------------
2026-04-06 04:46:01,442 14024 [DEBUG] - Running 'ChocolateyScriptRunner' for KB3033929 v1.0.5 with packageScript 'C:\ProgramData\chocolatey\lib\KB3033929\Tools\ChocolateyInstall.ps1', packageFolder:'C:\ProgramData\chocolatey\lib\KB3033929', installArguments: '', packageParameters: '', preRunHookScripts: '', postRunHookScripts: '',
2026-04-06 04:46:01,444 14024 [DEBUG] - Running package script 'C:\ProgramData\chocolatey\lib\KB3033929\Tools\ChocolateyInstall.ps1'
2026-04-06 04:46:01,457 14024 [INFO ] - VERBOSE: Obtaining operating system information
2026-04-06 04:46:01,473 14024 [INFO ] - VERBOSE: Perform operation 'Enumerate CimInstances' with following parameters, ''namespaceName' = root\cimv2,'className' = Win32_OperatingSystem'.
2026-04-06 04:46:01,552 14024 [INFO ] - VERBOSE: Operation 'Enumerate CimInstances' complete.
2026-04-06 04:46:01,556 14024 [INFO ] - VERBOSE: Operating system: Microsoft Windows 11 Home, version 10.0.26200, product type 'client'
2026-04-06 04:46:01,556 14024 [INFO ] - VERBOSE: Locating MSU rules for this operating system
2026-04-06 04:46:01,556 14024 [INFO ] - VERBOSE: No MSU rules defined for this operating system
2026-04-06 04:46:01,556 14024 [INFO ] - Skipping installation because update KB3033929 does not apply to this operating system (Microsoft Windows 11 Home).
2026-04-06 04:46:01,556 14024 [DEBUG] - ----------------------------------------------------------------------
2026-04-06 04:46:01,556 14024 [DEBUG] - Built-in PowerShell host called with ['[System.Threading.Thread]::CurrentThread.CurrentCulture = '';[System.Threading.Thread]::CurrentThread.CurrentUICulture = '';[System.Net.ServicePointManager]::SecurityProtocol = [System.Net.SecurityProtocolType]::SystemDefault; & import-module -name 'C:\ProgramData\chocolatey\helpers\chocolateyInstaller.psm1'; & 'C:\ProgramData\chocolatey\helpers\chocolateyScriptRunner.ps1' -packageScript 'C:\ProgramData\chocolatey\lib\KB3033929\Tools\ChocolateyInstall.ps1' -installArguments '' -packageParameters '' -preRunHookScripts $null -postRunHookScripts $null'] exited with '0'.
2026-04-06 04:46:01,556 14024 [DEBUG] - Calling command ['"C:\WINDOWS\System32\shutdown.exe" /a']
2026-04-06 04:46:01,568 14024 [DEBUG] - Command ['"C:\WINDOWS\System32\shutdown.exe" /a'] exited with '1116'
2026-04-06 04:46:01,584 14024 [DEBUG] - Capturing package files in 'C:\ProgramData\chocolatey\lib\KB3033929'
2026-04-06 04:46:01,584 14024 [DEBUG] -  Found 'C:\ProgramData\chocolatey\lib\KB3033929\KB3033929.nupkg'
  with checksum '47ECA7072750A7D12CDE972E91B504A0'
2026-04-06 04:46:01,584 14024 [DEBUG] -  Found 'C:\ProgramData\chocolatey\lib\KB3033929\kb3033929.nuspec'
  with checksum '81864B601B88B6F86CBF42E1DDAC957F'
2026-04-06 04:46:01,584 14024 [DEBUG] -  Found 'C:\ProgramData\chocolatey\lib\KB3033929\Tools\ChocolateyInstall.ps1'
  with checksum 'DCFEEBCAAE9D8E20C81B9AEE7094016B'
2026-04-06 04:46:01,584 14024 [DEBUG] - Attempting to create directory "C:\ProgramData\chocolatey\.chocolatey\KB3033929.1.0.5".
2026-04-06 04:46:01,584 14024 [DEBUG] - There was no original file at 'C:\ProgramData\chocolatey\.chocolatey\KB3033929.1.0.5\.files'
2026-04-06 04:46:01,584 14024 [DEBUG] - Attempting to delete file "C:\ProgramData\chocolatey\.chocolatey\KB3033929.1.0.5\.extra".
2026-04-06 04:46:01,584 14024 [DEBUG] - Attempting to delete file "C:\ProgramData\chocolatey\.chocolatey\KB3033929.1.0.5\.version".
2026-04-06 04:46:01,584 14024 [DEBUG] - Attempting to delete file "C:\ProgramData\chocolatey\.chocolatey\KB3033929.1.0.5\.sxs".
2026-04-06 04:46:01,584 14024 [DEBUG] - Attempting to delete file "C:\ProgramData\chocolatey\.chocolatey\KB3033929.1.0.5\.pin".
2026-04-06 04:46:01,584 14024 [DEBUG] - Attempting to delete file "C:\ProgramData\chocolatey\.chocolatey\KB3033929.1.0.5\.deploymentLocation".
2026-04-06 04:46:01,584 14024 [DEBUG] - Sending message 'HandlePackageResultCompletedMessage' out if there are subscribers...
2026-04-06 04:46:01,584 14024 [DEBUG] - Attempting to delete file "C:\ProgramData\chocolatey\lib\KB3033929\.chocolateyPending".
2026-04-06 04:46:01,584 14024 [INFO ] -  The upgrade of KB3033929 was successful.
2026-04-06 04:46:01,584 14024 [INFO ] -   Software install location not explicitly set, it could be in package or
  default install location of installer.
2026-04-06 04:46:01,584 14024 [INFO ] - [NuGet]   GET https://community.chocolatey.org/api/v2/Packages(Id='vcredist140',Version='14.50.35719')
2026-04-06 04:46:01,853 14024 [INFO ] - [NuGet]   OK https://community.chocolatey.org/api/v2/Packages(Id='vcredist140',Version='14.50.35719') 259ms
2026-04-06 04:46:01,862 14024 [DEBUG] - Attempting to delete file "".
2026-04-06 04:46:01,862 14024 [INFO ] - Downloading package from source 'https://community.chocolatey.org/api/v2/'
2026-04-06 04:46:01,862 14024 [DEBUG] - Package download location 'https://community.chocolatey.org/api/v2/package/vcredist140/14.50.35719'
2026-04-06 04:46:01,862 14024 [INFO ] - [NuGet]   GET https://community.chocolatey.org/api/v2/package/vcredist140/14.50.35719
2026-04-06 04:46:02,170 14024 [INFO ] - [NuGet]   OK https://community.chocolatey.org/api/v2/package/vcredist140/14.50.35719 320ms
2026-04-06 04:46:02,170 14024 [INFO ] - [NuGet] Acquiring lock for the installation of vcredist140 14.50.35719
2026-04-06 04:46:02,186 14024 [INFO ] - [NuGet] Acquired lock for the installation of vcredist140 14.50.35719
2026-04-06 04:46:02,195 14024 [INFO ] - [NuGet] Installed vcredist140 14.50.35719 from https://community.chocolatey.org/api/v2/ with content hash TqvQeGetoF18WeNUPQDAKPQgQuZtZC7NnmilHeuLYhtJJbLBcw7gaQyWUKuwazFNzlWyY4p8hcUZC41OSguz3Q==.
2026-04-06 04:46:02,203 14024 [DEBUG] - Skipping package hash validation as feature 'usePackageHashValidation' is not enabled.
2026-04-06 04:46:02,207 14024 [INFO ] - [NuGet] Adding package 'vcredist140.14.50.35719 : chocolatey-core.extension [1.3.3, ), kb2919355 [1.0.20160915, ), kb2999226 [1.0.20170509, ), kb3033929 [1.0.3, )' to folder 'C:\ProgramData\chocolatey\lib'
2026-04-06 04:46:02,296 14024 [INFO ] - [NuGet] Added package 'vcredist140.14.50.35719 : chocolatey-core.extension [1.3.3, ), kb2919355 [1.0.20160915, ), kb2999226 [1.0.20170509, ), kb3033929 [1.0.3, )' to folder 'C:\ProgramData\chocolatey\lib'
2026-04-06 04:46:02,296 14024 [DEBUG] - Attempting to delete file "C:\Users\tsmit\AppData\Local\Temp\chocolatey\ChocolateyScratch\vcredist140/14.50.35719\vcredist140.14.50.35719.nupkg".
2026-04-06 04:46:02,296 14024 [DEBUG] - Attempting to delete file "C:\Users\tsmit\AppData\Local\Temp\chocolatey\ChocolateyScratch\vcredist140/14.50.35719\.nupkg.metadata".
2026-04-06 04:46:02,296 14024 [DEBUG] - Attempting to delete file "C:\Users\tsmit\AppData\Local\Temp\chocolatey\ChocolateyScratch\vcredist140/14.50.35719\vcredist140.14.50.35719.nupkg.sha512".
2026-04-06 04:46:02,296 14024 [INFO ] - 
vcredist140 v14.50.35719 [Approved]
2026-04-06 04:46:02,296 14024 [INFO ] - vcredist140 package files upgrade completed. Performing other installation steps.
2026-04-06 04:46:02,309 14024 [DEBUG] - Contents of 'C:\ProgramData\chocolatey\lib\vcredist140\tools\chocolateyInstall.ps1':
2026-04-06 04:46:02,311 14024 [DEBUG] - Set-StrictMode -Version 2
$ErrorActionPreference = 'Stop'

. (Join-Path -Path (Split-Path -Path $MyInvocation.MyCommand.Definition -Parent) -ChildPath 'data.ps1')
$packageName = $otherData.PackageName
$installerType = 'exe'
$silentArgs = '/quiet /norestart'
$validExitCodes = @(0, 1638, 3010)
$force = $Env:chocolateyPackageParameters -like '*Force*'

$runtimes = @{
  'x64' = @{ RegistryPresent = $false; RegistryVersion = $null; DllVersion = $null; InstallData = $installData64; Applicable = ((Get-OSArchitectureWidth) -eq 64) -and ($env:chocolateyForceX86 -ne 'true') }
  'x86' = @{ RegistryPresent = $false; RegistryVersion = $null; DllVersion = $null; InstallData = $installData32; Applicable = $true }
}

switch ([string](Get-OSArchitectureWidth))
{
  '32' { $registryRoots = @{ x86 = 'HKLM:\SOFTWARE'; x64 = $null } }
  '64' { $registryRoots = @{ x86 = 'HKLM:\SOFTWARE\WOW6432Node'; x64 = 'HKLM:\SOFTWARE' } }
  default { throw "Unsupported bitness: $_" }
}

Write-Verbose 'Analyzing servicing information in the registry'
foreach ($archAndRegRoot in $registryRoots.GetEnumerator())
{
  $arch = $archAndRegRoot.Key
  $regRoot = $archAndRegRoot.Value
  # https://docs.microsoft.com/en-us/cpp/ide/redistributing-visual-cpp-files
  $regData = Get-ItemProperty -Path "$regRoot\Microsoft\DevDiv\vc\Servicing\$($otherData.FamilyRegistryKey)\RuntimeMinimum" -Name 'Version' -ErrorAction SilentlyContinue
  if ($regData -ne $null)
  {
    $versionString = $regData.Version
    try
    {
      $parsedVersion = [version]$versionString
      Write-Verbose "Version of installed runtime for architecture $arch in the registry: $versionString"
      $normalizedVersion = [version]($parsedVersion.ToString(3)) # future-proofing in case Microsoft starts putting more than 3 parts here
      $runtimes[$arch].RegistryVersion = $normalizedVersion
    }
    catch
    {
      Write-Warning "The servicing information in the registry is in an unknown format. Please report this to package maintainers. Data from the registry: Version = [$versionString]"
    }
  }
}

$packageRuntimeVersion = $otherData.ThreePartVersion
Write-Verbose "Version number of runtime installed by this package: $packageRuntimeVersion"
foreach ($archAndRuntime in $runtimes.GetEnumerator())
{
  $arch = $archAndRuntime.Key
  $runtime = $archAndRuntime.Value

  $shouldInstall = $runtime.RegistryVersion -eq $null -or $runtime.RegistryVersion -lt $packageRuntimeVersion
  Write-Verbose "Runtime for architecture $arch applicable: $($runtime.Applicable); version in registry: [$($runtime.RegistryVersion)]; should install: $shouldInstall"
  if ($runtime.Applicable)
  {
    if (-not $shouldInstall)
    {
      if ($force)
      {
        Write-Warning "Forcing installation of runtime for architecture $arch version $packageRuntimeVersion even though this or later version appears present, because 'Force' was specified in package parameters."
      }
      else
      {
        if ($runtime.RegistryVersion -gt $packageRuntimeVersion)
        {
          Write-Warning "Skipping installation of runtime for architecture $arch version $packageRuntimeVersion because a newer version ($($runtime.RegistryVersion)) is already installed."
        }
        else
        {
          Write-Host "Runtime for architecture $arch version $packageRuntimeVersion is already installed."
        }

        continue
      }
    }

    Write-Verbose "Installing runtime for architecture $arch"
    $installData = $runtime.InstallData
    Set-StrictMode -Off
    Install-ChocolateyPackage -PackageName "${packageName}-$arch" `
                              -FileType $installerType `
                              -SilentArgs $silentArgs `
                              -ValidExitCodes $validExitCodes `
                              @installData
    Set-StrictMode -Version 2
  }
}

2026-04-06 04:46:02,312 14024 [DEBUG] - Calling built-in PowerShell host with ['[System.Threading.Thread]::CurrentThread.CurrentCulture = '';[System.Threading.Thread]::CurrentThread.CurrentUICulture = '';[System.Net.ServicePointManager]::SecurityProtocol = [System.Net.SecurityProtocolType]::SystemDefault; & import-module -name 'C:\ProgramData\chocolatey\helpers\chocolateyInstaller.psm1'; & 'C:\ProgramData\chocolatey\helpers\chocolateyScriptRunner.ps1' -packageScript 'C:\ProgramData\chocolatey\lib\vcredist140\tools\chocolateyInstall.ps1' -installArguments '' -packageParameters '' -preRunHookScripts $null -postRunHookScripts $null']
2026-04-06 04:46:02,312 14024 [DEBUG] - Redirecting Microsoft.WSMan.Management.resources, Version=3.0.0.0, Culture=en-US, PublicKeyToken=31bf3856ad364e35, requested by ''
2026-04-06 04:46:02,343 14024 [DEBUG] - Host version is 5.1.26100.1882, PowerShell Version is '5.1.26100.7920' and CLR Version is '4.0.30319.42000'.
2026-04-06 04:46:02,359 14024 [INFO ] - VERBOSE: Loading module from path 'C:\ProgramData\chocolatey\helpers\Chocolatey.PowerShell.dll'.
2026-04-06 04:46:02,359 14024 [INFO ] - VERBOSE: Importing cmdlet 'Get-EnvironmentVariable'.
2026-04-06 04:46:02,359 14024 [INFO ] - VERBOSE: Importing cmdlet 'Get-EnvironmentVariableNames'.
2026-04-06 04:46:02,359 14024 [INFO ] - VERBOSE: Importing cmdlet 'Install-ChocolateyPath'.
2026-04-06 04:46:02,359 14024 [INFO ] - VERBOSE: Importing cmdlet 'Set-EnvironmentVariable'.
2026-04-06 04:46:02,374 14024 [INFO ] - VERBOSE: Importing cmdlet 'Test-ProcessAdminRights'.
2026-04-06 04:46:02,374 14024 [INFO ] - VERBOSE: Importing cmdlet 'Uninstall-ChocolateyPath'.
2026-04-06 04:46:02,374 14024 [INFO ] - VERBOSE: Importing cmdlet 'Update-SessionEnvironment'.
2026-04-06 04:46:02,374 14024 [DEBUG] - Cmdlets exported from Chocolatey.PowerShell.dll
2026-04-06 04:46:02,374 14024 [DEBUG] - Get-EnvironmentVariable
2026-04-06 04:46:02,374 14024 [DEBUG] - Get-EnvironmentVariableNames
2026-04-06 04:46:02,374 14024 [DEBUG] - Install-ChocolateyPath
2026-04-06 04:46:02,374 14024 [DEBUG] - Set-EnvironmentVariable
2026-04-06 04:46:02,374 14024 [DEBUG] - Test-ProcessAdminRights
2026-04-06 04:46:02,374 14024 [DEBUG] - Uninstall-ChocolateyPath
2026-04-06 04:46:02,374 14024 [DEBUG] - Update-SessionEnvironment
2026-04-06 04:46:02,374 14024 [INFO ] - VERBOSE: Exporting function 'Format-FileSize'.
2026-04-06 04:46:02,374 14024 [INFO ] - VERBOSE: Exporting function 'Get-ChecksumValid'.
2026-04-06 04:46:02,374 14024 [INFO ] - VERBOSE: Exporting function 'Get-ChocolateyConfigValue'.
2026-04-06 04:46:02,374 14024 [INFO ] - VERBOSE: Exporting function 'Get-ChocolateyPath'.
2026-04-06 04:46:02,374 14024 [INFO ] - VERBOSE: Exporting function 'Get-ChocolateyUnzip'.
2026-04-06 04:46:02,374 14024 [INFO ] - VERBOSE: Exporting function 'Get-ChocolateyWebFile'.
2026-04-06 04:46:02,374 14024 [INFO ] - VERBOSE: Exporting function 'Get-FtpFile'.
2026-04-06 04:46:02,374 14024 [INFO ] - VERBOSE: Exporting function 'Get-OSArchitectureWidth'.
2026-04-06 04:46:02,374 14024 [INFO ] - VERBOSE: Exporting function 'Get-PackageParameters'.
2026-04-06 04:46:02,374 14024 [INFO ] - VERBOSE: Exporting function 'Get-PackageParametersBuiltIn'.
2026-04-06 04:46:02,374 14024 [INFO ] - VERBOSE: Exporting function 'Get-ToolsLocation'.
2026-04-06 04:46:02,374 14024 [INFO ] - VERBOSE: Exporting function 'Get-UACEnabled'.
2026-04-06 04:46:02,374 14024 [INFO ] - VERBOSE: Exporting function 'Get-UninstallRegistryKey'.
2026-04-06 04:46:02,374 14024 [INFO ] - VERBOSE: Exporting function 'Get-VirusCheckValid'.
2026-04-06 04:46:02,374 14024 [INFO ] - VERBOSE: Exporting function 'Get-WebFile'.
2026-04-06 04:46:02,374 14024 [INFO ] - VERBOSE: Exporting function 'Get-WebFileName'.
2026-04-06 04:46:02,374 14024 [INFO ] - VERBOSE: Exporting function 'Get-WebHeaders'.
2026-04-06 04:46:02,374 14024 [INFO ] - VERBOSE: Exporting function 'Install-BinFile'.
2026-04-06 04:46:02,374 14024 [INFO ] - VERBOSE: Exporting function 'Install-ChocolateyEnvironmentVariable'.
2026-04-06 04:46:02,374 14024 [INFO ] - VERBOSE: Exporting function 'Install-ChocolateyExplorerMenuItem'.
2026-04-06 04:46:02,374 14024 [INFO ] - VERBOSE: Exporting function 'Install-ChocolateyFileAssociation'.
2026-04-06 04:46:02,374 14024 [INFO ] - VERBOSE: Exporting function 'Install-ChocolateyInstallPackage'.
2026-04-06 04:46:02,374 14024 [INFO ] - VERBOSE: Exporting function 'Install-ChocolateyPackage'.
2026-04-06 04:46:02,374 14024 [INFO ] - VERBOSE: Exporting function 'Install-ChocolateyPinnedTaskBarItem'.
2026-04-06 04:46:02,374 14024 [INFO ] - VERBOSE: Exporting function 'Install-ChocolateyPowershellCommand'.
2026-04-06 04:46:02,374 14024 [INFO ] - VERBOSE: Exporting function 'Install-ChocolateyShortcut'.
2026-04-06 04:46:02,374 14024 [INFO ] - VERBOSE: Exporting function 'Install-ChocolateyVsixPackage'.
2026-04-06 04:46:02,374 14024 [INFO ] - VERBOSE: Exporting function 'Install-ChocolateyZipPackage'.
2026-04-06 04:46:02,374 14024 [INFO ] - VERBOSE: Exporting function 'Install-Vsix'.
2026-04-06 04:46:02,374 14024 [INFO ] - VERBOSE: Exporting function 'Set-PowerShellExitCode'.
2026-04-06 04:46:02,374 14024 [INFO ] - VERBOSE: Exporting function 'Start-ChocolateyProcessAsAdmin'.
2026-04-06 04:46:02,374 14024 [INFO ] - VERBOSE: Exporting function 'Uninstall-BinFile'.
2026-04-06 04:46:02,374 14024 [INFO ] - VERBOSE: Exporting function 'Uninstall-ChocolateyEnvironmentVariable'.
2026-04-06 04:46:02,374 14024 [INFO ] - VERBOSE: Exporting function 'Uninstall-ChocolateyPackage'.
2026-04-06 04:46:02,374 14024 [INFO ] - VERBOSE: Exporting function 'Uninstall-ChocolateyZipPackage'.
2026-04-06 04:46:02,374 14024 [INFO ] - VERBOSE: Exporting function 'Write-FunctionCallLogMessage'.
2026-04-06 04:46:02,374 14024 [INFO ] - VERBOSE: Exporting cmdlet 'Get-EnvironmentVariable'.
2026-04-06 04:46:02,374 14024 [INFO ] - VERBOSE: Exporting cmdlet 'Get-EnvironmentVariableNames'.
2026-04-06 04:46:02,374 14024 [INFO ] - VERBOSE: Exporting cmdlet 'Install-ChocolateyPath'.
2026-04-06 04:46:02,374 14024 [INFO ] - VERBOSE: Exporting cmdlet 'Set-EnvironmentVariable'.
2026-04-06 04:46:02,374 14024 [INFO ] - VERBOSE: Exporting cmdlet 'Test-ProcessAdminRights'.
2026-04-06 04:46:02,374 14024 [INFO ] - VERBOSE: Exporting cmdlet 'Uninstall-ChocolateyPath'.
2026-04-06 04:46:02,374 14024 [INFO ] - VERBOSE: Exporting cmdlet 'Update-SessionEnvironment'.
2026-04-06 04:46:02,374 14024 [INFO ] - VERBOSE: Exporting alias 'Get-ProcessorBits'.
2026-04-06 04:46:02,374 14024 [INFO ] - VERBOSE: Exporting alias 'Get-OSBitness'.
2026-04-06 04:46:02,374 14024 [INFO ] - VERBOSE: Exporting alias 'Get-InstallRegistryKey'.
2026-04-06 04:46:02,374 14024 [INFO ] - VERBOSE: Exporting alias 'Generate-BinFile'.
2026-04-06 04:46:02,374 14024 [INFO ] - VERBOSE: Exporting alias 'Add-BinFile'.
2026-04-06 04:46:02,374 14024 [INFO ] - VERBOSE: Exporting alias 'Start-ChocolateyProcess'.
2026-04-06 04:46:02,374 14024 [INFO ] - VERBOSE: Exporting alias 'Invoke-ChocolateyProcess'.
2026-04-06 04:46:02,374 14024 [INFO ] - VERBOSE: Exporting alias 'Remove-BinFile'.
2026-04-06 04:46:02,374 14024 [INFO ] - VERBOSE: Exporting alias 'refreshenv'.
2026-04-06 04:46:02,374 14024 [DEBUG] - Loading community extensions
2026-04-06 04:46:02,374 14024 [DEBUG] - Importing 'C:\ProgramData\chocolatey\extensions\chocolatey-compatibility\chocolatey-compatibility.psm1'
2026-04-06 04:46:02,390 14024 [INFO ] - VERBOSE: Loading module from path 'C:\ProgramData\chocolatey\extensions\chocolatey-compatibility\chocolatey-compatibility.psm1'.
2026-04-06 04:46:02,390 14024 [DEBUG] - Function 'Get-PackageParameters' exists, ignoring export.
2026-04-06 04:46:02,390 14024 [DEBUG] - Function 'Get-UninstallRegistryKey' exists, ignoring export.
2026-04-06 04:46:02,390 14024 [DEBUG] - Exporting function 'Install-ChocolateyDesktopLink' for backwards compatibility
2026-04-06 04:46:02,397 14024 [INFO ] - VERBOSE: Exporting function 'Install-ChocolateyDesktopLink'.
2026-04-06 04:46:02,397 14024 [DEBUG] - Exporting function 'Write-ChocolateyFailure' for backwards compatibility
2026-04-06 04:46:02,397 14024 [INFO ] - VERBOSE: Exporting function 'Write-ChocolateyFailure'.
2026-04-06 04:46:02,397 14024 [DEBUG] - Exporting function 'Write-ChocolateySuccess' for backwards compatibility
2026-04-06 04:46:02,397 14024 [INFO ] - VERBOSE: Exporting function 'Write-ChocolateySuccess'.
2026-04-06 04:46:02,397 14024 [DEBUG] - Exporting function 'Write-FileUpdateLog' for backwards compatibility
2026-04-06 04:46:02,397 14024 [INFO ] - VERBOSE: Exporting function 'Write-FileUpdateLog'.
2026-04-06 04:46:02,397 14024 [INFO ] - VERBOSE: Importing function 'Install-ChocolateyDesktopLink'.
2026-04-06 04:46:02,397 14024 [INFO ] - VERBOSE: Importing function 'Write-ChocolateyFailure'.
2026-04-06 04:46:02,406 14024 [INFO ] - VERBOSE: Importing function 'Write-ChocolateySuccess'.
2026-04-06 04:46:02,406 14024 [INFO ] - VERBOSE: Importing function 'Write-FileUpdateLog'.
2026-04-06 04:46:02,406 14024 [DEBUG] - Importing 'C:\ProgramData\chocolatey\extensions\chocolatey-core\chocolatey-core.psm1'
2026-04-06 04:46:02,406 14024 [INFO ] - VERBOSE: Loading module from path 'C:\ProgramData\chocolatey\extensions\chocolatey-core\chocolatey-core.psm1'.
2026-04-06 04:46:02,426 14024 [INFO ] - VERBOSE: Exporting function 'Get-AppInstallLocation'.
2026-04-06 04:46:02,426 14024 [INFO ] - VERBOSE: Exporting function 'Get-AvailableDriveLetter'.
2026-04-06 04:46:02,428 14024 [INFO ] - VERBOSE: Exporting function 'Get-EffectiveProxy'.
2026-04-06 04:46:02,428 14024 [INFO ] - VERBOSE: Exporting function 'Get-PackageCacheLocation'.
2026-04-06 04:46:02,428 14024 [INFO ] - VERBOSE: Exporting function 'Get-WebContent'.
2026-04-06 04:46:02,428 14024 [INFO ] - VERBOSE: Exporting function 'Register-Application'.
2026-04-06 04:46:02,428 14024 [INFO ] - VERBOSE: Exporting function 'Remove-Process'.
2026-04-06 04:46:02,428 14024 [INFO ] - VERBOSE: Importing function 'Get-AppInstallLocation'.
2026-04-06 04:46:02,430 14024 [INFO ] - VERBOSE: Importing function 'Get-AvailableDriveLetter'.
2026-04-06 04:46:02,430 14024 [INFO ] - VERBOSE: Importing function 'Get-EffectiveProxy'.
2026-04-06 04:46:02,430 14024 [INFO ] - VERBOSE: Importing function 'Get-PackageCacheLocation'.
2026-04-06 04:46:02,430 14024 [INFO ] - VERBOSE: Importing function 'Get-WebContent'.
2026-04-06 04:46:02,430 14024 [INFO ] - VERBOSE: Importing function 'Register-Application'.
2026-04-06 04:46:02,430 14024 [INFO ] - VERBOSE: Importing function 'Remove-Process'.
2026-04-06 04:46:02,430 14024 [DEBUG] - Importing 'C:\ProgramData\chocolatey\extensions\chocolatey-windowsupdate\chocolatey-windowsupdate.psm1'
2026-04-06 04:46:02,432 14024 [INFO ] - VERBOSE: Loading module from path 'C:\ProgramData\chocolatey\extensions\chocolatey-windowsupdate\chocolatey-windowsupdate.psm1'.
2026-04-06 04:46:02,432 14024 [INFO ] - VERBOSE: Exporting function 'Install-WindowsUpdate'.
2026-04-06 04:46:02,438 14024 [INFO ] - VERBOSE: Exporting function 'Test-WindowsUpdate'.
2026-04-06 04:46:02,438 14024 [INFO ] - VERBOSE: Importing function 'Install-WindowsUpdate'.
2026-04-06 04:46:02,438 14024 [INFO ] - VERBOSE: Importing function 'Test-WindowsUpdate'.
2026-04-06 04:46:02,440 14024 [INFO ] - VERBOSE: Exporting function 'Format-FileSize'.
2026-04-06 04:46:02,440 14024 [INFO ] - VERBOSE: Exporting function 'Get-ChecksumValid'.
2026-04-06 04:46:02,440 14024 [INFO ] - VERBOSE: Exporting function 'Get-ChocolateyConfigValue'.
2026-04-06 04:46:02,440 14024 [INFO ] - VERBOSE: Exporting function 'Get-ChocolateyPath'.
2026-04-06 04:46:02,440 14024 [INFO ] - VERBOSE: Exporting function 'Get-ChocolateyUnzip'.
2026-04-06 04:46:02,440 14024 [INFO ] - VERBOSE: Exporting function 'Get-ChocolateyWebFile'.
2026-04-06 04:46:02,440 14024 [INFO ] - VERBOSE: Exporting function 'Get-FtpFile'.
2026-04-06 04:46:02,440 14024 [INFO ] - VERBOSE: Exporting function 'Get-OSArchitectureWidth'.
2026-04-06 04:46:02,440 14024 [INFO ] - VERBOSE: Exporting function 'Get-PackageParameters'.
2026-04-06 04:46:02,442 14024 [INFO ] - VERBOSE: Exporting function 'Get-PackageParametersBuiltIn'.
2026-04-06 04:46:02,442 14024 [INFO ] - VERBOSE: Exporting function 'Get-ToolsLocation'.
2026-04-06 04:46:02,442 14024 [INFO ] - VERBOSE: Exporting function 'Get-UACEnabled'.
2026-04-06 04:46:02,442 14024 [INFO ] - VERBOSE: Exporting function 'Get-UninstallRegistryKey'.
2026-04-06 04:46:02,442 14024 [INFO ] - VERBOSE: Exporting function 'Get-VirusCheckValid'.
2026-04-06 04:46:02,442 14024 [INFO ] - VERBOSE: Exporting function 'Get-WebFile'.
2026-04-06 04:46:02,442 14024 [INFO ] - VERBOSE: Exporting function 'Get-WebFileName'.
2026-04-06 04:46:02,442 14024 [INFO ] - VERBOSE: Exporting function 'Get-WebHeaders'.
2026-04-06 04:46:02,442 14024 [INFO ] - VERBOSE: Exporting function 'Install-BinFile'.
2026-04-06 04:46:02,444 14024 [INFO ] - VERBOSE: Exporting function 'Install-ChocolateyEnvironmentVariable'.
2026-04-06 04:46:02,444 14024 [INFO ] - VERBOSE: Exporting function 'Install-ChocolateyExplorerMenuItem'.
2026-04-06 04:46:02,444 14024 [INFO ] - VERBOSE: Exporting function 'Install-ChocolateyFileAssociation'.
2026-04-06 04:46:02,444 14024 [INFO ] - VERBOSE: Exporting function 'Install-ChocolateyInstallPackage'.
2026-04-06 04:46:02,444 14024 [INFO ] - VERBOSE: Exporting function 'Install-ChocolateyPackage'.
2026-04-06 04:46:02,444 14024 [INFO ] - VERBOSE: Exporting function 'Install-ChocolateyPinnedTaskBarItem'.
2026-04-06 04:46:02,444 14024 [INFO ] - VERBOSE: Exporting function 'Install-ChocolateyPowershellCommand'.
2026-04-06 04:46:02,444 14024 [INFO ] - VERBOSE: Exporting function 'Install-ChocolateyShortcut'.
2026-04-06 04:46:02,444 14024 [INFO ] - VERBOSE: Exporting function 'Install-ChocolateyVsixPackage'.
2026-04-06 04:46:02,446 14024 [INFO ] - VERBOSE: Exporting function 'Install-ChocolateyZipPackage'.
2026-04-06 04:46:02,446 14024 [INFO ] - VERBOSE: Exporting function 'Install-Vsix'.
2026-04-06 04:46:02,446 14024 [INFO ] - VERBOSE: Exporting function 'Set-PowerShellExitCode'.
2026-04-06 04:46:02,446 14024 [INFO ] - VERBOSE: Exporting function 'Start-ChocolateyProcessAsAdmin'.
2026-04-06 04:46:02,446 14024 [INFO ] - VERBOSE: Exporting function 'Uninstall-BinFile'.
2026-04-06 04:46:02,446 14024 [INFO ] - VERBOSE: Exporting function 'Uninstall-ChocolateyEnvironmentVariable'.
2026-04-06 04:46:02,446 14024 [INFO ] - VERBOSE: Exporting function 'Uninstall-ChocolateyPackage'.
2026-04-06 04:46:02,446 14024 [INFO ] - VERBOSE: Exporting function 'Uninstall-ChocolateyZipPackage'.
2026-04-06 04:46:02,446 14024 [INFO ] - VERBOSE: Exporting function 'Write-FunctionCallLogMessage'.
2026-04-06 04:46:02,446 14024 [INFO ] - VERBOSE: Exporting function 'Install-ChocolateyDesktopLink'.
2026-04-06 04:46:02,448 14024 [INFO ] - VERBOSE: Exporting function 'Write-ChocolateyFailure'.
2026-04-06 04:46:02,448 14024 [INFO ] - VERBOSE: Exporting function 'Write-ChocolateySuccess'.
2026-04-06 04:46:02,448 14024 [INFO ] - VERBOSE: Exporting function 'Write-FileUpdateLog'.
2026-04-06 04:46:02,448 14024 [INFO ] - VERBOSE: Exporting function 'Get-AppInstallLocation'.
2026-04-06 04:46:02,448 14024 [INFO ] - VERBOSE: Exporting function 'Get-AvailableDriveLetter'.
2026-04-06 04:46:02,448 14024 [INFO ] - VERBOSE: Exporting function 'Get-EffectiveProxy'.
2026-04-06 04:46:02,448 14024 [INFO ] - VERBOSE: Exporting function 'Get-PackageCacheLocation'.
2026-04-06 04:46:02,448 14024 [INFO ] - VERBOSE: Exporting function 'Get-WebContent'.
2026-04-06 04:46:02,448 14024 [INFO ] - VERBOSE: Exporting function 'Register-Application'.
2026-04-06 04:46:02,450 14024 [INFO ] - VERBOSE: Exporting function 'Remove-Process'.
2026-04-06 04:46:02,450 14024 [INFO ] - VERBOSE: Exporting function 'Install-WindowsUpdate'.
2026-04-06 04:46:02,450 14024 [INFO ] - VERBOSE: Exporting function 'Test-WindowsUpdate'.
2026-04-06 04:46:02,450 14024 [INFO ] - VERBOSE: Exporting cmdlet 'Get-EnvironmentVariable'.
2026-04-06 04:46:02,450 14024 [INFO ] - VERBOSE: Exporting cmdlet 'Get-EnvironmentVariableNames'.
2026-04-06 04:46:02,450 14024 [INFO ] - VERBOSE: Exporting cmdlet 'Install-ChocolateyPath'.
2026-04-06 04:46:02,450 14024 [INFO ] - VERBOSE: Exporting cmdlet 'Set-EnvironmentVariable'.
2026-04-06 04:46:02,450 14024 [INFO ] - VERBOSE: Exporting cmdlet 'Test-ProcessAdminRights'.
2026-04-06 04:46:02,450 14024 [INFO ] - VERBOSE: Exporting cmdlet 'Uninstall-ChocolateyPath'.
2026-04-06 04:46:02,450 14024 [INFO ] - VERBOSE: Exporting cmdlet 'Update-SessionEnvironment'.
2026-04-06 04:46:02,452 14024 [INFO ] - VERBOSE: Exporting cmdlet 'Get-EnvironmentVariable'.
2026-04-06 04:46:02,452 14024 [INFO ] - VERBOSE: Exporting cmdlet 'Get-EnvironmentVariableNames'.
2026-04-06 04:46:02,452 14024 [INFO ] - VERBOSE: Exporting cmdlet 'Install-ChocolateyPath'.
2026-04-06 04:46:02,452 14024 [INFO ] - VERBOSE: Exporting cmdlet 'Set-EnvironmentVariable'.
2026-04-06 04:46:02,452 14024 [INFO ] - VERBOSE: Exporting cmdlet 'Test-ProcessAdminRights'.
2026-04-06 04:46:02,452 14024 [INFO ] - VERBOSE: Exporting cmdlet 'Uninstall-ChocolateyPath'.
2026-04-06 04:46:02,452 14024 [INFO ] - VERBOSE: Exporting cmdlet 'Update-SessionEnvironment'.
2026-04-06 04:46:02,452 14024 [INFO ] - VERBOSE: Exporting alias 'Get-ProcessorBits'.
2026-04-06 04:46:02,453 14024 [INFO ] - VERBOSE: Exporting alias 'Get-OSBitness'.
2026-04-06 04:46:02,453 14024 [INFO ] - VERBOSE: Exporting alias 'Get-InstallRegistryKey'.
2026-04-06 04:46:02,453 14024 [INFO ] - VERBOSE: Exporting alias 'Generate-BinFile'.
2026-04-06 04:46:02,453 14024 [INFO ] - VERBOSE: Exporting alias 'Add-BinFile'.
2026-04-06 04:46:02,453 14024 [INFO ] - VERBOSE: Exporting alias 'Start-ChocolateyProcess'.
2026-04-06 04:46:02,453 14024 [INFO ] - VERBOSE: Exporting alias 'Invoke-ChocolateyProcess'.
2026-04-06 04:46:02,453 14024 [INFO ] - VERBOSE: Exporting alias 'Remove-BinFile'.
2026-04-06 04:46:02,453 14024 [INFO ] - VERBOSE: Exporting alias 'refreshenv'.
2026-04-06 04:46:02,455 14024 [INFO ] - VERBOSE: Importing cmdlet 'Get-EnvironmentVariable'.
2026-04-06 04:46:02,455 14024 [INFO ] - VERBOSE: Importing cmdlet 'Get-EnvironmentVariableNames'.
2026-04-06 04:46:02,455 14024 [INFO ] - VERBOSE: Importing cmdlet 'Install-ChocolateyPath'.
2026-04-06 04:46:02,455 14024 [INFO ] - VERBOSE: Importing cmdlet 'Set-EnvironmentVariable'.
2026-04-06 04:46:02,455 14024 [INFO ] - VERBOSE: Importing cmdlet 'Test-ProcessAdminRights'.
2026-04-06 04:46:02,455 14024 [INFO ] - VERBOSE: Importing cmdlet 'Uninstall-ChocolateyPath'.
2026-04-06 04:46:02,455 14024 [INFO ] - VERBOSE: Importing cmdlet 'Update-SessionEnvironment'.
2026-04-06 04:46:02,455 14024 [INFO ] - VERBOSE: Importing function 'Format-FileSize'.
2026-04-06 04:46:02,455 14024 [INFO ] - VERBOSE: Importing function 'Get-AppInstallLocation'.
2026-04-06 04:46:02,457 14024 [INFO ] - VERBOSE: Importing function 'Get-AvailableDriveLetter'.
2026-04-06 04:46:02,457 14024 [INFO ] - VERBOSE: Importing function 'Get-ChecksumValid'.
2026-04-06 04:46:02,457 14024 [INFO ] - VERBOSE: Importing function 'Get-ChocolateyConfigValue'.
2026-04-06 04:46:02,457 14024 [INFO ] - VERBOSE: Importing function 'Get-ChocolateyPath'.
2026-04-06 04:46:02,457 14024 [INFO ] - VERBOSE: Importing function 'Get-ChocolateyUnzip'.
2026-04-06 04:46:02,457 14024 [INFO ] - VERBOSE: Importing function 'Get-ChocolateyWebFile'.
2026-04-06 04:46:02,457 14024 [INFO ] - VERBOSE: Importing function 'Get-EffectiveProxy'.
2026-04-06 04:46:02,457 14024 [INFO ] - VERBOSE: Importing function 'Get-FtpFile'.
2026-04-06 04:46:02,459 14024 [INFO ] - VERBOSE: Importing function 'Get-OSArchitectureWidth'.
2026-04-06 04:46:02,459 14024 [INFO ] - VERBOSE: Importing function 'Get-PackageCacheLocation'.
2026-04-06 04:46:02,459 14024 [INFO ] - VERBOSE: Importing function 'Get-PackageParameters'.
2026-04-06 04:46:02,459 14024 [INFO ] - VERBOSE: Importing function 'Get-PackageParametersBuiltIn'.
2026-04-06 04:46:02,459 14024 [INFO ] - VERBOSE: Importing function 'Get-ToolsLocation'.
2026-04-06 04:46:02,459 14024 [INFO ] - VERBOSE: Importing function 'Get-UACEnabled'.
2026-04-06 04:46:02,459 14024 [INFO ] - VERBOSE: Importing function 'Get-UninstallRegistryKey'.
2026-04-06 04:46:02,459 14024 [INFO ] - VERBOSE: Importing function 'Get-VirusCheckValid'.
2026-04-06 04:46:02,461 14024 [INFO ] - VERBOSE: Importing function 'Get-WebContent'.
2026-04-06 04:46:02,461 14024 [INFO ] - VERBOSE: Importing function 'Get-WebFile'.
2026-04-06 04:46:02,461 14024 [INFO ] - VERBOSE: Importing function 'Get-WebFileName'.
2026-04-06 04:46:02,461 14024 [INFO ] - VERBOSE: Importing function 'Get-WebHeaders'.
2026-04-06 04:46:02,461 14024 [INFO ] - VERBOSE: Importing function 'Install-BinFile'.
2026-04-06 04:46:02,461 14024 [INFO ] - VERBOSE: Importing function 'Install-ChocolateyDesktopLink'.
2026-04-06 04:46:02,461 14024 [INFO ] - VERBOSE: Importing function 'Install-ChocolateyEnvironmentVariable'.
2026-04-06 04:46:02,461 14024 [INFO ] - VERBOSE: Importing function 'Install-ChocolateyExplorerMenuItem'.
2026-04-06 04:46:02,461 14024 [INFO ] - VERBOSE: Importing function 'Install-ChocolateyFileAssociation'.
2026-04-06 04:46:02,463 14024 [INFO ] - VERBOSE: Importing function 'Install-ChocolateyInstallPackage'.
2026-04-06 04:46:02,463 14024 [INFO ] - VERBOSE: Importing function 'Install-ChocolateyPackage'.
2026-04-06 04:46:02,463 14024 [INFO ] - VERBOSE: Importing function 'Install-ChocolateyPinnedTaskBarItem'.
2026-04-06 04:46:02,463 14024 [INFO ] - VERBOSE: Importing function 'Install-ChocolateyPowershellCommand'.
2026-04-06 04:46:02,463 14024 [INFO ] - VERBOSE: Importing function 'Install-ChocolateyShortcut'.
2026-04-06 04:46:02,463 14024 [INFO ] - VERBOSE: Importing function 'Install-ChocolateyVsixPackage'.
2026-04-06 04:46:02,463 14024 [INFO ] - VERBOSE: Importing function 'Install-ChocolateyZipPackage'.
2026-04-06 04:46:02,463 14024 [INFO ] - VERBOSE: Importing function 'Install-Vsix'.
2026-04-06 04:46:02,463 14024 [INFO ] - VERBOSE: Importing function 'Install-WindowsUpdate'.
2026-04-06 04:46:02,465 14024 [INFO ] - VERBOSE: Importing function 'Register-Application'.
2026-04-06 04:46:02,465 14024 [INFO ] - VERBOSE: Importing function 'Remove-Process'.
2026-04-06 04:46:02,465 14024 [INFO ] - VERBOSE: Importing function 'Set-PowerShellExitCode'.
2026-04-06 04:46:02,465 14024 [INFO ] - VERBOSE: Importing function 'Start-ChocolateyProcessAsAdmin'.
2026-04-06 04:46:02,465 14024 [INFO ] - VERBOSE: Importing function 'Test-WindowsUpdate'.
2026-04-06 04:46:02,465 14024 [INFO ] - VERBOSE: Importing function 'Uninstall-BinFile'.
2026-04-06 04:46:02,465 14024 [INFO ] - VERBOSE: Importing function 'Uninstall-ChocolateyEnvironmentVariable'.
2026-04-06 04:46:02,465 14024 [INFO ] - VERBOSE: Importing function 'Uninstall-ChocolateyPackage'.
2026-04-06 04:46:02,465 14024 [INFO ] - VERBOSE: Importing function 'Uninstall-ChocolateyZipPackage'.
2026-04-06 04:46:02,467 14024 [INFO ] - VERBOSE: Importing function 'Write-ChocolateyFailure'.
2026-04-06 04:46:02,467 14024 [INFO ] - VERBOSE: Importing function 'Write-ChocolateySuccess'.
2026-04-06 04:46:02,467 14024 [INFO ] - VERBOSE: Importing function 'Write-FileUpdateLog'.
2026-04-06 04:46:02,467 14024 [INFO ] - VERBOSE: Importing function 'Write-FunctionCallLogMessage'.
2026-04-06 04:46:02,469 14024 [INFO ] - VERBOSE: Importing alias 'Add-BinFile'.
2026-04-06 04:46:02,469 14024 [INFO ] - VERBOSE: Importing alias 'Generate-BinFile'.
2026-04-06 04:46:02,469 14024 [INFO ] - VERBOSE: Importing alias 'Get-InstallRegistryKey'.
2026-04-06 04:46:02,469 14024 [INFO ] - VERBOSE: Importing alias 'Get-OSBitness'.
2026-04-06 04:46:02,469 14024 [INFO ] - VERBOSE: Importing alias 'Get-ProcessorBits'.
2026-04-06 04:46:02,469 14024 [INFO ] - VERBOSE: Importing alias 'Invoke-ChocolateyProcess'.
2026-04-06 04:46:02,471 14024 [INFO ] - VERBOSE: Importing alias 'refreshenv'.
2026-04-06 04:46:02,471 14024 [INFO ] - VERBOSE: Importing alias 'Remove-BinFile'.
2026-04-06 04:46:02,471 14024 [INFO ] - VERBOSE: Importing alias 'Start-ChocolateyProcess'.
2026-04-06 04:46:02,473 14024 [DEBUG] - ---------------------------Script Execution---------------------------
2026-04-06 04:46:02,473 14024 [DEBUG] - Running 'ChocolateyScriptRunner' for vcredist140 v14.50.35719 with packageScript 'C:\ProgramData\chocolatey\lib\vcredist140\tools\chocolateyInstall.ps1', packageFolder:'C:\ProgramData\chocolatey\lib\vcredist140', installArguments: '', packageParameters: '', preRunHookScripts: '', postRunHookScripts: '',
2026-04-06 04:46:02,473 14024 [DEBUG] - Running package script 'C:\ProgramData\chocolatey\lib\vcredist140\tools\chocolateyInstall.ps1'
2026-04-06 04:46:02,532 14024 [DEBUG] - Running Get-OSArchitectureWidth 
2026-04-06 04:46:02,532 14024 [DEBUG] - Running Get-OSArchitectureWidth 
2026-04-06 04:46:02,532 14024 [INFO ] - VERBOSE: Analyzing servicing information in the registry
2026-04-06 04:46:02,548 14024 [INFO ] - VERBOSE: Version of installed runtime for architecture x86 in the registry: 14.38.33135
2026-04-06 04:46:02,548 14024 [INFO ] - VERBOSE: Version of installed runtime for architecture x64 in the registry: 14.38.33135
2026-04-06 04:46:02,548 14024 [INFO ] - VERBOSE: Version number of runtime installed by this package: 14.50.35719
2026-04-06 04:46:02,548 14024 [INFO ] - VERBOSE: Runtime for architecture x86 applicable: True; version in registry: [14.38.33135]; should install: True
2026-04-06 04:46:02,548 14024 [INFO ] - VERBOSE: Installing runtime for architecture x86
2026-04-06 04:46:02,582 14024 [DEBUG] - Running Install-ChocolateyPackage -packageName 'vcredist140-x86' -fileType 'exe' -silentArgs '/quiet /norestart' -validExitCodes '0 1638 3010' -checksumType 'sha256' -url 'https://download.visualstudio.microsoft.com/download/pr/6f02464a-5e9b-486d-a506-c99a17db9a83/E7267C1BDF9237C0B4A28CF027C382B97AA909934F84F1C92D3FB9F04173B33E/VC_redist.x86.exe' -checksum 'e7267c1bdf9237c0b4a28cf027c382b97aa909934f84f1c92d3fb9f04173b33e' 
2026-04-06 04:46:02,610 14024 [DEBUG] - Running Get-ChocolateyWebFile -packageName 'vcredist140-x86' -fileFullPath 'C:\Users\tsmit\AppData\Local\Temp\chocolatey\vcredist140\14.50.35719\vcredist140-x86Install.exe' -url 'https://download.visualstudio.microsoft.com/download/pr/6f02464a-5e9b-486d-a506-c99a17db9a83/E7267C1BDF9237C0B4A28CF027C382B97AA909934F84F1C92D3FB9F04173B33E/VC_redist.x86.exe' -url64bit '' -checksum 'e7267c1bdf9237c0b4a28cf027c382b97aa909934f84f1c92d3fb9f04173b33e' -checksumType 'sha256' -checksum64 '' -checksumType64 '' -options 'System.Collections.Hashtable' -getOriginalFileName 'True' 
2026-04-06 04:46:02,616 14024 [DEBUG] - Running Get-OSArchitectureWidth -compare '64' 
2026-04-06 04:46:02,618 14024 [DEBUG] - CPU is 64 bit
2026-04-06 04:46:02,631 14024 [DEBUG] - Running Get-WebFileName -url 'https://download.visualstudio.microsoft.com/download/pr/6f02464a-5e9b-486d-a506-c99a17db9a83/E7267C1BDF9237C0B4A28CF027C382B97AA909934F84F1C92D3FB9F04173B33E/VC_redist.x86.exe' -defaultName 'vcredist140-x86Install.exe' 
2026-04-06 04:46:03,143 14024 [DEBUG] - Using header 'Content-Disposition' to determine file name.
2026-04-06 04:46:03,152 14024 [DEBUG] - Using response url to determine file name. 'https://download.visualstudio.microsoft.com/download/pr/6f02464a-5e9b-486d-a506-c99a17db9a83/E7267C1BDF9237C0B4A28CF027C382B97AA909934F84F1C92D3FB9F04173B33E/VC_redist.x86.exe'
2026-04-06 04:46:03,152 14024 [DEBUG] - File name determined from url is 'VC_redist.x86.exe'
2026-04-06 04:46:03,157 14024 [DEBUG] - Running Get-WebHeaders -url 'https://download.visualstudio.microsoft.com/download/pr/6f02464a-5e9b-486d-a506-c99a17db9a83/E7267C1BDF9237C0B4A28CF027C382B97AA909934F84F1C92D3FB9F04173B33E/VC_redist.x86.exe' -ErrorAction 'Stop' 
2026-04-06 04:46:03,157 14024 [DEBUG] - Setting the UserAgent to 'chocolatey command line'
2026-04-06 04:46:03,157 14024 [DEBUG] - Request Headers:
2026-04-06 04:46:03,157 14024 [DEBUG] -   'Accept':'*/*'
2026-04-06 04:46:03,157 14024 [DEBUG] -   'User-Agent':'chocolatey command line'
2026-04-06 04:46:03,727 14024 [DEBUG] - Response Headers:
2026-04-06 04:46:03,727 14024 [DEBUG] -   'Connection':'keep-alive'
2026-04-06 04:46:03,727 14024 [DEBUG] -   'X-Ms-ApiVersion':'Distribute 1.2'
2026-04-06 04:46:03,727 14024 [DEBUG] -   'X-Ms-Region':'prod-eus2-z1'
2026-04-06 04:46:03,727 14024 [DEBUG] -   'Content-Disposition':'attachment; filename=VC_redist.x86.exe; filename*=UTF-8''VC_redist.x86.exe'
2026-04-06 04:46:03,727 14024 [DEBUG] -   'Age':'843420'
2026-04-06 04:46:03,727 14024 [DEBUG] -   'X-Served-By':'cache-lax-kwhp1940134-LAX'
2026-04-06 04:46:03,727 14024 [DEBUG] -   'X-Cache':'HIT'
2026-04-06 04:46:03,727 14024 [DEBUG] -   'X-Cache-Hits':'97'
2026-04-06 04:46:03,727 14024 [DEBUG] -   'X-Timer':'S1775475964.652817,VS0,VE0'
2026-04-06 04:46:03,727 14024 [DEBUG] -   'X-CID':'3'
2026-04-06 04:46:03,727 14024 [DEBUG] -   'X-OSID':'3'
2026-04-06 04:46:03,727 14024 [DEBUG] -   'x-rewritten-path':'/DSDownloadAPI/Download.ashx/dscdnstatic/VSSETUPPROD/6f02464a-5e9b-486d-a506-c99a17db9a83/E7267C1BDF9237C0B4A28CF027C382B97AA909934F84F1C92D3FB9F04173B33E/VC_redist.x86.exe'
2026-04-06 04:46:03,727 14024 [DEBUG] -   'X-CCC':'US'
2026-04-06 04:46:03,727 14024 [DEBUG] -   'Accept-Ranges':'bytes'
2026-04-06 04:46:03,727 14024 [DEBUG] -   'Content-Length':'6876208'
2026-04-06 04:46:03,727 14024 [DEBUG] -   'Content-Type':'application/octet-stream'
2026-04-06 04:46:03,727 14024 [DEBUG] -   'Date':'Mon, 06 Apr 2026 11:46:03 GMT'
2026-04-06 04:46:03,740 14024 [DEBUG] -   'ETag':'"0x28E973F912C77D313DD589E089166AC3A8FD3BFE893B2B37B3CEDB931A8BC174"'
2026-04-06 04:46:03,740 14024 [DEBUG] -   'Last-Modified':'Sun, 23 Nov 2025 00:56:24 GMT'
2026-04-06 04:46:03,740 14024 [DEBUG] -   'Via':'1.1 varnish'
2026-04-06 04:46:03,744 14024 [INFO ] - Downloading vcredist140-x86 
  from 'https://download.visualstudio.microsoft.com/download/pr/6f02464a-5e9b-486d-a506-c99a17db9a83/E7267C1BDF9237C0B4A28CF027C382B97AA909934F84F1C92D3FB9F04173B33E/VC_redist.x86.exe'
2026-04-06 04:46:03,756 14024 [DEBUG] - Running Get-WebFile -url 'https://download.visualstudio.microsoft.com/download/pr/6f02464a-5e9b-486d-a506-c99a17db9a83/E7267C1BDF9237C0B4A28CF027C382B97AA909934F84F1C92D3FB9F04173B33E/VC_redist.x86.exe' -fileName 'C:\Users\tsmit\AppData\Local\Temp\chocolatey\vcredist140\14.50.35719\VC_redist.x86.exe' -options 'System.Collections.Hashtable' 
2026-04-06 04:46:03,758 14024 [DEBUG] - Setting request timeout to  30000
2026-04-06 04:46:03,758 14024 [DEBUG] - Setting read/write timeout to  2700000
2026-04-06 04:46:03,758 14024 [DEBUG] - Setting the UserAgent to 'chocolatey command line'
2026-04-06 04:46:04,214 14024 [DEBUG] - Downloading https://download.visualstudio.microsoft.com/download/pr/6f02464a-5e9b-486d-a506-c99a17db9a83/E7267C1BDF9237C0B4A28CF027C382B97AA909934F84F1C92D3FB9F04173B33E/VC_redist.x86.exe to C:\Users\tsmit\AppData\Local\Temp\chocolatey\vcredist140\14.50.35719\VC_redist.x86.exe
2026-04-06 04:46:14,397 14024 [INFO ] - 
2026-04-06 04:46:14,397 14024 [INFO ] - Download of VC_redist.x86.exe (6.56 MB) completed.
2026-04-06 04:46:17,418 14024 [DEBUG] - No runtime virus checking built into FOSS Chocolatey. Check out Pro/Business - https://chocolatey.org/compare
2026-04-06 04:46:17,418 14024 [DEBUG] - Verifying package provided checksum of 'e7267c1bdf9237c0b4a28cf027c382b97aa909934f84f1c92d3fb9f04173b33e' for 'C:\Users\tsmit\AppData\Local\Temp\chocolatey\vcredist140\14.50.35719\VC_redist.x86.exe'.
2026-04-06 04:46:17,418 14024 [DEBUG] - Running Get-ChecksumValid -file 'C:\Users\tsmit\AppData\Local\Temp\chocolatey\vcredist140\14.50.35719\VC_redist.x86.exe' -checksum 'e7267c1bdf9237c0b4a28cf027c382b97aa909934f84f1c92d3fb9f04173b33e' -checksumType 'sha256' -originalUrl 'https://download.visualstudio.microsoft.com/download/pr/6f02464a-5e9b-486d-a506-c99a17db9a83/E7267C1BDF9237C0B4A28CF027C382B97AA909934F84F1C92D3FB9F04173B33E/VC_redist.x86.exe' 
2026-04-06 04:46:17,418 14024 [DEBUG] - checksum.exe found at 'C:\ProgramData\chocolatey\helpers\..\tools\checksum.exe'
2026-04-06 04:46:17,418 14024 [DEBUG] - Executing command ['C:\ProgramData\chocolatey\helpers\..\tools\checksum.exe' -c="e7267c1bdf9237c0b4a28cf027c382b97aa909934f84f1c92d3fb9f04173b33e" -t="sha256" -f="C:\Users\tsmit\AppData\Local\Temp\chocolatey\vcredist140\14.50.35719\VC_redist.x86.exe"]
2026-04-06 04:46:17,656 14024 [DEBUG] - Command ['C:\ProgramData\chocolatey\helpers\..\tools\checksum.exe' -c="e7267c1bdf9237c0b4a28cf027c382b97aa909934f84f1c92d3fb9f04173b33e" -t="sha256" -f="C:\Users\tsmit\AppData\Local\Temp\chocolatey\vcredist140\14.50.35719\VC_redist.x86.exe"] exited with '0'.
2026-04-06 04:46:17,671 14024 [DEBUG] - Running Install-ChocolateyInstallPackage -packageName 'vcredist140-x86' -fileType 'exe' -silentArgs '/quiet /norestart' -file 'C:\Users\tsmit\AppData\Local\Temp\chocolatey\vcredist140\14.50.35719\VC_redist.x86.exe' -validExitCodes '0 1638 3010' -useOnlyPackageSilentArguments 'False' 
2026-04-06 04:46:17,671 14024 [DEBUG] - Running Get-OSArchitectureWidth -compare '32' 
2026-04-06 04:46:17,671 14024 [INFO ] - Installing vcredist140-x86...
2026-04-06 04:46:17,719 14024 [DEBUG] - Running Start-ChocolateyProcessAsAdmin -validExitCodes '0 1638 3010' -workingDirectory 'C:\Users\tsmit\AppData\Local\Temp\chocolatey\vcredist140\14.50.35719' -statements '/quiet /norestart' -exeToRun 'C:\Users\tsmit\AppData\Local\Temp\chocolatey\vcredist140\14.50.35719\VC_redist.x86.exe' 
2026-04-06 04:46:17,719 14024 [DEBUG] - Running Test-ProcessAdminRights
2026-04-06 04:46:17,719 14024 [DEBUG] - Test-ProcessAdminRights: returning True
2026-04-06 04:46:17,719 14024 [DEBUG] - Finishing 'Test-ProcessAdminRights'
2026-04-06 04:46:17,719 14024 [DEBUG] - Elevating permissions and running ["C:\Users\tsmit\AppData\Local\Temp\chocolatey\vcredist140\14.50.35719\VC_redist.x86.exe" /quiet /norestart]. This may take a while, depending on the statements.
2026-04-06 04:46:24,684 14024 [DEBUG] - Command ["C:\Users\tsmit\AppData\Local\Temp\chocolatey\vcredist140\14.50.35719\VC_redist.x86.exe" /quiet /norestart] exited with '0'.
2026-04-06 04:46:24,684 14024 [DEBUG] - Finishing 'Start-ChocolateyProcessAsAdmin'
2026-04-06 04:46:24,684 14024 [INFO ] - vcredist140-x86 has been installed.
2026-04-06 04:46:24,684 14024 [INFO ] - VERBOSE: Runtime for architecture x64 applicable: True; version in registry: [14.38.33135]; should install: True
2026-04-06 04:46:24,684 14024 [INFO ] - VERBOSE: Installing runtime for architecture x64
2026-04-06 04:46:24,697 14024 [DEBUG] - Running Install-ChocolateyPackage -packageName 'vcredist140-x64' -fileType 'exe' -silentArgs '/quiet /norestart' -validExitCodes '0 1638 3010' -url64bit 'https://download.visualstudio.microsoft.com/download/pr/6f02464a-5e9b-486d-a506-c99a17db9a83/8995548DFFFCDE7C49987029C764355612BA6850EE09A7B6F0FDDC85BDC5C280/VC_redist.x64.exe' -checksumType64 'sha256' -checksum64 '8995548dfffcde7c49987029c764355612ba6850ee09a7b6f0fddc85bdc5c280' 
2026-04-06 04:46:24,697 14024 [DEBUG] - Running Get-ChocolateyWebFile -packageName 'vcredist140-x64' -fileFullPath 'C:\Users\tsmit\AppData\Local\Temp\chocolatey\vcredist140\14.50.35719\vcredist140-x64Install.exe' -url '' -url64bit 'https://download.visualstudio.microsoft.com/download/pr/6f02464a-5e9b-486d-a506-c99a17db9a83/8995548DFFFCDE7C49987029C764355612BA6850EE09A7B6F0FDDC85BDC5C280/VC_redist.x64.exe' -checksum '' -checksumType '' -checksum64 '8995548dfffcde7c49987029c764355612ba6850ee09a7b6f0fddc85bdc5c280' -checksumType64 'sha256' -options 'System.Collections.Hashtable' -getOriginalFileName 'True' 
2026-04-06 04:46:24,697 14024 [DEBUG] - Running Get-OSArchitectureWidth -compare '64' 
2026-04-06 04:46:24,697 14024 [DEBUG] - CPU is 64 bit
2026-04-06 04:46:24,697 14024 [DEBUG] - Setting url to 'https://download.visualstudio.microsoft.com/download/pr/6f02464a-5e9b-486d-a506-c99a17db9a83/8995548DFFFCDE7C49987029C764355612BA6850EE09A7B6F0FDDC85BDC5C280/VC_redist.x64.exe' and bitPackage to 64
2026-04-06 04:46:24,697 14024 [DEBUG] - Running Get-WebFileName -url 'https://download.visualstudio.microsoft.com/download/pr/6f02464a-5e9b-486d-a506-c99a17db9a83/8995548DFFFCDE7C49987029C764355612BA6850EE09A7B6F0FDDC85BDC5C280/VC_redist.x64.exe' -defaultName 'vcredist140-x64Install.exe' 
2026-04-06 04:46:25,019 14024 [DEBUG] - Using header 'Content-Disposition' to determine file name.
2026-04-06 04:46:25,019 14024 [DEBUG] - Using response url to determine file name. 'https://download.visualstudio.microsoft.com/download/pr/6f02464a-5e9b-486d-a506-c99a17db9a83/8995548DFFFCDE7C49987029C764355612BA6850EE09A7B6F0FDDC85BDC5C280/VC_redist.x64.exe'
2026-04-06 04:46:25,019 14024 [DEBUG] - File name determined from url is 'VC_redist.x64.exe'
2026-04-06 04:46:25,019 14024 [DEBUG] - Running Get-WebHeaders -url 'https://download.visualstudio.microsoft.com/download/pr/6f02464a-5e9b-486d-a506-c99a17db9a83/8995548DFFFCDE7C49987029C764355612BA6850EE09A7B6F0FDDC85BDC5C280/VC_redist.x64.exe' -ErrorAction 'Stop' 
2026-04-06 04:46:25,019 14024 [DEBUG] - Setting the UserAgent to 'chocolatey command line'
2026-04-06 04:46:25,019 14024 [DEBUG] - Request Headers:
2026-04-06 04:46:25,019 14024 [DEBUG] -   'Accept':'*/*'
2026-04-06 04:46:25,019 14024 [DEBUG] -   'User-Agent':'chocolatey command line'
2026-04-06 04:46:25,859 14024 [DEBUG] - Response Headers:
2026-04-06 04:46:25,859 14024 [DEBUG] -   'Connection':'keep-alive'
2026-04-06 04:46:25,859 14024 [DEBUG] -   'X-Ms-ApiVersion':'Distribute 1.2'
2026-04-06 04:46:25,859 14024 [DEBUG] -   'X-Ms-Region':'prod-eus-z1'
2026-04-06 04:46:25,859 14024 [DEBUG] -   'Content-Disposition':'attachment; filename=VC_redist.x64.exe; filename*=UTF-8''VC_redist.x64.exe'
2026-04-06 04:46:25,859 14024 [DEBUG] -   'Age':'160207'
2026-04-06 04:46:25,859 14024 [DEBUG] -   'X-Served-By':'cache-lax-kwhp1940110-LAX'
2026-04-06 04:46:25,859 14024 [DEBUG] -   'X-Cache':'HIT'
2026-04-06 04:46:25,859 14024 [DEBUG] -   'X-Cache-Hits':'1'
2026-04-06 04:46:25,863 14024 [DEBUG] -   'X-Timer':'S1775475986.776539,VS0,VE2'
2026-04-06 04:46:25,863 14024 [DEBUG] -   'X-CID':'3'
2026-04-06 04:46:25,863 14024 [DEBUG] -   'X-OSID':'3'
2026-04-06 04:46:25,863 14024 [DEBUG] -   'x-rewritten-path':'/DSDownloadAPI/Download.ashx/dscdnstatic/VSSETUPPROD/6f02464a-5e9b-486d-a506-c99a17db9a83/8995548DFFFCDE7C49987029C764355612BA6850EE09A7B6F0FDDC85BDC5C280/VC_redist.x64.exe'
2026-04-06 04:46:25,863 14024 [DEBUG] -   'X-CCC':'US'
2026-04-06 04:46:25,863 14024 [DEBUG] -   'Accept-Ranges':'bytes'
2026-04-06 04:46:25,863 14024 [DEBUG] -   'Content-Length':'18558944'
2026-04-06 04:46:25,863 14024 [DEBUG] -   'Cache-Control':'public, max-age=259200'
2026-04-06 04:46:25,865 14024 [DEBUG] -   'Content-Type':'application/octet-stream'
2026-04-06 04:46:25,865 14024 [DEBUG] -   'Date':'Mon, 06 Apr 2026 11:46:25 GMT'
2026-04-06 04:46:25,865 14024 [DEBUG] -   'ETag':'"0x6DADD8BD2200E44AD9F34C110433C03E2C933F36EC4289405F0826ED307FD47C"'
2026-04-06 04:46:25,865 14024 [DEBUG] -   'Last-Modified':'Sun, 23 Nov 2025 00:54:42 GMT'
2026-04-06 04:46:25,865 14024 [DEBUG] -   'Via':'1.1 varnish'
2026-04-06 04:46:25,867 14024 [INFO ] - Downloading vcredist140-x64 64 bit
  from 'https://download.visualstudio.microsoft.com/download/pr/6f02464a-5e9b-486d-a506-c99a17db9a83/8995548DFFFCDE7C49987029C764355612BA6850EE09A7B6F0FDDC85BDC5C280/VC_redist.x64.exe'
2026-04-06 04:46:25,867 14024 [DEBUG] - Running Get-WebFile -url 'https://download.visualstudio.microsoft.com/download/pr/6f02464a-5e9b-486d-a506-c99a17db9a83/8995548DFFFCDE7C49987029C764355612BA6850EE09A7B6F0FDDC85BDC5C280/VC_redist.x64.exe' -fileName 'C:\Users\tsmit\AppData\Local\Temp\chocolatey\vcredist140\14.50.35719\VC_redist.x64.exe' -options 'System.Collections.Hashtable' 
2026-04-06 04:46:25,869 14024 [DEBUG] - Setting request timeout to  30000
2026-04-06 04:46:25,869 14024 [DEBUG] - Setting read/write timeout to  2700000
2026-04-06 04:46:25,869 14024 [DEBUG] - Setting the UserAgent to 'chocolatey command line'
2026-04-06 04:46:36,351 14024 [INFO ] - 
2026-04-06 04:46:36,351 14024 [INFO ] - Download of VC_redist.x64.exe (17.7 MB) completed.
2026-04-06 04:46:39,363 14024 [DEBUG] - No runtime virus checking built into FOSS Chocolatey. Check out Pro/Business - https://chocolatey.org/compare
2026-04-06 04:46:39,363 14024 [DEBUG] - Verifying package provided checksum of '8995548dfffcde7c49987029c764355612ba6850ee09a7b6f0fddc85bdc5c280' for 'C:\Users\tsmit\AppData\Local\Temp\chocolatey\vcredist140\14.50.35719\VC_redist.x64.exe'.
2026-04-06 04:46:39,363 14024 [DEBUG] - Running Get-ChecksumValid -file 'C:\Users\tsmit\AppData\Local\Temp\chocolatey\vcredist140\14.50.35719\VC_redist.x64.exe' -checksum '8995548dfffcde7c49987029c764355612ba6850ee09a7b6f0fddc85bdc5c280' -checksumType 'sha256' -originalUrl 'https://download.visualstudio.microsoft.com/download/pr/6f02464a-5e9b-486d-a506-c99a17db9a83/8995548DFFFCDE7C49987029C764355612BA6850EE09A7B6F0FDDC85BDC5C280/VC_redist.x64.exe' 
2026-04-06 04:46:39,363 14024 [DEBUG] - checksum.exe found at 'C:\ProgramData\chocolatey\helpers\..\tools\checksum.exe'
2026-04-06 04:46:39,363 14024 [DEBUG] - Executing command ['C:\ProgramData\chocolatey\helpers\..\tools\checksum.exe' -c="8995548dfffcde7c49987029c764355612ba6850ee09a7b6f0fddc85bdc5c280" -t="sha256" -f="C:\Users\tsmit\AppData\Local\Temp\chocolatey\vcredist140\14.50.35719\VC_redist.x64.exe"]
2026-04-06 04:46:39,426 14024 [DEBUG] - Command ['C:\ProgramData\chocolatey\helpers\..\tools\checksum.exe' -c="8995548dfffcde7c49987029c764355612ba6850ee09a7b6f0fddc85bdc5c280" -t="sha256" -f="C:\Users\tsmit\AppData\Local\Temp\chocolatey\vcredist140\14.50.35719\VC_redist.x64.exe"] exited with '0'.
2026-04-06 04:46:39,426 14024 [DEBUG] - Running Install-ChocolateyInstallPackage -packageName 'vcredist140-x64' -fileType 'exe' -silentArgs '/quiet /norestart' -file 'C:\Users\tsmit\AppData\Local\Temp\chocolatey\vcredist140\14.50.35719\VC_redist.x64.exe' -validExitCodes '0 1638 3010' -useOnlyPackageSilentArguments 'False' 
2026-04-06 04:46:39,426 14024 [DEBUG] - Running Get-OSArchitectureWidth -compare '32' 
2026-04-06 04:46:39,426 14024 [INFO ] - Installing vcredist140-x64...
2026-04-06 04:46:39,426 14024 [DEBUG] - Running Start-ChocolateyProcessAsAdmin -validExitCodes '0 1638 3010' -workingDirectory 'C:\Users\tsmit\AppData\Local\Temp\chocolatey\vcredist140\14.50.35719' -statements '/quiet /norestart' -exeToRun 'C:\Users\tsmit\AppData\Local\Temp\chocolatey\vcredist140\14.50.35719\VC_redist.x64.exe' 
2026-04-06 04:46:39,426 14024 [DEBUG] - Running Test-ProcessAdminRights
2026-04-06 04:46:39,426 14024 [DEBUG] - Test-ProcessAdminRights: returning True
2026-04-06 04:46:39,426 14024 [DEBUG] - Finishing 'Test-ProcessAdminRights'
2026-04-06 04:46:39,426 14024 [DEBUG] - Elevating permissions and running ["C:\Users\tsmit\AppData\Local\Temp\chocolatey\vcredist140\14.50.35719\VC_redist.x64.exe" /quiet /norestart]. This may take a while, depending on the statements.
2026-04-06 04:46:46,626 14024 [DEBUG] - Command ["C:\Users\tsmit\AppData\Local\Temp\chocolatey\vcredist140\14.50.35719\VC_redist.x64.exe" /quiet /norestart] exited with '0'.
2026-04-06 04:46:46,626 14024 [DEBUG] - Finishing 'Start-ChocolateyProcessAsAdmin'
2026-04-06 04:46:46,626 14024 [INFO ] - vcredist140-x64 has been installed.
2026-04-06 04:46:46,626 14024 [DEBUG] - ----------------------------------------------------------------------
2026-04-06 04:46:46,626 14024 [DEBUG] - Built-in PowerShell host called with ['[System.Threading.Thread]::CurrentThread.CurrentCulture = '';[System.Threading.Thread]::CurrentThread.CurrentUICulture = '';[System.Net.ServicePointManager]::SecurityProtocol = [System.Net.SecurityProtocolType]::SystemDefault; & import-module -name 'C:\ProgramData\chocolatey\helpers\chocolateyInstaller.psm1'; & 'C:\ProgramData\chocolatey\helpers\chocolateyScriptRunner.ps1' -packageScript 'C:\ProgramData\chocolatey\lib\vcredist140\tools\chocolateyInstall.ps1' -installArguments '' -packageParameters '' -preRunHookScripts $null -postRunHookScripts $null'] exited with '0'.
2026-04-06 04:46:46,626 14024 [DEBUG] - Calling command ['"C:\WINDOWS\System32\shutdown.exe" /a']
2026-04-06 04:46:46,657 14024 [DEBUG] - Command ['"C:\WINDOWS\System32\shutdown.exe" /a'] exited with '1116'
2026-04-06 04:46:46,657 14024 [INFO ] -   vcredist140 may be able to be automatically uninstalled.
2026-04-06 04:46:46,657 14024 [DEBUG] - Capturing package files in 'C:\ProgramData\chocolatey\lib\vcredist140'
2026-04-06 04:46:46,673 14024 [DEBUG] -  Found 'C:\ProgramData\chocolatey\lib\vcredist140\vcredist140.nupkg'
  with checksum 'C1D97F500512562B823D219031501FCE'
2026-04-06 04:46:46,673 14024 [DEBUG] -  Found 'C:\ProgramData\chocolatey\lib\vcredist140\vcredist140.nuspec'
  with checksum '56F72EE80CD1A13569258D63BB3215B4'
2026-04-06 04:46:46,673 14024 [DEBUG] -  Found 'C:\ProgramData\chocolatey\lib\vcredist140\tools\chocolateyInstall.ps1'
  with checksum 'C0835789BF1B39EBE6B79B1B3F22EEAA'
2026-04-06 04:46:46,673 14024 [DEBUG] -  Found 'C:\ProgramData\chocolatey\lib\vcredist140\tools\chocolateyUninstall.ps1'
  with checksum '0FFC57B43B4BD80ABCFD3A38D2AE4680'
2026-04-06 04:46:46,673 14024 [DEBUG] -  Found 'C:\ProgramData\chocolatey\lib\vcredist140\tools\data.ps1'
  with checksum 'EF05D1F231E1C2DB59D9282943C0366D'
2026-04-06 04:46:46,673 14024 [DEBUG] - Attempting to create directory "C:\ProgramData\chocolatey\.chocolatey\vcredist140.14.50.35719".
2026-04-06 04:46:46,689 14024 [DEBUG] - There was no original file at 'C:\ProgramData\chocolatey\.chocolatey\vcredist140.14.50.35719\.registry'
2026-04-06 04:46:46,689 14024 [DEBUG] - There was no original file at 'C:\ProgramData\chocolatey\.chocolatey\vcredist140.14.50.35719\.files'
2026-04-06 04:46:46,689 14024 [DEBUG] - Attempting to delete file "C:\ProgramData\chocolatey\.chocolatey\vcredist140.14.50.35719\.extra".
2026-04-06 04:46:46,689 14024 [DEBUG] - Attempting to delete file "C:\ProgramData\chocolatey\.chocolatey\vcredist140.14.50.35719\.version".
2026-04-06 04:46:46,689 14024 [DEBUG] - Attempting to delete file "C:\ProgramData\chocolatey\.chocolatey\vcredist140.14.50.35719\.sxs".
2026-04-06 04:46:46,689 14024 [DEBUG] - Attempting to delete file "C:\ProgramData\chocolatey\.chocolatey\vcredist140.14.50.35719\.pin".
2026-04-06 04:46:46,689 14024 [DEBUG] - Attempting to delete file "C:\ProgramData\chocolatey\.chocolatey\vcredist140.14.50.35719\.deploymentLocation".
2026-04-06 04:46:46,689 14024 [DEBUG] - Sending message 'HandlePackageResultCompletedMessage' out if there are subscribers...
2026-04-06 04:46:46,689 14024 [DEBUG] - Attempting to delete file "C:\ProgramData\chocolatey\lib\vcredist140\.chocolateyPending".
2026-04-06 04:46:46,689 14024 [INFO ] -  The upgrade of vcredist140 was successful.
2026-04-06 04:46:46,689 14024 [INFO ] -   Software installed as 'exe', install location is likely default.
2026-04-06 04:46:46,689 14024 [INFO ] - [NuGet]   GET https://community.chocolatey.org/api/v2/Packages(Id='vcredist2015',Version='14.0.24215.20170201')
2026-04-06 04:46:47,403 14024 [INFO ] - [NuGet]   OK https://community.chocolatey.org/api/v2/Packages(Id='vcredist2015',Version='14.0.24215.20170201') 700ms
2026-04-06 04:46:47,407 14024 [DEBUG] - Attempting to delete file "".
2026-04-06 04:46:47,407 14024 [INFO ] - Downloading package from source 'https://community.chocolatey.org/api/v2/'
2026-04-06 04:46:47,409 14024 [DEBUG] - Package download location 'https://community.chocolatey.org/api/v2/package/vcredist2015/14.0.24215.20170201'
2026-04-06 04:46:47,409 14024 [INFO ] - [NuGet]   GET https://community.chocolatey.org/api/v2/package/vcredist2015/14.0.24215.20170201
2026-04-06 04:46:48,085 14024 [INFO ] - [NuGet]   OK https://community.chocolatey.org/api/v2/package/vcredist2015/14.0.24215.20170201 680ms
2026-04-06 04:46:48,085 14024 [INFO ] - [NuGet] Acquiring lock for the installation of vcredist2015 14.0.24215.20170201
2026-04-06 04:46:48,085 14024 [INFO ] - [NuGet] Acquired lock for the installation of vcredist2015 14.0.24215.20170201
2026-04-06 04:46:48,096 14024 [INFO ] - [NuGet] Installed vcredist2015 14.0.24215.20170201 from https://community.chocolatey.org/api/v2/ with content hash rEySFexkP2FDdfkT/ueyELfyGRBIqShMZjZteOW991sUQ6M/US8qD6fI/l3Fh3o4CXfS7/NXJPeU7qdsgsZe0A==.
2026-04-06 04:46:48,107 14024 [DEBUG] - Skipping package hash validation as feature 'usePackageHashValidation' is not enabled.
2026-04-06 04:46:48,117 14024 [INFO ] - [NuGet] Adding package 'vcredist2015.14.0.24215.20170201 : vcredist140 [14.0.24215.1, )' to folder 'C:\ProgramData\chocolatey\lib'
2026-04-06 04:46:48,117 14024 [INFO ] - [NuGet] Added package 'vcredist2015.14.0.24215.20170201 : vcredist140 [14.0.24215.1, )' to folder 'C:\ProgramData\chocolatey\lib'
2026-04-06 04:46:48,117 14024 [DEBUG] - Attempting to delete file "C:\Users\tsmit\AppData\Local\Temp\chocolatey\ChocolateyScratch\vcredist2015/14.0.24215.20170201\vcredist2015.14.0.24215.20170201.nupkg".
2026-04-06 04:46:48,117 14024 [DEBUG] - Attempting to delete file "C:\Users\tsmit\AppData\Local\Temp\chocolatey\ChocolateyScratch\vcredist2015/14.0.24215.20170201\.nupkg.metadata".
2026-04-06 04:46:48,117 14024 [DEBUG] - Attempting to delete file "C:\Users\tsmit\AppData\Local\Temp\chocolatey\ChocolateyScratch\vcredist2015/14.0.24215.20170201\vcredist2015.14.0.24215.20170201.nupkg.sha512".
2026-04-06 04:46:48,117 14024 [INFO ] - 
vcredist2015 v14.0.24215.20170201 [Approved]
2026-04-06 04:46:48,117 14024 [INFO ] - vcredist2015 package files upgrade completed. Performing other installation steps.
2026-04-06 04:46:48,133 14024 [DEBUG] - Capturing package files in 'C:\ProgramData\chocolatey\lib\vcredist2015'
2026-04-06 04:46:48,133 14024 [DEBUG] -  Found 'C:\ProgramData\chocolatey\lib\vcredist2015\vcredist2015.nupkg'
  with checksum '56321731BC0AEFCA3EE5E547A7A25D5E'
2026-04-06 04:46:48,133 14024 [DEBUG] -  Found 'C:\ProgramData\chocolatey\lib\vcredist2015\vcredist2015.nuspec'
  with checksum '3796E89D78CB9E6317A85B28BB6DED49'
2026-04-06 04:46:48,133 14024 [DEBUG] - Attempting to create directory "C:\ProgramData\chocolatey\.chocolatey\vcredist2015.14.0.24215.20170201".
2026-04-06 04:46:48,133 14024 [DEBUG] - There was no original file at 'C:\ProgramData\chocolatey\.chocolatey\vcredist2015.14.0.24215.20170201\.files'
2026-04-06 04:46:48,133 14024 [DEBUG] - Attempting to delete file "C:\ProgramData\chocolatey\.chocolatey\vcredist2015.14.0.24215.20170201\.extra".
2026-04-06 04:46:48,133 14024 [DEBUG] - Attempting to delete file "C:\ProgramData\chocolatey\.chocolatey\vcredist2015.14.0.24215.20170201\.version".
2026-04-06 04:46:48,133 14024 [DEBUG] - Attempting to delete file "C:\ProgramData\chocolatey\.chocolatey\vcredist2015.14.0.24215.20170201\.sxs".
2026-04-06 04:46:48,133 14024 [DEBUG] - Attempting to delete file "C:\ProgramData\chocolatey\.chocolatey\vcredist2015.14.0.24215.20170201\.pin".
2026-04-06 04:46:48,133 14024 [DEBUG] - Sending message 'HandlePackageResultCompletedMessage' out if there are subscribers...
2026-04-06 04:46:48,133 14024 [DEBUG] - Attempting to delete file "C:\ProgramData\chocolatey\lib\vcredist2015\.chocolateyPending".
2026-04-06 04:46:48,133 14024 [INFO ] -  The upgrade of vcredist2015 was successful.
2026-04-06 04:46:48,133 14024 [INFO ] -   Deployed to 'C:\ProgramData\chocolatey\lib\vcredist2015'
2026-04-06 04:46:48,133 14024 [INFO ] - [NuGet]   CACHE https://community.chocolatey.org/api/v2/Packages(Id='python314',Version='3.14.3')
2026-04-06 04:46:48,149 14024 [DEBUG] - Attempting to delete file "".
2026-04-06 04:46:48,149 14024 [INFO ] - Downloading package from source 'https://community.chocolatey.org/api/v2/'
2026-04-06 04:46:48,149 14024 [DEBUG] - Package download location 'https://community.chocolatey.org/api/v2/package/python314/3.14.3'
2026-04-06 04:46:48,149 14024 [INFO ] - [NuGet]   GET https://community.chocolatey.org/api/v2/package/python314/3.14.3
2026-04-06 04:46:48,807 14024 [INFO ] - [NuGet]   OK https://community.chocolatey.org/api/v2/package/python314/3.14.3 656ms
2026-04-06 04:46:48,808 14024 [INFO ] - [NuGet] Acquiring lock for the installation of python314 3.14.3
2026-04-06 04:46:48,808 14024 [INFO ] - [NuGet] Acquired lock for the installation of python314 3.14.3
2026-04-06 04:47:12,987 14024 [INFO ] - [NuGet] Installed python314 3.14.3 from https://community.chocolatey.org/api/v2/ with content hash L4lBBgJ/1HGWEaCvna+oxOBtbT36G6lPwjMw/Kt5TLpvL21fEZC0nI1UD7FzgR0lkh8IOP/HwDYncCkGCnpOeA==.
2026-04-06 04:47:12,999 14024 [DEBUG] - Skipping package hash validation as feature 'usePackageHashValidation' is not enabled.
2026-04-06 04:47:13,005 14024 [INFO ] - [NuGet] Adding package 'python314.3.14.3 : vcredist2015 [14.0.24215.20170201, )' to folder 'C:\ProgramData\chocolatey\lib'
2026-04-06 04:47:13,148 14024 [INFO ] - [NuGet] Added package 'python314.3.14.3 : vcredist2015 [14.0.24215.20170201, )' to folder 'C:\ProgramData\chocolatey\lib'
2026-04-06 04:47:13,148 14024 [DEBUG] - Attempting to delete file "C:\Users\tsmit\AppData\Local\Temp\chocolatey\ChocolateyScratch\python314/3.14.3\python314.3.14.3.nupkg".
2026-04-06 04:47:13,154 14024 [DEBUG] - Attempting to delete file "C:\Users\tsmit\AppData\Local\Temp\chocolatey\ChocolateyScratch\python314/3.14.3\.nupkg.metadata".
2026-04-06 04:47:13,155 14024 [DEBUG] - Attempting to delete file "C:\Users\tsmit\AppData\Local\Temp\chocolatey\ChocolateyScratch\python314/3.14.3\python314.3.14.3.nupkg.sha512".
2026-04-06 04:47:13,156 14024 [INFO ] - 
python314 v3.14.3 [Approved]
2026-04-06 04:47:13,158 14024 [INFO ] - python314 package files upgrade completed. Performing other installation steps.
2026-04-06 04:47:13,166 14024 [DEBUG] - Contents of 'C:\ProgramData\chocolatey\lib\python314\tools\chocolateyInstall.ps1':
2026-04-06 04:47:13,167 14024 [DEBUG] - $ErrorActionPreference = 'STOP'

$toolsPath = Split-Path $MyInvocation.MyCommand.Definition
. "$toolsPath/helpers.ps1"

$pp = Get-PackageParameters
$twoPartVersion = $Env:ChocolateyPackageVersion -replace "^(\d+\.\d+).*", "`$1"
$defaultFolder = '{0}\Python{1}' -f $Env:SystemDrive, ($twoPartVersion -replace '\.')
if ( $pp.InstallDir ) {
  $installDir = $pp.InstallDir
  if ($installDir.StartsWith("'") -or $installDir.StartsWith('"')) { $installDir = $installDir -replace '^.|.$' }
  mkdir -force $installDir -ea 0 | out-null
}
else {
  $installDir = $defaultFolder
}

Install-Python -toolsPath $toolsPath -installDir $installDir

if ($pp.InstallDir32) {
  Install-Python -toolsPath $toolsPath -installDir $pp.InstallDir32 -only32Bit

  $installed32BitLocation = Get-InstallLocation -twoPartVersion $twoPartVersion -is32Bit

  Write-Host "32-Bit Python installed to: '$installed32BitLocation'"
}

Get-ChildItem $toolsPath\*.exe | ForEach-Object { Remove-Item $_ -ea 0; if (Test-Path $_) { Set-Content "$_.ignore" '' } }

Update-SessionEnvironment
$installLocation = Get-InstallLocation -twoPartVersion $twoPartVersion

if ($installLocation -ne $installDir) {
  Write-Warning "Provided python InstallDir was ignored by the python installer"
  Write-Warning "Its probable that you had pre-existing python installation"
  Write-Warning "Python installed to: '$installLocation'"
}
else { Write-Host "Python installed to: '$installDir'" }

if (($null -ne $Env:PYTHONHOME) -and ($Env:PYTHONHOME -ne $InstallDir)) {
  Write-Warning "Environment variable PYTHONHOME points to different version: $Env:PYTHONHOME"
}

if ($pp.NoLockdown) {
  Write-Warning "NoLockdown parameter found. Not changing permissions. Please ensure your installation is secure."
} else {
  . "$toolsPath/helpers.ps1"
  Protect-InstallFolder `
    -packageName $env:ChocolateyPackageName `
    -defaultInstallPath $defaultFolder `
    -folder $installLocation
}

2026-04-06 04:47:13,167 14024 [DEBUG] - Calling built-in PowerShell host with ['[System.Threading.Thread]::CurrentThread.CurrentCulture = '';[System.Threading.Thread]::CurrentThread.CurrentUICulture = '';[System.Net.ServicePointManager]::SecurityProtocol = [System.Net.SecurityProtocolType]::SystemDefault; & import-module -name 'C:\ProgramData\chocolatey\helpers\chocolateyInstaller.psm1'; & 'C:\ProgramData\chocolatey\helpers\chocolateyScriptRunner.ps1' -packageScript 'C:\ProgramData\chocolatey\lib\python314\tools\chocolateyInstall.ps1' -installArguments '' -packageParameters '' -preRunHookScripts $null -postRunHookScripts $null']
2026-04-06 04:47:13,170 14024 [DEBUG] - Redirecting Microsoft.WSMan.Management.resources, Version=3.0.0.0, Culture=en-US, PublicKeyToken=31bf3856ad364e35, requested by ''
2026-04-06 04:47:13,205 14024 [DEBUG] - Host version is 5.1.26100.1882, PowerShell Version is '5.1.26100.7920' and CLR Version is '4.0.30319.42000'.
2026-04-06 04:47:13,237 14024 [INFO ] - VERBOSE: Loading module from path 'C:\ProgramData\chocolatey\helpers\Chocolatey.PowerShell.dll'.
2026-04-06 04:47:13,238 14024 [INFO ] - VERBOSE: Importing cmdlet 'Get-EnvironmentVariable'.
2026-04-06 04:47:13,238 14024 [INFO ] - VERBOSE: Importing cmdlet 'Get-EnvironmentVariableNames'.
2026-04-06 04:47:13,238 14024 [INFO ] - VERBOSE: Importing cmdlet 'Install-ChocolateyPath'.
2026-04-06 04:47:13,239 14024 [INFO ] - VERBOSE: Importing cmdlet 'Set-EnvironmentVariable'.
2026-04-06 04:47:13,239 14024 [INFO ] - VERBOSE: Importing cmdlet 'Test-ProcessAdminRights'.
2026-04-06 04:47:13,239 14024 [INFO ] - VERBOSE: Importing cmdlet 'Uninstall-ChocolateyPath'.
2026-04-06 04:47:13,240 14024 [INFO ] - VERBOSE: Importing cmdlet 'Update-SessionEnvironment'.
2026-04-06 04:47:13,240 14024 [DEBUG] - Cmdlets exported from Chocolatey.PowerShell.dll
2026-04-06 04:47:13,240 14024 [DEBUG] - Get-EnvironmentVariable
2026-04-06 04:47:13,241 14024 [DEBUG] - Get-EnvironmentVariableNames
2026-04-06 04:47:13,241 14024 [DEBUG] - Install-ChocolateyPath
2026-04-06 04:47:13,241 14024 [DEBUG] - Set-EnvironmentVariable
2026-04-06 04:47:13,242 14024 [DEBUG] - Test-ProcessAdminRights
2026-04-06 04:47:13,242 14024 [DEBUG] - Uninstall-ChocolateyPath
2026-04-06 04:47:13,242 14024 [DEBUG] - Update-SessionEnvironment
2026-04-06 04:47:13,243 14024 [INFO ] - VERBOSE: Exporting function 'Format-FileSize'.
2026-04-06 04:47:13,243 14024 [INFO ] - VERBOSE: Exporting function 'Get-ChecksumValid'.
2026-04-06 04:47:13,243 14024 [INFO ] - VERBOSE: Exporting function 'Get-ChocolateyConfigValue'.
2026-04-06 04:47:13,244 14024 [INFO ] - VERBOSE: Exporting function 'Get-ChocolateyPath'.
2026-04-06 04:47:13,244 14024 [INFO ] - VERBOSE: Exporting function 'Get-ChocolateyUnzip'.
2026-04-06 04:47:13,244 14024 [INFO ] - VERBOSE: Exporting function 'Get-ChocolateyWebFile'.
2026-04-06 04:47:13,245 14024 [INFO ] - VERBOSE: Exporting function 'Get-FtpFile'.
2026-04-06 04:47:13,245 14024 [INFO ] - VERBOSE: Exporting function 'Get-OSArchitectureWidth'.
2026-04-06 04:47:13,245 14024 [INFO ] - VERBOSE: Exporting function 'Get-PackageParameters'.
2026-04-06 04:47:13,245 14024 [INFO ] - VERBOSE: Exporting function 'Get-PackageParametersBuiltIn'.
2026-04-06 04:47:13,246 14024 [INFO ] - VERBOSE: Exporting function 'Get-ToolsLocation'.
2026-04-06 04:47:13,246 14024 [INFO ] - VERBOSE: Exporting function 'Get-UACEnabled'.
2026-04-06 04:47:13,246 14024 [INFO ] - VERBOSE: Exporting function 'Get-UninstallRegistryKey'.
2026-04-06 04:47:13,247 14024 [INFO ] - VERBOSE: Exporting function 'Get-VirusCheckValid'.
2026-04-06 04:47:13,247 14024 [INFO ] - VERBOSE: Exporting function 'Get-WebFile'.
2026-04-06 04:47:13,247 14024 [INFO ] - VERBOSE: Exporting function 'Get-WebFileName'.
2026-04-06 04:47:13,247 14024 [INFO ] - VERBOSE: Exporting function 'Get-WebHeaders'.
2026-04-06 04:47:13,248 14024 [INFO ] - VERBOSE: Exporting function 'Install-BinFile'.
2026-04-06 04:47:13,248 14024 [INFO ] - VERBOSE: Exporting function 'Install-ChocolateyEnvironmentVariable'.
2026-04-06 04:47:13,248 14024 [INFO ] - VERBOSE: Exporting function 'Install-ChocolateyExplorerMenuItem'.
2026-04-06 04:47:13,249 14024 [INFO ] - VERBOSE: Exporting function 'Install-ChocolateyFileAssociation'.
2026-04-06 04:47:13,249 14024 [INFO ] - VERBOSE: Exporting function 'Install-ChocolateyInstallPackage'.
2026-04-06 04:47:13,249 14024 [INFO ] - VERBOSE: Exporting function 'Install-ChocolateyPackage'.
2026-04-06 04:47:13,249 14024 [INFO ] - VERBOSE: Exporting function 'Install-ChocolateyPinnedTaskBarItem'.
2026-04-06 04:47:13,250 14024 [INFO ] - VERBOSE: Exporting function 'Install-ChocolateyPowershellCommand'.
2026-04-06 04:47:13,250 14024 [INFO ] - VERBOSE: Exporting function 'Install-ChocolateyShortcut'.
2026-04-06 04:47:13,250 14024 [INFO ] - VERBOSE: Exporting function 'Install-ChocolateyVsixPackage'.
2026-04-06 04:47:13,251 14024 [INFO ] - VERBOSE: Exporting function 'Install-ChocolateyZipPackage'.
2026-04-06 04:47:13,251 14024 [INFO ] - VERBOSE: Exporting function 'Install-Vsix'.
2026-04-06 04:47:13,251 14024 [INFO ] - VERBOSE: Exporting function 'Set-PowerShellExitCode'.
2026-04-06 04:47:13,251 14024 [INFO ] - VERBOSE: Exporting function 'Start-ChocolateyProcessAsAdmin'.
2026-04-06 04:47:13,252 14024 [INFO ] - VERBOSE: Exporting function 'Uninstall-BinFile'.
2026-04-06 04:47:13,252 14024 [INFO ] - VERBOSE: Exporting function 'Uninstall-ChocolateyEnvironmentVariable'.
2026-04-06 04:47:13,252 14024 [INFO ] - VERBOSE: Exporting function 'Uninstall-ChocolateyPackage'.
2026-04-06 04:47:13,252 14024 [INFO ] - VERBOSE: Exporting function 'Uninstall-ChocolateyZipPackage'.
2026-04-06 04:47:13,253 14024 [INFO ] - VERBOSE: Exporting function 'Write-FunctionCallLogMessage'.
2026-04-06 04:47:13,253 14024 [INFO ] - VERBOSE: Exporting cmdlet 'Get-EnvironmentVariable'.
2026-04-06 04:47:13,253 14024 [INFO ] - VERBOSE: Exporting cmdlet 'Get-EnvironmentVariableNames'.
2026-04-06 04:47:13,254 14024 [INFO ] - VERBOSE: Exporting cmdlet 'Install-ChocolateyPath'.
2026-04-06 04:47:13,254 14024 [INFO ] - VERBOSE: Exporting cmdlet 'Set-EnvironmentVariable'.
2026-04-06 04:47:13,254 14024 [INFO ] - VERBOSE: Exporting cmdlet 'Test-ProcessAdminRights'.
2026-04-06 04:47:13,254 14024 [INFO ] - VERBOSE: Exporting cmdlet 'Uninstall-ChocolateyPath'.
2026-04-06 04:47:13,255 14024 [INFO ] - VERBOSE: Exporting cmdlet 'Update-SessionEnvironment'.
2026-04-06 04:47:13,255 14024 [INFO ] - VERBOSE: Exporting alias 'Get-ProcessorBits'.
2026-04-06 04:47:13,255 14024 [INFO ] - VERBOSE: Exporting alias 'Get-OSBitness'.
2026-04-06 04:47:13,256 14024 [INFO ] - VERBOSE: Exporting alias 'Get-InstallRegistryKey'.
2026-04-06 04:47:13,256 14024 [INFO ] - VERBOSE: Exporting alias 'Generate-BinFile'.
2026-04-06 04:47:13,257 14024 [INFO ] - VERBOSE: Exporting alias 'Add-BinFile'.
2026-04-06 04:47:13,257 14024 [INFO ] - VERBOSE: Exporting alias 'Start-ChocolateyProcess'.
2026-04-06 04:47:13,257 14024 [INFO ] - VERBOSE: Exporting alias 'Invoke-ChocolateyProcess'.
2026-04-06 04:47:13,257 14024 [INFO ] - VERBOSE: Exporting alias 'Remove-BinFile'.
2026-04-06 04:47:13,257 14024 [INFO ] - VERBOSE: Exporting alias 'refreshenv'.
2026-04-06 04:47:13,258 14024 [DEBUG] - Loading community extensions
2026-04-06 04:47:13,259 14024 [DEBUG] - Importing 'C:\ProgramData\chocolatey\extensions\chocolatey-compatibility\chocolatey-compatibility.psm1'
2026-04-06 04:47:13,260 14024 [INFO ] - VERBOSE: Loading module from path 'C:\ProgramData\chocolatey\extensions\chocolatey-compatibility\chocolatey-compatibility.psm1'.
2026-04-06 04:47:13,267 14024 [DEBUG] - Function 'Get-PackageParameters' exists, ignoring export.
2026-04-06 04:47:13,268 14024 [DEBUG] - Function 'Get-UninstallRegistryKey' exists, ignoring export.
2026-04-06 04:47:13,268 14024 [DEBUG] - Exporting function 'Install-ChocolateyDesktopLink' for backwards compatibility
2026-04-06 04:47:13,269 14024 [INFO ] - VERBOSE: Exporting function 'Install-ChocolateyDesktopLink'.
2026-04-06 04:47:13,270 14024 [DEBUG] - Exporting function 'Write-ChocolateyFailure' for backwards compatibility
2026-04-06 04:47:13,271 14024 [INFO ] - VERBOSE: Exporting function 'Write-ChocolateyFailure'.
2026-04-06 04:47:13,271 14024 [DEBUG] - Exporting function 'Write-ChocolateySuccess' for backwards compatibility
2026-04-06 04:47:13,272 14024 [INFO ] - VERBOSE: Exporting function 'Write-ChocolateySuccess'.
2026-04-06 04:47:13,272 14024 [DEBUG] - Exporting function 'Write-FileUpdateLog' for backwards compatibility
2026-04-06 04:47:13,273 14024 [INFO ] - VERBOSE: Exporting function 'Write-FileUpdateLog'.
2026-04-06 04:47:13,273 14024 [INFO ] - VERBOSE: Importing function 'Install-ChocolateyDesktopLink'.
2026-04-06 04:47:13,273 14024 [INFO ] - VERBOSE: Importing function 'Write-ChocolateyFailure'.
2026-04-06 04:47:13,273 14024 [INFO ] - VERBOSE: Importing function 'Write-ChocolateySuccess'.
2026-04-06 04:47:13,275 14024 [INFO ] - VERBOSE: Importing function 'Write-FileUpdateLog'.
2026-04-06 04:47:13,275 14024 [DEBUG] - Importing 'C:\ProgramData\chocolatey\extensions\chocolatey-core\chocolatey-core.psm1'
2026-04-06 04:47:13,276 14024 [INFO ] - VERBOSE: Loading module from path 'C:\ProgramData\chocolatey\extensions\chocolatey-core\chocolatey-core.psm1'.
2026-04-06 04:47:13,312 14024 [INFO ] - VERBOSE: Exporting function 'Get-AppInstallLocation'.
2026-04-06 04:47:13,313 14024 [INFO ] - VERBOSE: Exporting function 'Get-AvailableDriveLetter'.
2026-04-06 04:47:13,313 14024 [INFO ] - VERBOSE: Exporting function 'Get-EffectiveProxy'.
2026-04-06 04:47:13,314 14024 [INFO ] - VERBOSE: Exporting function 'Get-PackageCacheLocation'.
2026-04-06 04:47:13,314 14024 [INFO ] - VERBOSE: Exporting function 'Get-WebContent'.
2026-04-06 04:47:13,314 14024 [INFO ] - VERBOSE: Exporting function 'Register-Application'.
2026-04-06 04:47:13,315 14024 [INFO ] - VERBOSE: Exporting function 'Remove-Process'.
2026-04-06 04:47:13,315 14024 [INFO ] - VERBOSE: Importing function 'Get-AppInstallLocation'.
2026-04-06 04:47:13,316 14024 [INFO ] - VERBOSE: Importing function 'Get-AvailableDriveLetter'.
2026-04-06 04:47:13,316 14024 [INFO ] - VERBOSE: Importing function 'Get-EffectiveProxy'.
2026-04-06 04:47:13,316 14024 [INFO ] - VERBOSE: Importing function 'Get-PackageCacheLocation'.
2026-04-06 04:47:13,316 14024 [INFO ] - VERBOSE: Importing function 'Get-WebContent'.
2026-04-06 04:47:13,317 14024 [INFO ] - VERBOSE: Importing function 'Register-Application'.
2026-04-06 04:47:13,317 14024 [INFO ] - VERBOSE: Importing function 'Remove-Process'.
2026-04-06 04:47:13,318 14024 [DEBUG] - Importing 'C:\ProgramData\chocolatey\extensions\chocolatey-windowsupdate\chocolatey-windowsupdate.psm1'
2026-04-06 04:47:13,318 14024 [INFO ] - VERBOSE: Loading module from path 'C:\ProgramData\chocolatey\extensions\chocolatey-windowsupdate\chocolatey-windowsupdate.psm1'.
2026-04-06 04:47:13,326 14024 [INFO ] - VERBOSE: Exporting function 'Install-WindowsUpdate'.
2026-04-06 04:47:13,326 14024 [INFO ] - VERBOSE: Exporting function 'Test-WindowsUpdate'.
2026-04-06 04:47:13,326 14024 [INFO ] - VERBOSE: Importing function 'Install-WindowsUpdate'.
2026-04-06 04:47:13,327 14024 [INFO ] - VERBOSE: Importing function 'Test-WindowsUpdate'.
2026-04-06 04:47:13,327 14024 [INFO ] - VERBOSE: Exporting function 'Format-FileSize'.
2026-04-06 04:47:13,328 14024 [INFO ] - VERBOSE: Exporting function 'Get-ChecksumValid'.
2026-04-06 04:47:13,328 14024 [INFO ] - VERBOSE: Exporting function 'Get-ChocolateyConfigValue'.
2026-04-06 04:47:13,329 14024 [INFO ] - VERBOSE: Exporting function 'Get-ChocolateyPath'.
2026-04-06 04:47:13,329 14024 [INFO ] - VERBOSE: Exporting function 'Get-ChocolateyUnzip'.
2026-04-06 04:47:13,329 14024 [INFO ] - VERBOSE: Exporting function 'Get-ChocolateyWebFile'.
2026-04-06 04:47:13,329 14024 [INFO ] - VERBOSE: Exporting function 'Get-FtpFile'.
2026-04-06 04:47:13,330 14024 [INFO ] - VERBOSE: Exporting function 'Get-OSArchitectureWidth'.
2026-04-06 04:47:13,330 14024 [INFO ] - VERBOSE: Exporting function 'Get-PackageParameters'.
2026-04-06 04:47:13,330 14024 [INFO ] - VERBOSE: Exporting function 'Get-PackageParametersBuiltIn'.
2026-04-06 04:47:13,332 14024 [INFO ] - VERBOSE: Exporting function 'Get-ToolsLocation'.
2026-04-06 04:47:13,332 14024 [INFO ] - VERBOSE: Exporting function 'Get-UACEnabled'.
2026-04-06 04:47:13,332 14024 [INFO ] - VERBOSE: Exporting function 'Get-UninstallRegistryKey'.
2026-04-06 04:47:13,332 14024 [INFO ] - VERBOSE: Exporting function 'Get-VirusCheckValid'.
2026-04-06 04:47:13,333 14024 [INFO ] - VERBOSE: Exporting function 'Get-WebFile'.
2026-04-06 04:47:13,333 14024 [INFO ] - VERBOSE: Exporting function 'Get-WebFileName'.
2026-04-06 04:47:13,333 14024 [INFO ] - VERBOSE: Exporting function 'Get-WebHeaders'.
2026-04-06 04:47:13,333 14024 [INFO ] - VERBOSE: Exporting function 'Install-BinFile'.
2026-04-06 04:47:13,334 14024 [INFO ] - VERBOSE: Exporting function 'Install-ChocolateyEnvironmentVariable'.
2026-04-06 04:47:13,334 14024 [INFO ] - VERBOSE: Exporting function 'Install-ChocolateyExplorerMenuItem'.
2026-04-06 04:47:13,334 14024 [INFO ] - VERBOSE: Exporting function 'Install-ChocolateyFileAssociation'.
2026-04-06 04:47:13,335 14024 [INFO ] - VERBOSE: Exporting function 'Install-ChocolateyInstallPackage'.
2026-04-06 04:47:13,335 14024 [INFO ] - VERBOSE: Exporting function 'Install-ChocolateyPackage'.
2026-04-06 04:47:13,335 14024 [INFO ] - VERBOSE: Exporting function 'Install-ChocolateyPinnedTaskBarItem'.
2026-04-06 04:47:13,335 14024 [INFO ] - VERBOSE: Exporting function 'Install-ChocolateyPowershellCommand'.
2026-04-06 04:47:13,336 14024 [INFO ] - VERBOSE: Exporting function 'Install-ChocolateyShortcut'.
2026-04-06 04:47:13,336 14024 [INFO ] - VERBOSE: Exporting function 'Install-ChocolateyVsixPackage'.
2026-04-06 04:47:13,336 14024 [INFO ] - VERBOSE: Exporting function 'Install-ChocolateyZipPackage'.
2026-04-06 04:47:13,336 14024 [INFO ] - VERBOSE: Exporting function 'Install-Vsix'.
2026-04-06 04:47:13,336 14024 [INFO ] - VERBOSE: Exporting function 'Set-PowerShellExitCode'.
2026-04-06 04:47:13,336 14024 [INFO ] - VERBOSE: Exporting function 'Start-ChocolateyProcessAsAdmin'.
2026-04-06 04:47:13,337 14024 [INFO ] - VERBOSE: Exporting function 'Uninstall-BinFile'.
2026-04-06 04:47:13,337 14024 [INFO ] - VERBOSE: Exporting function 'Uninstall-ChocolateyEnvironmentVariable'.
2026-04-06 04:47:13,337 14024 [INFO ] - VERBOSE: Exporting function 'Uninstall-ChocolateyPackage'.
2026-04-06 04:47:13,337 14024 [INFO ] - VERBOSE: Exporting function 'Uninstall-ChocolateyZipPackage'.
2026-04-06 04:47:13,338 14024 [INFO ] - VERBOSE: Exporting function 'Write-FunctionCallLogMessage'.
2026-04-06 04:47:13,338 14024 [INFO ] - VERBOSE: Exporting function 'Install-ChocolateyDesktopLink'.
2026-04-06 04:47:13,338 14024 [INFO ] - VERBOSE: Exporting function 'Write-ChocolateyFailure'.
2026-04-06 04:47:13,339 14024 [INFO ] - VERBOSE: Exporting function 'Write-ChocolateySuccess'.
2026-04-06 04:47:13,339 14024 [INFO ] - VERBOSE: Exporting function 'Write-FileUpdateLog'.
2026-04-06 04:47:13,340 14024 [INFO ] - VERBOSE: Exporting function 'Get-AppInstallLocation'.
2026-04-06 04:47:13,340 14024 [INFO ] - VERBOSE: Exporting function 'Get-AvailableDriveLetter'.
2026-04-06 04:47:13,340 14024 [INFO ] - VERBOSE: Exporting function 'Get-EffectiveProxy'.
2026-04-06 04:47:13,340 14024 [INFO ] - VERBOSE: Exporting function 'Get-PackageCacheLocation'.
2026-04-06 04:47:13,340 14024 [INFO ] - VERBOSE: Exporting function 'Get-WebContent'.
2026-04-06 04:47:13,341 14024 [INFO ] - VERBOSE: Exporting function 'Register-Application'.
2026-04-06 04:47:13,341 14024 [INFO ] - VERBOSE: Exporting function 'Remove-Process'.
2026-04-06 04:47:13,341 14024 [INFO ] - VERBOSE: Exporting function 'Install-WindowsUpdate'.
2026-04-06 04:47:13,342 14024 [INFO ] - VERBOSE: Exporting function 'Test-WindowsUpdate'.
2026-04-06 04:47:13,342 14024 [INFO ] - VERBOSE: Exporting cmdlet 'Get-EnvironmentVariable'.
2026-04-06 04:47:13,342 14024 [INFO ] - VERBOSE: Exporting cmdlet 'Get-EnvironmentVariableNames'.
2026-04-06 04:47:13,342 14024 [INFO ] - VERBOSE: Exporting cmdlet 'Install-ChocolateyPath'.
2026-04-06 04:47:13,343 14024 [INFO ] - VERBOSE: Exporting cmdlet 'Set-EnvironmentVariable'.
2026-04-06 04:47:13,343 14024 [INFO ] - VERBOSE: Exporting cmdlet 'Test-ProcessAdminRights'.
2026-04-06 04:47:13,343 14024 [INFO ] - VERBOSE: Exporting cmdlet 'Uninstall-ChocolateyPath'.
2026-04-06 04:47:13,344 14024 [INFO ] - VERBOSE: Exporting cmdlet 'Update-SessionEnvironment'.
2026-04-06 04:47:13,344 14024 [INFO ] - VERBOSE: Exporting cmdlet 'Get-EnvironmentVariable'.
2026-04-06 04:47:13,344 14024 [INFO ] - VERBOSE: Exporting cmdlet 'Get-EnvironmentVariableNames'.
2026-04-06 04:47:13,344 14024 [INFO ] - VERBOSE: Exporting cmdlet 'Install-ChocolateyPath'.
2026-04-06 04:47:13,344 14024 [INFO ] - VERBOSE: Exporting cmdlet 'Set-EnvironmentVariable'.
2026-04-06 04:47:13,345 14024 [INFO ] - VERBOSE: Exporting cmdlet 'Test-ProcessAdminRights'.
2026-04-06 04:47:13,345 14024 [INFO ] - VERBOSE: Exporting cmdlet 'Uninstall-ChocolateyPath'.
2026-04-06 04:47:13,345 14024 [INFO ] - VERBOSE: Exporting cmdlet 'Update-SessionEnvironment'.
2026-04-06 04:47:13,346 14024 [INFO ] - VERBOSE: Exporting alias 'Get-ProcessorBits'.
2026-04-06 04:47:13,346 14024 [INFO ] - VERBOSE: Exporting alias 'Get-OSBitness'.
2026-04-06 04:47:13,346 14024 [INFO ] - VERBOSE: Exporting alias 'Get-InstallRegistryKey'.
2026-04-06 04:47:13,346 14024 [INFO ] - VERBOSE: Exporting alias 'Generate-BinFile'.
2026-04-06 04:47:13,347 14024 [INFO ] - VERBOSE: Exporting alias 'Add-BinFile'.
2026-04-06 04:47:13,347 14024 [INFO ] - VERBOSE: Exporting alias 'Start-ChocolateyProcess'.
2026-04-06 04:47:13,347 14024 [INFO ] - VERBOSE: Exporting alias 'Invoke-ChocolateyProcess'.
2026-04-06 04:47:13,348 14024 [INFO ] - VERBOSE: Exporting alias 'Remove-BinFile'.
2026-04-06 04:47:13,348 14024 [INFO ] - VERBOSE: Exporting alias 'refreshenv'.
2026-04-06 04:47:13,348 14024 [INFO ] - VERBOSE: Importing cmdlet 'Get-EnvironmentVariable'.
2026-04-06 04:47:13,349 14024 [INFO ] - VERBOSE: Importing cmdlet 'Get-EnvironmentVariableNames'.
2026-04-06 04:47:13,349 14024 [INFO ] - VERBOSE: Importing cmdlet 'Install-ChocolateyPath'.
2026-04-06 04:47:13,349 14024 [INFO ] - VERBOSE: Importing cmdlet 'Set-EnvironmentVariable'.
2026-04-06 04:47:13,350 14024 [INFO ] - VERBOSE: Importing cmdlet 'Test-ProcessAdminRights'.
2026-04-06 04:47:13,350 14024 [INFO ] - VERBOSE: Importing cmdlet 'Uninstall-ChocolateyPath'.
2026-04-06 04:47:13,350 14024 [INFO ] - VERBOSE: Importing cmdlet 'Update-SessionEnvironment'.
2026-04-06 04:47:13,350 14024 [INFO ] - VERBOSE: Importing function 'Format-FileSize'.
2026-04-06 04:47:13,351 14024 [INFO ] - VERBOSE: Importing function 'Get-AppInstallLocation'.
2026-04-06 04:47:13,351 14024 [INFO ] - VERBOSE: Importing function 'Get-AvailableDriveLetter'.
2026-04-06 04:47:13,351 14024 [INFO ] - VERBOSE: Importing function 'Get-ChecksumValid'.
2026-04-06 04:47:13,352 14024 [INFO ] - VERBOSE: Importing function 'Get-ChocolateyConfigValue'.
2026-04-06 04:47:13,352 14024 [INFO ] - VERBOSE: Importing function 'Get-ChocolateyPath'.
2026-04-06 04:47:13,352 14024 [INFO ] - VERBOSE: Importing function 'Get-ChocolateyUnzip'.
2026-04-06 04:47:13,352 14024 [INFO ] - VERBOSE: Importing function 'Get-ChocolateyWebFile'.
2026-04-06 04:47:13,354 14024 [INFO ] - VERBOSE: Importing function 'Get-EffectiveProxy'.
2026-04-06 04:47:13,354 14024 [INFO ] - VERBOSE: Importing function 'Get-FtpFile'.
2026-04-06 04:47:13,354 14024 [INFO ] - VERBOSE: Importing function 'Get-OSArchitectureWidth'.
2026-04-06 04:47:13,354 14024 [INFO ] - VERBOSE: Importing function 'Get-PackageCacheLocation'.
2026-04-06 04:47:13,355 14024 [INFO ] - VERBOSE: Importing function 'Get-PackageParameters'.
2026-04-06 04:47:13,355 14024 [INFO ] - VERBOSE: Importing function 'Get-PackageParametersBuiltIn'.
2026-04-06 04:47:13,355 14024 [INFO ] - VERBOSE: Importing function 'Get-ToolsLocation'.
2026-04-06 04:47:13,356 14024 [INFO ] - VERBOSE: Importing function 'Get-UACEnabled'.
2026-04-06 04:47:13,356 14024 [INFO ] - VERBOSE: Importing function 'Get-UninstallRegistryKey'.
2026-04-06 04:47:13,356 14024 [INFO ] - VERBOSE: Importing function 'Get-VirusCheckValid'.
2026-04-06 04:47:13,356 14024 [INFO ] - VERBOSE: Importing function 'Get-WebContent'.
2026-04-06 04:47:13,357 14024 [INFO ] - VERBOSE: Importing function 'Get-WebFile'.
2026-04-06 04:47:13,357 14024 [INFO ] - VERBOSE: Importing function 'Get-WebFileName'.
2026-04-06 04:47:13,357 14024 [INFO ] - VERBOSE: Importing function 'Get-WebHeaders'.
2026-04-06 04:47:13,357 14024 [INFO ] - VERBOSE: Importing function 'Install-BinFile'.
2026-04-06 04:47:13,357 14024 [INFO ] - VERBOSE: Importing function 'Install-ChocolateyDesktopLink'.
2026-04-06 04:47:13,358 14024 [INFO ] - VERBOSE: Importing function 'Install-ChocolateyEnvironmentVariable'.
2026-04-06 04:47:13,358 14024 [INFO ] - VERBOSE: Importing function 'Install-ChocolateyExplorerMenuItem'.
2026-04-06 04:47:13,358 14024 [INFO ] - VERBOSE: Importing function 'Install-ChocolateyFileAssociation'.
2026-04-06 04:47:13,358 14024 [INFO ] - VERBOSE: Importing function 'Install-ChocolateyInstallPackage'.
2026-04-06 04:47:13,359 14024 [INFO ] - VERBOSE: Importing function 'Install-ChocolateyPackage'.
2026-04-06 04:47:13,359 14024 [INFO ] - VERBOSE: Importing function 'Install-ChocolateyPinnedTaskBarItem'.
2026-04-06 04:47:13,359 14024 [INFO ] - VERBOSE: Importing function 'Install-ChocolateyPowershellCommand'.
2026-04-06 04:47:13,359 14024 [INFO ] - VERBOSE: Importing function 'Install-ChocolateyShortcut'.
2026-04-06 04:47:13,360 14024 [INFO ] - VERBOSE: Importing function 'Install-ChocolateyVsixPackage'.
2026-04-06 04:47:13,360 14024 [INFO ] - VERBOSE: Importing function 'Install-ChocolateyZipPackage'.
2026-04-06 04:47:13,360 14024 [INFO ] - VERBOSE: Importing function 'Install-Vsix'.
2026-04-06 04:47:13,361 14024 [INFO ] - VERBOSE: Importing function 'Install-WindowsUpdate'.
2026-04-06 04:47:13,361 14024 [INFO ] - VERBOSE: Importing function 'Register-Application'.
2026-04-06 04:47:13,361 14024 [INFO ] - VERBOSE: Importing function 'Remove-Process'.
2026-04-06 04:47:13,361 14024 [INFO ] - VERBOSE: Importing function 'Set-PowerShellExitCode'.
2026-04-06 04:47:13,362 14024 [INFO ] - VERBOSE: Importing function 'Start-ChocolateyProcessAsAdmin'.
2026-04-06 04:47:13,362 14024 [INFO ] - VERBOSE: Importing function 'Test-WindowsUpdate'.
2026-04-06 04:47:13,362 14024 [INFO ] - VERBOSE: Importing function 'Uninstall-BinFile'.
2026-04-06 04:47:13,363 14024 [INFO ] - VERBOSE: Importing function 'Uninstall-ChocolateyEnvironmentVariable'.
2026-04-06 04:47:13,363 14024 [INFO ] - VERBOSE: Importing function 'Uninstall-ChocolateyPackage'.
2026-04-06 04:47:13,363 14024 [INFO ] - VERBOSE: Importing function 'Uninstall-ChocolateyZipPackage'.
2026-04-06 04:47:13,363 14024 [INFO ] - VERBOSE: Importing function 'Write-ChocolateyFailure'.
2026-04-06 04:47:13,364 14024 [INFO ] - VERBOSE: Importing function 'Write-ChocolateySuccess'.
2026-04-06 04:47:13,364 14024 [INFO ] - VERBOSE: Importing function 'Write-FileUpdateLog'.
2026-04-06 04:47:13,364 14024 [INFO ] - VERBOSE: Importing function 'Write-FunctionCallLogMessage'.
2026-04-06 04:47:13,365 14024 [INFO ] - VERBOSE: Importing alias 'Add-BinFile'.
2026-04-06 04:47:13,365 14024 [INFO ] - VERBOSE: Importing alias 'Generate-BinFile'.
2026-04-06 04:47:13,365 14024 [INFO ] - VERBOSE: Importing alias 'Get-InstallRegistryKey'.
2026-04-06 04:47:13,365 14024 [INFO ] - VERBOSE: Importing alias 'Get-OSBitness'.
2026-04-06 04:47:13,366 14024 [INFO ] - VERBOSE: Importing alias 'Get-ProcessorBits'.
2026-04-06 04:47:13,366 14024 [INFO ] - VERBOSE: Importing alias 'Invoke-ChocolateyProcess'.
2026-04-06 04:47:13,366 14024 [INFO ] - VERBOSE: Importing alias 'refreshenv'.
2026-04-06 04:47:13,367 14024 [INFO ] - VERBOSE: Importing alias 'Remove-BinFile'.
2026-04-06 04:47:13,367 14024 [INFO ] - VERBOSE: Importing alias 'Start-ChocolateyProcess'.
2026-04-06 04:47:13,368 14024 [DEBUG] - ---------------------------Script Execution---------------------------
2026-04-06 04:47:13,369 14024 [DEBUG] - Running 'ChocolateyScriptRunner' for python314 v3.14.3 with packageScript 'C:\ProgramData\chocolatey\lib\python314\tools\chocolateyInstall.ps1', packageFolder:'C:\ProgramData\chocolatey\lib\python314', installArguments: '', packageParameters: '', preRunHookScripts: '', postRunHookScripts: '',
2026-04-06 04:47:13,370 14024 [DEBUG] - Running package script 'C:\ProgramData\chocolatey\lib\python314\tools\chocolateyInstall.ps1'
2026-04-06 04:47:13,408 14024 [DEBUG] - Running Get-PackageParameters 
2026-04-06 04:47:13,408 14024 [DEBUG] - Parsing $env:ChocolateyPackageParameters and $env:ChocolateyPackageParametersSensitive for parameters
2026-04-06 04:47:13,421 14024 [DEBUG] - Running Install-ChocolateyInstallPackage -packageName 'python314' -fileType 'exe' -file64 'C:\ProgramData\chocolatey\lib\python314\tools\python-3.14.3-amd64.exe' -validExitCodes '0' -silentArgs '/quiet InstallAllUsers=1 PrependPath=1 TargetDir="C:\Python314"' -file 'C:\ProgramData\chocolatey\lib\python314\tools\python-3.14.3.exe' 
2026-04-06 04:47:13,421 14024 [DEBUG] - Running Get-OSArchitectureWidth -compare '32' 
2026-04-06 04:47:13,421 14024 [INFO ] - Installing 64-bit python314...
2026-04-06 04:47:13,475 14024 [DEBUG] - Ensuring 'C:\' exists
2026-04-06 04:47:13,477 14024 [DEBUG] - Running Start-ChocolateyProcessAsAdmin -validExitCodes '0' -workingDirectory 'C:\ProgramData\chocolatey\lib\python314\tools' -statements '/quiet InstallAllUsers=1 PrependPath=1 TargetDir="C:\Python314"' -exeToRun 'C:\ProgramData\chocolatey\lib\python314\tools\python-3.14.3-amd64.exe' 
2026-04-06 04:47:13,477 14024 [DEBUG] - Running Test-ProcessAdminRights
2026-04-06 04:47:13,477 14024 [DEBUG] - Test-ProcessAdminRights: returning True
2026-04-06 04:47:13,478 14024 [DEBUG] - Finishing 'Test-ProcessAdminRights'
2026-04-06 04:47:13,478 14024 [DEBUG] - Elevating permissions and running ["C:\ProgramData\chocolatey\lib\python314\tools\python-3.14.3-amd64.exe" /quiet InstallAllUsers=1 PrependPath=1 TargetDir="C:\Python314"]. This may take a while, depending on the statements.
2026-04-06 04:47:37,001 14024 [DEBUG] - Command ["C:\ProgramData\chocolatey\lib\python314\tools\python-3.14.3-amd64.exe" /quiet InstallAllUsers=1 PrependPath=1 TargetDir="C:\Python314"] exited with '0'.
2026-04-06 04:47:37,001 14024 [DEBUG] - Finishing 'Start-ChocolateyProcessAsAdmin'
2026-04-06 04:47:37,001 14024 [INFO ] - python314 has been installed.
2026-04-06 04:47:37,013 14024 [DEBUG] - Running Install-BinFile -name 'python3.14' -path 'C:\Python314\python.exe' 
2026-04-06 04:47:37,019 14024 [DEBUG] - ShimGen found at 'C:\ProgramData\chocolatey\tools\shimgen.exe'
2026-04-06 04:47:37,019 14024 [DEBUG] - Calling C:\ProgramData\chocolatey\tools\shimgen.exe -o "C:\ProgramData\chocolatey\bin\python3.14.exe" -p "c:\python314\python.exe" -i "C:\Python314\python.exe"
2026-04-06 04:47:39,768 14024 [INFO ] - Added C:\ProgramData\chocolatey\bin\python3.14.exe shim pointed to 'c:\python314\python.exe'.
2026-04-06 04:47:39,791 14024 [DEBUG] - Running Update-SessionEnvironment
2026-04-06 04:47:39,792 14024 [INFO ] - VERBOSE: Refreshing environment variables from the registry.
2026-04-06 04:47:39,798 14024 [DEBUG] - Finishing 'Update-SessionEnvironment'
2026-04-06 04:47:39,805 14024 [DEBUG] - Running Get-OSArchitectureWidth -compare '32' 
2026-04-06 04:47:39,838 14024 [INFO ] - Python installed to: 'C:\Python314'
2026-04-06 04:47:39,846 14024 [DEBUG] - Ensure-Permissions
2026-04-06 04:47:39,846 14024 [DEBUG] - Running Test-ProcessAdminRights
2026-04-06 04:47:39,847 14024 [DEBUG] - Test-ProcessAdminRights: returning True
2026-04-06 04:47:39,847 14024 [DEBUG] - Finishing 'Test-ProcessAdminRights'
2026-04-06 04:47:39,850 14024 [DEBUG] - Removing existing permissions.
2026-04-06 04:47:39,858 14024 [INFO ] - Restricting write permissions to Administrators
2026-04-06 04:47:39,871 14024 [DEBUG] - Current user no longer set due to possible escalation of privileges - set $env:ChocolateyInstallAllowCurrentUser="true" if you require this.
2026-04-06 04:47:39,871 14024 [DEBUG] - Set Owner to Administrators
2026-04-06 04:47:39,873 14024 [DEBUG] - Default Installation folder - removing inheritance with no copy
2026-04-06 04:47:40,818 14024 [DEBUG] - ----------------------------------------------------------------------
2026-04-06 04:47:40,818 14024 [DEBUG] - Built-in PowerShell host called with ['[System.Threading.Thread]::CurrentThread.CurrentCulture = '';[System.Threading.Thread]::CurrentThread.CurrentUICulture = '';[System.Net.ServicePointManager]::SecurityProtocol = [System.Net.SecurityProtocolType]::SystemDefault; & import-module -name 'C:\ProgramData\chocolatey\helpers\chocolateyInstaller.psm1'; & 'C:\ProgramData\chocolatey\helpers\chocolateyScriptRunner.ps1' -packageScript 'C:\ProgramData\chocolatey\lib\python314\tools\chocolateyInstall.ps1' -installArguments '' -packageParameters '' -preRunHookScripts $null -postRunHookScripts $null'] exited with '0'.
2026-04-06 04:47:40,818 14024 [DEBUG] - Calling command ['"C:\WINDOWS\System32\shutdown.exe" /a']
2026-04-06 04:47:40,834 14024 [DEBUG] - Command ['"C:\WINDOWS\System32\shutdown.exe" /a'] exited with '1116'
2026-04-06 04:47:40,851 14024 [INFO ] -   python314 can be automatically uninstalled.
2026-04-06 04:47:40,851 14024 [WARN ] - Environment Vars (like PATH) have changed. Close/reopen your shell to
 see the changes (or in powershell/cmd.exe just type `refreshenv`).
2026-04-06 04:47:40,851 14024 [DEBUG] - Logging of values is not turned on by default because it
 could potentially expose sensitive data. If you understand the risk,
 please see `choco feature --help` for information to turn it on.
2026-04-06 04:47:40,851 14024 [DEBUG] - The following values have been added/changed (may contain sensitive data):
2026-04-06 04:47:40,851 14024 [DEBUG] -   * Path='[REDACTED]' (Machine)
2026-04-06 04:47:40,851 14024 [DEBUG] -   * PATHEXT='[REDACTED]' (Machine)
2026-04-06 04:47:40,851 14024 [DEBUG] - Capturing package files in 'C:\ProgramData\chocolatey\lib\python314'
2026-04-06 04:47:40,998 14024 [DEBUG] -  Found 'C:\ProgramData\chocolatey\lib\python314\python314.nupkg'
  with checksum '77D2B7F123763D798C58B5B794946B8C'
2026-04-06 04:47:40,998 14024 [DEBUG] -  Found 'C:\ProgramData\chocolatey\lib\python314\python314.nuspec'
  with checksum '8B7F2167268E29E0FB56283F3738B132'
2026-04-06 04:47:41,000 14024 [DEBUG] -  Found 'C:\ProgramData\chocolatey\lib\python314\legal\LICENSE.txt'
  with checksum '24B30B65AD82AE8D1F91F3DEC7843132'
2026-04-06 04:47:41,000 14024 [DEBUG] -  Found 'C:\ProgramData\chocolatey\lib\python314\legal\VERIFICATION.txt'
  with checksum '772F880753243F22789FA697E8B504D1'
2026-04-06 04:47:41,001 14024 [DEBUG] -  Found 'C:\ProgramData\chocolatey\lib\python314\tools\chocolateyInstall.ps1'
  with checksum '23B0949B34F9DA2A8F72D8622C5276BB'
2026-04-06 04:47:41,002 14024 [DEBUG] -  Found 'C:\ProgramData\chocolatey\lib\python314\tools\chocolateyUninstall.ps1'
  with checksum '54E28B2E143FF2A087DDCE309594D47B'
2026-04-06 04:47:41,002 14024 [DEBUG] -  Found 'C:\ProgramData\chocolatey\lib\python314\tools\helpers.ps1'
  with checksum '712E4947F872BB30F083E2B68F22BB55'
2026-04-06 04:47:41,003 14024 [DEBUG] -  Found 'C:\ProgramData\chocolatey\lib\python314\tools\python-3.14.3-amd64.exe.ignore'
  with checksum 'BEA07E6D2B8DCE396FE21BAA61B34956'
2026-04-06 04:47:41,004 14024 [DEBUG] - Attempting to create directory "C:\ProgramData\chocolatey\.chocolatey\python314.3.14.3".
2026-04-06 04:47:41,005 14024 [DEBUG] - There was no original file at 'C:\ProgramData\chocolatey\.chocolatey\python314.3.14.3\.registry'
2026-04-06 04:47:41,006 14024 [DEBUG] - There was no original file at 'C:\ProgramData\chocolatey\.chocolatey\python314.3.14.3\.files'
2026-04-06 04:47:41,008 14024 [DEBUG] - Attempting to delete file "C:\ProgramData\chocolatey\.chocolatey\python314.3.14.3\.extra".
2026-04-06 04:47:41,008 14024 [DEBUG] - Attempting to delete file "C:\ProgramData\chocolatey\.chocolatey\python314.3.14.3\.version".
2026-04-06 04:47:41,009 14024 [DEBUG] - Attempting to delete file "C:\ProgramData\chocolatey\.chocolatey\python314.3.14.3\.sxs".
2026-04-06 04:47:41,009 14024 [DEBUG] - Attempting to delete file "C:\ProgramData\chocolatey\.chocolatey\python314.3.14.3\.pin".
2026-04-06 04:47:41,009 14024 [DEBUG] - Attempting to delete file "C:\ProgramData\chocolatey\.chocolatey\python314.3.14.3\.deploymentLocation".
2026-04-06 04:47:41,010 14024 [DEBUG] - Sending message 'HandlePackageResultCompletedMessage' out if there are subscribers...
2026-04-06 04:47:41,011 14024 [DEBUG] - Attempting to delete file "C:\ProgramData\chocolatey\lib\python314\.chocolateyPending".
2026-04-06 04:47:41,011 14024 [INFO ] -  The upgrade of python314 was successful.
2026-04-06 04:47:41,012 14024 [INFO ] -   Software installed as 'exe', install location is likely default.
2026-04-06 04:47:41,013 14024 [INFO ] - [NuGet]   CACHE https://community.chocolatey.org/api/v2/Packages(Id='python3',Version='3.14.3')
2026-04-06 04:47:41,018 14024 [DEBUG] - Attempting to delete file "".
2026-04-06 04:47:41,019 14024 [INFO ] - Downloading package from source 'https://community.chocolatey.org/api/v2/'
2026-04-06 04:47:41,019 14024 [DEBUG] - Package download location 'https://community.chocolatey.org/api/v2/package/python3/3.14.3'
2026-04-06 04:47:41,019 14024 [INFO ] - [NuGet]   GET https://community.chocolatey.org/api/v2/package/python3/3.14.3
2026-04-06 04:47:41,746 14024 [INFO ] - [NuGet]   OK https://community.chocolatey.org/api/v2/package/python3/3.14.3 736ms
2026-04-06 04:47:41,746 14024 [INFO ] - [NuGet] Acquiring lock for the installation of python3 3.14.3
2026-04-06 04:47:41,746 14024 [INFO ] - [NuGet] Acquired lock for the installation of python3 3.14.3
2026-04-06 04:47:41,762 14024 [INFO ] - [NuGet] Installed python3 3.14.3 from https://community.chocolatey.org/api/v2/ with content hash 3V9n3okskpjvgDh7KoL8hNrkMwsRPSui4kiULTKCE4GfZwrNgQdzyy9rCDDw+0PGEM4KT33Y3FEHFtdDlFiu8w==.
2026-04-06 04:47:41,769 14024 [DEBUG] - Skipping package hash validation as feature 'usePackageHashValidation' is not enabled.
2026-04-06 04:47:41,777 14024 [INFO ] - [NuGet] Adding package 'python3.3.14.3 : python314 [3.14.3, 3.14.3]' to folder 'C:\ProgramData\chocolatey\lib'
2026-04-06 04:47:41,777 14024 [INFO ] - [NuGet] Added package 'python3.3.14.3 : python314 [3.14.3, 3.14.3]' to folder 'C:\ProgramData\chocolatey\lib'
2026-04-06 04:47:41,777 14024 [DEBUG] - Attempting to delete file "C:\Users\tsmit\AppData\Local\Temp\ChocolateyScratch\python3/3.14.3\python3.3.14.3.nupkg".
2026-04-06 04:47:41,777 14024 [DEBUG] - Attempting to delete file "C:\Users\tsmit\AppData\Local\Temp\ChocolateyScratch\python3/3.14.3\.nupkg.metadata".
2026-04-06 04:47:41,777 14024 [DEBUG] - Attempting to delete file "C:\Users\tsmit\AppData\Local\Temp\ChocolateyScratch\python3/3.14.3\python3.3.14.3.nupkg.sha512".
2026-04-06 04:47:41,777 14024 [INFO ] - 
python3 v3.14.3 [Approved]
2026-04-06 04:47:41,777 14024 [INFO ] - python3 package files upgrade completed. Performing other installation steps.
2026-04-06 04:47:41,803 14024 [DEBUG] - Capturing package files in 'C:\ProgramData\chocolatey\lib\python3'
2026-04-06 04:47:41,804 14024 [DEBUG] -  Found 'C:\ProgramData\chocolatey\lib\python3\python3.nupkg'
  with checksum '40CBD7B9FB47001094C0C8CC6FA21811'
2026-04-06 04:47:41,805 14024 [DEBUG] -  Found 'C:\ProgramData\chocolatey\lib\python3\python3.nuspec'
  with checksum '9C4AA909D716B38B2B483E3CB2291F54'
2026-04-06 04:47:41,806 14024 [DEBUG] - Attempting to create directory "C:\ProgramData\chocolatey\.chocolatey\python3.3.14.3".
2026-04-06 04:47:41,807 14024 [DEBUG] - There was no original file at 'C:\ProgramData\chocolatey\.chocolatey\python3.3.14.3\.files'
2026-04-06 04:47:41,808 14024 [DEBUG] - Attempting to delete file "C:\ProgramData\chocolatey\.chocolatey\python3.3.14.3\.extra".
2026-04-06 04:47:41,809 14024 [DEBUG] - Attempting to delete file "C:\ProgramData\chocolatey\.chocolatey\python3.3.14.3\.version".
2026-04-06 04:47:41,809 14024 [DEBUG] - Attempting to delete file "C:\ProgramData\chocolatey\.chocolatey\python3.3.14.3\.sxs".
2026-04-06 04:47:41,809 14024 [DEBUG] - Attempting to delete file "C:\ProgramData\chocolatey\.chocolatey\python3.3.14.3\.pin".
2026-04-06 04:47:41,811 14024 [DEBUG] - Sending message 'HandlePackageResultCompletedMessage' out if there are subscribers...
2026-04-06 04:47:41,811 14024 [DEBUG] - Attempting to delete file "C:\ProgramData\chocolatey\lib\python3\.chocolateyPending".
2026-04-06 04:47:41,812 14024 [INFO ] -  The upgrade of python3 was successful.
2026-04-06 04:47:41,812 14024 [INFO ] -   Deployed to 'C:\ProgramData\chocolatey\lib\python3'
2026-04-06 04:47:41,817 14024 [DEBUG] - Attempting to delete file "".
2026-04-06 04:47:41,817 14024 [INFO ] - Downloading package from source 'https://community.chocolatey.org/api/v2/'
2026-04-06 04:47:41,817 14024 [DEBUG] - Package download location 'https://community.chocolatey.org/api/v2/package/python/3.14.3'
2026-04-06 04:47:41,818 14024 [INFO ] - [NuGet]   GET https://community.chocolatey.org/api/v2/package/python/3.14.3
2026-04-06 04:47:42,447 14024 [INFO ] - [NuGet]   OK https://community.chocolatey.org/api/v2/package/python/3.14.3 628ms
2026-04-06 04:47:42,447 14024 [INFO ] - [NuGet] Acquiring lock for the installation of python 3.14.3
2026-04-06 04:47:42,448 14024 [INFO ] - [NuGet] Acquired lock for the installation of python 3.14.3
2026-04-06 04:47:42,452 14024 [INFO ] - [NuGet] Installed python 3.14.3 from https://community.chocolatey.org/api/v2/ with content hash neVRLhEJuwc5akdG5Og8jIZTmGxMozsGqHhaVlV3nVyUY4a4mvvucBQXFot1O+gofxqd4t+eqPY7iElqI4oPaw==.
2026-04-06 04:47:42,459 14024 [DEBUG] - Skipping package hash validation as feature 'usePackageHashValidation' is not enabled.
2026-04-06 04:47:42,466 14024 [INFO ] - [NuGet] Adding package 'python.3.14.3 : python3 [3.14.3, 3.14.3]' to folder 'C:\ProgramData\chocolatey\lib'
2026-04-06 04:47:42,470 14024 [INFO ] - [NuGet] Added package 'python.3.14.3 : python3 [3.14.3, 3.14.3]' to folder 'C:\ProgramData\chocolatey\lib'
2026-04-06 04:47:42,471 14024 [DEBUG] - Attempting to delete file "C:\Users\tsmit\AppData\Local\Temp\ChocolateyScratch\python/3.14.3\python.3.14.3.nupkg".
2026-04-06 04:47:42,471 14024 [DEBUG] - Attempting to delete file "C:\Users\tsmit\AppData\Local\Temp\ChocolateyScratch\python/3.14.3\.nupkg.metadata".
2026-04-06 04:47:42,472 14024 [DEBUG] - Attempting to delete file "C:\Users\tsmit\AppData\Local\Temp\ChocolateyScratch\python/3.14.3\python.3.14.3.nupkg.sha512".
2026-04-06 04:47:42,472 14024 [INFO ] - 
python v3.14.3 [Approved]
2026-04-06 04:47:42,474 14024 [INFO ] - python package files upgrade completed. Performing other installation steps.
2026-04-06 04:47:42,484 14024 [DEBUG] - Capturing package files in 'C:\ProgramData\chocolatey\lib\python'
2026-04-06 04:47:42,484 14024 [DEBUG] -  Found 'C:\ProgramData\chocolatey\lib\python\python.nupkg'
  with checksum 'EF11F3C786C35031C926920C5D0D8331'
2026-04-06 04:47:42,484 14024 [DEBUG] -  Found 'C:\ProgramData\chocolatey\lib\python\python.nuspec'
  with checksum 'A1F8BF2497C2C6E788446B2096C9CC17'
2026-04-06 04:47:42,484 14024 [DEBUG] - Attempting to create directory "C:\ProgramData\chocolatey\.chocolatey\python.3.14.3".
2026-04-06 04:47:42,493 14024 [DEBUG] - There was no original file at 'C:\ProgramData\chocolatey\.chocolatey\python.3.14.3\.files'
2026-04-06 04:47:42,493 14024 [DEBUG] - Attempting to delete file "C:\ProgramData\chocolatey\.chocolatey\python.3.14.3\.extra".
2026-04-06 04:47:42,493 14024 [DEBUG] - Attempting to delete file "C:\ProgramData\chocolatey\.chocolatey\python.3.14.3\.version".
2026-04-06 04:47:42,495 14024 [DEBUG] - Attempting to delete file "C:\ProgramData\chocolatey\.chocolatey\python.3.14.3\.sxs".
2026-04-06 04:47:42,495 14024 [DEBUG] - Attempting to delete file "C:\ProgramData\chocolatey\.chocolatey\python.3.14.3\.pin".
2026-04-06 04:47:42,495 14024 [DEBUG] - Sending message 'HandlePackageResultCompletedMessage' out if there are subscribers...
2026-04-06 04:47:42,495 14024 [DEBUG] - Attempting to delete file "C:\ProgramData\chocolatey\lib\python\.chocolateyPending".
2026-04-06 04:47:42,498 14024 [INFO ] -  The upgrade of python was successful.
2026-04-06 04:47:42,498 14024 [INFO ] -   Deployed to 'C:\ProgramData\chocolatey\lib\python'
2026-04-06 04:47:42,500 14024 [DEBUG] - Running list with the following filter = ''
2026-04-06 04:47:42,501 14024 [DEBUG] - --- Start of List ---
2026-04-06 04:47:42,501 14024 [DEBUG] - Process Tree: Chocolatey CLI => Chocolatey CLI => powershell
2026-04-06 04:47:42,501 14024 [DEBUG] - Updating User Agent to 'Chocolatey Command Line/2.7.1 (Chocolatey CLI) via NuGet Client/6.4.1 (Microsoft Windows NT 10.0.26200.0)'.
2026-04-06 04:47:42,510 14024 [DEBUG] - chocolatey 2.7.1
2026-04-06 04:47:42,517 14024 [DEBUG] - chocolatey-compatibility.extension 1.0.0
2026-04-06 04:47:42,517 14024 [DEBUG] - chocolatey-core.extension 1.4.0
2026-04-06 04:47:42,517 14024 [DEBUG] - chocolatey-windowsupdate.extension 1.0.5
2026-04-06 04:47:42,517 14024 [DEBUG] - KB2919355 1.0.20160915
2026-04-06 04:47:42,517 14024 [DEBUG] - KB2919442 1.0.20160915
2026-04-06 04:47:42,517 14024 [DEBUG] - KB2999226 1.0.20181019
2026-04-06 04:47:42,533 14024 [DEBUG] - KB3033929 1.0.5
2026-04-06 04:47:42,534 14024 [DEBUG] - KB3035131 1.0.3
2026-04-06 04:47:42,534 14024 [DEBUG] - python 3.14.3
2026-04-06 04:47:42,534 14024 [DEBUG] - python3 3.14.3
2026-04-06 04:47:42,550 14024 [DEBUG] - python314 3.14.3
2026-04-06 04:47:42,550 14024 [DEBUG] - vcredist140 14.50.35719
2026-04-06 04:47:42,550 14024 [DEBUG] - vcredist2015 14.0.24215.20170201
2026-04-06 04:47:42,550 14024 [DEBUG] - --- End of List ---
2026-04-06 04:47:42,550 14024 [WARN ] - visualstudio2026-workload-vctools is not installed. Installing...
2026-04-06 04:47:42,550 14024 [DEBUG] - Process Tree: Chocolatey CLI => Chocolatey CLI => powershell
2026-04-06 04:47:42,550 14024 [DEBUG] - Updating User Agent to 'Chocolatey Command Line/2.7.1 (Chocolatey CLI) via NuGet Client/6.4.1 (Microsoft Windows NT 10.0.26200.0)'.
2026-04-06 04:47:42,550 14024 [DEBUG] - Running list with the following filter = ''
2026-04-06 04:47:42,550 14024 [DEBUG] - --- Start of List ---
2026-04-06 04:47:42,550 14024 [DEBUG] - Process Tree: Chocolatey CLI => Chocolatey CLI => powershell
2026-04-06 04:47:42,550 14024 [DEBUG] - Updating User Agent to 'Chocolatey Command Line/2.7.1 (Chocolatey CLI) via NuGet Client/6.4.1 (Microsoft Windows NT 10.0.26200.0)'.
2026-04-06 04:47:42,567 14024 [DEBUG] - chocolatey 2.7.1
2026-04-06 04:47:42,567 14024 [DEBUG] - chocolatey-compatibility.extension 1.0.0
2026-04-06 04:47:42,567 14024 [DEBUG] - chocolatey-core.extension 1.4.0
2026-04-06 04:47:42,567 14024 [DEBUG] - chocolatey-windowsupdate.extension 1.0.5
2026-04-06 04:47:42,567 14024 [DEBUG] - KB2919355 1.0.20160915
2026-04-06 04:47:42,583 14024 [DEBUG] - KB2919442 1.0.20160915
2026-04-06 04:47:42,583 14024 [DEBUG] - KB2999226 1.0.20181019
2026-04-06 04:47:42,583 14024 [DEBUG] - KB3033929 1.0.5
2026-04-06 04:47:42,583 14024 [DEBUG] - KB3035131 1.0.3
2026-04-06 04:47:42,583 14024 [DEBUG] - python 3.14.3
2026-04-06 04:47:42,583 14024 [DEBUG] - python3 3.14.3
2026-04-06 04:47:42,583 14024 [DEBUG] - python314 3.14.3
2026-04-06 04:47:42,599 14024 [DEBUG] - vcredist140 14.50.35719
2026-04-06 04:47:42,600 14024 [DEBUG] - vcredist2015 14.0.24215.20170201
2026-04-06 04:47:42,600 14024 [DEBUG] - --- End of List ---
2026-04-06 04:47:42,600 14024 [INFO ] - [NuGet]   GET https://community.chocolatey.org/api/v2/Packages()?$filter=(tolower(Id) eq 'visualstudio2026-workload-vctools') and IsLatestVersion&semVerLevel=2.0.0
2026-04-06 04:47:42,915 14024 [INFO ] - [NuGet]   OK https://community.chocolatey.org/api/v2/Packages()?$filter=(tolower(Id) eq 'visualstudio2026-workload-vctools') and IsLatestVersion&semVerLevel=2.0.0 311ms
2026-04-06 04:47:42,919 14024 [INFO ] - [NuGet]   GET https://community.chocolatey.org/api/v2/Packages(Id='visualstudio2026-workload-vctools',Version='1.0.0')
2026-04-06 04:47:43,263 14024 [INFO ] - [NuGet]   OK https://community.chocolatey.org/api/v2/Packages(Id='visualstudio2026-workload-vctools',Version='1.0.0') 344ms
2026-04-06 04:47:43,263 14024 [INFO ] - [NuGet]   GET https://community.chocolatey.org/api/v2/FindPackagesById()?id='chocolatey-visualstudio.extension'&semVerLevel=2.0.0
2026-04-06 04:47:43,668 14024 [INFO ] - [NuGet]   OK https://community.chocolatey.org/api/v2/FindPackagesById()?id='chocolatey-visualstudio.extension'&semVerLevel=2.0.0 401ms
2026-04-06 04:47:43,754 14024 [INFO ] - [NuGet]   GET http://community.chocolatey.org/api/v2/FindPackagesById?id='chocolatey-visualstudio.extension'&$skiptoken='1757767801403','1.10.0-preview3','chocolatey-visualstudio.extension'
2026-04-06 04:47:44,334 14024 [INFO ] - [NuGet]   OK http://community.chocolatey.org/api/v2/FindPackagesById?id='chocolatey-visualstudio.extension'&$skiptoken='1757767801403','1.10.0-preview3','chocolatey-visualstudio.extension' 593ms
2026-04-06 04:47:44,350 14024 [INFO ] - [NuGet]   GET https://community.chocolatey.org/api/v2/FindPackagesById()?id='visualstudio-installer'&semVerLevel=2.0.0
2026-04-06 04:47:44,629 14024 [INFO ] - [NuGet]   OK https://community.chocolatey.org/api/v2/FindPackagesById()?id='visualstudio-installer'&semVerLevel=2.0.0 277ms
2026-04-06 04:47:44,643 14024 [INFO ] - [NuGet]   GET http://community.chocolatey.org/api/v2/FindPackagesById?id='visualstudio-installer'&$skiptoken='1757969396837','2.0.0','visualstudio-installer'
2026-04-06 04:47:45,496 14024 [INFO ] - [NuGet]   OK http://community.chocolatey.org/api/v2/FindPackagesById?id='visualstudio-installer'&$skiptoken='1757969396837','2.0.0','visualstudio-installer' 865ms
2026-04-06 04:47:45,496 14024 [INFO ] - [NuGet]   GET https://community.chocolatey.org/api/v2/FindPackagesById()?id='visualstudio2026buildtools'&semVerLevel=2.0.0
2026-04-06 04:47:45,639 14024 [INFO ] - [NuGet]   OK https://community.chocolatey.org/api/v2/FindPackagesById()?id='visualstudio2026buildtools'&semVerLevel=2.0.0 134ms
2026-04-06 04:47:45,717 14024 [INFO ] - [NuGet]   GET http://community.chocolatey.org/api/v2/FindPackagesById?id='visualstudio2026buildtools'&$skiptoken='1763273116640','118.0.0','visualstudio2026buildtools'
2026-04-06 04:47:46,049 14024 [INFO ] - [NuGet]   OK http://community.chocolatey.org/api/v2/FindPackagesById?id='visualstudio2026buildtools'&$skiptoken='1763273116640','118.0.0','visualstudio2026buildtools' 341ms
2026-04-06 04:47:46,049 14024 [INFO ] - [NuGet]   GET https://community.chocolatey.org/api/v2/FindPackagesById()?id='dotnetfx'&semVerLevel=2.0.0
2026-04-06 04:47:46,325 14024 [INFO ] - [NuGet]   OK https://community.chocolatey.org/api/v2/FindPackagesById()?id='dotnetfx'&semVerLevel=2.0.0 275ms
2026-04-06 04:47:46,405 14024 [INFO ] - [NuGet]   GET http://community.chocolatey.org/api/v2/FindPackagesById?id='dotnetfx'&$skiptoken='1757954113557','4.8.0-preview3','dotnetfx'
2026-04-06 04:47:46,816 14024 [INFO ] - [NuGet]   OK http://community.chocolatey.org/api/v2/FindPackagesById?id='dotnetfx'&$skiptoken='1757954113557','4.8.0-preview3','dotnetfx' 399ms
2026-04-06 04:47:46,816 14024 [INFO ] - [NuGet]   GET https://community.chocolatey.org/api/v2/FindPackagesById()?id='chocolatey-dotnetfx.extension'&semVerLevel=2.0.0
2026-04-06 04:47:47,028 14024 [INFO ] - [NuGet]   OK https://community.chocolatey.org/api/v2/FindPackagesById()?id='chocolatey-dotnetfx.extension'&semVerLevel=2.0.0 224ms
2026-04-06 04:47:47,044 14024 [INFO ] - [NuGet]   GET http://community.chocolatey.org/api/v2/FindPackagesById?id='chocolatey-dotnetfx.extension'&$skiptoken='1758927002630','1.0.0','chocolatey-dotnetfx.extension'
2026-04-06 04:47:47,582 14024 [INFO ] - [NuGet]   OK http://community.chocolatey.org/api/v2/FindPackagesById?id='chocolatey-dotnetfx.extension'&$skiptoken='1758927002630','1.0.0','chocolatey-dotnetfx.extension' 548ms
2026-04-06 04:47:47,597 14024 [INFO ] - [NuGet]   CACHE https://community.chocolatey.org/api/v2/FindPackagesById()?id='kb2919355'&semVerLevel=2.0.0
2026-04-06 04:47:47,599 14024 [INFO ] - [NuGet]   CACHE http://community.chocolatey.org/api/v2/FindPackagesById?id='kb2919355'&$skiptoken='1759018786213','1.0.20160719','kb2919355'
2026-04-06 04:47:47,600 14024 [INFO ] - [NuGet]   CACHE https://community.chocolatey.org/api/v2/FindPackagesById()?id='kb2919442'&semVerLevel=2.0.0
2026-04-06 04:47:47,602 14024 [INFO ] - [NuGet]   CACHE http://community.chocolatey.org/api/v2/FindPackagesById?id='kb2919442'&$skiptoken='1758687599443','1.0.20160719','kb2919442'
2026-04-06 04:47:47,603 14024 [INFO ] - [NuGet]   CACHE https://community.chocolatey.org/api/v2/FindPackagesById()?id='vcredist140'&semVerLevel=2.0.0
2026-04-06 04:47:47,608 14024 [INFO ] - [NuGet]   CACHE http://community.chocolatey.org/api/v2/FindPackagesById?id='vcredist140'&$skiptoken='1758917989857','14.24.28127.4','vcredist140'
2026-04-06 04:47:47,611 14024 [INFO ] - [NuGet]   CACHE http://community.chocolatey.org/api/v2/FindPackagesById?id='vcredist140'&$skiptoken='1758917088380','14.0.24516-preview5','vcredist140'
2026-04-06 04:47:47,615 14024 [INFO ] - [NuGet]   CACHE https://community.chocolatey.org/api/v2/FindPackagesById()?id='chocolatey-core.extension'&semVerLevel=2.0.0
2026-04-06 04:47:47,617 14024 [INFO ] - [NuGet]   CACHE http://community.chocolatey.org/api/v2/FindPackagesById?id='chocolatey-core.extension'&$skiptoken='1757694056117','0.1.2','chocolatey-core.extension'
2026-04-06 04:47:47,619 14024 [INFO ] - [NuGet]   CACHE https://community.chocolatey.org/api/v2/FindPackagesById()?id='chocolatey-compatibility.extension'&semVerLevel=2.0.0
2026-04-06 04:47:47,620 14024 [INFO ] - [NuGet]   CACHE http://community.chocolatey.org/api/v2/FindPackagesById?id='chocolatey-compatibility.extension'&$skiptoken='1775157323107','1.0.0','chocolatey-compatibility.extension'
2026-04-06 04:47:47,621 14024 [INFO ] - [NuGet]   CACHE https://community.chocolatey.org/api/v2/FindPackagesById()?id='kb3033929'&semVerLevel=2.0.0
2026-04-06 04:47:47,622 14024 [INFO ] - [NuGet]   CACHE http://community.chocolatey.org/api/v2/FindPackagesById?id='kb3033929'&$skiptoken='1757852403537','1.0.0','kb3033929'
2026-04-06 04:47:47,623 14024 [INFO ] - [NuGet]   CACHE https://community.chocolatey.org/api/v2/FindPackagesById()?id='chocolatey-windowsupdate.extension'&semVerLevel=2.0.0
2026-04-06 04:47:47,624 14024 [INFO ] - [NuGet]   CACHE http://community.chocolatey.org/api/v2/FindPackagesById?id='chocolatey-windowsupdate.extension'&$skiptoken='1758091804557','1.0.1','chocolatey-windowsupdate.extension'
2026-04-06 04:47:47,625 14024 [INFO ] - [NuGet]   CACHE https://community.chocolatey.org/api/v2/FindPackagesById()?id='kb3035131'&semVerLevel=2.0.0
2026-04-06 04:47:47,626 14024 [INFO ] - [NuGet]   CACHE http://community.chocolatey.org/api/v2/FindPackagesById?id='kb3035131'&$skiptoken='1758694790893','1.0.0','kb3035131'
2026-04-06 04:47:47,627 14024 [INFO ] - [NuGet]   CACHE https://community.chocolatey.org/api/v2/FindPackagesById()?id='kb2999226'&semVerLevel=2.0.0
2026-04-06 04:47:47,629 14024 [INFO ] - [NuGet]   CACHE http://community.chocolatey.org/api/v2/FindPackagesById?id='kb2999226'&$skiptoken='1757864999427','1.0.20161030','kb2999226'
2026-04-06 04:47:47,648 14024 [INFO ] - [NuGet] Resolving dependency information took 0 ms
2026-04-06 04:47:47,648 14024 [INFO ] - [NuGet]   GET https://community.chocolatey.org/api/v2/Packages(Id='chocolatey-dotnetfx.extension',Version='1.0.1')
2026-04-06 04:47:47,871 14024 [INFO ] - [NuGet]   OK https://community.chocolatey.org/api/v2/Packages(Id='chocolatey-dotnetfx.extension',Version='1.0.1') 213ms
2026-04-06 04:47:47,871 14024 [DEBUG] - Attempting to delete file "".
2026-04-06 04:47:47,871 14024 [INFO ] - Downloading package from source 'https://community.chocolatey.org/api/v2/'
2026-04-06 04:47:47,871 14024 [DEBUG] - Package download location 'https://community.chocolatey.org/api/v2/package/chocolatey-dotnetfx.extension/1.0.1'
2026-04-06 04:47:47,871 14024 [INFO ] - [NuGet]   GET https://community.chocolatey.org/api/v2/package/chocolatey-dotnetfx.extension/1.0.1
2026-04-06 04:47:48,311 14024 [INFO ] - [NuGet]   OK https://community.chocolatey.org/api/v2/package/chocolatey-dotnetfx.extension/1.0.1 432ms
2026-04-06 04:47:48,312 14024 [INFO ] - [NuGet] Acquiring lock for the installation of chocolatey-dotnetfx.extension 1.0.1
2026-04-06 04:47:48,313 14024 [INFO ] - [NuGet] Acquired lock for the installation of chocolatey-dotnetfx.extension 1.0.1
2026-04-06 04:47:48,323 14024 [INFO ] - [NuGet] Installed chocolatey-dotnetfx.extension 1.0.1 from https://community.chocolatey.org/api/v2/ with content hash IfDdlUI5bT4GGrTyCwJJw733AdHEsRdx93CL3Y7FlAzKEqjyfMlAcbz64qN4x5ddz5RwIqNqC7fPh2kh+VMxkQ==.
2026-04-06 04:47:48,330 14024 [DEBUG] - Skipping package hash validation as feature 'usePackageHashValidation' is not enabled.
2026-04-06 04:47:48,346 14024 [INFO ] - [NuGet] Adding package 'chocolatey-dotnetfx.extension.1.0.1' to folder 'C:\ProgramData\chocolatey\lib'
2026-04-06 04:47:48,409 14024 [INFO ] - [NuGet] Added package 'chocolatey-dotnetfx.extension.1.0.1' to folder 'C:\ProgramData\chocolatey\lib'
2026-04-06 04:47:48,409 14024 [DEBUG] - Attempting to delete file "C:\Users\tsmit\AppData\Local\Temp\ChocolateyScratch\chocolatey-dotnetfx.extension/1.0.1\chocolatey-dotnetfx.extension.1.0.1.nupkg".
2026-04-06 04:47:48,409 14024 [DEBUG] - Attempting to delete file "C:\Users\tsmit\AppData\Local\Temp\ChocolateyScratch\chocolatey-dotnetfx.extension/1.0.1\.nupkg.metadata".
2026-04-06 04:47:48,409 14024 [DEBUG] - Attempting to delete file "C:\Users\tsmit\AppData\Local\Temp\ChocolateyScratch\chocolatey-dotnetfx.extension/1.0.1\chocolatey-dotnetfx.extension.1.0.1.nupkg.sha512".
2026-04-06 04:47:48,409 14024 [INFO ] - 
chocolatey-dotnetfx.extension v1.0.1
2026-04-06 04:47:48,409 14024 [INFO ] - chocolatey-dotnetfx.extension package files upgrade completed. Performing other installation steps.
2026-04-06 04:47:48,425 14024 [DEBUG] - Capturing package files in 'C:\ProgramData\chocolatey\lib\chocolatey-dotnetfx.extension'
2026-04-06 04:47:48,425 14024 [DEBUG] -  Found 'C:\ProgramData\chocolatey\lib\chocolatey-dotnetfx.extension\chocolatey-dotnetfx.extension.nupkg'
  with checksum 'C94F915AE9E4FA8968333E16BACC821A'
2026-04-06 04:47:48,425 14024 [DEBUG] -  Found 'C:\ProgramData\chocolatey\lib\chocolatey-dotnetfx.extension\chocolatey-dotnetfx.extension.nuspec'
  with checksum '48A1A2A18FC69C1C424A859281417341'
2026-04-06 04:47:48,425 14024 [DEBUG] -  Found 'C:\ProgramData\chocolatey\lib\chocolatey-dotnetfx.extension\extensions\chocolatey-dotnetfx.psm1'
  with checksum 'EB3390C12D196E2B30ADD9E3D3DD8970'
2026-04-06 04:47:48,425 14024 [DEBUG] -  Found 'C:\ProgramData\chocolatey\lib\chocolatey-dotnetfx.extension\extensions\DotNetFrameworkHelpers.ps1'
  with checksum '05B46577AE99165315D27A14D35C0D88'
2026-04-06 04:47:48,425 14024 [DEBUG] -  Found 'C:\ProgramData\chocolatey\lib\chocolatey-dotnetfx.extension\extensions\Get-DefaultChocolateyLocalFilePath.ps1'
  with checksum 'AB780CC05180E1F57D5635EDC8CC38BE'
2026-04-06 04:47:48,441 14024 [DEBUG] -  Found 'C:\ProgramData\chocolatey\lib\chocolatey-dotnetfx.extension\extensions\Get-NativeInstallerExitCode.ps1'
  with checksum 'A8DA12DDEFC9C6A077E7F59FB47C3CEC'
2026-04-06 04:47:48,441 14024 [DEBUG] -  Found 'C:\ProgramData\chocolatey\lib\chocolatey-dotnetfx.extension\extensions\Install-ChocolateyInstallPackageAndHandleExitCode.ps1'
  with checksum '32FF55F93B0BEEFE1967C6E52289666D'
2026-04-06 04:47:48,441 14024 [DEBUG] -  Found 'C:\ProgramData\chocolatey\lib\chocolatey-dotnetfx.extension\extensions\Set-PowerShellExitCode.ps1'
  with checksum '58F9F443A2415DB881C5FB711C6D445A'
2026-04-06 04:47:48,441 14024 [DEBUG] - Attempting to create directory "C:\ProgramData\chocolatey\extensions\chocolatey-dotnetfx".
2026-04-06 04:47:48,441 14024 [DEBUG] - Attempting to copy "C:\ProgramData\chocolatey\lib\chocolatey-dotnetfx.extension\extensions\chocolatey-dotnetfx.psm1"
 to "C:\ProgramData\chocolatey\extensions\chocolatey-dotnetfx\chocolatey-dotnetfx.psm1".
2026-04-06 04:47:48,441 14024 [DEBUG] - Attempting to copy "C:\ProgramData\chocolatey\lib\chocolatey-dotnetfx.extension\extensions\DotNetFrameworkHelpers.ps1"
 to "C:\ProgramData\chocolatey\extensions\chocolatey-dotnetfx\DotNetFrameworkHelpers.ps1".
2026-04-06 04:47:48,441 14024 [DEBUG] - Attempting to copy "C:\ProgramData\chocolatey\lib\chocolatey-dotnetfx.extension\extensions\Get-DefaultChocolateyLocalFilePath.ps1"
 to "C:\ProgramData\chocolatey\extensions\chocolatey-dotnetfx\Get-DefaultChocolateyLocalFilePath.ps1".
2026-04-06 04:47:48,441 14024 [DEBUG] - Attempting to copy "C:\ProgramData\chocolatey\lib\chocolatey-dotnetfx.extension\extensions\Get-NativeInstallerExitCode.ps1"
 to "C:\ProgramData\chocolatey\extensions\chocolatey-dotnetfx\Get-NativeInstallerExitCode.ps1".
2026-04-06 04:47:48,441 14024 [DEBUG] - Attempting to copy "C:\ProgramData\chocolatey\lib\chocolatey-dotnetfx.extension\extensions\Install-ChocolateyInstallPackageAndHandleExitCode.ps1"
 to "C:\ProgramData\chocolatey\extensions\chocolatey-dotnetfx\Install-ChocolateyInstallPackageAndHandleExitCode.ps1".
2026-04-06 04:47:48,441 14024 [DEBUG] - Attempting to copy "C:\ProgramData\chocolatey\lib\chocolatey-dotnetfx.extension\extensions\Set-PowerShellExitCode.ps1"
 to "C:\ProgramData\chocolatey\extensions\chocolatey-dotnetfx\Set-PowerShellExitCode.ps1".
2026-04-06 04:47:49,963 14024 [WARN ] -  Installed/updated chocolatey-dotnetfx extensions.
2026-04-06 04:47:49,963 14024 [DEBUG] - Attempting to create directory "C:\ProgramData\chocolatey\.chocolatey\chocolatey-dotnetfx.extension.1.0.1".
2026-04-06 04:47:49,966 14024 [DEBUG] - There was no original file at 'C:\ProgramData\chocolatey\.chocolatey\chocolatey-dotnetfx.extension.1.0.1\.files'
2026-04-06 04:47:49,966 14024 [DEBUG] - Attempting to delete file "C:\ProgramData\chocolatey\.chocolatey\chocolatey-dotnetfx.extension.1.0.1\.extra".
2026-04-06 04:47:49,966 14024 [DEBUG] - Attempting to delete file "C:\ProgramData\chocolatey\.chocolatey\chocolatey-dotnetfx.extension.1.0.1\.version".
2026-04-06 04:47:49,966 14024 [DEBUG] - Attempting to delete file "C:\ProgramData\chocolatey\.chocolatey\chocolatey-dotnetfx.extension.1.0.1\.sxs".
2026-04-06 04:47:49,966 14024 [DEBUG] - Attempting to delete file "C:\ProgramData\chocolatey\.chocolatey\chocolatey-dotnetfx.extension.1.0.1\.pin".
2026-04-06 04:47:49,966 14024 [DEBUG] - Sending message 'HandlePackageResultCompletedMessage' out if there are subscribers...
2026-04-06 04:47:49,966 14024 [DEBUG] - Attempting to delete file "C:\ProgramData\chocolatey\lib\chocolatey-dotnetfx.extension\.chocolateyPending".
2026-04-06 04:47:49,966 14024 [INFO ] -  The upgrade of chocolatey-dotnetfx.extension was successful.
2026-04-06 04:47:49,966 14024 [INFO ] -   Deployed to 'C:\ProgramData\chocolatey\extensions\chocolatey-dotnetfx'
2026-04-06 04:47:49,966 14024 [INFO ] - [NuGet]   GET https://community.chocolatey.org/api/v2/Packages(Id='chocolatey-visualstudio.extension',Version='1.13.0')
2026-04-06 04:47:50,315 14024 [INFO ] - [NuGet]   OK https://community.chocolatey.org/api/v2/Packages(Id='chocolatey-visualstudio.extension',Version='1.13.0') 357ms
2026-04-06 04:47:50,335 14024 [DEBUG] - Attempting to delete file "".
2026-04-06 04:47:50,335 14024 [INFO ] - Downloading package from source 'https://community.chocolatey.org/api/v2/'
2026-04-06 04:47:50,335 14024 [DEBUG] - Package download location 'https://community.chocolatey.org/api/v2/package/chocolatey-visualstudio.extension/1.13.0'
2026-04-06 04:47:50,335 14024 [INFO ] - [NuGet]   GET https://community.chocolatey.org/api/v2/package/chocolatey-visualstudio.extension/1.13.0
2026-04-06 04:47:51,557 14024 [INFO ] - [NuGet]   OK https://community.chocolatey.org/api/v2/package/chocolatey-visualstudio.extension/1.13.0 1219ms
2026-04-06 04:47:51,558 14024 [INFO ] - [NuGet] Acquiring lock for the installation of chocolatey-visualstudio.extension 1.13.0
2026-04-06 04:47:51,559 14024 [INFO ] - [NuGet] Acquired lock for the installation of chocolatey-visualstudio.extension 1.13.0
2026-04-06 04:47:51,643 14024 [INFO ] - [NuGet] Installed chocolatey-visualstudio.extension 1.13.0 from https://community.chocolatey.org/api/v2/ with content hash Z0ogZI5b0w73Py3VoDfOu9C51sq1CzKx3W7kaapp0V+aX1fxAV39oTqy64EFUep+TguYnB/foUeKQbkaH2Oxvg==.
2026-04-06 04:47:51,653 14024 [DEBUG] - Skipping package hash validation as feature 'usePackageHashValidation' is not enabled.
2026-04-06 04:47:51,660 14024 [INFO ] - [NuGet] Adding package 'chocolatey-visualstudio.extension.1.13.0' to folder 'C:\ProgramData\chocolatey\lib'
2026-04-06 04:47:52,735 14024 [INFO ] - [NuGet] Added package 'chocolatey-visualstudio.extension.1.13.0' to folder 'C:\ProgramData\chocolatey\lib'
2026-04-06 04:47:52,735 14024 [DEBUG] - Attempting to delete file "C:\Users\tsmit\AppData\Local\Temp\ChocolateyScratch\chocolatey-visualstudio.extension/1.13.0\chocolatey-visualstudio.extension.1.13.0.nupkg".
2026-04-06 04:47:52,736 14024 [DEBUG] - Attempting to delete file "C:\Users\tsmit\AppData\Local\Temp\ChocolateyScratch\chocolatey-visualstudio.extension/1.13.0\.nupkg.metadata".
2026-04-06 04:47:52,736 14024 [DEBUG] - Attempting to delete file "C:\Users\tsmit\AppData\Local\Temp\ChocolateyScratch\chocolatey-visualstudio.extension/1.13.0\chocolatey-visualstudio.extension.1.13.0.nupkg.sha512".
2026-04-06 04:47:52,737 14024 [INFO ] - 
chocolatey-visualstudio.extension v1.13.0
2026-04-06 04:47:52,739 14024 [INFO ] - chocolatey-visualstudio.extension package files upgrade completed. Performing other installation steps.
2026-04-06 04:47:52,760 14024 [DEBUG] - Capturing package files in 'C:\ProgramData\chocolatey\lib\chocolatey-visualstudio.extension'
2026-04-06 04:47:52,761 14024 [DEBUG] -  Found 'C:\ProgramData\chocolatey\lib\chocolatey-visualstudio.extension\CHANGELOG.md'
  with checksum 'C438AB51AAA6FE20A8C792F82477F987'
2026-04-06 04:47:52,761 14024 [DEBUG] -  Found 'C:\ProgramData\chocolatey\lib\chocolatey-visualstudio.extension\chocolatey-visualstudio.extension.nupkg'
  with checksum '66BEE38556078F5A757E3BCE87F9E3B9'
2026-04-06 04:47:52,762 14024 [DEBUG] -  Found 'C:\ProgramData\chocolatey\lib\chocolatey-visualstudio.extension\chocolatey-visualstudio.extension.nuspec'
  with checksum 'A61E6BCE9F5A04F02156A8352F34E776'
2026-04-06 04:47:52,762 14024 [DEBUG] -  Found 'C:\ProgramData\chocolatey\lib\chocolatey-visualstudio.extension\EXAMPLES.md'
  with checksum '88F1A1FC703D552353DC9BCE373571C9'
2026-04-06 04:47:52,763 14024 [DEBUG] -  Found 'C:\ProgramData\chocolatey\lib\chocolatey-visualstudio.extension\README.md'
  with checksum 'FAC8F4061794F48FE37548C646B17B76'
2026-04-06 04:47:52,765 14024 [DEBUG] -  Found 'C:\ProgramData\chocolatey\lib\chocolatey-visualstudio.extension\extensions\Add-VisualStudioComponent.ps1'
  with checksum '54692C92FF13307169528684CC43CCD3'
2026-04-06 04:47:52,765 14024 [DEBUG] -  Found 'C:\ProgramData\chocolatey\lib\chocolatey-visualstudio.extension\extensions\Add-VisualStudioWorkload.ps1'
  with checksum '3A089FAAEF557E5F7591ABC61F393087'
2026-04-06 04:47:52,765 14024 [DEBUG] -  Found 'C:\ProgramData\chocolatey\lib\chocolatey-visualstudio.extension\extensions\Assert-VSInstallerUpdated.ps1'
  with checksum 'AB8F8633D0A169B638E6EA98716EE641'
2026-04-06 04:47:52,766 14024 [DEBUG] -  Found 'C:\ProgramData\chocolatey\lib\chocolatey-visualstudio.extension\extensions\chocolatey-visualstudio.extension.psm1'
  with checksum 'E0C3014014DCD11C35E91C85BF00055F'
2026-04-06 04:47:52,766 14024 [DEBUG] -  Found 'C:\ProgramData\chocolatey\lib\chocolatey-visualstudio.extension\extensions\Clear-VSChannelCache.ps1'
  with checksum 'D2A447D9C4745BFDA9AD42EFA0F1CBC3'
2026-04-06 04:47:52,767 14024 [DEBUG] -  Found 'C:\ProgramData\chocolatey\lib\chocolatey-visualstudio.extension\extensions\Close-VSInstallSource.ps1'
  with checksum '04F11FBF0146A53799AF6D26B670AAC3'
2026-04-06 04:47:52,767 14024 [DEBUG] -  Found 'C:\ProgramData\chocolatey\lib\chocolatey-visualstudio.extension\extensions\Convert-VSProductReferenceToChannelReference.ps1'
  with checksum '9104309B2F55FF4C47C4EC5C16958302'
2026-04-06 04:47:52,767 14024 [DEBUG] -  Found 'C:\ProgramData\chocolatey\lib\chocolatey-visualstudio.extension\extensions\ConvertTo-ArgumentString.ps1'
  with checksum '6914629173E4958469DAF03EB8735573'
2026-04-06 04:47:52,768 14024 [DEBUG] -  Found 'C:\ProgramData\chocolatey\lib\chocolatey-visualstudio.extension\extensions\Generate-AdminFile.ps1'
  with checksum '4F28A947BE52C59FE9295DED061559C0'
2026-04-06 04:47:52,768 14024 [DEBUG] -  Found 'C:\ProgramData\chocolatey\lib\chocolatey-visualstudio.extension\extensions\Generate-InstallArgumentsString.ps1'
  with checksum '97B17D8BFDCE6954023197978D063956'
2026-04-06 04:47:52,769 14024 [DEBUG] -  Found 'C:\ProgramData\chocolatey\lib\chocolatey-visualstudio.extension\extensions\Generate-UninstallArgumentsString.ps1'
  with checksum 'FE33508D05293BF37504DE8A56084732'
2026-04-06 04:47:52,769 14024 [DEBUG] -  Found 'C:\ProgramData\chocolatey\lib\chocolatey-visualstudio.extension\extensions\Get-VisualStudioInstaller.ps1'
  with checksum '1CBF5AAB95FD52F2714779C2873E2F9C'
2026-04-06 04:47:52,769 14024 [DEBUG] -  Found 'C:\ProgramData\chocolatey\lib\chocolatey-visualstudio.extension\extensions\Get-VisualStudioInstallerHealth.ps1'
  with checksum '14D11473141835F2EE7300C9EA30D4C7'
2026-04-06 04:47:52,770 14024 [DEBUG] -  Found 'C:\ProgramData\chocolatey\lib\chocolatey-visualstudio.extension\extensions\Get-VisualStudioInstance.ps1'
  with checksum '549C451F2DACAAB050B43C6503A127E2'
2026-04-06 04:47:52,770 14024 [DEBUG] -  Found 'C:\ProgramData\chocolatey\lib\chocolatey-visualstudio.extension\extensions\Get-VisualStudioVsixInstaller.ps1'
  with checksum '312598246D45D71F59FB8DF25E07A960'
2026-04-06 04:47:52,771 14024 [DEBUG] -  Found 'C:\ProgramData\chocolatey\lib\chocolatey-visualstudio.extension\extensions\Get-VSBootstrapperUrlFromChannelManifest.ps1'
  with checksum 'E4A91B6B5447E6815CA055A8117BC53A'
2026-04-06 04:47:52,771 14024 [DEBUG] -  Found 'C:\ProgramData\chocolatey\lib\chocolatey-visualstudio.extension\extensions\Get-VSChannelManifest.ps1'
  with checksum '335C34C7C88D378807B0AF759A976BB4'
2026-04-06 04:47:52,771 14024 [DEBUG] -  Found 'C:\ProgramData\chocolatey\lib\chocolatey-visualstudio.extension\extensions\Get-VSChannelManifestItem.ps1'
  with checksum '47C6FCB1849AC1D3B2B3ADDBE86012D8'
2026-04-06 04:47:52,772 14024 [DEBUG] -  Found 'C:\ProgramData\chocolatey\lib\chocolatey-visualstudio.extension\extensions\Get-VSChannelManifestItemUrl.ps1'
  with checksum 'A6BB2B83D07C60AE6FE69BE0039F50AC'
2026-04-06 04:47:52,772 14024 [DEBUG] -  Found 'C:\ProgramData\chocolatey\lib\chocolatey-visualstudio.extension\extensions\Get-VSChannelManifestItemVersion.ps1'
  with checksum '46EC41A06DA391381BEBDD66296ADE67'
2026-04-06 04:47:52,773 14024 [DEBUG] -  Found 'C:\ProgramData\chocolatey\lib\chocolatey-visualstudio.extension\extensions\Get-VSChannelReference.ps1'
  with checksum '4D9644A23064A449EDB8D6BEB8A8441E'
2026-04-06 04:47:52,773 14024 [DEBUG] -  Found 'C:\ProgramData\chocolatey\lib\chocolatey-visualstudio.extension\extensions\Get-VSChannelUri.ps1'
  with checksum '455628C78B9DC4B1887A847813EEAAA3'
2026-04-06 04:47:52,773 14024 [DEBUG] -  Found 'C:\ProgramData\chocolatey\lib\chocolatey-visualstudio.extension\extensions\Get-VSComponentManifest.ps1'
  with checksum 'E0E2FAA856C91151DBF74BC9EFEB0B04'
2026-04-06 04:47:52,774 14024 [DEBUG] -  Found 'C:\ProgramData\chocolatey\lib\chocolatey-visualstudio.extension\extensions\Get-VSLegacyInstance.ps1'
  with checksum '07CB0185D6BA29F8A13C21899D42BF94'
2026-04-06 04:47:52,774 14024 [DEBUG] -  Found 'C:\ProgramData\chocolatey\lib\chocolatey-visualstudio.extension\extensions\Get-VSManifest.ps1'
  with checksum '2270318319618776D842152DBDD58059'
2026-04-06 04:47:52,775 14024 [DEBUG] -  Found 'C:\ProgramData\chocolatey\lib\chocolatey-visualstudio.extension\extensions\Get-VSProductReference.ps1'
  with checksum '40CFEE6ACADF4E71F76E3CA9307533F4'
2026-04-06 04:47:52,775 14024 [DEBUG] -  Found 'C:\ProgramData\chocolatey\lib\chocolatey-visualstudio.extension\extensions\Get-VSProductVersionFromChannelManifest.ps1'
  with checksum 'A9C0EE03EC99C3D2BF0C7BFFEDFE5EFA'
2026-04-06 04:47:52,776 14024 [DEBUG] -  Found 'C:\ProgramData\chocolatey\lib\chocolatey-visualstudio.extension\extensions\Get-VSRequiredInstallerVersion.ps1'
  with checksum '224290673A1197F0950339B55CB3B9A8'
2026-04-06 04:47:52,777 14024 [DEBUG] -  Found 'C:\ProgramData\chocolatey\lib\chocolatey-visualstudio.extension\extensions\Get-VSUninstallerExePath.ps1'
  with checksum 'BDB0AF13371B13802EDC3EDC0BFBA3D6'
2026-04-06 04:47:52,777 14024 [DEBUG] -  Found 'C:\ProgramData\chocolatey\lib\chocolatey-visualstudio.extension\extensions\Get-VSUninstallRegistryKey.ps1'
  with checksum '5024A2FE69FCB2AF74BA8588C512C12F'
2026-04-06 04:47:52,777 14024 [DEBUG] -  Found 'C:\ProgramData\chocolatey\lib\chocolatey-visualstudio.extension\extensions\Get-VSWebFile.ps1'
  with checksum '52DEF5399579B2EF1232FB15529AE2C1'
2026-04-06 04:47:52,778 14024 [DEBUG] -  Found 'C:\ProgramData\chocolatey\lib\chocolatey-visualstudio.extension\extensions\Get-WillowInstalledProducts.ps1'
  with checksum '948491296AE770DF70C63FE4A35473CF'
2026-04-06 04:47:52,778 14024 [DEBUG] -  Found 'C:\ProgramData\chocolatey\lib\chocolatey-visualstudio.extension\extensions\Install-VisualStudio.ps1'
  with checksum 'DC1DC217EF198CD89F230F4B2D0E1DD3'
2026-04-06 04:47:52,779 14024 [DEBUG] -  Found 'C:\ProgramData\chocolatey\lib\chocolatey-visualstudio.extension\extensions\Install-VisualStudioInstaller.ps1'
  with checksum 'E14F572725C359645DC3EB865A7ACDE6'
2026-04-06 04:47:52,779 14024 [DEBUG] -  Found 'C:\ProgramData\chocolatey\lib\chocolatey-visualstudio.extension\extensions\Install-VisualStudioVsixExtension.ps1'
  with checksum '3491F94092ADE85AC9A002AED23B72C9'
2026-04-06 04:47:52,779 14024 [DEBUG] -  Found 'C:\ProgramData\chocolatey\lib\chocolatey-visualstudio.extension\extensions\Install-VSChocolateyInstallPackage.ps1'
  with checksum 'F9B167CAA42C4C297CF9EEF4838AFB47'
2026-04-06 04:47:52,780 14024 [DEBUG] -  Found 'C:\ProgramData\chocolatey\lib\chocolatey-visualstudio.extension\extensions\Install-VSChocolateyPackage.ps1'
  with checksum '3AEC6A4C96279D4A9997E976374095DF'
2026-04-06 04:47:52,780 14024 [DEBUG] -  Found 'C:\ProgramData\chocolatey\lib\chocolatey-visualstudio.extension\extensions\Install-VSInstaller.ps1'
  with checksum 'F9FE38EE7C26926B03920A17633B011F'
2026-04-06 04:47:52,781 14024 [DEBUG] -  Found 'C:\ProgramData\chocolatey\lib\chocolatey-visualstudio.extension\extensions\Merge-AdditionalArguments.ps1'
  with checksum 'F772CACBB7B41F9155557A37377B6DD6'
2026-04-06 04:47:52,781 14024 [DEBUG] -  Found 'C:\ProgramData\chocolatey\lib\chocolatey-visualstudio.extension\extensions\New-VSChannelReference.ps1'
  with checksum '561EE6B8B141014374D7381394427937'
2026-04-06 04:47:52,782 14024 [DEBUG] -  Found 'C:\ProgramData\chocolatey\lib\chocolatey-visualstudio.extension\extensions\New-VSProductReference.ps1'
  with checksum '2E29D2E4FCAF6E68D60E8B177F1A50CF'
2026-04-06 04:47:52,782 14024 [DEBUG] -  Found 'C:\ProgramData\chocolatey\lib\chocolatey-visualstudio.extension\extensions\Open-VSInstallSource.ps1'
  with checksum '626D2097D22FBBA959D8BE4F2C97C6B3'
2026-04-06 04:47:52,783 14024 [DEBUG] -  Found 'C:\ProgramData\chocolatey\lib\chocolatey-visualstudio.extension\extensions\Parse-Parameters.ps1'
  with checksum '8641BA22127925D37600D095E5B30713'
2026-04-06 04:47:52,783 14024 [DEBUG] -  Found 'C:\ProgramData\chocolatey\lib\chocolatey-visualstudio.extension\extensions\Remove-NegatedArguments.ps1'
  with checksum 'AA28818DC101EFAD813A1EA8566C79D9'
2026-04-06 04:47:52,784 14024 [DEBUG] -  Found 'C:\ProgramData\chocolatey\lib\chocolatey-visualstudio.extension\extensions\Remove-VisualStudioComponent.ps1'
  with checksum 'CA2B66845885BECC2EE7131F69D2A0C5'
2026-04-06 04:47:52,784 14024 [DEBUG] -  Found 'C:\ProgramData\chocolatey\lib\chocolatey-visualstudio.extension\extensions\Remove-VisualStudioProduct.ps1'
  with checksum 'AA4EE22EFAF5B59C547B42487E73C8A5'
2026-04-06 04:47:52,784 14024 [DEBUG] -  Found 'C:\ProgramData\chocolatey\lib\chocolatey-visualstudio.extension\extensions\Remove-VisualStudioWorkload.ps1'
  with checksum 'FDB73E137313B397F8200761DE5C1F39'
2026-04-06 04:47:52,785 14024 [DEBUG] -  Found 'C:\ProgramData\chocolatey\lib\chocolatey-visualstudio.extension\extensions\Remove-VSPackageParametersNotPassedToNativeInstaller.ps1'
  with checksum '2F85FE29C1CF87779EEEB5F3DD55700B'
2026-04-06 04:47:52,785 14024 [DEBUG] -  Found 'C:\ProgramData\chocolatey\lib\chocolatey-visualstudio.extension\extensions\Resolve-VSLayoutPath.ps1'
  with checksum '26182B3B3C5DD5DA1E16486634399AFF'
2026-04-06 04:47:52,785 14024 [DEBUG] -  Found 'C:\ProgramData\chocolatey\lib\chocolatey-visualstudio.extension\extensions\Resolve-VSProductInstance.ps1'
  with checksum '1CB17BAD7182FA1F558EF91C923A3C35'
2026-04-06 04:47:52,786 14024 [DEBUG] -  Found 'C:\ProgramData\chocolatey\lib\chocolatey-visualstudio.extension\extensions\Set-PowerShellExitCode.ps1'
  with checksum '9500C804E5DA7EB590AA8F7B9A01DA89'
2026-04-06 04:47:52,786 14024 [DEBUG] -  Found 'C:\ProgramData\chocolatey\lib\chocolatey-visualstudio.extension\extensions\Show-VSInstallerErrorLog.ps1'
  with checksum 'FC44646AB79056794D5A9A44F7B53925'
2026-04-06 04:47:52,787 14024 [DEBUG] -  Found 'C:\ProgramData\chocolatey\lib\chocolatey-visualstudio.extension\extensions\Start-VSChocolateyProcessAsAdmin.ps1'
  with checksum 'D1E46F3759CB4BAA7275564BA3324F95'
2026-04-06 04:47:52,787 14024 [DEBUG] -  Found 'C:\ProgramData\chocolatey\lib\chocolatey-visualstudio.extension\extensions\Start-VSModifyOperation.ps1'
  with checksum '0347F2F292ED64469F8C91E9DED56D12'
2026-04-06 04:47:52,787 14024 [DEBUG] -  Found 'C:\ProgramData\chocolatey\lib\chocolatey-visualstudio.extension\extensions\Start-VSServicingOperation.ps1'
  with checksum '1D0779CD8FCD45277E9A3234F36B1168'
2026-04-06 04:47:52,788 14024 [DEBUG] -  Found 'C:\ProgramData\chocolatey\lib\chocolatey-visualstudio.extension\extensions\Uninstall-VisualStudio.ps1'
  with checksum '15E164CE5965ADF67BD81EA6D38BE1D7'
2026-04-06 04:47:52,788 14024 [DEBUG] -  Found 'C:\ProgramData\chocolatey\lib\chocolatey-visualstudio.extension\extensions\Uninstall-VisualStudioVsixExtension.ps1'
  with checksum '5FB148D5E3E56E8356A3F3B07BB728B8'
2026-04-06 04:47:52,789 14024 [DEBUG] -  Found 'C:\ProgramData\chocolatey\lib\chocolatey-visualstudio.extension\extensions\Uninstall-VSChocolateyPackage.ps1'
  with checksum '8D0D9A53D4246797762D8916A3191484'
2026-04-06 04:47:52,789 14024 [DEBUG] -  Found 'C:\ProgramData\chocolatey\lib\chocolatey-visualstudio.extension\extensions\Update-AdminFile.ps1'
  with checksum 'AC9DFAB9DE00BE2591F1C71BE0A80DBF'
2026-04-06 04:47:52,789 14024 [DEBUG] -  Found 'C:\ProgramData\chocolatey\lib\chocolatey-visualstudio.extension\extensions\Wait-VSInstallerProcesses.ps1'
  with checksum 'E887C2EF925CFB6864D06E7638220EAA'
2026-04-06 04:47:52,790 14024 [DEBUG] - Attempting to create directory "C:\ProgramData\chocolatey\extensions\chocolatey-visualstudio".
2026-04-06 04:47:52,791 14024 [DEBUG] - Attempting to copy "C:\ProgramData\chocolatey\lib\chocolatey-visualstudio.extension\extensions\Add-VisualStudioComponent.ps1"
 to "C:\ProgramData\chocolatey\extensions\chocolatey-visualstudio\Add-VisualStudioComponent.ps1".
2026-04-06 04:47:52,792 14024 [DEBUG] - Attempting to copy "C:\ProgramData\chocolatey\lib\chocolatey-visualstudio.extension\extensions\Add-VisualStudioWorkload.ps1"
 to "C:\ProgramData\chocolatey\extensions\chocolatey-visualstudio\Add-VisualStudioWorkload.ps1".
2026-04-06 04:47:52,792 14024 [DEBUG] - Attempting to copy "C:\ProgramData\chocolatey\lib\chocolatey-visualstudio.extension\extensions\Assert-VSInstallerUpdated.ps1"
 to "C:\ProgramData\chocolatey\extensions\chocolatey-visualstudio\Assert-VSInstallerUpdated.ps1".
2026-04-06 04:47:52,793 14024 [DEBUG] - Attempting to copy "C:\ProgramData\chocolatey\lib\chocolatey-visualstudio.extension\extensions\chocolatey-visualstudio.extension.psm1"
 to "C:\ProgramData\chocolatey\extensions\chocolatey-visualstudio\chocolatey-visualstudio.extension.psm1".
2026-04-06 04:47:52,794 14024 [DEBUG] - Attempting to copy "C:\ProgramData\chocolatey\lib\chocolatey-visualstudio.extension\extensions\Clear-VSChannelCache.ps1"
 to "C:\ProgramData\chocolatey\extensions\chocolatey-visualstudio\Clear-VSChannelCache.ps1".
2026-04-06 04:47:52,794 14024 [DEBUG] - Attempting to copy "C:\ProgramData\chocolatey\lib\chocolatey-visualstudio.extension\extensions\Close-VSInstallSource.ps1"
 to "C:\ProgramData\chocolatey\extensions\chocolatey-visualstudio\Close-VSInstallSource.ps1".
2026-04-06 04:47:52,795 14024 [DEBUG] - Attempting to copy "C:\ProgramData\chocolatey\lib\chocolatey-visualstudio.extension\extensions\Convert-VSProductReferenceToChannelReference.ps1"
 to "C:\ProgramData\chocolatey\extensions\chocolatey-visualstudio\Convert-VSProductReferenceToChannelReference.ps1".
2026-04-06 04:47:52,796 14024 [DEBUG] - Attempting to copy "C:\ProgramData\chocolatey\lib\chocolatey-visualstudio.extension\extensions\ConvertTo-ArgumentString.ps1"
 to "C:\ProgramData\chocolatey\extensions\chocolatey-visualstudio\ConvertTo-ArgumentString.ps1".
2026-04-06 04:47:52,797 14024 [DEBUG] - Attempting to copy "C:\ProgramData\chocolatey\lib\chocolatey-visualstudio.extension\extensions\Generate-AdminFile.ps1"
 to "C:\ProgramData\chocolatey\extensions\chocolatey-visualstudio\Generate-AdminFile.ps1".
2026-04-06 04:47:52,797 14024 [DEBUG] - Attempting to copy "C:\ProgramData\chocolatey\lib\chocolatey-visualstudio.extension\extensions\Generate-InstallArgumentsString.ps1"
 to "C:\ProgramData\chocolatey\extensions\chocolatey-visualstudio\Generate-InstallArgumentsString.ps1".
2026-04-06 04:47:52,798 14024 [DEBUG] - Attempting to copy "C:\ProgramData\chocolatey\lib\chocolatey-visualstudio.extension\extensions\Generate-UninstallArgumentsString.ps1"
 to "C:\ProgramData\chocolatey\extensions\chocolatey-visualstudio\Generate-UninstallArgumentsString.ps1".
2026-04-06 04:47:52,799 14024 [DEBUG] - Attempting to copy "C:\ProgramData\chocolatey\lib\chocolatey-visualstudio.extension\extensions\Get-VisualStudioInstaller.ps1"
 to "C:\ProgramData\chocolatey\extensions\chocolatey-visualstudio\Get-VisualStudioInstaller.ps1".
2026-04-06 04:47:52,801 14024 [DEBUG] - Attempting to copy "C:\ProgramData\chocolatey\lib\chocolatey-visualstudio.extension\extensions\Get-VisualStudioInstallerHealth.ps1"
 to "C:\ProgramData\chocolatey\extensions\chocolatey-visualstudio\Get-VisualStudioInstallerHealth.ps1".
2026-04-06 04:47:52,801 14024 [DEBUG] - Attempting to copy "C:\ProgramData\chocolatey\lib\chocolatey-visualstudio.extension\extensions\Get-VisualStudioInstance.ps1"
 to "C:\ProgramData\chocolatey\extensions\chocolatey-visualstudio\Get-VisualStudioInstance.ps1".
2026-04-06 04:47:52,802 14024 [DEBUG] - Attempting to copy "C:\ProgramData\chocolatey\lib\chocolatey-visualstudio.extension\extensions\Get-VisualStudioVsixInstaller.ps1"
 to "C:\ProgramData\chocolatey\extensions\chocolatey-visualstudio\Get-VisualStudioVsixInstaller.ps1".
2026-04-06 04:47:52,803 14024 [DEBUG] - Attempting to copy "C:\ProgramData\chocolatey\lib\chocolatey-visualstudio.extension\extensions\Get-VSBootstrapperUrlFromChannelManifest.ps1"
 to "C:\ProgramData\chocolatey\extensions\chocolatey-visualstudio\Get-VSBootstrapperUrlFromChannelManifest.ps1".
2026-04-06 04:47:52,803 14024 [DEBUG] - Attempting to copy "C:\ProgramData\chocolatey\lib\chocolatey-visualstudio.extension\extensions\Get-VSChannelManifest.ps1"
 to "C:\ProgramData\chocolatey\extensions\chocolatey-visualstudio\Get-VSChannelManifest.ps1".
2026-04-06 04:47:52,804 14024 [DEBUG] - Attempting to copy "C:\ProgramData\chocolatey\lib\chocolatey-visualstudio.extension\extensions\Get-VSChannelManifestItem.ps1"
 to "C:\ProgramData\chocolatey\extensions\chocolatey-visualstudio\Get-VSChannelManifestItem.ps1".
2026-04-06 04:47:52,805 14024 [DEBUG] - Attempting to copy "C:\ProgramData\chocolatey\lib\chocolatey-visualstudio.extension\extensions\Get-VSChannelManifestItemUrl.ps1"
 to "C:\ProgramData\chocolatey\extensions\chocolatey-visualstudio\Get-VSChannelManifestItemUrl.ps1".
2026-04-06 04:47:52,805 14024 [DEBUG] - Attempting to copy "C:\ProgramData\chocolatey\lib\chocolatey-visualstudio.extension\extensions\Get-VSChannelManifestItemVersion.ps1"
 to "C:\ProgramData\chocolatey\extensions\chocolatey-visualstudio\Get-VSChannelManifestItemVersion.ps1".
2026-04-06 04:47:52,806 14024 [DEBUG] - Attempting to copy "C:\ProgramData\chocolatey\lib\chocolatey-visualstudio.extension\extensions\Get-VSChannelReference.ps1"
 to "C:\ProgramData\chocolatey\extensions\chocolatey-visualstudio\Get-VSChannelReference.ps1".
2026-04-06 04:47:52,807 14024 [DEBUG] - Attempting to copy "C:\ProgramData\chocolatey\lib\chocolatey-visualstudio.extension\extensions\Get-VSChannelUri.ps1"
 to "C:\ProgramData\chocolatey\extensions\chocolatey-visualstudio\Get-VSChannelUri.ps1".
2026-04-06 04:47:52,808 14024 [DEBUG] - Attempting to copy "C:\ProgramData\chocolatey\lib\chocolatey-visualstudio.extension\extensions\Get-VSComponentManifest.ps1"
 to "C:\ProgramData\chocolatey\extensions\chocolatey-visualstudio\Get-VSComponentManifest.ps1".
2026-04-06 04:47:52,808 14024 [DEBUG] - Attempting to copy "C:\ProgramData\chocolatey\lib\chocolatey-visualstudio.extension\extensions\Get-VSLegacyInstance.ps1"
 to "C:\ProgramData\chocolatey\extensions\chocolatey-visualstudio\Get-VSLegacyInstance.ps1".
2026-04-06 04:47:52,809 14024 [DEBUG] - Attempting to copy "C:\ProgramData\chocolatey\lib\chocolatey-visualstudio.extension\extensions\Get-VSManifest.ps1"
 to "C:\ProgramData\chocolatey\extensions\chocolatey-visualstudio\Get-VSManifest.ps1".
2026-04-06 04:47:52,810 14024 [DEBUG] - Attempting to copy "C:\ProgramData\chocolatey\lib\chocolatey-visualstudio.extension\extensions\Get-VSProductReference.ps1"
 to "C:\ProgramData\chocolatey\extensions\chocolatey-visualstudio\Get-VSProductReference.ps1".
2026-04-06 04:47:52,810 14024 [DEBUG] - Attempting to copy "C:\ProgramData\chocolatey\lib\chocolatey-visualstudio.extension\extensions\Get-VSProductVersionFromChannelManifest.ps1"
 to "C:\ProgramData\chocolatey\extensions\chocolatey-visualstudio\Get-VSProductVersionFromChannelManifest.ps1".
2026-04-06 04:47:52,811 14024 [DEBUG] - Attempting to copy "C:\ProgramData\chocolatey\lib\chocolatey-visualstudio.extension\extensions\Get-VSRequiredInstallerVersion.ps1"
 to "C:\ProgramData\chocolatey\extensions\chocolatey-visualstudio\Get-VSRequiredInstallerVersion.ps1".
2026-04-06 04:47:52,812 14024 [DEBUG] - Attempting to copy "C:\ProgramData\chocolatey\lib\chocolatey-visualstudio.extension\extensions\Get-VSUninstallerExePath.ps1"
 to "C:\ProgramData\chocolatey\extensions\chocolatey-visualstudio\Get-VSUninstallerExePath.ps1".
2026-04-06 04:47:52,812 14024 [DEBUG] - Attempting to copy "C:\ProgramData\chocolatey\lib\chocolatey-visualstudio.extension\extensions\Get-VSUninstallRegistryKey.ps1"
 to "C:\ProgramData\chocolatey\extensions\chocolatey-visualstudio\Get-VSUninstallRegistryKey.ps1".
2026-04-06 04:47:52,813 14024 [DEBUG] - Attempting to copy "C:\ProgramData\chocolatey\lib\chocolatey-visualstudio.extension\extensions\Get-VSWebFile.ps1"
 to "C:\ProgramData\chocolatey\extensions\chocolatey-visualstudio\Get-VSWebFile.ps1".
2026-04-06 04:47:52,814 14024 [DEBUG] - Attempting to copy "C:\ProgramData\chocolatey\lib\chocolatey-visualstudio.extension\extensions\Get-WillowInstalledProducts.ps1"
 to "C:\ProgramData\chocolatey\extensions\chocolatey-visualstudio\Get-WillowInstalledProducts.ps1".
2026-04-06 04:47:52,814 14024 [DEBUG] - Attempting to copy "C:\ProgramData\chocolatey\lib\chocolatey-visualstudio.extension\extensions\Install-VisualStudio.ps1"
 to "C:\ProgramData\chocolatey\extensions\chocolatey-visualstudio\Install-VisualStudio.ps1".
2026-04-06 04:47:52,815 14024 [DEBUG] - Attempting to copy "C:\ProgramData\chocolatey\lib\chocolatey-visualstudio.extension\extensions\Install-VisualStudioInstaller.ps1"
 to "C:\ProgramData\chocolatey\extensions\chocolatey-visualstudio\Install-VisualStudioInstaller.ps1".
2026-04-06 04:47:52,816 14024 [DEBUG] - Attempting to copy "C:\ProgramData\chocolatey\lib\chocolatey-visualstudio.extension\extensions\Install-VisualStudioVsixExtension.ps1"
 to "C:\ProgramData\chocolatey\extensions\chocolatey-visualstudio\Install-VisualStudioVsixExtension.ps1".
2026-04-06 04:47:52,817 14024 [DEBUG] - Attempting to copy "C:\ProgramData\chocolatey\lib\chocolatey-visualstudio.extension\extensions\Install-VSChocolateyInstallPackage.ps1"
 to "C:\ProgramData\chocolatey\extensions\chocolatey-visualstudio\Install-VSChocolateyInstallPackage.ps1".
2026-04-06 04:47:52,817 14024 [DEBUG] - Attempting to copy "C:\ProgramData\chocolatey\lib\chocolatey-visualstudio.extension\extensions\Install-VSChocolateyPackage.ps1"
 to "C:\ProgramData\chocolatey\extensions\chocolatey-visualstudio\Install-VSChocolateyPackage.ps1".
2026-04-06 04:47:52,818 14024 [DEBUG] - Attempting to copy "C:\ProgramData\chocolatey\lib\chocolatey-visualstudio.extension\extensions\Install-VSInstaller.ps1"
 to "C:\ProgramData\chocolatey\extensions\chocolatey-visualstudio\Install-VSInstaller.ps1".
2026-04-06 04:47:52,819 14024 [DEBUG] - Attempting to copy "C:\ProgramData\chocolatey\lib\chocolatey-visualstudio.extension\extensions\Merge-AdditionalArguments.ps1"
 to "C:\ProgramData\chocolatey\extensions\chocolatey-visualstudio\Merge-AdditionalArguments.ps1".
2026-04-06 04:47:52,819 14024 [DEBUG] - Attempting to copy "C:\ProgramData\chocolatey\lib\chocolatey-visualstudio.extension\extensions\New-VSChannelReference.ps1"
 to "C:\ProgramData\chocolatey\extensions\chocolatey-visualstudio\New-VSChannelReference.ps1".
2026-04-06 04:47:52,820 14024 [DEBUG] - Attempting to copy "C:\ProgramData\chocolatey\lib\chocolatey-visualstudio.extension\extensions\New-VSProductReference.ps1"
 to "C:\ProgramData\chocolatey\extensions\chocolatey-visualstudio\New-VSProductReference.ps1".
2026-04-06 04:47:52,821 14024 [DEBUG] - Attempting to copy "C:\ProgramData\chocolatey\lib\chocolatey-visualstudio.extension\extensions\Open-VSInstallSource.ps1"
 to "C:\ProgramData\chocolatey\extensions\chocolatey-visualstudio\Open-VSInstallSource.ps1".
2026-04-06 04:47:52,821 14024 [DEBUG] - Attempting to copy "C:\ProgramData\chocolatey\lib\chocolatey-visualstudio.extension\extensions\Parse-Parameters.ps1"
 to "C:\ProgramData\chocolatey\extensions\chocolatey-visualstudio\Parse-Parameters.ps1".
2026-04-06 04:47:52,822 14024 [DEBUG] - Attempting to copy "C:\ProgramData\chocolatey\lib\chocolatey-visualstudio.extension\extensions\Remove-NegatedArguments.ps1"
 to "C:\ProgramData\chocolatey\extensions\chocolatey-visualstudio\Remove-NegatedArguments.ps1".
2026-04-06 04:47:52,823 14024 [DEBUG] - Attempting to copy "C:\ProgramData\chocolatey\lib\chocolatey-visualstudio.extension\extensions\Remove-VisualStudioComponent.ps1"
 to "C:\ProgramData\chocolatey\extensions\chocolatey-visualstudio\Remove-VisualStudioComponent.ps1".
2026-04-06 04:47:52,824 14024 [DEBUG] - Attempting to copy "C:\ProgramData\chocolatey\lib\chocolatey-visualstudio.extension\extensions\Remove-VisualStudioProduct.ps1"
 to "C:\ProgramData\chocolatey\extensions\chocolatey-visualstudio\Remove-VisualStudioProduct.ps1".
2026-04-06 04:47:52,824 14024 [DEBUG] - Attempting to copy "C:\ProgramData\chocolatey\lib\chocolatey-visualstudio.extension\extensions\Remove-VisualStudioWorkload.ps1"
 to "C:\ProgramData\chocolatey\extensions\chocolatey-visualstudio\Remove-VisualStudioWorkload.ps1".
2026-04-06 04:47:52,825 14024 [DEBUG] - Attempting to copy "C:\ProgramData\chocolatey\lib\chocolatey-visualstudio.extension\extensions\Remove-VSPackageParametersNotPassedToNativeInstaller.ps1"
 to "C:\ProgramData\chocolatey\extensions\chocolatey-visualstudio\Remove-VSPackageParametersNotPassedToNativeInstaller.ps1".
2026-04-06 04:47:52,826 14024 [DEBUG] - Attempting to copy "C:\ProgramData\chocolatey\lib\chocolatey-visualstudio.extension\extensions\Resolve-VSLayoutPath.ps1"
 to "C:\ProgramData\chocolatey\extensions\chocolatey-visualstudio\Resolve-VSLayoutPath.ps1".
2026-04-06 04:47:52,826 14024 [DEBUG] - Attempting to copy "C:\ProgramData\chocolatey\lib\chocolatey-visualstudio.extension\extensions\Resolve-VSProductInstance.ps1"
 to "C:\ProgramData\chocolatey\extensions\chocolatey-visualstudio\Resolve-VSProductInstance.ps1".
2026-04-06 04:47:52,827 14024 [DEBUG] - Attempting to copy "C:\ProgramData\chocolatey\lib\chocolatey-visualstudio.extension\extensions\Set-PowerShellExitCode.ps1"
 to "C:\ProgramData\chocolatey\extensions\chocolatey-visualstudio\Set-PowerShellExitCode.ps1".
2026-04-06 04:47:52,828 14024 [DEBUG] - Attempting to copy "C:\ProgramData\chocolatey\lib\chocolatey-visualstudio.extension\extensions\Show-VSInstallerErrorLog.ps1"
 to "C:\ProgramData\chocolatey\extensions\chocolatey-visualstudio\Show-VSInstallerErrorLog.ps1".
2026-04-06 04:47:52,829 14024 [DEBUG] - Attempting to copy "C:\ProgramData\chocolatey\lib\chocolatey-visualstudio.extension\extensions\Start-VSChocolateyProcessAsAdmin.ps1"
 to "C:\ProgramData\chocolatey\extensions\chocolatey-visualstudio\Start-VSChocolateyProcessAsAdmin.ps1".
2026-04-06 04:47:52,829 14024 [DEBUG] - Attempting to copy "C:\ProgramData\chocolatey\lib\chocolatey-visualstudio.extension\extensions\Start-VSModifyOperation.ps1"
 to "C:\ProgramData\chocolatey\extensions\chocolatey-visualstudio\Start-VSModifyOperation.ps1".
2026-04-06 04:47:52,830 14024 [DEBUG] - Attempting to copy "C:\ProgramData\chocolatey\lib\chocolatey-visualstudio.extension\extensions\Start-VSServicingOperation.ps1"
 to "C:\ProgramData\chocolatey\extensions\chocolatey-visualstudio\Start-VSServicingOperation.ps1".
2026-04-06 04:47:52,831 14024 [DEBUG] - Attempting to copy "C:\ProgramData\chocolatey\lib\chocolatey-visualstudio.extension\extensions\Uninstall-VisualStudio.ps1"
 to "C:\ProgramData\chocolatey\extensions\chocolatey-visualstudio\Uninstall-VisualStudio.ps1".
2026-04-06 04:47:52,831 14024 [DEBUG] - Attempting to copy "C:\ProgramData\chocolatey\lib\chocolatey-visualstudio.extension\extensions\Uninstall-VisualStudioVsixExtension.ps1"
 to "C:\ProgramData\chocolatey\extensions\chocolatey-visualstudio\Uninstall-VisualStudioVsixExtension.ps1".
2026-04-06 04:47:52,832 14024 [DEBUG] - Attempting to copy "C:\ProgramData\chocolatey\lib\chocolatey-visualstudio.extension\extensions\Uninstall-VSChocolateyPackage.ps1"
 to "C:\ProgramData\chocolatey\extensions\chocolatey-visualstudio\Uninstall-VSChocolateyPackage.ps1".
2026-04-06 04:47:52,833 14024 [DEBUG] - Attempting to copy "C:\ProgramData\chocolatey\lib\chocolatey-visualstudio.extension\extensions\Update-AdminFile.ps1"
 to "C:\ProgramData\chocolatey\extensions\chocolatey-visualstudio\Update-AdminFile.ps1".
2026-04-06 04:47:52,833 14024 [DEBUG] - Attempting to copy "C:\ProgramData\chocolatey\lib\chocolatey-visualstudio.extension\extensions\Wait-VSInstallerProcesses.ps1"
 to "C:\ProgramData\chocolatey\extensions\chocolatey-visualstudio\Wait-VSInstallerProcesses.ps1".
2026-04-06 04:47:54,339 14024 [WARN ] -  Installed/updated chocolatey-visualstudio extensions.
2026-04-06 04:47:54,342 14024 [DEBUG] - Attempting to create directory "C:\ProgramData\chocolatey\.chocolatey\chocolatey-visualstudio.extension.1.13.0".
2026-04-06 04:47:54,343 14024 [DEBUG] - There was no original file at 'C:\ProgramData\chocolatey\.chocolatey\chocolatey-visualstudio.extension.1.13.0\.files'
2026-04-06 04:47:54,344 14024 [DEBUG] - Attempting to delete file "C:\ProgramData\chocolatey\.chocolatey\chocolatey-visualstudio.extension.1.13.0\.extra".
2026-04-06 04:47:54,344 14024 [DEBUG] - Attempting to delete file "C:\ProgramData\chocolatey\.chocolatey\chocolatey-visualstudio.extension.1.13.0\.version".
2026-04-06 04:47:54,344 14024 [DEBUG] - Attempting to delete file "C:\ProgramData\chocolatey\.chocolatey\chocolatey-visualstudio.extension.1.13.0\.sxs".
2026-04-06 04:47:54,345 14024 [DEBUG] - Attempting to delete file "C:\ProgramData\chocolatey\.chocolatey\chocolatey-visualstudio.extension.1.13.0\.pin".
2026-04-06 04:47:54,346 14024 [DEBUG] - Sending message 'HandlePackageResultCompletedMessage' out if there are subscribers...
2026-04-06 04:47:54,346 14024 [DEBUG] - Attempting to delete file "C:\ProgramData\chocolatey\lib\chocolatey-visualstudio.extension\.chocolateyPending".
2026-04-06 04:47:54,347 14024 [INFO ] -  The upgrade of chocolatey-visualstudio.extension was successful.
2026-04-06 04:47:54,347 14024 [INFO ] -   Deployed to 'C:\ProgramData\chocolatey\extensions\chocolatey-visualstudio'
2026-04-06 04:47:54,348 14024 [INFO ] - [NuGet]   GET https://community.chocolatey.org/api/v2/Packages(Id='dotnetfx',Version='4.8.0.20220524')
2026-04-06 04:47:54,645 14024 [INFO ] - [NuGet]   OK https://community.chocolatey.org/api/v2/Packages(Id='dotnetfx',Version='4.8.0.20220524') 296ms
2026-04-06 04:47:54,651 14024 [DEBUG] - Attempting to delete file "".
2026-04-06 04:47:54,651 14024 [INFO ] - Downloading package from source 'https://community.chocolatey.org/api/v2/'
2026-04-06 04:47:54,652 14024 [DEBUG] - Package download location 'https://community.chocolatey.org/api/v2/package/dotnetfx/4.8.0.20220524'
2026-04-06 04:47:54,652 14024 [INFO ] - [NuGet]   GET https://community.chocolatey.org/api/v2/package/dotnetfx/4.8.0.20220524
2026-04-06 04:47:55,168 14024 [INFO ] - [NuGet]   OK https://community.chocolatey.org/api/v2/package/dotnetfx/4.8.0.20220524 515ms
2026-04-06 04:47:55,169 14024 [INFO ] - [NuGet] Acquiring lock for the installation of dotnetfx 4.8.0.20220524
2026-04-06 04:47:55,169 14024 [INFO ] - [NuGet] Acquired lock for the installation of dotnetfx 4.8.0.20220524
2026-04-06 04:47:55,174 14024 [INFO ] - [NuGet] Installed dotnetfx 4.8.0.20220524 from https://community.chocolatey.org/api/v2/ with content hash Uup80lWGnYJaoV9FkVojptQ2h4g2vtaWLXPQqf8Vagw+aKESfIYqckGM+7+++otSvazmMxSQ3pdufoIcLQ5dqQ==.
2026-04-06 04:47:55,190 14024 [DEBUG] - Skipping package hash validation as feature 'usePackageHashValidation' is not enabled.
2026-04-06 04:47:55,197 14024 [INFO ] - [NuGet] Adding package 'dotnetfx.4.8.0.20220524 : chocolatey-dotnetfx.extension [1.0.1, ), kb2919355 [1.0.20160915, )' to folder 'C:\ProgramData\chocolatey\lib'
2026-04-06 04:47:55,229 14024 [INFO ] - [NuGet] Added package 'dotnetfx.4.8.0.20220524 : chocolatey-dotnetfx.extension [1.0.1, ), kb2919355 [1.0.20160915, )' to folder 'C:\ProgramData\chocolatey\lib'
2026-04-06 04:47:55,229 14024 [DEBUG] - Attempting to delete file "C:\Users\tsmit\AppData\Local\Temp\ChocolateyScratch\dotnetfx/4.8.0.20220524\dotnetfx.4.8.0.20220524.nupkg".
2026-04-06 04:47:55,229 14024 [DEBUG] - Attempting to delete file "C:\Users\tsmit\AppData\Local\Temp\ChocolateyScratch\dotnetfx/4.8.0.20220524\.nupkg.metadata".
2026-04-06 04:47:55,230 14024 [DEBUG] - Attempting to delete file "C:\Users\tsmit\AppData\Local\Temp\ChocolateyScratch\dotnetfx/4.8.0.20220524\dotnetfx.4.8.0.20220524.nupkg.sha512".
2026-04-06 04:47:55,230 14024 [INFO ] - 
dotnetfx v4.8.0.20220524 [Approved]
2026-04-06 04:47:55,232 14024 [INFO ] - dotnetfx package files upgrade completed. Performing other installation steps.
2026-04-06 04:47:55,242 14024 [DEBUG] - Contents of 'C:\ProgramData\chocolatey\lib\dotnetfx\tools\ChocolateyInstall.ps1':
2026-04-06 04:47:55,242 14024 [DEBUG] - $version = '4.8'
$arguments = @{
    PackageName = 'dotnetfx'
    Release = 528040
    Version = $version
    ProductNameWithVersion = "Microsoft .NET Framework $version"
    Url = 'https://download.visualstudio.microsoft.com/download/pr/2d6bb6b2-226a-4baa-bdec-798822606ff1/8494001c276a4b96804cde7829c04d7f/ndp48-x86-x64-allos-enu.exe'
    Checksum = '68C9986A8DCC0214D909AA1F31BEE9FB5461BB839EDCA996A75B08DDFFC1483F'
    ChecksumType = 'sha256'
}

Install-DotNetFramework @arguments

2026-04-06 04:47:55,243 14024 [DEBUG] - Calling built-in PowerShell host with ['[System.Threading.Thread]::CurrentThread.CurrentCulture = '';[System.Threading.Thread]::CurrentThread.CurrentUICulture = '';[System.Net.ServicePointManager]::SecurityProtocol = [System.Net.SecurityProtocolType]::SystemDefault; & import-module -name 'C:\ProgramData\chocolatey\helpers\chocolateyInstaller.psm1'; & 'C:\ProgramData\chocolatey\helpers\chocolateyScriptRunner.ps1' -packageScript 'C:\ProgramData\chocolatey\lib\dotnetfx\tools\ChocolateyInstall.ps1' -installArguments '' -packageParameters '' -preRunHookScripts $null -postRunHookScripts $null']
2026-04-06 04:47:55,250 14024 [DEBUG] - Redirecting Microsoft.WSMan.Management.resources, Version=3.0.0.0, Culture=en-US, PublicKeyToken=31bf3856ad364e35, requested by ''
2026-04-06 04:47:55,280 14024 [DEBUG] - Host version is 5.1.26100.1882, PowerShell Version is '5.1.26100.7920' and CLR Version is '4.0.30319.42000'.
2026-04-06 04:47:55,304 14024 [INFO ] - VERBOSE: Loading module from path 'C:\ProgramData\chocolatey\helpers\Chocolatey.PowerShell.dll'.
2026-04-06 04:47:55,305 14024 [INFO ] - VERBOSE: Importing cmdlet 'Get-EnvironmentVariable'.
2026-04-06 04:47:55,306 14024 [INFO ] - VERBOSE: Importing cmdlet 'Get-EnvironmentVariableNames'.
2026-04-06 04:47:55,306 14024 [INFO ] - VERBOSE: Importing cmdlet 'Install-ChocolateyPath'.
2026-04-06 04:47:55,306 14024 [INFO ] - VERBOSE: Importing cmdlet 'Set-EnvironmentVariable'.
2026-04-06 04:47:55,306 14024 [INFO ] - VERBOSE: Importing cmdlet 'Test-ProcessAdminRights'.
2026-04-06 04:47:55,306 14024 [INFO ] - VERBOSE: Importing cmdlet 'Uninstall-ChocolateyPath'.
2026-04-06 04:47:55,307 14024 [INFO ] - VERBOSE: Importing cmdlet 'Update-SessionEnvironment'.
2026-04-06 04:47:55,307 14024 [DEBUG] - Cmdlets exported from Chocolatey.PowerShell.dll
2026-04-06 04:47:55,307 14024 [DEBUG] - Get-EnvironmentVariable
2026-04-06 04:47:55,307 14024 [DEBUG] - Get-EnvironmentVariableNames
2026-04-06 04:47:55,308 14024 [DEBUG] - Install-ChocolateyPath
2026-04-06 04:47:55,308 14024 [DEBUG] - Set-EnvironmentVariable
2026-04-06 04:47:55,308 14024 [DEBUG] - Test-ProcessAdminRights
2026-04-06 04:47:55,308 14024 [DEBUG] - Uninstall-ChocolateyPath
2026-04-06 04:47:55,308 14024 [DEBUG] - Update-SessionEnvironment
2026-04-06 04:47:55,309 14024 [INFO ] - VERBOSE: Exporting function 'Format-FileSize'.
2026-04-06 04:47:55,309 14024 [INFO ] - VERBOSE: Exporting function 'Get-ChecksumValid'.
2026-04-06 04:47:55,309 14024 [INFO ] - VERBOSE: Exporting function 'Get-ChocolateyConfigValue'.
2026-04-06 04:47:55,310 14024 [INFO ] - VERBOSE: Exporting function 'Get-ChocolateyPath'.
2026-04-06 04:47:55,310 14024 [INFO ] - VERBOSE: Exporting function 'Get-ChocolateyUnzip'.
2026-04-06 04:47:55,310 14024 [INFO ] - VERBOSE: Exporting function 'Get-ChocolateyWebFile'.
2026-04-06 04:47:55,310 14024 [INFO ] - VERBOSE: Exporting function 'Get-FtpFile'.
2026-04-06 04:47:55,310 14024 [INFO ] - VERBOSE: Exporting function 'Get-OSArchitectureWidth'.
2026-04-06 04:47:55,311 14024 [INFO ] - VERBOSE: Exporting function 'Get-PackageParameters'.
2026-04-06 04:47:55,311 14024 [INFO ] - VERBOSE: Exporting function 'Get-PackageParametersBuiltIn'.
2026-04-06 04:47:55,311 14024 [INFO ] - VERBOSE: Exporting function 'Get-ToolsLocation'.
2026-04-06 04:47:55,311 14024 [INFO ] - VERBOSE: Exporting function 'Get-UACEnabled'.
2026-04-06 04:47:55,311 14024 [INFO ] - VERBOSE: Exporting function 'Get-UninstallRegistryKey'.
2026-04-06 04:47:55,312 14024 [INFO ] - VERBOSE: Exporting function 'Get-VirusCheckValid'.
2026-04-06 04:47:55,312 14024 [INFO ] - VERBOSE: Exporting function 'Get-WebFile'.
2026-04-06 04:47:55,312 14024 [INFO ] - VERBOSE: Exporting function 'Get-WebFileName'.
2026-04-06 04:47:55,312 14024 [INFO ] - VERBOSE: Exporting function 'Get-WebHeaders'.
2026-04-06 04:47:55,313 14024 [INFO ] - VERBOSE: Exporting function 'Install-BinFile'.
2026-04-06 04:47:55,313 14024 [INFO ] - VERBOSE: Exporting function 'Install-ChocolateyEnvironmentVariable'.
2026-04-06 04:47:55,313 14024 [INFO ] - VERBOSE: Exporting function 'Install-ChocolateyExplorerMenuItem'.
2026-04-06 04:47:55,313 14024 [INFO ] - VERBOSE: Exporting function 'Install-ChocolateyFileAssociation'.
2026-04-06 04:47:55,313 14024 [INFO ] - VERBOSE: Exporting function 'Install-ChocolateyInstallPackage'.
2026-04-06 04:47:55,314 14024 [INFO ] - VERBOSE: Exporting function 'Install-ChocolateyPackage'.
2026-04-06 04:47:55,314 14024 [INFO ] - VERBOSE: Exporting function 'Install-ChocolateyPinnedTaskBarItem'.
2026-04-06 04:47:55,314 14024 [INFO ] - VERBOSE: Exporting function 'Install-ChocolateyPowershellCommand'.
2026-04-06 04:47:55,314 14024 [INFO ] - VERBOSE: Exporting function 'Install-ChocolateyShortcut'.
2026-04-06 04:47:55,314 14024 [INFO ] - VERBOSE: Exporting function 'Install-ChocolateyVsixPackage'.
2026-04-06 04:47:55,315 14024 [INFO ] - VERBOSE: Exporting function 'Install-ChocolateyZipPackage'.
2026-04-06 04:47:55,315 14024 [INFO ] - VERBOSE: Exporting function 'Install-Vsix'.
2026-04-06 04:47:55,315 14024 [INFO ] - VERBOSE: Exporting function 'Set-PowerShellExitCode'.
2026-04-06 04:47:55,315 14024 [INFO ] - VERBOSE: Exporting function 'Start-ChocolateyProcessAsAdmin'.
2026-04-06 04:47:55,316 14024 [INFO ] - VERBOSE: Exporting function 'Uninstall-BinFile'.
2026-04-06 04:47:55,316 14024 [INFO ] - VERBOSE: Exporting function 'Uninstall-ChocolateyEnvironmentVariable'.
2026-04-06 04:47:55,316 14024 [INFO ] - VERBOSE: Exporting function 'Uninstall-ChocolateyPackage'.
2026-04-06 04:47:55,316 14024 [INFO ] - VERBOSE: Exporting function 'Uninstall-ChocolateyZipPackage'.
2026-04-06 04:47:55,316 14024 [INFO ] - VERBOSE: Exporting function 'Write-FunctionCallLogMessage'.
2026-04-06 04:47:55,317 14024 [INFO ] - VERBOSE: Exporting cmdlet 'Get-EnvironmentVariable'.
2026-04-06 04:47:55,317 14024 [INFO ] - VERBOSE: Exporting cmdlet 'Get-EnvironmentVariableNames'.
2026-04-06 04:47:55,317 14024 [INFO ] - VERBOSE: Exporting cmdlet 'Install-ChocolateyPath'.
2026-04-06 04:47:55,317 14024 [INFO ] - VERBOSE: Exporting cmdlet 'Set-EnvironmentVariable'.
2026-04-06 04:47:55,317 14024 [INFO ] - VERBOSE: Exporting cmdlet 'Test-ProcessAdminRights'.
2026-04-06 04:47:55,318 14024 [INFO ] - VERBOSE: Exporting cmdlet 'Uninstall-ChocolateyPath'.
2026-04-06 04:47:55,318 14024 [INFO ] - VERBOSE: Exporting cmdlet 'Update-SessionEnvironment'.
2026-04-06 04:47:55,318 14024 [INFO ] - VERBOSE: Exporting alias 'Get-ProcessorBits'.
2026-04-06 04:47:55,318 14024 [INFO ] - VERBOSE: Exporting alias 'Get-OSBitness'.
2026-04-06 04:47:55,319 14024 [INFO ] - VERBOSE: Exporting alias 'Get-InstallRegistryKey'.
2026-04-06 04:47:55,319 14024 [INFO ] - VERBOSE: Exporting alias 'Generate-BinFile'.
2026-04-06 04:47:55,319 14024 [INFO ] - VERBOSE: Exporting alias 'Add-BinFile'.
2026-04-06 04:47:55,319 14024 [INFO ] - VERBOSE: Exporting alias 'Start-ChocolateyProcess'.
2026-04-06 04:47:55,319 14024 [INFO ] - VERBOSE: Exporting alias 'Invoke-ChocolateyProcess'.
2026-04-06 04:47:55,319 14024 [INFO ] - VERBOSE: Exporting alias 'Remove-BinFile'.
2026-04-06 04:47:55,321 14024 [INFO ] - VERBOSE: Exporting alias 'refreshenv'.
2026-04-06 04:47:55,321 14024 [DEBUG] - Loading community extensions
2026-04-06 04:47:55,322 14024 [DEBUG] - Importing 'C:\ProgramData\chocolatey\extensions\chocolatey-compatibility\chocolatey-compatibility.psm1'
2026-04-06 04:47:55,323 14024 [INFO ] - VERBOSE: Loading module from path 'C:\ProgramData\chocolatey\extensions\chocolatey-compatibility\chocolatey-compatibility.psm1'.
2026-04-06 04:47:55,329 14024 [DEBUG] - Function 'Get-PackageParameters' exists, ignoring export.
2026-04-06 04:47:55,329 14024 [DEBUG] - Function 'Get-UninstallRegistryKey' exists, ignoring export.
2026-04-06 04:47:55,331 14024 [DEBUG] - Exporting function 'Install-ChocolateyDesktopLink' for backwards compatibility
2026-04-06 04:47:55,332 14024 [INFO ] - VERBOSE: Exporting function 'Install-ChocolateyDesktopLink'.
2026-04-06 04:47:55,332 14024 [DEBUG] - Exporting function 'Write-ChocolateyFailure' for backwards compatibility
2026-04-06 04:47:55,333 14024 [INFO ] - VERBOSE: Exporting function 'Write-ChocolateyFailure'.
2026-04-06 04:47:55,333 14024 [DEBUG] - Exporting function 'Write-ChocolateySuccess' for backwards compatibility
2026-04-06 04:47:55,334 14024 [INFO ] - VERBOSE: Exporting function 'Write-ChocolateySuccess'.
2026-04-06 04:47:55,334 14024 [DEBUG] - Exporting function 'Write-FileUpdateLog' for backwards compatibility
2026-04-06 04:47:55,335 14024 [INFO ] - VERBOSE: Exporting function 'Write-FileUpdateLog'.
2026-04-06 04:47:55,335 14024 [INFO ] - VERBOSE: Importing function 'Install-ChocolateyDesktopLink'.
2026-04-06 04:47:55,336 14024 [INFO ] - VERBOSE: Importing function 'Write-ChocolateyFailure'.
2026-04-06 04:47:55,336 14024 [INFO ] - VERBOSE: Importing function 'Write-ChocolateySuccess'.
2026-04-06 04:47:55,336 14024 [INFO ] - VERBOSE: Importing function 'Write-FileUpdateLog'.
2026-04-06 04:47:55,337 14024 [DEBUG] - Importing 'C:\ProgramData\chocolatey\extensions\chocolatey-core\chocolatey-core.psm1'
2026-04-06 04:47:55,337 14024 [INFO ] - VERBOSE: Loading module from path 'C:\ProgramData\chocolatey\extensions\chocolatey-core\chocolatey-core.psm1'.
2026-04-06 04:47:55,357 14024 [INFO ] - VERBOSE: Exporting function 'Get-AppInstallLocation'.
2026-04-06 04:47:55,357 14024 [INFO ] - VERBOSE: Exporting function 'Get-AvailableDriveLetter'.
2026-04-06 04:47:55,358 14024 [INFO ] - VERBOSE: Exporting function 'Get-EffectiveProxy'.
2026-04-06 04:47:55,358 14024 [INFO ] - VERBOSE: Exporting function 'Get-PackageCacheLocation'.
2026-04-06 04:47:55,358 14024 [INFO ] - VERBOSE: Exporting function 'Get-WebContent'.
2026-04-06 04:47:55,359 14024 [INFO ] - VERBOSE: Exporting function 'Register-Application'.
2026-04-06 04:47:55,359 14024 [INFO ] - VERBOSE: Exporting function 'Remove-Process'.
2026-04-06 04:47:55,359 14024 [INFO ] - VERBOSE: Importing function 'Get-AppInstallLocation'.
2026-04-06 04:47:55,359 14024 [INFO ] - VERBOSE: Importing function 'Get-AvailableDriveLetter'.
2026-04-06 04:47:55,361 14024 [INFO ] - VERBOSE: Importing function 'Get-EffectiveProxy'.
2026-04-06 04:47:55,361 14024 [INFO ] - VERBOSE: Importing function 'Get-PackageCacheLocation'.
2026-04-06 04:47:55,361 14024 [INFO ] - VERBOSE: Importing function 'Get-WebContent'.
2026-04-06 04:47:55,361 14024 [INFO ] - VERBOSE: Importing function 'Register-Application'.
2026-04-06 04:47:55,361 14024 [INFO ] - VERBOSE: Importing function 'Remove-Process'.
2026-04-06 04:47:55,362 14024 [DEBUG] - Importing 'C:\ProgramData\chocolatey\extensions\chocolatey-dotnetfx\chocolatey-dotnetfx.psm1'
2026-04-06 04:47:55,363 14024 [INFO ] - VERBOSE: Loading module from path 'C:\ProgramData\chocolatey\extensions\chocolatey-dotnetfx\chocolatey-dotnetfx.psm1'.
2026-04-06 04:47:55,452 14024 [INFO ] - VERBOSE: Exporting function 'Install-DotNetFramework'.
2026-04-06 04:47:55,452 14024 [INFO ] - VERBOSE: Exporting function 'Install-DotNetDevPack'.
2026-04-06 04:47:55,453 14024 [INFO ] - VERBOSE: Importing function 'Install-DotNetDevPack'.
2026-04-06 04:47:55,453 14024 [INFO ] - VERBOSE: Importing function 'Install-DotNetFramework'.
2026-04-06 04:47:55,454 14024 [DEBUG] - Importing 'C:\ProgramData\chocolatey\extensions\chocolatey-visualstudio\chocolatey-visualstudio.extension.psm1'
2026-04-06 04:47:55,454 14024 [INFO ] - VERBOSE: Loading module from path 'C:\ProgramData\chocolatey\extensions\chocolatey-visualstudio\chocolatey-visualstudio.extension.psm1'.
2026-04-06 04:47:56,451 14024 [INFO ] - VERBOSE: Exporting function 'Add-VisualStudioComponent'.
2026-04-06 04:47:56,451 14024 [INFO ] - VERBOSE: Exporting function 'Add-VisualStudioWorkload'.
2026-04-06 04:47:56,451 14024 [INFO ] - VERBOSE: Exporting function 'Get-VisualStudioInstaller'.
2026-04-06 04:47:56,452 14024 [INFO ] - VERBOSE: Exporting function 'Get-VisualStudioInstallerHealth'.
2026-04-06 04:47:56,452 14024 [INFO ] - VERBOSE: Exporting function 'Get-VisualStudioInstance'.
2026-04-06 04:47:56,452 14024 [INFO ] - VERBOSE: Exporting function 'Get-VisualStudioVsixInstaller'.
2026-04-06 04:47:56,452 14024 [INFO ] - VERBOSE: Exporting function 'Install-VisualStudio'.
2026-04-06 04:47:56,453 14024 [INFO ] - VERBOSE: Exporting function 'Install-VisualStudioInstaller'.
2026-04-06 04:47:56,453 14024 [INFO ] - VERBOSE: Exporting function 'Install-VisualStudioVsixExtension'.
2026-04-06 04:47:56,453 14024 [INFO ] - VERBOSE: Exporting function 'Remove-VisualStudioComponent'.
2026-04-06 04:47:56,453 14024 [INFO ] - VERBOSE: Exporting function 'Remove-VisualStudioProduct'.
2026-04-06 04:47:56,453 14024 [INFO ] - VERBOSE: Exporting function 'Remove-VisualStudioWorkload'.
2026-04-06 04:47:56,454 14024 [INFO ] - VERBOSE: Exporting function 'Uninstall-VisualStudio'.
2026-04-06 04:47:56,454 14024 [INFO ] - VERBOSE: Exporting function 'Uninstall-VisualStudioVsixExtension'.
2026-04-06 04:47:56,454 14024 [INFO ] - VERBOSE: Importing function 'Add-VisualStudioComponent'.
2026-04-06 04:47:56,455 14024 [INFO ] - VERBOSE: Importing function 'Add-VisualStudioWorkload'.
2026-04-06 04:47:56,455 14024 [INFO ] - VERBOSE: Importing function 'Get-VisualStudioInstaller'.
2026-04-06 04:47:56,455 14024 [INFO ] - VERBOSE: Importing function 'Get-VisualStudioInstallerHealth'.
2026-04-06 04:47:56,455 14024 [INFO ] - VERBOSE: Importing function 'Get-VisualStudioInstance'.
2026-04-06 04:47:56,455 14024 [INFO ] - VERBOSE: Importing function 'Get-VisualStudioVsixInstaller'.
2026-04-06 04:47:56,456 14024 [INFO ] - VERBOSE: Importing function 'Install-VisualStudio'.
2026-04-06 04:47:56,456 14024 [INFO ] - VERBOSE: Importing function 'Install-VisualStudioInstaller'.
2026-04-06 04:47:56,456 14024 [INFO ] - VERBOSE: Importing function 'Install-VisualStudioVsixExtension'.
2026-04-06 04:47:56,456 14024 [INFO ] - VERBOSE: Importing function 'Remove-VisualStudioComponent'.
2026-04-06 04:47:56,457 14024 [INFO ] - VERBOSE: Importing function 'Remove-VisualStudioProduct'.
2026-04-06 04:47:56,457 14024 [INFO ] - VERBOSE: Importing function 'Remove-VisualStudioWorkload'.
2026-04-06 04:47:56,457 14024 [INFO ] - VERBOSE: Importing function 'Uninstall-VisualStudio'.
2026-04-06 04:47:56,457 14024 [INFO ] - VERBOSE: Importing function 'Uninstall-VisualStudioVsixExtension'.
2026-04-06 04:47:56,458 14024 [DEBUG] - Importing 'C:\ProgramData\chocolatey\extensions\chocolatey-windowsupdate\chocolatey-windowsupdate.psm1'
2026-04-06 04:47:56,458 14024 [INFO ] - VERBOSE: Loading module from path 'C:\ProgramData\chocolatey\extensions\chocolatey-windowsupdate\chocolatey-windowsupdate.psm1'.
2026-04-06 04:47:56,464 14024 [INFO ] - VERBOSE: Exporting function 'Install-WindowsUpdate'.
2026-04-06 04:47:56,464 14024 [INFO ] - VERBOSE: Exporting function 'Test-WindowsUpdate'.
2026-04-06 04:47:56,465 14024 [INFO ] - VERBOSE: Importing function 'Install-WindowsUpdate'.
2026-04-06 04:47:56,465 14024 [INFO ] - VERBOSE: Importing function 'Test-WindowsUpdate'.
2026-04-06 04:47:56,465 14024 [INFO ] - VERBOSE: Exporting function 'Format-FileSize'.
2026-04-06 04:47:56,466 14024 [INFO ] - VERBOSE: Exporting function 'Get-ChecksumValid'.
2026-04-06 04:47:56,466 14024 [INFO ] - VERBOSE: Exporting function 'Get-ChocolateyConfigValue'.
2026-04-06 04:47:56,466 14024 [INFO ] - VERBOSE: Exporting function 'Get-ChocolateyPath'.
2026-04-06 04:47:56,466 14024 [INFO ] - VERBOSE: Exporting function 'Get-ChocolateyUnzip'.
2026-04-06 04:47:56,467 14024 [INFO ] - VERBOSE: Exporting function 'Get-ChocolateyWebFile'.
2026-04-06 04:47:56,467 14024 [INFO ] - VERBOSE: Exporting function 'Get-FtpFile'.
2026-04-06 04:47:56,467 14024 [INFO ] - VERBOSE: Exporting function 'Get-OSArchitectureWidth'.
2026-04-06 04:47:56,467 14024 [INFO ] - VERBOSE: Exporting function 'Get-PackageParameters'.
2026-04-06 04:47:56,467 14024 [INFO ] - VERBOSE: Exporting function 'Get-PackageParametersBuiltIn'.
2026-04-06 04:47:56,468 14024 [INFO ] - VERBOSE: Exporting function 'Get-ToolsLocation'.
2026-04-06 04:47:56,468 14024 [INFO ] - VERBOSE: Exporting function 'Get-UACEnabled'.
2026-04-06 04:47:56,468 14024 [INFO ] - VERBOSE: Exporting function 'Get-UninstallRegistryKey'.
2026-04-06 04:47:56,468 14024 [INFO ] - VERBOSE: Exporting function 'Get-VirusCheckValid'.
2026-04-06 04:47:56,468 14024 [INFO ] - VERBOSE: Exporting function 'Get-WebFile'.
2026-04-06 04:47:56,469 14024 [INFO ] - VERBOSE: Exporting function 'Get-WebFileName'.
2026-04-06 04:47:56,469 14024 [INFO ] - VERBOSE: Exporting function 'Get-WebHeaders'.
2026-04-06 04:47:56,469 14024 [INFO ] - VERBOSE: Exporting function 'Install-BinFile'.
2026-04-06 04:47:56,469 14024 [INFO ] - VERBOSE: Exporting function 'Install-ChocolateyEnvironmentVariable'.
2026-04-06 04:47:56,469 14024 [INFO ] - VERBOSE: Exporting function 'Install-ChocolateyExplorerMenuItem'.
2026-04-06 04:47:56,470 14024 [INFO ] - VERBOSE: Exporting function 'Install-ChocolateyFileAssociation'.
2026-04-06 04:47:56,470 14024 [INFO ] - VERBOSE: Exporting function 'Install-ChocolateyInstallPackage'.
2026-04-06 04:47:56,470 14024 [INFO ] - VERBOSE: Exporting function 'Install-ChocolateyPackage'.
2026-04-06 04:47:56,470 14024 [INFO ] - VERBOSE: Exporting function 'Install-ChocolateyPinnedTaskBarItem'.
2026-04-06 04:47:56,471 14024 [INFO ] - VERBOSE: Exporting function 'Install-ChocolateyPowershellCommand'.
2026-04-06 04:47:56,471 14024 [INFO ] - VERBOSE: Exporting function 'Install-ChocolateyShortcut'.
2026-04-06 04:47:56,471 14024 [INFO ] - VERBOSE: Exporting function 'Install-ChocolateyVsixPackage'.
2026-04-06 04:47:56,471 14024 [INFO ] - VERBOSE: Exporting function 'Install-ChocolateyZipPackage'.
2026-04-06 04:47:56,471 14024 [INFO ] - VERBOSE: Exporting function 'Install-Vsix'.
2026-04-06 04:47:56,472 14024 [INFO ] - VERBOSE: Exporting function 'Set-PowerShellExitCode'.
2026-04-06 04:47:56,472 14024 [INFO ] - VERBOSE: Exporting function 'Start-ChocolateyProcessAsAdmin'.
2026-04-06 04:47:56,472 14024 [INFO ] - VERBOSE: Exporting function 'Uninstall-BinFile'.
2026-04-06 04:47:56,472 14024 [INFO ] - VERBOSE: Exporting function 'Uninstall-ChocolateyEnvironmentVariable'.
2026-04-06 04:47:56,473 14024 [INFO ] - VERBOSE: Exporting function 'Uninstall-ChocolateyPackage'.
2026-04-06 04:47:56,473 14024 [INFO ] - VERBOSE: Exporting function 'Uninstall-ChocolateyZipPackage'.
2026-04-06 04:47:56,473 14024 [INFO ] - VERBOSE: Exporting function 'Write-FunctionCallLogMessage'.
2026-04-06 04:47:56,473 14024 [INFO ] - VERBOSE: Exporting function 'Install-ChocolateyDesktopLink'.
2026-04-06 04:47:56,473 14024 [INFO ] - VERBOSE: Exporting function 'Write-ChocolateyFailure'.
2026-04-06 04:47:56,474 14024 [INFO ] - VERBOSE: Exporting function 'Write-ChocolateySuccess'.
2026-04-06 04:47:56,474 14024 [INFO ] - VERBOSE: Exporting function 'Write-FileUpdateLog'.
2026-04-06 04:47:56,474 14024 [INFO ] - VERBOSE: Exporting function 'Get-AppInstallLocation'.
2026-04-06 04:47:56,474 14024 [INFO ] - VERBOSE: Exporting function 'Get-AvailableDriveLetter'.
2026-04-06 04:47:56,475 14024 [INFO ] - VERBOSE: Exporting function 'Get-EffectiveProxy'.
2026-04-06 04:47:56,475 14024 [INFO ] - VERBOSE: Exporting function 'Get-PackageCacheLocation'.
2026-04-06 04:47:56,475 14024 [INFO ] - VERBOSE: Exporting function 'Get-WebContent'.
2026-04-06 04:47:56,475 14024 [INFO ] - VERBOSE: Exporting function 'Register-Application'.
2026-04-06 04:47:56,475 14024 [INFO ] - VERBOSE: Exporting function 'Remove-Process'.
2026-04-06 04:47:56,476 14024 [INFO ] - VERBOSE: Exporting function 'Install-DotNetDevPack'.
2026-04-06 04:47:56,476 14024 [INFO ] - VERBOSE: Exporting function 'Install-DotNetFramework'.
2026-04-06 04:47:56,476 14024 [INFO ] - VERBOSE: Exporting function 'Add-VisualStudioComponent'.
2026-04-06 04:47:56,476 14024 [INFO ] - VERBOSE: Exporting function 'Add-VisualStudioWorkload'.
2026-04-06 04:47:56,476 14024 [INFO ] - VERBOSE: Exporting function 'Get-VisualStudioInstaller'.
2026-04-06 04:47:56,477 14024 [INFO ] - VERBOSE: Exporting function 'Get-VisualStudioInstallerHealth'.
2026-04-06 04:47:56,477 14024 [INFO ] - VERBOSE: Exporting function 'Get-VisualStudioInstance'.
2026-04-06 04:47:56,477 14024 [INFO ] - VERBOSE: Exporting function 'Get-VisualStudioVsixInstaller'.
2026-04-06 04:47:56,477 14024 [INFO ] - VERBOSE: Exporting function 'Install-VisualStudio'.
2026-04-06 04:47:56,478 14024 [INFO ] - VERBOSE: Exporting function 'Install-VisualStudioInstaller'.
2026-04-06 04:47:56,478 14024 [INFO ] - VERBOSE: Exporting function 'Install-VisualStudioVsixExtension'.
2026-04-06 04:47:56,478 14024 [INFO ] - VERBOSE: Exporting function 'Remove-VisualStudioComponent'.
2026-04-06 04:47:56,478 14024 [INFO ] - VERBOSE: Exporting function 'Remove-VisualStudioProduct'.
2026-04-06 04:47:56,478 14024 [INFO ] - VERBOSE: Exporting function 'Remove-VisualStudioWorkload'.
2026-04-06 04:47:56,479 14024 [INFO ] - VERBOSE: Exporting function 'Uninstall-VisualStudio'.
2026-04-06 04:47:56,479 14024 [INFO ] - VERBOSE: Exporting function 'Uninstall-VisualStudioVsixExtension'.
2026-04-06 04:47:56,479 14024 [INFO ] - VERBOSE: Exporting function 'Install-WindowsUpdate'.
2026-04-06 04:47:56,479 14024 [INFO ] - VERBOSE: Exporting function 'Test-WindowsUpdate'.
2026-04-06 04:47:56,479 14024 [INFO ] - VERBOSE: Exporting cmdlet 'Get-EnvironmentVariable'.
2026-04-06 04:47:56,481 14024 [INFO ] - VERBOSE: Exporting cmdlet 'Get-EnvironmentVariableNames'.
2026-04-06 04:47:56,481 14024 [INFO ] - VERBOSE: Exporting cmdlet 'Install-ChocolateyPath'.
2026-04-06 04:47:56,481 14024 [INFO ] - VERBOSE: Exporting cmdlet 'Set-EnvironmentVariable'.
2026-04-06 04:47:56,481 14024 [INFO ] - VERBOSE: Exporting cmdlet 'Test-ProcessAdminRights'.
2026-04-06 04:47:56,481 14024 [INFO ] - VERBOSE: Exporting cmdlet 'Uninstall-ChocolateyPath'.
2026-04-06 04:47:56,482 14024 [INFO ] - VERBOSE: Exporting cmdlet 'Update-SessionEnvironment'.
2026-04-06 04:47:56,482 14024 [INFO ] - VERBOSE: Exporting cmdlet 'Get-EnvironmentVariable'.
2026-04-06 04:47:56,482 14024 [INFO ] - VERBOSE: Exporting cmdlet 'Get-EnvironmentVariableNames'.
2026-04-06 04:47:56,486 14024 [INFO ] - VERBOSE: Exporting cmdlet 'Install-ChocolateyPath'.
2026-04-06 04:47:56,486 14024 [INFO ] - VERBOSE: Exporting cmdlet 'Set-EnvironmentVariable'.
2026-04-06 04:47:56,486 14024 [INFO ] - VERBOSE: Exporting cmdlet 'Test-ProcessAdminRights'.
2026-04-06 04:47:56,486 14024 [INFO ] - VERBOSE: Exporting cmdlet 'Uninstall-ChocolateyPath'.
2026-04-06 04:47:56,486 14024 [INFO ] - VERBOSE: Exporting cmdlet 'Update-SessionEnvironment'.
2026-04-06 04:47:56,487 14024 [INFO ] - VERBOSE: Exporting alias 'Get-ProcessorBits'.
2026-04-06 04:47:56,487 14024 [INFO ] - VERBOSE: Exporting alias 'Get-OSBitness'.
2026-04-06 04:47:56,487 14024 [INFO ] - VERBOSE: Exporting alias 'Get-InstallRegistryKey'.
2026-04-06 04:47:56,487 14024 [INFO ] - VERBOSE: Exporting alias 'Generate-BinFile'.
2026-04-06 04:47:56,487 14024 [INFO ] - VERBOSE: Exporting alias 'Add-BinFile'.
2026-04-06 04:47:56,488 14024 [INFO ] - VERBOSE: Exporting alias 'Start-ChocolateyProcess'.
2026-04-06 04:47:56,488 14024 [INFO ] - VERBOSE: Exporting alias 'Invoke-ChocolateyProcess'.
2026-04-06 04:47:56,488 14024 [INFO ] - VERBOSE: Exporting alias 'Remove-BinFile'.
2026-04-06 04:47:56,488 14024 [INFO ] - VERBOSE: Exporting alias 'refreshenv'.
2026-04-06 04:47:56,489 14024 [INFO ] - VERBOSE: Importing cmdlet 'Get-EnvironmentVariable'.
2026-04-06 04:47:56,489 14024 [INFO ] - VERBOSE: Importing cmdlet 'Get-EnvironmentVariableNames'.
2026-04-06 04:47:56,489 14024 [INFO ] - VERBOSE: Importing cmdlet 'Install-ChocolateyPath'.
2026-04-06 04:47:56,489 14024 [INFO ] - VERBOSE: Importing cmdlet 'Set-EnvironmentVariable'.
2026-04-06 04:47:56,490 14024 [INFO ] - VERBOSE: Importing cmdlet 'Test-ProcessAdminRights'.
2026-04-06 04:47:56,490 14024 [INFO ] - VERBOSE: Importing cmdlet 'Uninstall-ChocolateyPath'.
2026-04-06 04:47:56,490 14024 [INFO ] - VERBOSE: Importing cmdlet 'Update-SessionEnvironment'.
2026-04-06 04:47:56,490 14024 [INFO ] - VERBOSE: Importing function 'Add-VisualStudioComponent'.
2026-04-06 04:47:56,490 14024 [INFO ] - VERBOSE: Importing function 'Add-VisualStudioWorkload'.
2026-04-06 04:47:56,491 14024 [INFO ] - VERBOSE: Importing function 'Format-FileSize'.
2026-04-06 04:47:56,491 14024 [INFO ] - VERBOSE: Importing function 'Get-AppInstallLocation'.
2026-04-06 04:47:56,491 14024 [INFO ] - VERBOSE: Importing function 'Get-AvailableDriveLetter'.
2026-04-06 04:47:56,491 14024 [INFO ] - VERBOSE: Importing function 'Get-ChecksumValid'.
2026-04-06 04:47:56,492 14024 [INFO ] - VERBOSE: Importing function 'Get-ChocolateyConfigValue'.
2026-04-06 04:47:56,492 14024 [INFO ] - VERBOSE: Importing function 'Get-ChocolateyPath'.
2026-04-06 04:47:56,492 14024 [INFO ] - VERBOSE: Importing function 'Get-ChocolateyUnzip'.
2026-04-06 04:47:56,492 14024 [INFO ] - VERBOSE: Importing function 'Get-ChocolateyWebFile'.
2026-04-06 04:47:56,492 14024 [INFO ] - VERBOSE: Importing function 'Get-EffectiveProxy'.
2026-04-06 04:47:56,493 14024 [INFO ] - VERBOSE: Importing function 'Get-FtpFile'.
2026-04-06 04:47:56,493 14024 [INFO ] - VERBOSE: Importing function 'Get-OSArchitectureWidth'.
2026-04-06 04:47:56,493 14024 [INFO ] - VERBOSE: Importing function 'Get-PackageCacheLocation'.
2026-04-06 04:47:56,494 14024 [INFO ] - VERBOSE: Importing function 'Get-PackageParameters'.
2026-04-06 04:47:56,494 14024 [INFO ] - VERBOSE: Importing function 'Get-PackageParametersBuiltIn'.
2026-04-06 04:47:56,494 14024 [INFO ] - VERBOSE: Importing function 'Get-ToolsLocation'.
2026-04-06 04:47:56,495 14024 [INFO ] - VERBOSE: Importing function 'Get-UACEnabled'.
2026-04-06 04:47:56,495 14024 [INFO ] - VERBOSE: Importing function 'Get-UninstallRegistryKey'.
2026-04-06 04:47:56,495 14024 [INFO ] - VERBOSE: Importing function 'Get-VirusCheckValid'.
2026-04-06 04:47:56,495 14024 [INFO ] - VERBOSE: Importing function 'Get-VisualStudioInstaller'.
2026-04-06 04:47:56,496 14024 [INFO ] - VERBOSE: Importing function 'Get-VisualStudioInstallerHealth'.
2026-04-06 04:47:56,496 14024 [INFO ] - VERBOSE: Importing function 'Get-VisualStudioInstance'.
2026-04-06 04:47:56,496 14024 [INFO ] - VERBOSE: Importing function 'Get-VisualStudioVsixInstaller'.
2026-04-06 04:47:56,496 14024 [INFO ] - VERBOSE: Importing function 'Get-WebContent'.
2026-04-06 04:47:56,496 14024 [INFO ] - VERBOSE: Importing function 'Get-WebFile'.
2026-04-06 04:47:56,497 14024 [INFO ] - VERBOSE: Importing function 'Get-WebFileName'.
2026-04-06 04:47:56,497 14024 [INFO ] - VERBOSE: Importing function 'Get-WebHeaders'.
2026-04-06 04:47:56,497 14024 [INFO ] - VERBOSE: Importing function 'Install-BinFile'.
2026-04-06 04:47:56,497 14024 [INFO ] - VERBOSE: Importing function 'Install-ChocolateyDesktopLink'.
2026-04-06 04:47:56,498 14024 [INFO ] - VERBOSE: Importing function 'Install-ChocolateyEnvironmentVariable'.
2026-04-06 04:47:56,498 14024 [INFO ] - VERBOSE: Importing function 'Install-ChocolateyExplorerMenuItem'.
2026-04-06 04:47:56,498 14024 [INFO ] - VERBOSE: Importing function 'Install-ChocolateyFileAssociation'.
2026-04-06 04:47:56,498 14024 [INFO ] - VERBOSE: Importing function 'Install-ChocolateyInstallPackage'.
2026-04-06 04:47:56,498 14024 [INFO ] - VERBOSE: Importing function 'Install-ChocolateyPackage'.
2026-04-06 04:47:56,499 14024 [INFO ] - VERBOSE: Importing function 'Install-ChocolateyPinnedTaskBarItem'.
2026-04-06 04:47:56,499 14024 [INFO ] - VERBOSE: Importing function 'Install-ChocolateyPowershellCommand'.
2026-04-06 04:47:56,499 14024 [INFO ] - VERBOSE: Importing function 'Install-ChocolateyShortcut'.
2026-04-06 04:47:56,499 14024 [INFO ] - VERBOSE: Importing function 'Install-ChocolateyVsixPackage'.
2026-04-06 04:47:56,499 14024 [INFO ] - VERBOSE: Importing function 'Install-ChocolateyZipPackage'.
2026-04-06 04:47:56,500 14024 [INFO ] - VERBOSE: Importing function 'Install-DotNetDevPack'.
2026-04-06 04:47:56,500 14024 [INFO ] - VERBOSE: Importing function 'Install-DotNetFramework'.
2026-04-06 04:47:56,500 14024 [INFO ] - VERBOSE: Importing function 'Install-VisualStudio'.
2026-04-06 04:47:56,500 14024 [INFO ] - VERBOSE: Importing function 'Install-VisualStudioInstaller'.
2026-04-06 04:47:56,500 14024 [INFO ] - VERBOSE: Importing function 'Install-VisualStudioVsixExtension'.
2026-04-06 04:47:56,501 14024 [INFO ] - VERBOSE: Importing function 'Install-Vsix'.
2026-04-06 04:47:56,501 14024 [INFO ] - VERBOSE: Importing function 'Install-WindowsUpdate'.
2026-04-06 04:47:56,501 14024 [INFO ] - VERBOSE: Importing function 'Register-Application'.
2026-04-06 04:47:56,501 14024 [INFO ] - VERBOSE: Importing function 'Remove-Process'.
2026-04-06 04:47:56,502 14024 [INFO ] - VERBOSE: Importing function 'Remove-VisualStudioComponent'.
2026-04-06 04:47:56,502 14024 [INFO ] - VERBOSE: Importing function 'Remove-VisualStudioProduct'.
2026-04-06 04:47:56,502 14024 [INFO ] - VERBOSE: Importing function 'Remove-VisualStudioWorkload'.
2026-04-06 04:47:56,502 14024 [INFO ] - VERBOSE: Importing function 'Set-PowerShellExitCode'.
2026-04-06 04:47:56,502 14024 [INFO ] - VERBOSE: Importing function 'Start-ChocolateyProcessAsAdmin'.
2026-04-06 04:47:56,503 14024 [INFO ] - VERBOSE: Importing function 'Test-WindowsUpdate'.
2026-04-06 04:47:56,503 14024 [INFO ] - VERBOSE: Importing function 'Uninstall-BinFile'.
2026-04-06 04:47:56,503 14024 [INFO ] - VERBOSE: Importing function 'Uninstall-ChocolateyEnvironmentVariable'.
2026-04-06 04:47:56,503 14024 [INFO ] - VERBOSE: Importing function 'Uninstall-ChocolateyPackage'.
2026-04-06 04:47:56,504 14024 [INFO ] - VERBOSE: Importing function 'Uninstall-ChocolateyZipPackage'.
2026-04-06 04:47:56,504 14024 [INFO ] - VERBOSE: Importing function 'Uninstall-VisualStudio'.
2026-04-06 04:47:56,504 14024 [INFO ] - VERBOSE: Importing function 'Uninstall-VisualStudioVsixExtension'.
2026-04-06 04:47:56,504 14024 [INFO ] - VERBOSE: Importing function 'Write-ChocolateyFailure'.
2026-04-06 04:47:56,504 14024 [INFO ] - VERBOSE: Importing function 'Write-ChocolateySuccess'.
2026-04-06 04:47:56,505 14024 [INFO ] - VERBOSE: Importing function 'Write-FileUpdateLog'.
2026-04-06 04:47:56,505 14024 [INFO ] - VERBOSE: Importing function 'Write-FunctionCallLogMessage'.
2026-04-06 04:47:56,505 14024 [INFO ] - VERBOSE: Importing alias 'Add-BinFile'.
2026-04-06 04:47:56,505 14024 [INFO ] - VERBOSE: Importing alias 'Generate-BinFile'.
2026-04-06 04:47:56,505 14024 [INFO ] - VERBOSE: Importing alias 'Get-InstallRegistryKey'.
2026-04-06 04:47:56,506 14024 [INFO ] - VERBOSE: Importing alias 'Get-OSBitness'.
2026-04-06 04:47:56,506 14024 [INFO ] - VERBOSE: Importing alias 'Get-ProcessorBits'.
2026-04-06 04:47:56,506 14024 [INFO ] - VERBOSE: Importing alias 'Invoke-ChocolateyProcess'.
2026-04-06 04:47:56,506 14024 [INFO ] - VERBOSE: Importing alias 'refreshenv'.
2026-04-06 04:47:56,507 14024 [INFO ] - VERBOSE: Importing alias 'Remove-BinFile'.
2026-04-06 04:47:56,507 14024 [INFO ] - VERBOSE: Importing alias 'Start-ChocolateyProcess'.
2026-04-06 04:47:56,508 14024 [DEBUG] - ---------------------------Script Execution---------------------------
2026-04-06 04:47:56,509 14024 [DEBUG] - Running 'ChocolateyScriptRunner' for dotnetfx v4.8.0.20220524 with packageScript 'C:\ProgramData\chocolatey\lib\dotnetfx\tools\ChocolateyInstall.ps1', packageFolder:'C:\ProgramData\chocolatey\lib\dotnetfx', installArguments: '', packageParameters: '', preRunHookScripts: '', postRunHookScripts: '',
2026-04-06 04:47:56,509 14024 [DEBUG] - Running package script 'C:\ProgramData\chocolatey\lib\dotnetfx\tools\ChocolateyInstall.ps1'
2026-04-06 04:47:56,544 14024 [INFO ] - Microsoft .NET Framework 4.8 or later is already installed.
2026-04-06 04:47:56,545 14024 [DEBUG] - ----------------------------------------------------------------------
2026-04-06 04:47:56,547 14024 [DEBUG] - Built-in PowerShell host called with ['[System.Threading.Thread]::CurrentThread.CurrentCulture = '';[System.Threading.Thread]::CurrentThread.CurrentUICulture = '';[System.Net.ServicePointManager]::SecurityProtocol = [System.Net.SecurityProtocolType]::SystemDefault; & import-module -name 'C:\ProgramData\chocolatey\helpers\chocolateyInstaller.psm1'; & 'C:\ProgramData\chocolatey\helpers\chocolateyScriptRunner.ps1' -packageScript 'C:\ProgramData\chocolatey\lib\dotnetfx\tools\ChocolateyInstall.ps1' -installArguments '' -packageParameters '' -preRunHookScripts $null -postRunHookScripts $null'] exited with '0'.
2026-04-06 04:47:56,547 14024 [DEBUG] - Calling command ['"C:\WINDOWS\System32\shutdown.exe" /a']
2026-04-06 04:47:56,569 14024 [DEBUG] - Command ['"C:\WINDOWS\System32\shutdown.exe" /a'] exited with '1116'
2026-04-06 04:47:56,577 14024 [DEBUG] - Capturing package files in 'C:\ProgramData\chocolatey\lib\dotnetfx'
2026-04-06 04:47:56,578 14024 [DEBUG] -  Found 'C:\ProgramData\chocolatey\lib\dotnetfx\dotnetfx.nupkg'
  with checksum '59CF25E7E81EFA316FE0EB0B15B464EA'
2026-04-06 04:47:56,578 14024 [DEBUG] -  Found 'C:\ProgramData\chocolatey\lib\dotnetfx\dotnetfx.nuspec'
  with checksum '426664C6CA32AA5194973946D0447516'
2026-04-06 04:47:56,580 14024 [DEBUG] -  Found 'C:\ProgramData\chocolatey\lib\dotnetfx\tools\ChocolateyInstall.ps1'
  with checksum '2A23C3A559DC9BE31B264407DEAD89D7'
2026-04-06 04:47:56,581 14024 [DEBUG] - Attempting to create directory "C:\ProgramData\chocolatey\.chocolatey\dotnetfx.4.8.0.20220524".
2026-04-06 04:47:56,581 14024 [DEBUG] - There was no original file at 'C:\ProgramData\chocolatey\.chocolatey\dotnetfx.4.8.0.20220524\.files'
2026-04-06 04:47:56,582 14024 [DEBUG] - Attempting to delete file "C:\ProgramData\chocolatey\.chocolatey\dotnetfx.4.8.0.20220524\.extra".
2026-04-06 04:47:56,582 14024 [DEBUG] - Attempting to delete file "C:\ProgramData\chocolatey\.chocolatey\dotnetfx.4.8.0.20220524\.version".
2026-04-06 04:47:56,583 14024 [DEBUG] - Attempting to delete file "C:\ProgramData\chocolatey\.chocolatey\dotnetfx.4.8.0.20220524\.sxs".
2026-04-06 04:47:56,583 14024 [DEBUG] - Attempting to delete file "C:\ProgramData\chocolatey\.chocolatey\dotnetfx.4.8.0.20220524\.pin".
2026-04-06 04:47:56,583 14024 [DEBUG] - Attempting to delete file "C:\ProgramData\chocolatey\.chocolatey\dotnetfx.4.8.0.20220524\.deploymentLocation".
2026-04-06 04:47:56,584 14024 [DEBUG] - Sending message 'HandlePackageResultCompletedMessage' out if there are subscribers...
2026-04-06 04:47:56,584 14024 [DEBUG] - Attempting to delete file "C:\ProgramData\chocolatey\lib\dotnetfx\.chocolateyPending".
2026-04-06 04:47:56,584 14024 [INFO ] -  The upgrade of dotnetfx was successful.
2026-04-06 04:47:56,585 14024 [INFO ] -   Software install location not explicitly set, it could be in package or
  default install location of installer.
2026-04-06 04:47:56,587 14024 [INFO ] - [NuGet]   GET https://community.chocolatey.org/api/v2/Packages(Id='visualstudio-installer',Version='2.0.7')
2026-04-06 04:47:56,813 14024 [INFO ] - [NuGet]   OK https://community.chocolatey.org/api/v2/Packages(Id='visualstudio-installer',Version='2.0.7') 225ms
2026-04-06 04:47:56,819 14024 [DEBUG] - Attempting to delete file "".
2026-04-06 04:47:56,821 14024 [INFO ] - Downloading package from source 'https://community.chocolatey.org/api/v2/'
2026-04-06 04:47:56,822 14024 [DEBUG] - Package download location 'https://community.chocolatey.org/api/v2/package/visualstudio-installer/2.0.7'
2026-04-06 04:47:56,822 14024 [INFO ] - [NuGet]   GET https://community.chocolatey.org/api/v2/package/visualstudio-installer/2.0.7
2026-04-06 04:47:57,217 14024 [INFO ] - [NuGet]   OK https://community.chocolatey.org/api/v2/package/visualstudio-installer/2.0.7 395ms
2026-04-06 04:47:57,218 14024 [INFO ] - [NuGet] Acquiring lock for the installation of visualstudio-installer 2.0.7
2026-04-06 04:47:57,218 14024 [INFO ] - [NuGet] Acquired lock for the installation of visualstudio-installer 2.0.7
2026-04-06 04:47:57,225 14024 [INFO ] - [NuGet] Installed visualstudio-installer 2.0.7 from https://community.chocolatey.org/api/v2/ with content hash cpA3jITo6orRMPvtIIxQmSmdV9xCVW90fCHxgu/YUYZZDtn+sApd+0mvisCLoMPpm267lDi+ChsZeEAWyw+WBw==.
2026-04-06 04:47:57,233 14024 [DEBUG] - Skipping package hash validation as feature 'usePackageHashValidation' is not enabled.
2026-04-06 04:47:57,240 14024 [INFO ] - [NuGet] Adding package 'visualstudio-installer.2.0.7 : chocolatey-visualstudio.extension [1.13.0, )' to folder 'C:\ProgramData\chocolatey\lib'
2026-04-06 04:47:57,277 14024 [INFO ] - [NuGet] Added package 'visualstudio-installer.2.0.7 : chocolatey-visualstudio.extension [1.13.0, )' to folder 'C:\ProgramData\chocolatey\lib'
2026-04-06 04:47:57,278 14024 [DEBUG] - Attempting to delete file "C:\Users\tsmit\AppData\Local\Temp\chocolatey\ChocolateyScratch\visualstudio-installer/2.0.7\visualstudio-installer.2.0.7.nupkg".
2026-04-06 04:47:57,278 14024 [DEBUG] - Attempting to delete file "C:\Users\tsmit\AppData\Local\Temp\chocolatey\ChocolateyScratch\visualstudio-installer/2.0.7\.nupkg.metadata".
2026-04-06 04:47:57,278 14024 [DEBUG] - Attempting to delete file "C:\Users\tsmit\AppData\Local\Temp\chocolatey\ChocolateyScratch\visualstudio-installer/2.0.7\visualstudio-installer.2.0.7.nupkg.sha512".
2026-04-06 04:47:57,279 14024 [INFO ] - 
visualstudio-installer v2.0.7 [Approved]
2026-04-06 04:47:57,282 14024 [INFO ] - visualstudio-installer package files upgrade completed. Performing other installation steps.
2026-04-06 04:47:57,291 14024 [DEBUG] - Contents of 'C:\ProgramData\chocolatey\lib\visualstudio-installer\tools\ChocolateyInstall.ps1':
2026-04-06 04:47:57,291 14024 [DEBUG] - Write-Debug 'Empty script to avoid Chocolatey Package Verifier false positive warning (https://github.com/chocolatey/package-validator/issues/178).'

2026-04-06 04:47:57,292 14024 [DEBUG] - Calling built-in PowerShell host with ['[System.Threading.Thread]::CurrentThread.CurrentCulture = '';[System.Threading.Thread]::CurrentThread.CurrentUICulture = '';[System.Net.ServicePointManager]::SecurityProtocol = [System.Net.SecurityProtocolType]::SystemDefault; & import-module -name 'C:\ProgramData\chocolatey\helpers\chocolateyInstaller.psm1'; & 'C:\ProgramData\chocolatey\helpers\chocolateyScriptRunner.ps1' -packageScript 'C:\ProgramData\chocolatey\lib\visualstudio-installer\tools\ChocolateyInstall.ps1' -installArguments '' -packageParameters '' -preRunHookScripts $null -postRunHookScripts $null']
2026-04-06 04:47:57,297 14024 [DEBUG] - Redirecting Microsoft.WSMan.Management.resources, Version=3.0.0.0, Culture=en-US, PublicKeyToken=31bf3856ad364e35, requested by ''
2026-04-06 04:47:57,326 14024 [DEBUG] - Host version is 5.1.26100.1882, PowerShell Version is '5.1.26100.7920' and CLR Version is '4.0.30319.42000'.
2026-04-06 04:47:57,352 14024 [INFO ] - VERBOSE: Loading module from path 'C:\ProgramData\chocolatey\helpers\Chocolatey.PowerShell.dll'.
2026-04-06 04:47:57,353 14024 [INFO ] - VERBOSE: Importing cmdlet 'Get-EnvironmentVariable'.
2026-04-06 04:47:57,355 14024 [INFO ] - VERBOSE: Importing cmdlet 'Get-EnvironmentVariableNames'.
2026-04-06 04:47:57,355 14024 [INFO ] - VERBOSE: Importing cmdlet 'Install-ChocolateyPath'.
2026-04-06 04:47:57,355 14024 [INFO ] - VERBOSE: Importing cmdlet 'Set-EnvironmentVariable'.
2026-04-06 04:47:57,355 14024 [INFO ] - VERBOSE: Importing cmdlet 'Test-ProcessAdminRights'.
2026-04-06 04:47:57,356 14024 [INFO ] - VERBOSE: Importing cmdlet 'Uninstall-ChocolateyPath'.
2026-04-06 04:47:57,356 14024 [INFO ] - VERBOSE: Importing cmdlet 'Update-SessionEnvironment'.
2026-04-06 04:47:57,356 14024 [DEBUG] - Cmdlets exported from Chocolatey.PowerShell.dll
2026-04-06 04:47:57,356 14024 [DEBUG] - Get-EnvironmentVariable
2026-04-06 04:47:57,357 14024 [DEBUG] - Get-EnvironmentVariableNames
2026-04-06 04:47:57,357 14024 [DEBUG] - Install-ChocolateyPath
2026-04-06 04:47:57,357 14024 [DEBUG] - Set-EnvironmentVariable
2026-04-06 04:47:57,357 14024 [DEBUG] - Test-ProcessAdminRights
2026-04-06 04:47:57,358 14024 [DEBUG] - Uninstall-ChocolateyPath
2026-04-06 04:47:57,358 14024 [DEBUG] - Update-SessionEnvironment
2026-04-06 04:47:57,358 14024 [INFO ] - VERBOSE: Exporting function 'Format-FileSize'.
2026-04-06 04:47:57,358 14024 [INFO ] - VERBOSE: Exporting function 'Get-ChecksumValid'.
2026-04-06 04:47:57,359 14024 [INFO ] - VERBOSE: Exporting function 'Get-ChocolateyConfigValue'.
2026-04-06 04:47:57,359 14024 [INFO ] - VERBOSE: Exporting function 'Get-ChocolateyPath'.
2026-04-06 04:47:57,359 14024 [INFO ] - VERBOSE: Exporting function 'Get-ChocolateyUnzip'.
2026-04-06 04:47:57,359 14024 [INFO ] - VERBOSE: Exporting function 'Get-ChocolateyWebFile'.
2026-04-06 04:47:57,360 14024 [INFO ] - VERBOSE: Exporting function 'Get-FtpFile'.
2026-04-06 04:47:57,360 14024 [INFO ] - VERBOSE: Exporting function 'Get-OSArchitectureWidth'.
2026-04-06 04:47:57,360 14024 [INFO ] - VERBOSE: Exporting function 'Get-PackageParameters'.
2026-04-06 04:47:57,360 14024 [INFO ] - VERBOSE: Exporting function 'Get-PackageParametersBuiltIn'.
2026-04-06 04:47:57,360 14024 [INFO ] - VERBOSE: Exporting function 'Get-ToolsLocation'.
2026-04-06 04:47:57,361 14024 [INFO ] - VERBOSE: Exporting function 'Get-UACEnabled'.
2026-04-06 04:47:57,361 14024 [INFO ] - VERBOSE: Exporting function 'Get-UninstallRegistryKey'.
2026-04-06 04:47:57,361 14024 [INFO ] - VERBOSE: Exporting function 'Get-VirusCheckValid'.
2026-04-06 04:47:57,361 14024 [INFO ] - VERBOSE: Exporting function 'Get-WebFile'.
2026-04-06 04:47:57,361 14024 [INFO ] - VERBOSE: Exporting function 'Get-WebFileName'.
2026-04-06 04:47:57,362 14024 [INFO ] - VERBOSE: Exporting function 'Get-WebHeaders'.
2026-04-06 04:47:57,362 14024 [INFO ] - VERBOSE: Exporting function 'Install-BinFile'.
2026-04-06 04:47:57,362 14024 [INFO ] - VERBOSE: Exporting function 'Install-ChocolateyEnvironmentVariable'.
2026-04-06 04:47:57,362 14024 [INFO ] - VERBOSE: Exporting function 'Install-ChocolateyExplorerMenuItem'.
2026-04-06 04:47:57,363 14024 [INFO ] - VERBOSE: Exporting function 'Install-ChocolateyFileAssociation'.
2026-04-06 04:47:57,363 14024 [INFO ] - VERBOSE: Exporting function 'Install-ChocolateyInstallPackage'.
2026-04-06 04:47:57,363 14024 [INFO ] - VERBOSE: Exporting function 'Install-ChocolateyPackage'.
2026-04-06 04:47:57,363 14024 [INFO ] - VERBOSE: Exporting function 'Install-ChocolateyPinnedTaskBarItem'.
2026-04-06 04:47:57,364 14024 [INFO ] - VERBOSE: Exporting function 'Install-ChocolateyPowershellCommand'.
2026-04-06 04:47:57,364 14024 [INFO ] - VERBOSE: Exporting function 'Install-ChocolateyShortcut'.
2026-04-06 04:47:57,364 14024 [INFO ] - VERBOSE: Exporting function 'Install-ChocolateyVsixPackage'.
2026-04-06 04:47:57,364 14024 [INFO ] - VERBOSE: Exporting function 'Install-ChocolateyZipPackage'.
2026-04-06 04:47:57,364 14024 [INFO ] - VERBOSE: Exporting function 'Install-Vsix'.
2026-04-06 04:47:57,365 14024 [INFO ] - VERBOSE: Exporting function 'Set-PowerShellExitCode'.
2026-04-06 04:47:57,365 14024 [INFO ] - VERBOSE: Exporting function 'Start-ChocolateyProcessAsAdmin'.
2026-04-06 04:47:57,365 14024 [INFO ] - VERBOSE: Exporting function 'Uninstall-BinFile'.
2026-04-06 04:47:57,365 14024 [INFO ] - VERBOSE: Exporting function 'Uninstall-ChocolateyEnvironmentVariable'.
2026-04-06 04:47:57,366 14024 [INFO ] - VERBOSE: Exporting function 'Uninstall-ChocolateyPackage'.
2026-04-06 04:47:57,366 14024 [INFO ] - VERBOSE: Exporting function 'Uninstall-ChocolateyZipPackage'.
2026-04-06 04:47:57,366 14024 [INFO ] - VERBOSE: Exporting function 'Write-FunctionCallLogMessage'.
2026-04-06 04:47:57,366 14024 [INFO ] - VERBOSE: Exporting cmdlet 'Get-EnvironmentVariable'.
2026-04-06 04:47:57,366 14024 [INFO ] - VERBOSE: Exporting cmdlet 'Get-EnvironmentVariableNames'.
2026-04-06 04:47:57,367 14024 [INFO ] - VERBOSE: Exporting cmdlet 'Install-ChocolateyPath'.
2026-04-06 04:47:57,367 14024 [INFO ] - VERBOSE: Exporting cmdlet 'Set-EnvironmentVariable'.
2026-04-06 04:47:57,367 14024 [INFO ] - VERBOSE: Exporting cmdlet 'Test-ProcessAdminRights'.
2026-04-06 04:47:57,367 14024 [INFO ] - VERBOSE: Exporting cmdlet 'Uninstall-ChocolateyPath'.
2026-04-06 04:47:57,368 14024 [INFO ] - VERBOSE: Exporting cmdlet 'Update-SessionEnvironment'.
2026-04-06 04:47:57,368 14024 [INFO ] - VERBOSE: Exporting alias 'Get-ProcessorBits'.
2026-04-06 04:47:57,368 14024 [INFO ] - VERBOSE: Exporting alias 'Get-OSBitness'.
2026-04-06 04:47:57,368 14024 [INFO ] - VERBOSE: Exporting alias 'Get-InstallRegistryKey'.
2026-04-06 04:47:57,368 14024 [INFO ] - VERBOSE: Exporting alias 'Generate-BinFile'.
2026-04-06 04:47:57,369 14024 [INFO ] - VERBOSE: Exporting alias 'Add-BinFile'.
2026-04-06 04:47:57,369 14024 [INFO ] - VERBOSE: Exporting alias 'Start-ChocolateyProcess'.
2026-04-06 04:47:57,369 14024 [INFO ] - VERBOSE: Exporting alias 'Invoke-ChocolateyProcess'.
2026-04-06 04:47:57,369 14024 [INFO ] - VERBOSE: Exporting alias 'Remove-BinFile'.
2026-04-06 04:47:57,369 14024 [INFO ] - VERBOSE: Exporting alias 'refreshenv'.
2026-04-06 04:47:57,371 14024 [DEBUG] - Loading community extensions
2026-04-06 04:47:57,372 14024 [DEBUG] - Importing 'C:\ProgramData\chocolatey\extensions\chocolatey-compatibility\chocolatey-compatibility.psm1'
2026-04-06 04:47:57,372 14024 [INFO ] - VERBOSE: Loading module from path 'C:\ProgramData\chocolatey\extensions\chocolatey-compatibility\chocolatey-compatibility.psm1'.
2026-04-06 04:47:57,378 14024 [DEBUG] - Function 'Get-PackageParameters' exists, ignoring export.
2026-04-06 04:47:57,378 14024 [DEBUG] - Function 'Get-UninstallRegistryKey' exists, ignoring export.
2026-04-06 04:47:57,379 14024 [DEBUG] - Exporting function 'Install-ChocolateyDesktopLink' for backwards compatibility
2026-04-06 04:47:57,379 14024 [INFO ] - VERBOSE: Exporting function 'Install-ChocolateyDesktopLink'.
2026-04-06 04:47:57,380 14024 [DEBUG] - Exporting function 'Write-ChocolateyFailure' for backwards compatibility
2026-04-06 04:47:57,381 14024 [INFO ] - VERBOSE: Exporting function 'Write-ChocolateyFailure'.
2026-04-06 04:47:57,381 14024 [DEBUG] - Exporting function 'Write-ChocolateySuccess' for backwards compatibility
2026-04-06 04:47:57,382 14024 [INFO ] - VERBOSE: Exporting function 'Write-ChocolateySuccess'.
2026-04-06 04:47:57,382 14024 [DEBUG] - Exporting function 'Write-FileUpdateLog' for backwards compatibility
2026-04-06 04:47:57,383 14024 [INFO ] - VERBOSE: Exporting function 'Write-FileUpdateLog'.
2026-04-06 04:47:57,383 14024 [INFO ] - VERBOSE: Importing function 'Install-ChocolateyDesktopLink'.
2026-04-06 04:47:57,383 14024 [INFO ] - VERBOSE: Importing function 'Write-ChocolateyFailure'.
2026-04-06 04:47:57,383 14024 [INFO ] - VERBOSE: Importing function 'Write-ChocolateySuccess'.
2026-04-06 04:47:57,384 14024 [INFO ] - VERBOSE: Importing function 'Write-FileUpdateLog'.
2026-04-06 04:47:57,384 14024 [DEBUG] - Importing 'C:\ProgramData\chocolatey\extensions\chocolatey-core\chocolatey-core.psm1'
2026-04-06 04:47:57,385 14024 [INFO ] - VERBOSE: Loading module from path 'C:\ProgramData\chocolatey\extensions\chocolatey-core\chocolatey-core.psm1'.
2026-04-06 04:47:57,415 14024 [INFO ] - VERBOSE: Exporting function 'Get-AppInstallLocation'.
2026-04-06 04:47:57,415 14024 [INFO ] - VERBOSE: Exporting function 'Get-AvailableDriveLetter'.
2026-04-06 04:47:57,416 14024 [INFO ] - VERBOSE: Exporting function 'Get-EffectiveProxy'.
2026-04-06 04:47:57,416 14024 [INFO ] - VERBOSE: Exporting function 'Get-PackageCacheLocation'.
2026-04-06 04:47:57,416 14024 [INFO ] - VERBOSE: Exporting function 'Get-WebContent'.
2026-04-06 04:47:57,417 14024 [INFO ] - VERBOSE: Exporting function 'Register-Application'.
2026-04-06 04:47:57,417 14024 [INFO ] - VERBOSE: Exporting function 'Remove-Process'.
2026-04-06 04:47:57,417 14024 [INFO ] - VERBOSE: Importing function 'Get-AppInstallLocation'.
2026-04-06 04:47:57,418 14024 [INFO ] - VERBOSE: Importing function 'Get-AvailableDriveLetter'.
2026-04-06 04:47:57,418 14024 [INFO ] - VERBOSE: Importing function 'Get-EffectiveProxy'.
2026-04-06 04:47:57,418 14024 [INFO ] - VERBOSE: Importing function 'Get-PackageCacheLocation'.
2026-04-06 04:47:57,418 14024 [INFO ] - VERBOSE: Importing function 'Get-WebContent'.
2026-04-06 04:47:57,419 14024 [INFO ] - VERBOSE: Importing function 'Register-Application'.
2026-04-06 04:47:57,419 14024 [INFO ] - VERBOSE: Importing function 'Remove-Process'.
2026-04-06 04:47:57,419 14024 [DEBUG] - Importing 'C:\ProgramData\chocolatey\extensions\chocolatey-dotnetfx\chocolatey-dotnetfx.psm1'
2026-04-06 04:47:57,420 14024 [INFO ] - VERBOSE: Loading module from path 'C:\ProgramData\chocolatey\extensions\chocolatey-dotnetfx\chocolatey-dotnetfx.psm1'.
2026-04-06 04:47:57,426 14024 [INFO ] - VERBOSE: Exporting function 'Install-DotNetFramework'.
2026-04-06 04:47:57,426 14024 [INFO ] - VERBOSE: Exporting function 'Install-DotNetDevPack'.
2026-04-06 04:47:57,426 14024 [INFO ] - VERBOSE: Importing function 'Install-DotNetDevPack'.
2026-04-06 04:47:57,426 14024 [INFO ] - VERBOSE: Importing function 'Install-DotNetFramework'.
2026-04-06 04:47:57,427 14024 [DEBUG] - Importing 'C:\ProgramData\chocolatey\extensions\chocolatey-visualstudio\chocolatey-visualstudio.extension.psm1'
2026-04-06 04:47:57,427 14024 [INFO ] - VERBOSE: Loading module from path 'C:\ProgramData\chocolatey\extensions\chocolatey-visualstudio\chocolatey-visualstudio.extension.psm1'.
2026-04-06 04:47:57,462 14024 [INFO ] - VERBOSE: Exporting function 'Add-VisualStudioComponent'.
2026-04-06 04:47:57,462 14024 [INFO ] - VERBOSE: Exporting function 'Add-VisualStudioWorkload'.
2026-04-06 04:47:57,462 14024 [INFO ] - VERBOSE: Exporting function 'Get-VisualStudioInstaller'.
2026-04-06 04:47:57,463 14024 [INFO ] - VERBOSE: Exporting function 'Get-VisualStudioInstallerHealth'.
2026-04-06 04:47:57,463 14024 [INFO ] - VERBOSE: Exporting function 'Get-VisualStudioInstance'.
2026-04-06 04:47:57,463 14024 [INFO ] - VERBOSE: Exporting function 'Get-VisualStudioVsixInstaller'.
2026-04-06 04:47:57,463 14024 [INFO ] - VERBOSE: Exporting function 'Install-VisualStudio'.
2026-04-06 04:47:57,464 14024 [INFO ] - VERBOSE: Exporting function 'Install-VisualStudioInstaller'.
2026-04-06 04:47:57,464 14024 [INFO ] - VERBOSE: Exporting function 'Install-VisualStudioVsixExtension'.
2026-04-06 04:47:57,464 14024 [INFO ] - VERBOSE: Exporting function 'Remove-VisualStudioComponent'.
2026-04-06 04:47:57,465 14024 [INFO ] - VERBOSE: Exporting function 'Remove-VisualStudioProduct'.
2026-04-06 04:47:57,465 14024 [INFO ] - VERBOSE: Exporting function 'Remove-VisualStudioWorkload'.
2026-04-06 04:47:57,465 14024 [INFO ] - VERBOSE: Exporting function 'Uninstall-VisualStudio'.
2026-04-06 04:47:57,465 14024 [INFO ] - VERBOSE: Exporting function 'Uninstall-VisualStudioVsixExtension'.
2026-04-06 04:47:57,466 14024 [INFO ] - VERBOSE: Importing function 'Add-VisualStudioComponent'.
2026-04-06 04:47:57,466 14024 [INFO ] - VERBOSE: Importing function 'Add-VisualStudioWorkload'.
2026-04-06 04:47:57,466 14024 [INFO ] - VERBOSE: Importing function 'Get-VisualStudioInstaller'.
2026-04-06 04:47:57,466 14024 [INFO ] - VERBOSE: Importing function 'Get-VisualStudioInstallerHealth'.
2026-04-06 04:47:57,466 14024 [INFO ] - VERBOSE: Importing function 'Get-VisualStudioInstance'.
2026-04-06 04:47:57,467 14024 [INFO ] - VERBOSE: Importing function 'Get-VisualStudioVsixInstaller'.
2026-04-06 04:47:57,467 14024 [INFO ] - VERBOSE: Importing function 'Install-VisualStudio'.
2026-04-06 04:47:57,467 14024 [INFO ] - VERBOSE: Importing function 'Install-VisualStudioInstaller'.
2026-04-06 04:47:57,467 14024 [INFO ] - VERBOSE: Importing function 'Install-VisualStudioVsixExtension'.
2026-04-06 04:47:57,468 14024 [INFO ] - VERBOSE: Importing function 'Remove-VisualStudioComponent'.
2026-04-06 04:47:57,468 14024 [INFO ] - VERBOSE: Importing function 'Remove-VisualStudioProduct'.
2026-04-06 04:47:57,468 14024 [INFO ] - VERBOSE: Importing function 'Remove-VisualStudioWorkload'.
2026-04-06 04:47:57,468 14024 [INFO ] - VERBOSE: Importing function 'Uninstall-VisualStudio'.
2026-04-06 04:47:57,468 14024 [INFO ] - VERBOSE: Importing function 'Uninstall-VisualStudioVsixExtension'.
2026-04-06 04:47:57,469 14024 [DEBUG] - Importing 'C:\ProgramData\chocolatey\extensions\chocolatey-windowsupdate\chocolatey-windowsupdate.psm1'
2026-04-06 04:47:57,470 14024 [INFO ] - VERBOSE: Loading module from path 'C:\ProgramData\chocolatey\extensions\chocolatey-windowsupdate\chocolatey-windowsupdate.psm1'.
2026-04-06 04:47:57,475 14024 [INFO ] - VERBOSE: Exporting function 'Install-WindowsUpdate'.
2026-04-06 04:47:57,476 14024 [INFO ] - VERBOSE: Exporting function 'Test-WindowsUpdate'.
2026-04-06 04:47:57,476 14024 [INFO ] - VERBOSE: Importing function 'Install-WindowsUpdate'.
2026-04-06 04:47:57,476 14024 [INFO ] - VERBOSE: Importing function 'Test-WindowsUpdate'.
2026-04-06 04:47:57,478 14024 [INFO ] - VERBOSE: Exporting function 'Format-FileSize'.
2026-04-06 04:47:57,478 14024 [INFO ] - VERBOSE: Exporting function 'Get-ChecksumValid'.
2026-04-06 04:47:57,479 14024 [INFO ] - VERBOSE: Exporting function 'Get-ChocolateyConfigValue'.
2026-04-06 04:47:57,479 14024 [INFO ] - VERBOSE: Exporting function 'Get-ChocolateyPath'.
2026-04-06 04:47:57,479 14024 [INFO ] - VERBOSE: Exporting function 'Get-ChocolateyUnzip'.
2026-04-06 04:47:57,479 14024 [INFO ] - VERBOSE: Exporting function 'Get-ChocolateyWebFile'.
2026-04-06 04:47:57,479 14024 [INFO ] - VERBOSE: Exporting function 'Get-FtpFile'.
2026-04-06 04:47:57,480 14024 [INFO ] - VERBOSE: Exporting function 'Get-OSArchitectureWidth'.
2026-04-06 04:47:57,480 14024 [INFO ] - VERBOSE: Exporting function 'Get-PackageParameters'.
2026-04-06 04:47:57,480 14024 [INFO ] - VERBOSE: Exporting function 'Get-PackageParametersBuiltIn'.
2026-04-06 04:47:57,480 14024 [INFO ] - VERBOSE: Exporting function 'Get-ToolsLocation'.
2026-04-06 04:47:57,481 14024 [INFO ] - VERBOSE: Exporting function 'Get-UACEnabled'.
2026-04-06 04:47:57,481 14024 [INFO ] - VERBOSE: Exporting function 'Get-UninstallRegistryKey'.
2026-04-06 04:47:57,481 14024 [INFO ] - VERBOSE: Exporting function 'Get-VirusCheckValid'.
2026-04-06 04:47:57,481 14024 [INFO ] - VERBOSE: Exporting function 'Get-WebFile'.
2026-04-06 04:47:57,482 14024 [INFO ] - VERBOSE: Exporting function 'Get-WebFileName'.
2026-04-06 04:47:57,482 14024 [INFO ] - VERBOSE: Exporting function 'Get-WebHeaders'.
2026-04-06 04:47:57,482 14024 [INFO ] - VERBOSE: Exporting function 'Install-BinFile'.
2026-04-06 04:47:57,482 14024 [INFO ] - VERBOSE: Exporting function 'Install-ChocolateyEnvironmentVariable'.
2026-04-06 04:47:57,483 14024 [INFO ] - VERBOSE: Exporting function 'Install-ChocolateyExplorerMenuItem'.
2026-04-06 04:47:57,483 14024 [INFO ] - VERBOSE: Exporting function 'Install-ChocolateyFileAssociation'.
2026-04-06 04:47:57,483 14024 [INFO ] - VERBOSE: Exporting function 'Install-ChocolateyInstallPackage'.
2026-04-06 04:47:57,483 14024 [INFO ] - VERBOSE: Exporting function 'Install-ChocolateyPackage'.
2026-04-06 04:47:57,483 14024 [INFO ] - VERBOSE: Exporting function 'Install-ChocolateyPinnedTaskBarItem'.
2026-04-06 04:47:57,484 14024 [INFO ] - VERBOSE: Exporting function 'Install-ChocolateyPowershellCommand'.
2026-04-06 04:47:57,484 14024 [INFO ] - VERBOSE: Exporting function 'Install-ChocolateyShortcut'.
2026-04-06 04:47:57,484 14024 [INFO ] - VERBOSE: Exporting function 'Install-ChocolateyVsixPackage'.
2026-04-06 04:47:57,484 14024 [INFO ] - VERBOSE: Exporting function 'Install-ChocolateyZipPackage'.
2026-04-06 04:47:57,485 14024 [INFO ] - VERBOSE: Exporting function 'Install-Vsix'.
2026-04-06 04:47:57,485 14024 [INFO ] - VERBOSE: Exporting function 'Set-PowerShellExitCode'.
2026-04-06 04:47:57,485 14024 [INFO ] - VERBOSE: Exporting function 'Start-ChocolateyProcessAsAdmin'.
2026-04-06 04:47:57,485 14024 [INFO ] - VERBOSE: Exporting function 'Uninstall-BinFile'.
2026-04-06 04:47:57,485 14024 [INFO ] - VERBOSE: Exporting function 'Uninstall-ChocolateyEnvironmentVariable'.
2026-04-06 04:47:57,486 14024 [INFO ] - VERBOSE: Exporting function 'Uninstall-ChocolateyPackage'.
2026-04-06 04:47:57,486 14024 [INFO ] - VERBOSE: Exporting function 'Uninstall-ChocolateyZipPackage'.
2026-04-06 04:47:57,486 14024 [INFO ] - VERBOSE: Exporting function 'Write-FunctionCallLogMessage'.
2026-04-06 04:47:57,486 14024 [INFO ] - VERBOSE: Exporting function 'Install-ChocolateyDesktopLink'.
2026-04-06 04:47:57,487 14024 [INFO ] - VERBOSE: Exporting function 'Write-ChocolateyFailure'.
2026-04-06 04:47:57,487 14024 [INFO ] - VERBOSE: Exporting function 'Write-ChocolateySuccess'.
2026-04-06 04:47:57,487 14024 [INFO ] - VERBOSE: Exporting function 'Write-FileUpdateLog'.
2026-04-06 04:47:57,487 14024 [INFO ] - VERBOSE: Exporting function 'Get-AppInstallLocation'.
2026-04-06 04:47:57,487 14024 [INFO ] - VERBOSE: Exporting function 'Get-AvailableDriveLetter'.
2026-04-06 04:47:57,488 14024 [INFO ] - VERBOSE: Exporting function 'Get-EffectiveProxy'.
2026-04-06 04:47:57,488 14024 [INFO ] - VERBOSE: Exporting function 'Get-PackageCacheLocation'.
2026-04-06 04:47:57,488 14024 [INFO ] - VERBOSE: Exporting function 'Get-WebContent'.
2026-04-06 04:47:57,488 14024 [INFO ] - VERBOSE: Exporting function 'Register-Application'.
2026-04-06 04:47:57,489 14024 [INFO ] - VERBOSE: Exporting function 'Remove-Process'.
2026-04-06 04:47:57,489 14024 [INFO ] - VERBOSE: Exporting function 'Install-DotNetDevPack'.
2026-04-06 04:47:57,489 14024 [INFO ] - VERBOSE: Exporting function 'Install-DotNetFramework'.
2026-04-06 04:47:57,489 14024 [INFO ] - VERBOSE: Exporting function 'Add-VisualStudioComponent'.
2026-04-06 04:47:57,490 14024 [INFO ] - VERBOSE: Exporting function 'Add-VisualStudioWorkload'.
2026-04-06 04:47:57,490 14024 [INFO ] - VERBOSE: Exporting function 'Get-VisualStudioInstaller'.
2026-04-06 04:47:57,490 14024 [INFO ] - VERBOSE: Exporting function 'Get-VisualStudioInstallerHealth'.
2026-04-06 04:47:57,490 14024 [INFO ] - VERBOSE: Exporting function 'Get-VisualStudioInstance'.
2026-04-06 04:47:57,491 14024 [INFO ] - VERBOSE: Exporting function 'Get-VisualStudioVsixInstaller'.
2026-04-06 04:47:57,491 14024 [INFO ] - VERBOSE: Exporting function 'Install-VisualStudio'.
2026-04-06 04:47:57,491 14024 [INFO ] - VERBOSE: Exporting function 'Install-VisualStudioInstaller'.
2026-04-06 04:47:57,491 14024 [INFO ] - VERBOSE: Exporting function 'Install-VisualStudioVsixExtension'.
2026-04-06 04:47:57,491 14024 [INFO ] - VERBOSE: Exporting function 'Remove-VisualStudioComponent'.
2026-04-06 04:47:57,492 14024 [INFO ] - VERBOSE: Exporting function 'Remove-VisualStudioProduct'.
2026-04-06 04:47:57,492 14024 [INFO ] - VERBOSE: Exporting function 'Remove-VisualStudioWorkload'.
2026-04-06 04:47:57,492 14024 [INFO ] - VERBOSE: Exporting function 'Uninstall-VisualStudio'.
2026-04-06 04:47:57,492 14024 [INFO ] - VERBOSE: Exporting function 'Uninstall-VisualStudioVsixExtension'.
2026-04-06 04:47:57,493 14024 [INFO ] - VERBOSE: Exporting function 'Install-WindowsUpdate'.
2026-04-06 04:47:57,493 14024 [INFO ] - VERBOSE: Exporting function 'Test-WindowsUpdate'.
2026-04-06 04:47:57,493 14024 [INFO ] - VERBOSE: Exporting cmdlet 'Get-EnvironmentVariable'.
2026-04-06 04:47:57,493 14024 [INFO ] - VERBOSE: Exporting cmdlet 'Get-EnvironmentVariableNames'.
2026-04-06 04:47:57,494 14024 [INFO ] - VERBOSE: Exporting cmdlet 'Install-ChocolateyPath'.
2026-04-06 04:47:57,494 14024 [INFO ] - VERBOSE: Exporting cmdlet 'Set-EnvironmentVariable'.
2026-04-06 04:47:57,494 14024 [INFO ] - VERBOSE: Exporting cmdlet 'Test-ProcessAdminRights'.
2026-04-06 04:47:57,494 14024 [INFO ] - VERBOSE: Exporting cmdlet 'Uninstall-ChocolateyPath'.
2026-04-06 04:47:57,495 14024 [INFO ] - VERBOSE: Exporting cmdlet 'Update-SessionEnvironment'.
2026-04-06 04:47:57,495 14024 [INFO ] - VERBOSE: Exporting cmdlet 'Get-EnvironmentVariable'.
2026-04-06 04:47:57,495 14024 [INFO ] - VERBOSE: Exporting cmdlet 'Get-EnvironmentVariableNames'.
2026-04-06 04:47:57,495 14024 [INFO ] - VERBOSE: Exporting cmdlet 'Install-ChocolateyPath'.
2026-04-06 04:47:57,496 14024 [INFO ] - VERBOSE: Exporting cmdlet 'Set-EnvironmentVariable'.
2026-04-06 04:47:57,496 14024 [INFO ] - VERBOSE: Exporting cmdlet 'Test-ProcessAdminRights'.
2026-04-06 04:47:57,496 14024 [INFO ] - VERBOSE: Exporting cmdlet 'Uninstall-ChocolateyPath'.
2026-04-06 04:47:57,496 14024 [INFO ] - VERBOSE: Exporting cmdlet 'Update-SessionEnvironment'.
2026-04-06 04:47:57,497 14024 [INFO ] - VERBOSE: Exporting alias 'Get-ProcessorBits'.
2026-04-06 04:47:57,497 14024 [INFO ] - VERBOSE: Exporting alias 'Get-OSBitness'.
2026-04-06 04:47:57,497 14024 [INFO ] - VERBOSE: Exporting alias 'Get-InstallRegistryKey'.
2026-04-06 04:47:57,497 14024 [INFO ] - VERBOSE: Exporting alias 'Generate-BinFile'.
2026-04-06 04:47:57,498 14024 [INFO ] - VERBOSE: Exporting alias 'Add-BinFile'.
2026-04-06 04:47:57,498 14024 [INFO ] - VERBOSE: Exporting alias 'Start-ChocolateyProcess'.
2026-04-06 04:47:57,498 14024 [INFO ] - VERBOSE: Exporting alias 'Invoke-ChocolateyProcess'.
2026-04-06 04:47:57,498 14024 [INFO ] - VERBOSE: Exporting alias 'Remove-BinFile'.
2026-04-06 04:47:57,499 14024 [INFO ] - VERBOSE: Exporting alias 'refreshenv'.
2026-04-06 04:47:57,499 14024 [INFO ] - VERBOSE: Importing cmdlet 'Get-EnvironmentVariable'.
2026-04-06 04:47:57,499 14024 [INFO ] - VERBOSE: Importing cmdlet 'Get-EnvironmentVariableNames'.
2026-04-06 04:47:57,499 14024 [INFO ] - VERBOSE: Importing cmdlet 'Install-ChocolateyPath'.
2026-04-06 04:47:57,500 14024 [INFO ] - VERBOSE: Importing cmdlet 'Set-EnvironmentVariable'.
2026-04-06 04:47:57,500 14024 [INFO ] - VERBOSE: Importing cmdlet 'Test-ProcessAdminRights'.
2026-04-06 04:47:57,500 14024 [INFO ] - VERBOSE: Importing cmdlet 'Uninstall-ChocolateyPath'.
2026-04-06 04:47:57,500 14024 [INFO ] - VERBOSE: Importing cmdlet 'Update-SessionEnvironment'.
2026-04-06 04:47:57,501 14024 [INFO ] - VERBOSE: Importing function 'Add-VisualStudioComponent'.
2026-04-06 04:47:57,501 14024 [INFO ] - VERBOSE: Importing function 'Add-VisualStudioWorkload'.
2026-04-06 04:47:57,501 14024 [INFO ] - VERBOSE: Importing function 'Format-FileSize'.
2026-04-06 04:47:57,501 14024 [INFO ] - VERBOSE: Importing function 'Get-AppInstallLocation'.
2026-04-06 04:47:57,502 14024 [INFO ] - VERBOSE: Importing function 'Get-AvailableDriveLetter'.
2026-04-06 04:47:57,502 14024 [INFO ] - VERBOSE: Importing function 'Get-ChecksumValid'.
2026-04-06 04:47:57,502 14024 [INFO ] - VERBOSE: Importing function 'Get-ChocolateyConfigValue'.
2026-04-06 04:47:57,502 14024 [INFO ] - VERBOSE: Importing function 'Get-ChocolateyPath'.
2026-04-06 04:47:57,502 14024 [INFO ] - VERBOSE: Importing function 'Get-ChocolateyUnzip'.
2026-04-06 04:47:57,503 14024 [INFO ] - VERBOSE: Importing function 'Get-ChocolateyWebFile'.
2026-04-06 04:47:57,503 14024 [INFO ] - VERBOSE: Importing function 'Get-EffectiveProxy'.
2026-04-06 04:47:57,503 14024 [INFO ] - VERBOSE: Importing function 'Get-FtpFile'.
2026-04-06 04:47:57,503 14024 [INFO ] - VERBOSE: Importing function 'Get-OSArchitectureWidth'.
2026-04-06 04:47:57,503 14024 [INFO ] - VERBOSE: Importing function 'Get-PackageCacheLocation'.
2026-04-06 04:47:57,504 14024 [INFO ] - VERBOSE: Importing function 'Get-PackageParameters'.
2026-04-06 04:47:57,504 14024 [INFO ] - VERBOSE: Importing function 'Get-PackageParametersBuiltIn'.
2026-04-06 04:47:57,504 14024 [INFO ] - VERBOSE: Importing function 'Get-ToolsLocation'.
2026-04-06 04:47:57,504 14024 [INFO ] - VERBOSE: Importing function 'Get-UACEnabled'.
2026-04-06 04:47:57,505 14024 [INFO ] - VERBOSE: Importing function 'Get-UninstallRegistryKey'.
2026-04-06 04:47:57,505 14024 [INFO ] - VERBOSE: Importing function 'Get-VirusCheckValid'.
2026-04-06 04:47:57,505 14024 [INFO ] - VERBOSE: Importing function 'Get-VisualStudioInstaller'.
2026-04-06 04:47:57,505 14024 [INFO ] - VERBOSE: Importing function 'Get-VisualStudioInstallerHealth'.
2026-04-06 04:47:57,505 14024 [INFO ] - VERBOSE: Importing function 'Get-VisualStudioInstance'.
2026-04-06 04:47:57,506 14024 [INFO ] - VERBOSE: Importing function 'Get-VisualStudioVsixInstaller'.
2026-04-06 04:47:57,506 14024 [INFO ] - VERBOSE: Importing function 'Get-WebContent'.
2026-04-06 04:47:57,506 14024 [INFO ] - VERBOSE: Importing function 'Get-WebFile'.
2026-04-06 04:47:57,506 14024 [INFO ] - VERBOSE: Importing function 'Get-WebFileName'.
2026-04-06 04:47:57,507 14024 [INFO ] - VERBOSE: Importing function 'Get-WebHeaders'.
2026-04-06 04:47:57,507 14024 [INFO ] - VERBOSE: Importing function 'Install-BinFile'.
2026-04-06 04:47:57,507 14024 [INFO ] - VERBOSE: Importing function 'Install-ChocolateyDesktopLink'.
2026-04-06 04:47:57,507 14024 [INFO ] - VERBOSE: Importing function 'Install-ChocolateyEnvironmentVariable'.
2026-04-06 04:47:57,507 14024 [INFO ] - VERBOSE: Importing function 'Install-ChocolateyExplorerMenuItem'.
2026-04-06 04:47:57,509 14024 [INFO ] - VERBOSE: Importing function 'Install-ChocolateyFileAssociation'.
2026-04-06 04:47:57,509 14024 [INFO ] - VERBOSE: Importing function 'Install-ChocolateyInstallPackage'.
2026-04-06 04:47:57,509 14024 [INFO ] - VERBOSE: Importing function 'Install-ChocolateyPackage'.
2026-04-06 04:47:57,509 14024 [INFO ] - VERBOSE: Importing function 'Install-ChocolateyPinnedTaskBarItem'.
2026-04-06 04:47:57,509 14024 [INFO ] - VERBOSE: Importing function 'Install-ChocolateyPowershellCommand'.
2026-04-06 04:47:57,510 14024 [INFO ] - VERBOSE: Importing function 'Install-ChocolateyShortcut'.
2026-04-06 04:47:57,510 14024 [INFO ] - VERBOSE: Importing function 'Install-ChocolateyVsixPackage'.
2026-04-06 04:47:57,510 14024 [INFO ] - VERBOSE: Importing function 'Install-ChocolateyZipPackage'.
2026-04-06 04:47:57,510 14024 [INFO ] - VERBOSE: Importing function 'Install-DotNetDevPack'.
2026-04-06 04:47:57,510 14024 [INFO ] - VERBOSE: Importing function 'Install-DotNetFramework'.
2026-04-06 04:47:57,511 14024 [INFO ] - VERBOSE: Importing function 'Install-VisualStudio'.
2026-04-06 04:47:57,511 14024 [INFO ] - VERBOSE: Importing function 'Install-VisualStudioInstaller'.
2026-04-06 04:47:57,511 14024 [INFO ] - VERBOSE: Importing function 'Install-VisualStudioVsixExtension'.
2026-04-06 04:47:57,511 14024 [INFO ] - VERBOSE: Importing function 'Install-Vsix'.
2026-04-06 04:47:57,512 14024 [INFO ] - VERBOSE: Importing function 'Install-WindowsUpdate'.
2026-04-06 04:47:57,512 14024 [INFO ] - VERBOSE: Importing function 'Register-Application'.
2026-04-06 04:47:57,512 14024 [INFO ] - VERBOSE: Importing function 'Remove-Process'.
2026-04-06 04:47:57,512 14024 [INFO ] - VERBOSE: Importing function 'Remove-VisualStudioComponent'.
2026-04-06 04:47:57,512 14024 [INFO ] - VERBOSE: Importing function 'Remove-VisualStudioProduct'.
2026-04-06 04:47:57,513 14024 [INFO ] - VERBOSE: Importing function 'Remove-VisualStudioWorkload'.
2026-04-06 04:47:57,513 14024 [INFO ] - VERBOSE: Importing function 'Set-PowerShellExitCode'.
2026-04-06 04:47:57,513 14024 [INFO ] - VERBOSE: Importing function 'Start-ChocolateyProcessAsAdmin'.
2026-04-06 04:47:57,513 14024 [INFO ] - VERBOSE: Importing function 'Test-WindowsUpdate'.
2026-04-06 04:47:57,514 14024 [INFO ] - VERBOSE: Importing function 'Uninstall-BinFile'.
2026-04-06 04:47:57,514 14024 [INFO ] - VERBOSE: Importing function 'Uninstall-ChocolateyEnvironmentVariable'.
2026-04-06 04:47:57,514 14024 [INFO ] - VERBOSE: Importing function 'Uninstall-ChocolateyPackage'.
2026-04-06 04:47:57,514 14024 [INFO ] - VERBOSE: Importing function 'Uninstall-ChocolateyZipPackage'.
2026-04-06 04:47:57,515 14024 [INFO ] - VERBOSE: Importing function 'Uninstall-VisualStudio'.
2026-04-06 04:47:57,515 14024 [INFO ] - VERBOSE: Importing function 'Uninstall-VisualStudioVsixExtension'.
2026-04-06 04:47:57,515 14024 [INFO ] - VERBOSE: Importing function 'Write-ChocolateyFailure'.
2026-04-06 04:47:57,515 14024 [INFO ] - VERBOSE: Importing function 'Write-ChocolateySuccess'.
2026-04-06 04:47:57,516 14024 [INFO ] - VERBOSE: Importing function 'Write-FileUpdateLog'.
2026-04-06 04:47:57,516 14024 [INFO ] - VERBOSE: Importing function 'Write-FunctionCallLogMessage'.
2026-04-06 04:47:57,516 14024 [INFO ] - VERBOSE: Importing alias 'Add-BinFile'.
2026-04-06 04:47:57,516 14024 [INFO ] - VERBOSE: Importing alias 'Generate-BinFile'.
2026-04-06 04:47:57,516 14024 [INFO ] - VERBOSE: Importing alias 'Get-InstallRegistryKey'.
2026-04-06 04:47:57,517 14024 [INFO ] - VERBOSE: Importing alias 'Get-OSBitness'.
2026-04-06 04:47:57,517 14024 [INFO ] - VERBOSE: Importing alias 'Get-ProcessorBits'.
2026-04-06 04:47:57,517 14024 [INFO ] - VERBOSE: Importing alias 'Invoke-ChocolateyProcess'.
2026-04-06 04:47:57,517 14024 [INFO ] - VERBOSE: Importing alias 'refreshenv'.
2026-04-06 04:47:57,518 14024 [INFO ] - VERBOSE: Importing alias 'Remove-BinFile'.
2026-04-06 04:47:57,518 14024 [INFO ] - VERBOSE: Importing alias 'Start-ChocolateyProcess'.
2026-04-06 04:47:57,519 14024 [DEBUG] - ---------------------------Script Execution---------------------------
2026-04-06 04:47:57,519 14024 [DEBUG] - Running 'ChocolateyScriptRunner' for visualstudio-installer v2.0.7 with packageScript 'C:\ProgramData\chocolatey\lib\visualstudio-installer\tools\ChocolateyInstall.ps1', packageFolder:'C:\ProgramData\chocolatey\lib\visualstudio-installer', installArguments: '', packageParameters: '', preRunHookScripts: '', postRunHookScripts: '',
2026-04-06 04:47:57,520 14024 [DEBUG] - Running package script 'C:\ProgramData\chocolatey\lib\visualstudio-installer\tools\ChocolateyInstall.ps1'
2026-04-06 04:47:57,535 14024 [DEBUG] - Empty script to avoid Chocolatey Package Verifier false positive warning (https://github.com/chocolatey/package-validator/issues/178).
2026-04-06 04:47:57,535 14024 [DEBUG] - ----------------------------------------------------------------------
2026-04-06 04:47:57,537 14024 [DEBUG] - Built-in PowerShell host called with ['[System.Threading.Thread]::CurrentThread.CurrentCulture = '';[System.Threading.Thread]::CurrentThread.CurrentUICulture = '';[System.Net.ServicePointManager]::SecurityProtocol = [System.Net.SecurityProtocolType]::SystemDefault; & import-module -name 'C:\ProgramData\chocolatey\helpers\chocolateyInstaller.psm1'; & 'C:\ProgramData\chocolatey\helpers\chocolateyScriptRunner.ps1' -packageScript 'C:\ProgramData\chocolatey\lib\visualstudio-installer\tools\ChocolateyInstall.ps1' -installArguments '' -packageParameters '' -preRunHookScripts $null -postRunHookScripts $null'] exited with '0'.
2026-04-06 04:47:57,537 14024 [DEBUG] - Calling command ['"C:\WINDOWS\System32\shutdown.exe" /a']
2026-04-06 04:47:57,558 14024 [DEBUG] - Command ['"C:\WINDOWS\System32\shutdown.exe" /a'] exited with '1116'
2026-04-06 04:47:57,567 14024 [DEBUG] - Capturing package files in 'C:\ProgramData\chocolatey\lib\visualstudio-installer'
2026-04-06 04:47:57,567 14024 [DEBUG] -  Found 'C:\ProgramData\chocolatey\lib\visualstudio-installer\visualstudio-installer.nupkg'
  with checksum '8E60DFE0B0D6375AD4475C30820E7306'
2026-04-06 04:47:57,568 14024 [DEBUG] -  Found 'C:\ProgramData\chocolatey\lib\visualstudio-installer\visualstudio-installer.nuspec'
  with checksum 'FB315652C63CAF1E5D97E8FF51BEB3CD'
2026-04-06 04:47:57,568 14024 [DEBUG] -  Found 'C:\ProgramData\chocolatey\lib\visualstudio-installer\tools\ChocolateyInstall.ps1'
  with checksum '8E1D285E979D06AFE55C52D5CB404903'
2026-04-06 04:47:57,569 14024 [DEBUG] -  Found 'C:\ProgramData\chocolatey\lib\visualstudio-installer\tools\ChocolateyUninstall.ps1'
  with checksum 'F45CB9F2E9439412401DD939F7CCA8DE'
2026-04-06 04:47:57,569 14024 [DEBUG] - Attempting to create directory "C:\ProgramData\chocolatey\.chocolatey\visualstudio-installer.2.0.7".
2026-04-06 04:47:57,571 14024 [DEBUG] - There was no original file at 'C:\ProgramData\chocolatey\.chocolatey\visualstudio-installer.2.0.7\.files'
2026-04-06 04:47:57,572 14024 [DEBUG] - Attempting to delete file "C:\ProgramData\chocolatey\.chocolatey\visualstudio-installer.2.0.7\.extra".
2026-04-06 04:47:57,572 14024 [DEBUG] - Attempting to delete file "C:\ProgramData\chocolatey\.chocolatey\visualstudio-installer.2.0.7\.version".
2026-04-06 04:47:57,572 14024 [DEBUG] - Attempting to delete file "C:\ProgramData\chocolatey\.chocolatey\visualstudio-installer.2.0.7\.sxs".
2026-04-06 04:47:57,572 14024 [DEBUG] - Attempting to delete file "C:\ProgramData\chocolatey\.chocolatey\visualstudio-installer.2.0.7\.pin".
2026-04-06 04:47:57,572 14024 [DEBUG] - Attempting to delete file "C:\ProgramData\chocolatey\.chocolatey\visualstudio-installer.2.0.7\.deploymentLocation".
2026-04-06 04:47:57,573 14024 [DEBUG] - Sending message 'HandlePackageResultCompletedMessage' out if there are subscribers...
2026-04-06 04:47:57,574 14024 [DEBUG] - Attempting to delete file "C:\ProgramData\chocolatey\lib\visualstudio-installer\.chocolateyPending".
2026-04-06 04:47:57,574 14024 [INFO ] -  The upgrade of visualstudio-installer was successful.
2026-04-06 04:47:57,575 14024 [INFO ] -   Software install location not explicitly set, it could be in package or
  default install location of installer.
2026-04-06 04:47:57,576 14024 [INFO ] - [NuGet]   GET https://community.chocolatey.org/api/v2/Packages(Id='visualstudio2026buildtools',Version='118.4.2')
2026-04-06 04:47:57,802 14024 [INFO ] - [NuGet]   OK https://community.chocolatey.org/api/v2/Packages(Id='visualstudio2026buildtools',Version='118.4.2') 225ms
2026-04-06 04:47:57,816 14024 [DEBUG] - Attempting to delete file "".
2026-04-06 04:47:57,816 14024 [INFO ] - Downloading package from source 'https://community.chocolatey.org/api/v2/'
2026-04-06 04:47:57,817 14024 [DEBUG] - Package download location 'https://community.chocolatey.org/api/v2/package/visualstudio2026buildtools/118.4.2'
2026-04-06 04:47:57,817 14024 [INFO ] - [NuGet]   GET https://community.chocolatey.org/api/v2/package/visualstudio2026buildtools/118.4.2
2026-04-06 04:47:58,162 14024 [INFO ] - [NuGet]   OK https://community.chocolatey.org/api/v2/package/visualstudio2026buildtools/118.4.2 343ms
2026-04-06 04:47:58,162 14024 [INFO ] - [NuGet] Acquiring lock for the installation of visualstudio2026buildtools 118.4.2
2026-04-06 04:47:58,163 14024 [INFO ] - [NuGet] Acquired lock for the installation of visualstudio2026buildtools 118.4.2
2026-04-06 04:47:58,170 14024 [INFO ] - [NuGet] Installed visualstudio2026buildtools 118.4.2 from https://community.chocolatey.org/api/v2/ with content hash HdPE1LmGGImhsJvy71GQi9Qiqc7EgNl0j4hlH/Pcrg3cySIudw3XvJDgXKj/kdc+UpzkcO9XA724Bh8MZYHk/w==.
2026-04-06 04:47:58,178 14024 [DEBUG] - Skipping package hash validation as feature 'usePackageHashValidation' is not enabled.
2026-04-06 04:47:58,186 14024 [INFO ] - [NuGet] Adding package 'visualstudio2026buildtools.118.4.2 : chocolatey-visualstudio.extension [1.13.0, ), dotnetfx [4.8.0, ), visualstudio-installer [2.0.7, )' to folder 'C:\ProgramData\chocolatey\lib'
2026-04-06 04:47:58,223 14024 [INFO ] - [NuGet] Added package 'visualstudio2026buildtools.118.4.2 : chocolatey-visualstudio.extension [1.13.0, ), dotnetfx [4.8.0, ), visualstudio-installer [2.0.7, )' to folder 'C:\ProgramData\chocolatey\lib'
2026-04-06 04:47:58,224 14024 [DEBUG] - Attempting to delete file "C:\Users\tsmit\AppData\Local\Temp\chocolatey\ChocolateyScratch\visualstudio2026buildtools/118.4.2\visualstudio2026buildtools.118.4.2.nupkg".
2026-04-06 04:47:58,224 14024 [DEBUG] - Attempting to delete file "C:\Users\tsmit\AppData\Local\Temp\chocolatey\ChocolateyScratch\visualstudio2026buildtools/118.4.2\.nupkg.metadata".
2026-04-06 04:47:58,225 14024 [DEBUG] - Attempting to delete file "C:\Users\tsmit\AppData\Local\Temp\chocolatey\ChocolateyScratch\visualstudio2026buildtools/118.4.2\visualstudio2026buildtools.118.4.2.nupkg.sha512".
2026-04-06 04:47:58,225 14024 [INFO ] - 
visualstudio2026buildtools v118.4.2 [Approved]
2026-04-06 04:47:58,227 14024 [INFO ] - visualstudio2026buildtools package files upgrade completed. Performing other installation steps.
2026-04-06 04:47:58,237 14024 [DEBUG] - Contents of 'C:\ProgramData\chocolatey\lib\visualstudio2026buildtools\tools\ChocolateyInstall.ps1':
2026-04-06 04:47:58,237 14024 [DEBUG] - Install-VisualStudio `
    -PackageName 'visualstudio2026buildtools' `
    -ApplicationName 'Microsoft Visual Studio Build Tools 2026' `
    -Url 'https://download.visualstudio.microsoft.com/download/pr/fdc37f6e-59f6-4054-838a-b476eeaa6ec3/0cc604410059425a34f3bdc71f0241803d6f6bcf9d0c5340c80e981c87ca6b34/vs_BuildTools.exe' <# https://aka.ms/vs/18/stable/vs_buildtools.exe #> `
    -Checksum '0CC604410059425A34F3BDC71F0241803D6F6BCF9D0C5340C80E981C87CA6B34' `
    -ChecksumType 'SHA256' `
    -InstallerTechnology 'WillowVS2017OrLater' `
    -Product 'BuildTools' `
    -VisualStudioYear '2026' `
    -Preview $false

2026-04-06 04:47:58,237 14024 [DEBUG] - Calling built-in PowerShell host with ['[System.Threading.Thread]::CurrentThread.CurrentCulture = '';[System.Threading.Thread]::CurrentThread.CurrentUICulture = '';[System.Net.ServicePointManager]::SecurityProtocol = [System.Net.SecurityProtocolType]::SystemDefault; & import-module -name 'C:\ProgramData\chocolatey\helpers\chocolateyInstaller.psm1'; & 'C:\ProgramData\chocolatey\helpers\chocolateyScriptRunner.ps1' -packageScript 'C:\ProgramData\chocolatey\lib\visualstudio2026buildtools\tools\ChocolateyInstall.ps1' -installArguments '' -packageParameters '' -preRunHookScripts $null -postRunHookScripts $null']
2026-04-06 04:47:58,245 14024 [DEBUG] - Redirecting Microsoft.WSMan.Management.resources, Version=3.0.0.0, Culture=en-US, PublicKeyToken=31bf3856ad364e35, requested by ''
2026-04-06 04:47:58,274 14024 [DEBUG] - Host version is 5.1.26100.1882, PowerShell Version is '5.1.26100.7920' and CLR Version is '4.0.30319.42000'.
2026-04-06 04:47:58,298 14024 [INFO ] - VERBOSE: Loading module from path 'C:\ProgramData\chocolatey\helpers\Chocolatey.PowerShell.dll'.
2026-04-06 04:47:58,299 14024 [INFO ] - VERBOSE: Importing cmdlet 'Get-EnvironmentVariable'.
2026-04-06 04:47:58,299 14024 [INFO ] - VERBOSE: Importing cmdlet 'Get-EnvironmentVariableNames'.
2026-04-06 04:47:58,299 14024 [INFO ] - VERBOSE: Importing cmdlet 'Install-ChocolateyPath'.
2026-04-06 04:47:58,299 14024 [INFO ] - VERBOSE: Importing cmdlet 'Set-EnvironmentVariable'.
2026-04-06 04:47:58,300 14024 [INFO ] - VERBOSE: Importing cmdlet 'Test-ProcessAdminRights'.
2026-04-06 04:47:58,300 14024 [INFO ] - VERBOSE: Importing cmdlet 'Uninstall-ChocolateyPath'.
2026-04-06 04:47:58,300 14024 [INFO ] - VERBOSE: Importing cmdlet 'Update-SessionEnvironment'.
2026-04-06 04:47:58,300 14024 [DEBUG] - Cmdlets exported from Chocolatey.PowerShell.dll
2026-04-06 04:47:58,302 14024 [DEBUG] - Get-EnvironmentVariable
2026-04-06 04:47:58,302 14024 [DEBUG] - Get-EnvironmentVariableNames
2026-04-06 04:47:58,302 14024 [DEBUG] - Install-ChocolateyPath
2026-04-06 04:47:58,302 14024 [DEBUG] - Set-EnvironmentVariable
2026-04-06 04:47:58,302 14024 [DEBUG] - Test-ProcessAdminRights
2026-04-06 04:47:58,303 14024 [DEBUG] - Uninstall-ChocolateyPath
2026-04-06 04:47:58,303 14024 [DEBUG] - Update-SessionEnvironment
2026-04-06 04:47:58,303 14024 [INFO ] - VERBOSE: Exporting function 'Format-FileSize'.
2026-04-06 04:47:58,304 14024 [INFO ] - VERBOSE: Exporting function 'Get-ChecksumValid'.
2026-04-06 04:47:58,304 14024 [INFO ] - VERBOSE: Exporting function 'Get-ChocolateyConfigValue'.
2026-04-06 04:47:58,304 14024 [INFO ] - VERBOSE: Exporting function 'Get-ChocolateyPath'.
2026-04-06 04:47:58,304 14024 [INFO ] - VERBOSE: Exporting function 'Get-ChocolateyUnzip'.
2026-04-06 04:47:58,304 14024 [INFO ] - VERBOSE: Exporting function 'Get-ChocolateyWebFile'.
2026-04-06 04:47:58,305 14024 [INFO ] - VERBOSE: Exporting function 'Get-FtpFile'.
2026-04-06 04:47:58,305 14024 [INFO ] - VERBOSE: Exporting function 'Get-OSArchitectureWidth'.
2026-04-06 04:47:58,305 14024 [INFO ] - VERBOSE: Exporting function 'Get-PackageParameters'.
2026-04-06 04:47:58,305 14024 [INFO ] - VERBOSE: Exporting function 'Get-PackageParametersBuiltIn'.
2026-04-06 04:47:58,305 14024 [INFO ] - VERBOSE: Exporting function 'Get-ToolsLocation'.
2026-04-06 04:47:58,306 14024 [INFO ] - VERBOSE: Exporting function 'Get-UACEnabled'.
2026-04-06 04:47:58,306 14024 [INFO ] - VERBOSE: Exporting function 'Get-UninstallRegistryKey'.
2026-04-06 04:47:58,306 14024 [INFO ] - VERBOSE: Exporting function 'Get-VirusCheckValid'.
2026-04-06 04:47:58,306 14024 [INFO ] - VERBOSE: Exporting function 'Get-WebFile'.
2026-04-06 04:47:58,307 14024 [INFO ] - VERBOSE: Exporting function 'Get-WebFileName'.
2026-04-06 04:47:58,307 14024 [INFO ] - VERBOSE: Exporting function 'Get-WebHeaders'.
2026-04-06 04:47:58,307 14024 [INFO ] - VERBOSE: Exporting function 'Install-BinFile'.
2026-04-06 04:47:58,307 14024 [INFO ] - VERBOSE: Exporting function 'Install-ChocolateyEnvironmentVariable'.
2026-04-06 04:47:58,307 14024 [INFO ] - VERBOSE: Exporting function 'Install-ChocolateyExplorerMenuItem'.
2026-04-06 04:47:58,308 14024 [INFO ] - VERBOSE: Exporting function 'Install-ChocolateyFileAssociation'.
2026-04-06 04:47:58,308 14024 [INFO ] - VERBOSE: Exporting function 'Install-ChocolateyInstallPackage'.
2026-04-06 04:47:58,308 14024 [INFO ] - VERBOSE: Exporting function 'Install-ChocolateyPackage'.
2026-04-06 04:47:58,308 14024 [INFO ] - VERBOSE: Exporting function 'Install-ChocolateyPinnedTaskBarItem'.
2026-04-06 04:47:58,308 14024 [INFO ] - VERBOSE: Exporting function 'Install-ChocolateyPowershellCommand'.
2026-04-06 04:47:58,309 14024 [INFO ] - VERBOSE: Exporting function 'Install-ChocolateyShortcut'.
2026-04-06 04:47:58,309 14024 [INFO ] - VERBOSE: Exporting function 'Install-ChocolateyVsixPackage'.
2026-04-06 04:47:58,309 14024 [INFO ] - VERBOSE: Exporting function 'Install-ChocolateyZipPackage'.
2026-04-06 04:47:58,309 14024 [INFO ] - VERBOSE: Exporting function 'Install-Vsix'.
2026-04-06 04:47:58,310 14024 [INFO ] - VERBOSE: Exporting function 'Set-PowerShellExitCode'.
2026-04-06 04:47:58,310 14024 [INFO ] - VERBOSE: Exporting function 'Start-ChocolateyProcessAsAdmin'.
2026-04-06 04:47:58,310 14024 [INFO ] - VERBOSE: Exporting function 'Uninstall-BinFile'.
2026-04-06 04:47:58,310 14024 [INFO ] - VERBOSE: Exporting function 'Uninstall-ChocolateyEnvironmentVariable'.
2026-04-06 04:47:58,310 14024 [INFO ] - VERBOSE: Exporting function 'Uninstall-ChocolateyPackage'.
2026-04-06 04:47:58,310 14024 [INFO ] - VERBOSE: Exporting function 'Uninstall-ChocolateyZipPackage'.
2026-04-06 04:47:58,311 14024 [INFO ] - VERBOSE: Exporting function 'Write-FunctionCallLogMessage'.
2026-04-06 04:47:58,311 14024 [INFO ] - VERBOSE: Exporting cmdlet 'Get-EnvironmentVariable'.
2026-04-06 04:47:58,311 14024 [INFO ] - VERBOSE: Exporting cmdlet 'Get-EnvironmentVariableNames'.
2026-04-06 04:47:58,311 14024 [INFO ] - VERBOSE: Exporting cmdlet 'Install-ChocolateyPath'.
2026-04-06 04:47:58,312 14024 [INFO ] - VERBOSE: Exporting cmdlet 'Set-EnvironmentVariable'.
2026-04-06 04:47:58,312 14024 [INFO ] - VERBOSE: Exporting cmdlet 'Test-ProcessAdminRights'.
2026-04-06 04:47:58,312 14024 [INFO ] - VERBOSE: Exporting cmdlet 'Uninstall-ChocolateyPath'.
2026-04-06 04:47:58,312 14024 [INFO ] - VERBOSE: Exporting cmdlet 'Update-SessionEnvironment'.
2026-04-06 04:47:58,312 14024 [INFO ] - VERBOSE: Exporting alias 'Get-ProcessorBits'.
2026-04-06 04:47:58,313 14024 [INFO ] - VERBOSE: Exporting alias 'Get-OSBitness'.
2026-04-06 04:47:58,313 14024 [INFO ] - VERBOSE: Exporting alias 'Get-InstallRegistryKey'.
2026-04-06 04:47:58,313 14024 [INFO ] - VERBOSE: Exporting alias 'Generate-BinFile'.
2026-04-06 04:47:58,313 14024 [INFO ] - VERBOSE: Exporting alias 'Add-BinFile'.
2026-04-06 04:47:58,314 14024 [INFO ] - VERBOSE: Exporting alias 'Start-ChocolateyProcess'.
2026-04-06 04:47:58,314 14024 [INFO ] - VERBOSE: Exporting alias 'Invoke-ChocolateyProcess'.
2026-04-06 04:47:58,314 14024 [INFO ] - VERBOSE: Exporting alias 'Remove-BinFile'.
2026-04-06 04:47:58,314 14024 [INFO ] - VERBOSE: Exporting alias 'refreshenv'.
2026-04-06 04:47:58,315 14024 [DEBUG] - Loading community extensions
2026-04-06 04:47:58,316 14024 [DEBUG] - Importing 'C:\ProgramData\chocolatey\extensions\chocolatey-compatibility\chocolatey-compatibility.psm1'
2026-04-06 04:47:58,316 14024 [INFO ] - VERBOSE: Loading module from path 'C:\ProgramData\chocolatey\extensions\chocolatey-compatibility\chocolatey-compatibility.psm1'.
2026-04-06 04:47:58,322 14024 [DEBUG] - Function 'Get-PackageParameters' exists, ignoring export.
2026-04-06 04:47:58,322 14024 [DEBUG] - Function 'Get-UninstallRegistryKey' exists, ignoring export.
2026-04-06 04:47:58,324 14024 [DEBUG] - Exporting function 'Install-ChocolateyDesktopLink' for backwards compatibility
2026-04-06 04:47:58,325 14024 [INFO ] - VERBOSE: Exporting function 'Install-ChocolateyDesktopLink'.
2026-04-06 04:47:58,325 14024 [DEBUG] - Exporting function 'Write-ChocolateyFailure' for backwards compatibility
2026-04-06 04:47:58,326 14024 [INFO ] - VERBOSE: Exporting function 'Write-ChocolateyFailure'.
2026-04-06 04:47:58,327 14024 [DEBUG] - Exporting function 'Write-ChocolateySuccess' for backwards compatibility
2026-04-06 04:47:58,327 14024 [INFO ] - VERBOSE: Exporting function 'Write-ChocolateySuccess'.
2026-04-06 04:47:58,327 14024 [DEBUG] - Exporting function 'Write-FileUpdateLog' for backwards compatibility
2026-04-06 04:47:58,328 14024 [INFO ] - VERBOSE: Exporting function 'Write-FileUpdateLog'.
2026-04-06 04:47:58,328 14024 [INFO ] - VERBOSE: Importing function 'Install-ChocolateyDesktopLink'.
2026-04-06 04:47:58,329 14024 [INFO ] - VERBOSE: Importing function 'Write-ChocolateyFailure'.
2026-04-06 04:47:58,329 14024 [INFO ] - VERBOSE: Importing function 'Write-ChocolateySuccess'.
2026-04-06 04:47:58,329 14024 [INFO ] - VERBOSE: Importing function 'Write-FileUpdateLog'.
2026-04-06 04:47:58,331 14024 [DEBUG] - Importing 'C:\ProgramData\chocolatey\extensions\chocolatey-core\chocolatey-core.psm1'
2026-04-06 04:47:58,331 14024 [INFO ] - VERBOSE: Loading module from path 'C:\ProgramData\chocolatey\extensions\chocolatey-core\chocolatey-core.psm1'.
2026-04-06 04:47:58,351 14024 [INFO ] - VERBOSE: Exporting function 'Get-AppInstallLocation'.
2026-04-06 04:47:58,351 14024 [INFO ] - VERBOSE: Exporting function 'Get-AvailableDriveLetter'.
2026-04-06 04:47:58,352 14024 [INFO ] - VERBOSE: Exporting function 'Get-EffectiveProxy'.
2026-04-06 04:47:58,352 14024 [INFO ] - VERBOSE: Exporting function 'Get-PackageCacheLocation'.
2026-04-06 04:47:58,352 14024 [INFO ] - VERBOSE: Exporting function 'Get-WebContent'.
2026-04-06 04:47:58,353 14024 [INFO ] - VERBOSE: Exporting function 'Register-Application'.
2026-04-06 04:47:58,353 14024 [INFO ] - VERBOSE: Exporting function 'Remove-Process'.
2026-04-06 04:47:58,353 14024 [INFO ] - VERBOSE: Importing function 'Get-AppInstallLocation'.
2026-04-06 04:47:58,354 14024 [INFO ] - VERBOSE: Importing function 'Get-AvailableDriveLetter'.
2026-04-06 04:47:58,354 14024 [INFO ] - VERBOSE: Importing function 'Get-EffectiveProxy'.
2026-04-06 04:47:58,354 14024 [INFO ] - VERBOSE: Importing function 'Get-PackageCacheLocation'.
2026-04-06 04:47:58,354 14024 [INFO ] - VERBOSE: Importing function 'Get-WebContent'.
2026-04-06 04:47:58,354 14024 [INFO ] - VERBOSE: Importing function 'Register-Application'.
2026-04-06 04:47:58,355 14024 [INFO ] - VERBOSE: Importing function 'Remove-Process'.
2026-04-06 04:47:58,355 14024 [DEBUG] - Importing 'C:\ProgramData\chocolatey\extensions\chocolatey-dotnetfx\chocolatey-dotnetfx.psm1'
2026-04-06 04:47:58,356 14024 [INFO ] - VERBOSE: Loading module from path 'C:\ProgramData\chocolatey\extensions\chocolatey-dotnetfx\chocolatey-dotnetfx.psm1'.
2026-04-06 04:47:58,361 14024 [INFO ] - VERBOSE: Exporting function 'Install-DotNetFramework'.
2026-04-06 04:47:58,362 14024 [INFO ] - VERBOSE: Exporting function 'Install-DotNetDevPack'.
2026-04-06 04:47:58,362 14024 [INFO ] - VERBOSE: Importing function 'Install-DotNetDevPack'.
2026-04-06 04:47:58,362 14024 [INFO ] - VERBOSE: Importing function 'Install-DotNetFramework'.
2026-04-06 04:47:58,364 14024 [DEBUG] - Importing 'C:\ProgramData\chocolatey\extensions\chocolatey-visualstudio\chocolatey-visualstudio.extension.psm1'
2026-04-06 04:47:58,369 14024 [INFO ] - VERBOSE: Loading module from path 'C:\ProgramData\chocolatey\extensions\chocolatey-visualstudio\chocolatey-visualstudio.extension.psm1'.
2026-04-06 04:47:58,400 14024 [INFO ] - VERBOSE: Exporting function 'Add-VisualStudioComponent'.
2026-04-06 04:47:58,401 14024 [INFO ] - VERBOSE: Exporting function 'Add-VisualStudioWorkload'.
2026-04-06 04:47:58,401 14024 [INFO ] - VERBOSE: Exporting function 'Get-VisualStudioInstaller'.
2026-04-06 04:47:58,401 14024 [INFO ] - VERBOSE: Exporting function 'Get-VisualStudioInstallerHealth'.
2026-04-06 04:47:58,401 14024 [INFO ] - VERBOSE: Exporting function 'Get-VisualStudioInstance'.
2026-04-06 04:47:58,402 14024 [INFO ] - VERBOSE: Exporting function 'Get-VisualStudioVsixInstaller'.
2026-04-06 04:47:58,402 14024 [INFO ] - VERBOSE: Exporting function 'Install-VisualStudio'.
2026-04-06 04:47:58,402 14024 [INFO ] - VERBOSE: Exporting function 'Install-VisualStudioInstaller'.
2026-04-06 04:47:58,402 14024 [INFO ] - VERBOSE: Exporting function 'Install-VisualStudioVsixExtension'.
2026-04-06 04:47:58,403 14024 [INFO ] - VERBOSE: Exporting function 'Remove-VisualStudioComponent'.
2026-04-06 04:47:58,403 14024 [INFO ] - VERBOSE: Exporting function 'Remove-VisualStudioProduct'.
2026-04-06 04:47:58,403 14024 [INFO ] - VERBOSE: Exporting function 'Remove-VisualStudioWorkload'.
2026-04-06 04:47:58,403 14024 [INFO ] - VERBOSE: Exporting function 'Uninstall-VisualStudio'.
2026-04-06 04:47:58,403 14024 [INFO ] - VERBOSE: Exporting function 'Uninstall-VisualStudioVsixExtension'.
2026-04-06 04:47:58,404 14024 [INFO ] - VERBOSE: Importing function 'Add-VisualStudioComponent'.
2026-04-06 04:47:58,404 14024 [INFO ] - VERBOSE: Importing function 'Add-VisualStudioWorkload'.
2026-04-06 04:47:58,404 14024 [INFO ] - VERBOSE: Importing function 'Get-VisualStudioInstaller'.
2026-04-06 04:47:58,404 14024 [INFO ] - VERBOSE: Importing function 'Get-VisualStudioInstallerHealth'.
2026-04-06 04:47:58,405 14024 [INFO ] - VERBOSE: Importing function 'Get-VisualStudioInstance'.
2026-04-06 04:47:58,405 14024 [INFO ] - VERBOSE: Importing function 'Get-VisualStudioVsixInstaller'.
2026-04-06 04:47:58,405 14024 [INFO ] - VERBOSE: Importing function 'Install-VisualStudio'.
2026-04-06 04:47:58,405 14024 [INFO ] - VERBOSE: Importing function 'Install-VisualStudioInstaller'.
2026-04-06 04:47:58,406 14024 [INFO ] - VERBOSE: Importing function 'Install-VisualStudioVsixExtension'.
2026-04-06 04:47:58,406 14024 [INFO ] - VERBOSE: Importing function 'Remove-VisualStudioComponent'.
2026-04-06 04:47:58,406 14024 [INFO ] - VERBOSE: Importing function 'Remove-VisualStudioProduct'.
2026-04-06 04:47:58,406 14024 [INFO ] - VERBOSE: Importing function 'Remove-VisualStudioWorkload'.
2026-04-06 04:47:58,406 14024 [INFO ] - VERBOSE: Importing function 'Uninstall-VisualStudio'.
2026-04-06 04:47:58,407 14024 [INFO ] - VERBOSE: Importing function 'Uninstall-VisualStudioVsixExtension'.
2026-04-06 04:47:58,407 14024 [DEBUG] - Importing 'C:\ProgramData\chocolatey\extensions\chocolatey-windowsupdate\chocolatey-windowsupdate.psm1'
2026-04-06 04:47:58,408 14024 [INFO ] - VERBOSE: Loading module from path 'C:\ProgramData\chocolatey\extensions\chocolatey-windowsupdate\chocolatey-windowsupdate.psm1'.
2026-04-06 04:47:58,415 14024 [INFO ] - VERBOSE: Exporting function 'Install-WindowsUpdate'.
2026-04-06 04:47:58,415 14024 [INFO ] - VERBOSE: Exporting function 'Test-WindowsUpdate'.
2026-04-06 04:47:58,415 14024 [INFO ] - VERBOSE: Importing function 'Install-WindowsUpdate'.
2026-04-06 04:47:58,416 14024 [INFO ] - VERBOSE: Importing function 'Test-WindowsUpdate'.
2026-04-06 04:47:58,416 14024 [INFO ] - VERBOSE: Exporting function 'Format-FileSize'.
2026-04-06 04:47:58,416 14024 [INFO ] - VERBOSE: Exporting function 'Get-ChecksumValid'.
2026-04-06 04:47:58,416 14024 [INFO ] - VERBOSE: Exporting function 'Get-ChocolateyConfigValue'.
2026-04-06 04:47:58,417 14024 [INFO ] - VERBOSE: Exporting function 'Get-ChocolateyPath'.
2026-04-06 04:47:58,417 14024 [INFO ] - VERBOSE: Exporting function 'Get-ChocolateyUnzip'.
2026-04-06 04:47:58,417 14024 [INFO ] - VERBOSE: Exporting function 'Get-ChocolateyWebFile'.
2026-04-06 04:47:58,417 14024 [INFO ] - VERBOSE: Exporting function 'Get-FtpFile'.
2026-04-06 04:47:58,418 14024 [INFO ] - VERBOSE: Exporting function 'Get-OSArchitectureWidth'.
2026-04-06 04:47:58,418 14024 [INFO ] - VERBOSE: Exporting function 'Get-PackageParameters'.
2026-04-06 04:47:58,418 14024 [INFO ] - VERBOSE: Exporting function 'Get-PackageParametersBuiltIn'.
2026-04-06 04:47:58,418 14024 [INFO ] - VERBOSE: Exporting function 'Get-ToolsLocation'.
2026-04-06 04:47:58,418 14024 [INFO ] - VERBOSE: Exporting function 'Get-UACEnabled'.
2026-04-06 04:47:58,419 14024 [INFO ] - VERBOSE: Exporting function 'Get-UninstallRegistryKey'.
2026-04-06 04:47:58,419 14024 [INFO ] - VERBOSE: Exporting function 'Get-VirusCheckValid'.
2026-04-06 04:47:58,419 14024 [INFO ] - VERBOSE: Exporting function 'Get-WebFile'.
2026-04-06 04:47:58,419 14024 [INFO ] - VERBOSE: Exporting function 'Get-WebFileName'.
2026-04-06 04:47:58,420 14024 [INFO ] - VERBOSE: Exporting function 'Get-WebHeaders'.
2026-04-06 04:47:58,420 14024 [INFO ] - VERBOSE: Exporting function 'Install-BinFile'.
2026-04-06 04:47:58,420 14024 [INFO ] - VERBOSE: Exporting function 'Install-ChocolateyEnvironmentVariable'.
2026-04-06 04:47:58,420 14024 [INFO ] - VERBOSE: Exporting function 'Install-ChocolateyExplorerMenuItem'.
2026-04-06 04:47:58,420 14024 [INFO ] - VERBOSE: Exporting function 'Install-ChocolateyFileAssociation'.
2026-04-06 04:47:58,420 14024 [INFO ] - VERBOSE: Exporting function 'Install-ChocolateyInstallPackage'.
2026-04-06 04:47:58,421 14024 [INFO ] - VERBOSE: Exporting function 'Install-ChocolateyPackage'.
2026-04-06 04:47:58,421 14024 [INFO ] - VERBOSE: Exporting function 'Install-ChocolateyPinnedTaskBarItem'.
2026-04-06 04:47:58,421 14024 [INFO ] - VERBOSE: Exporting function 'Install-ChocolateyPowershellCommand'.
2026-04-06 04:47:58,421 14024 [INFO ] - VERBOSE: Exporting function 'Install-ChocolateyShortcut'.
2026-04-06 04:47:58,422 14024 [INFO ] - VERBOSE: Exporting function 'Install-ChocolateyVsixPackage'.
2026-04-06 04:47:58,422 14024 [INFO ] - VERBOSE: Exporting function 'Install-ChocolateyZipPackage'.
2026-04-06 04:47:58,422 14024 [INFO ] - VERBOSE: Exporting function 'Install-Vsix'.
2026-04-06 04:47:58,422 14024 [INFO ] - VERBOSE: Exporting function 'Set-PowerShellExitCode'.
2026-04-06 04:47:58,422 14024 [INFO ] - VERBOSE: Exporting function 'Start-ChocolateyProcessAsAdmin'.
2026-04-06 04:47:58,423 14024 [INFO ] - VERBOSE: Exporting function 'Uninstall-BinFile'.
2026-04-06 04:47:58,423 14024 [INFO ] - VERBOSE: Exporting function 'Uninstall-ChocolateyEnvironmentVariable'.
2026-04-06 04:47:58,423 14024 [INFO ] - VERBOSE: Exporting function 'Uninstall-ChocolateyPackage'.
2026-04-06 04:47:58,423 14024 [INFO ] - VERBOSE: Exporting function 'Uninstall-ChocolateyZipPackage'.
2026-04-06 04:47:58,423 14024 [INFO ] - VERBOSE: Exporting function 'Write-FunctionCallLogMessage'.
2026-04-06 04:47:58,424 14024 [INFO ] - VERBOSE: Exporting function 'Install-ChocolateyDesktopLink'.
2026-04-06 04:47:58,424 14024 [INFO ] - VERBOSE: Exporting function 'Write-ChocolateyFailure'.
2026-04-06 04:47:58,424 14024 [INFO ] - VERBOSE: Exporting function 'Write-ChocolateySuccess'.
2026-04-06 04:47:58,424 14024 [INFO ] - VERBOSE: Exporting function 'Write-FileUpdateLog'.
2026-04-06 04:47:58,424 14024 [INFO ] - VERBOSE: Exporting function 'Get-AppInstallLocation'.
2026-04-06 04:47:58,425 14024 [INFO ] - VERBOSE: Exporting function 'Get-AvailableDriveLetter'.
2026-04-06 04:47:58,425 14024 [INFO ] - VERBOSE: Exporting function 'Get-EffectiveProxy'.
2026-04-06 04:47:58,425 14024 [INFO ] - VERBOSE: Exporting function 'Get-PackageCacheLocation'.
2026-04-06 04:47:58,425 14024 [INFO ] - VERBOSE: Exporting function 'Get-WebContent'.
2026-04-06 04:47:58,426 14024 [INFO ] - VERBOSE: Exporting function 'Register-Application'.
2026-04-06 04:47:58,426 14024 [INFO ] - VERBOSE: Exporting function 'Remove-Process'.
2026-04-06 04:47:58,426 14024 [INFO ] - VERBOSE: Exporting function 'Install-DotNetDevPack'.
2026-04-06 04:47:58,426 14024 [INFO ] - VERBOSE: Exporting function 'Install-DotNetFramework'.
2026-04-06 04:47:58,426 14024 [INFO ] - VERBOSE: Exporting function 'Add-VisualStudioComponent'.
2026-04-06 04:47:58,427 14024 [INFO ] - VERBOSE: Exporting function 'Add-VisualStudioWorkload'.
2026-04-06 04:47:58,427 14024 [INFO ] - VERBOSE: Exporting function 'Get-VisualStudioInstaller'.
2026-04-06 04:47:58,427 14024 [INFO ] - VERBOSE: Exporting function 'Get-VisualStudioInstallerHealth'.
2026-04-06 04:47:58,427 14024 [INFO ] - VERBOSE: Exporting function 'Get-VisualStudioInstance'.
2026-04-06 04:47:58,427 14024 [INFO ] - VERBOSE: Exporting function 'Get-VisualStudioVsixInstaller'.
2026-04-06 04:47:58,428 14024 [INFO ] - VERBOSE: Exporting function 'Install-VisualStudio'.
2026-04-06 04:47:58,428 14024 [INFO ] - VERBOSE: Exporting function 'Install-VisualStudioInstaller'.
2026-04-06 04:47:58,428 14024 [INFO ] - VERBOSE: Exporting function 'Install-VisualStudioVsixExtension'.
2026-04-06 04:47:58,428 14024 [INFO ] - VERBOSE: Exporting function 'Remove-VisualStudioComponent'.
2026-04-06 04:47:58,429 14024 [INFO ] - VERBOSE: Exporting function 'Remove-VisualStudioProduct'.
2026-04-06 04:47:58,429 14024 [INFO ] - VERBOSE: Exporting function 'Remove-VisualStudioWorkload'.
2026-04-06 04:47:58,429 14024 [INFO ] - VERBOSE: Exporting function 'Uninstall-VisualStudio'.
2026-04-06 04:47:58,429 14024 [INFO ] - VERBOSE: Exporting function 'Uninstall-VisualStudioVsixExtension'.
2026-04-06 04:47:58,429 14024 [INFO ] - VERBOSE: Exporting function 'Install-WindowsUpdate'.
2026-04-06 04:47:58,430 14024 [INFO ] - VERBOSE: Exporting function 'Test-WindowsUpdate'.
2026-04-06 04:47:58,430 14024 [INFO ] - VERBOSE: Exporting cmdlet 'Get-EnvironmentVariable'.
2026-04-06 04:47:58,430 14024 [INFO ] - VERBOSE: Exporting cmdlet 'Get-EnvironmentVariableNames'.
2026-04-06 04:47:58,430 14024 [INFO ] - VERBOSE: Exporting cmdlet 'Install-ChocolateyPath'.
2026-04-06 04:47:58,431 14024 [INFO ] - VERBOSE: Exporting cmdlet 'Set-EnvironmentVariable'.
2026-04-06 04:47:58,431 14024 [INFO ] - VERBOSE: Exporting cmdlet 'Test-ProcessAdminRights'.
2026-04-06 04:47:58,431 14024 [INFO ] - VERBOSE: Exporting cmdlet 'Uninstall-ChocolateyPath'.
2026-04-06 04:47:58,431 14024 [INFO ] - VERBOSE: Exporting cmdlet 'Update-SessionEnvironment'.
2026-04-06 04:47:58,431 14024 [INFO ] - VERBOSE: Exporting cmdlet 'Get-EnvironmentVariable'.
2026-04-06 04:47:58,432 14024 [INFO ] - VERBOSE: Exporting cmdlet 'Get-EnvironmentVariableNames'.
2026-04-06 04:47:58,432 14024 [INFO ] - VERBOSE: Exporting cmdlet 'Install-ChocolateyPath'.
2026-04-06 04:47:58,432 14024 [INFO ] - VERBOSE: Exporting cmdlet 'Set-EnvironmentVariable'.
2026-04-06 04:47:58,432 14024 [INFO ] - VERBOSE: Exporting cmdlet 'Test-ProcessAdminRights'.
2026-04-06 04:47:58,432 14024 [INFO ] - VERBOSE: Exporting cmdlet 'Uninstall-ChocolateyPath'.
2026-04-06 04:47:58,433 14024 [INFO ] - VERBOSE: Exporting cmdlet 'Update-SessionEnvironment'.
2026-04-06 04:47:58,433 14024 [INFO ] - VERBOSE: Exporting alias 'Get-ProcessorBits'.
2026-04-06 04:47:58,433 14024 [INFO ] - VERBOSE: Exporting alias 'Get-OSBitness'.
2026-04-06 04:47:58,433 14024 [INFO ] - VERBOSE: Exporting alias 'Get-InstallRegistryKey'.
2026-04-06 04:47:58,433 14024 [INFO ] - VERBOSE: Exporting alias 'Generate-BinFile'.
2026-04-06 04:47:58,434 14024 [INFO ] - VERBOSE: Exporting alias 'Add-BinFile'.
2026-04-06 04:47:58,434 14024 [INFO ] - VERBOSE: Exporting alias 'Start-ChocolateyProcess'.
2026-04-06 04:47:58,434 14024 [INFO ] - VERBOSE: Exporting alias 'Invoke-ChocolateyProcess'.
2026-04-06 04:47:58,434 14024 [INFO ] - VERBOSE: Exporting alias 'Remove-BinFile'.
2026-04-06 04:47:58,435 14024 [INFO ] - VERBOSE: Exporting alias 'refreshenv'.
2026-04-06 04:47:58,435 14024 [INFO ] - VERBOSE: Importing cmdlet 'Get-EnvironmentVariable'.
2026-04-06 04:47:58,435 14024 [INFO ] - VERBOSE: Importing cmdlet 'Get-EnvironmentVariableNames'.
2026-04-06 04:47:58,435 14024 [INFO ] - VERBOSE: Importing cmdlet 'Install-ChocolateyPath'.
2026-04-06 04:47:58,436 14024 [INFO ] - VERBOSE: Importing cmdlet 'Set-EnvironmentVariable'.
2026-04-06 04:47:58,436 14024 [INFO ] - VERBOSE: Importing cmdlet 'Test-ProcessAdminRights'.
2026-04-06 04:47:58,436 14024 [INFO ] - VERBOSE: Importing cmdlet 'Uninstall-ChocolateyPath'.
2026-04-06 04:47:58,436 14024 [INFO ] - VERBOSE: Importing cmdlet 'Update-SessionEnvironment'.
2026-04-06 04:47:58,437 14024 [INFO ] - VERBOSE: Importing function 'Add-VisualStudioComponent'.
2026-04-06 04:47:58,437 14024 [INFO ] - VERBOSE: Importing function 'Add-VisualStudioWorkload'.
2026-04-06 04:47:58,437 14024 [INFO ] - VERBOSE: Importing function 'Format-FileSize'.
2026-04-06 04:47:58,437 14024 [INFO ] - VERBOSE: Importing function 'Get-AppInstallLocation'.
2026-04-06 04:47:58,437 14024 [INFO ] - VERBOSE: Importing function 'Get-AvailableDriveLetter'.
2026-04-06 04:47:58,438 14024 [INFO ] - VERBOSE: Importing function 'Get-ChecksumValid'.
2026-04-06 04:47:58,438 14024 [INFO ] - VERBOSE: Importing function 'Get-ChocolateyConfigValue'.
2026-04-06 04:47:58,438 14024 [INFO ] - VERBOSE: Importing function 'Get-ChocolateyPath'.
2026-04-06 04:47:58,438 14024 [INFO ] - VERBOSE: Importing function 'Get-ChocolateyUnzip'.
2026-04-06 04:47:58,438 14024 [INFO ] - VERBOSE: Importing function 'Get-ChocolateyWebFile'.
2026-04-06 04:47:58,439 14024 [INFO ] - VERBOSE: Importing function 'Get-EffectiveProxy'.
2026-04-06 04:47:58,439 14024 [INFO ] - VERBOSE: Importing function 'Get-FtpFile'.
2026-04-06 04:47:58,439 14024 [INFO ] - VERBOSE: Importing function 'Get-OSArchitectureWidth'.
2026-04-06 04:47:58,439 14024 [INFO ] - VERBOSE: Importing function 'Get-PackageCacheLocation'.
2026-04-06 04:47:58,440 14024 [INFO ] - VERBOSE: Importing function 'Get-PackageParameters'.
2026-04-06 04:47:58,440 14024 [INFO ] - VERBOSE: Importing function 'Get-PackageParametersBuiltIn'.
2026-04-06 04:47:58,440 14024 [INFO ] - VERBOSE: Importing function 'Get-ToolsLocation'.
2026-04-06 04:47:58,440 14024 [INFO ] - VERBOSE: Importing function 'Get-UACEnabled'.
2026-04-06 04:47:58,440 14024 [INFO ] - VERBOSE: Importing function 'Get-UninstallRegistryKey'.
2026-04-06 04:47:58,441 14024 [INFO ] - VERBOSE: Importing function 'Get-VirusCheckValid'.
2026-04-06 04:47:58,441 14024 [INFO ] - VERBOSE: Importing function 'Get-VisualStudioInstaller'.
2026-04-06 04:47:58,441 14024 [INFO ] - VERBOSE: Importing function 'Get-VisualStudioInstallerHealth'.
2026-04-06 04:47:58,441 14024 [INFO ] - VERBOSE: Importing function 'Get-VisualStudioInstance'.
2026-04-06 04:47:58,441 14024 [INFO ] - VERBOSE: Importing function 'Get-VisualStudioVsixInstaller'.
2026-04-06 04:47:58,442 14024 [INFO ] - VERBOSE: Importing function 'Get-WebContent'.
2026-04-06 04:47:58,442 14024 [INFO ] - VERBOSE: Importing function 'Get-WebFile'.
2026-04-06 04:47:58,442 14024 [INFO ] - VERBOSE: Importing function 'Get-WebFileName'.
2026-04-06 04:47:58,442 14024 [INFO ] - VERBOSE: Importing function 'Get-WebHeaders'.
2026-04-06 04:47:58,442 14024 [INFO ] - VERBOSE: Importing function 'Install-BinFile'.
2026-04-06 04:47:58,443 14024 [INFO ] - VERBOSE: Importing function 'Install-ChocolateyDesktopLink'.
2026-04-06 04:47:58,443 14024 [INFO ] - VERBOSE: Importing function 'Install-ChocolateyEnvironmentVariable'.
2026-04-06 04:47:58,443 14024 [INFO ] - VERBOSE: Importing function 'Install-ChocolateyExplorerMenuItem'.
2026-04-06 04:47:58,443 14024 [INFO ] - VERBOSE: Importing function 'Install-ChocolateyFileAssociation'.
2026-04-06 04:47:58,444 14024 [INFO ] - VERBOSE: Importing function 'Install-ChocolateyInstallPackage'.
2026-04-06 04:47:58,444 14024 [INFO ] - VERBOSE: Importing function 'Install-ChocolateyPackage'.
2026-04-06 04:47:58,444 14024 [INFO ] - VERBOSE: Importing function 'Install-ChocolateyPinnedTaskBarItem'.
2026-04-06 04:47:58,444 14024 [INFO ] - VERBOSE: Importing function 'Install-ChocolateyPowershellCommand'.
2026-04-06 04:47:58,445 14024 [INFO ] - VERBOSE: Importing function 'Install-ChocolateyShortcut'.
2026-04-06 04:47:58,445 14024 [INFO ] - VERBOSE: Importing function 'Install-ChocolateyVsixPackage'.
2026-04-06 04:47:58,445 14024 [INFO ] - VERBOSE: Importing function 'Install-ChocolateyZipPackage'.
2026-04-06 04:47:58,445 14024 [INFO ] - VERBOSE: Importing function 'Install-DotNetDevPack'.
2026-04-06 04:47:58,445 14024 [INFO ] - VERBOSE: Importing function 'Install-DotNetFramework'.
2026-04-06 04:47:58,446 14024 [INFO ] - VERBOSE: Importing function 'Install-VisualStudio'.
2026-04-06 04:47:58,446 14024 [INFO ] - VERBOSE: Importing function 'Install-VisualStudioInstaller'.
2026-04-06 04:47:58,446 14024 [INFO ] - VERBOSE: Importing function 'Install-VisualStudioVsixExtension'.
2026-04-06 04:47:58,446 14024 [INFO ] - VERBOSE: Importing function 'Install-Vsix'.
2026-04-06 04:47:58,446 14024 [INFO ] - VERBOSE: Importing function 'Install-WindowsUpdate'.
2026-04-06 04:47:58,447 14024 [INFO ] - VERBOSE: Importing function 'Register-Application'.
2026-04-06 04:47:58,447 14024 [INFO ] - VERBOSE: Importing function 'Remove-Process'.
2026-04-06 04:47:58,447 14024 [INFO ] - VERBOSE: Importing function 'Remove-VisualStudioComponent'.
2026-04-06 04:47:58,447 14024 [INFO ] - VERBOSE: Importing function 'Remove-VisualStudioProduct'.
2026-04-06 04:47:58,448 14024 [INFO ] - VERBOSE: Importing function 'Remove-VisualStudioWorkload'.
2026-04-06 04:47:58,448 14024 [INFO ] - VERBOSE: Importing function 'Set-PowerShellExitCode'.
2026-04-06 04:47:58,448 14024 [INFO ] - VERBOSE: Importing function 'Start-ChocolateyProcessAsAdmin'.
2026-04-06 04:47:58,448 14024 [INFO ] - VERBOSE: Importing function 'Test-WindowsUpdate'.
2026-04-06 04:47:58,449 14024 [INFO ] - VERBOSE: Importing function 'Uninstall-BinFile'.
2026-04-06 04:47:58,449 14024 [INFO ] - VERBOSE: Importing function 'Uninstall-ChocolateyEnvironmentVariable'.
2026-04-06 04:47:58,449 14024 [INFO ] - VERBOSE: Importing function 'Uninstall-ChocolateyPackage'.
2026-04-06 04:47:58,449 14024 [INFO ] - VERBOSE: Importing function 'Uninstall-ChocolateyZipPackage'.
2026-04-06 04:47:58,449 14024 [INFO ] - VERBOSE: Importing function 'Uninstall-VisualStudio'.
2026-04-06 04:47:58,450 14024 [INFO ] - VERBOSE: Importing function 'Uninstall-VisualStudioVsixExtension'.
2026-04-06 04:47:58,450 14024 [INFO ] - VERBOSE: Importing function 'Write-ChocolateyFailure'.
2026-04-06 04:47:58,450 14024 [INFO ] - VERBOSE: Importing function 'Write-ChocolateySuccess'.
2026-04-06 04:47:58,450 14024 [INFO ] - VERBOSE: Importing function 'Write-FileUpdateLog'.
2026-04-06 04:47:58,450 14024 [INFO ] - VERBOSE: Importing function 'Write-FunctionCallLogMessage'.
2026-04-06 04:47:58,451 14024 [INFO ] - VERBOSE: Importing alias 'Add-BinFile'.
2026-04-06 04:47:58,451 14024 [INFO ] - VERBOSE: Importing alias 'Generate-BinFile'.
2026-04-06 04:47:58,451 14024 [INFO ] - VERBOSE: Importing alias 'Get-InstallRegistryKey'.
2026-04-06 04:47:58,451 14024 [INFO ] - VERBOSE: Importing alias 'Get-OSBitness'.
2026-04-06 04:47:58,452 14024 [INFO ] - VERBOSE: Importing alias 'Get-ProcessorBits'.
2026-04-06 04:47:58,452 14024 [INFO ] - VERBOSE: Importing alias 'Invoke-ChocolateyProcess'.
2026-04-06 04:47:58,452 14024 [INFO ] - VERBOSE: Importing alias 'refreshenv'.
2026-04-06 04:47:58,452 14024 [INFO ] - VERBOSE: Importing alias 'Remove-BinFile'.
2026-04-06 04:47:58,452 14024 [INFO ] - VERBOSE: Importing alias 'Start-ChocolateyProcess'.
2026-04-06 04:47:58,454 14024 [DEBUG] - ---------------------------Script Execution---------------------------
2026-04-06 04:47:58,454 14024 [DEBUG] - Running 'ChocolateyScriptRunner' for visualstudio2026buildtools v118.4.2 with packageScript 'C:\ProgramData\chocolatey\lib\visualstudio2026buildtools\tools\ChocolateyInstall.ps1', packageFolder:'C:\ProgramData\chocolatey\lib\visualstudio2026buildtools', installArguments: '', packageParameters: '', preRunHookScripts: '', postRunHookScripts: '',
2026-04-06 04:47:58,455 14024 [DEBUG] - Running package script 'C:\ProgramData\chocolatey\lib\visualstudio2026buildtools\tools\ChocolateyInstall.ps1'
2026-04-06 04:47:58,500 14024 [DEBUG] - Running 'Install-VisualStudio' for visualstudio2026buildtools with ApplicationName:'Microsoft Visual Studio Build Tools 2026' Url:'https://download.visualstudio.microsoft.com/download/pr/fdc37f6e-59f6-4054-838a-b476eeaa6ec3/0cc604410059425a34f3bdc71f0241803d6f6bcf9d0c5340c80e981c87ca6b34/vs_BuildTools.exe' Checksum:0CC604410059425A34F3BDC71F0241803D6F6BCF9D0C5340C80E981C87CA6B34 ChecksumType:SHA256 InstallerTechnology:'WillowVS2017OrLater' ProgramsAndFeaturesDisplayName:'Microsoft Visual Studio Build Tools 2026' VisualStudioYear:'2026' Product:'BuildTools' Preview:'False' DesiredProductVersion:''
2026-04-06 04:47:58,514 14024 [DEBUG] - Running 'Parse-Parameters' with s:'' DefaultValues:''
2026-04-06 04:47:58,515 14024 [DEBUG] - No package parameters.
2026-04-06 04:47:58,526 14024 [DEBUG] - Using channel manifest URI computed from the channel id: 'https://aka.ms/vs/18/stable/channel'
2026-04-06 04:47:58,537 14024 [DEBUG] - Resolving VS product instance(s)
2026-04-06 04:47:58,538 14024 [DEBUG] - Detecting instances of VS products with ProductId = 'Microsoft.VisualStudio.Product.BuildTools' ChannelId = 'VisualStudio.18.Release'
2026-04-06 04:47:58,544 14024 [DEBUG] - Detecting Visual Studio products installed using the Willow installer (2017+)
2026-04-06 04:47:58,573 14024 [DEBUG] - Using the default VS CachePath: C:\ProgramData\Microsoft\VisualStudio\Packages
2026-04-06 04:47:58,577 14024 [DEBUG] - Base path 'C:\ProgramData\Microsoft\VisualStudio\Packages\_Instances' does not exist, assuming no products installed
2026-04-06 04:47:58,592 14024 [DEBUG] - Resolved 0 product instance(s)
2026-04-06 04:47:58,594 14024 [INFO ] - VERBOSE: Found 0 installed Visual Studio product(s) with ChannelId = VisualStudio.18.Release and ProductId = Microsoft.VisualStudio.Product.BuildTools
2026-04-06 04:47:58,597 14024 [INFO ] - VERBOSE: Visual Studio installer will be downloaded from the Web
2026-04-06 04:47:58,607 14024 [INFO ] - VERBOSE: Checking installer version required by the package
2026-04-06 04:47:58,611 14024 [INFO ] - VERBOSE: Trying to determine the required installer and engine version from the manifests
2026-04-06 04:47:58,611 14024 [DEBUG] - Obtaining the channel manifest in order to determine the required installer version
2026-04-06 04:47:58,614 14024 [DEBUG] - Checking if the channel manifest URI has been provided
2026-04-06 04:47:58,615 14024 [DEBUG] - InstallChannelUri will be used, if present
2026-04-06 04:47:58,616 14024 [DEBUG] - Package parameters do not contain 'installChannelUri', it is empty or the scenario does not allow its use
2026-04-06 04:47:58,617 14024 [DEBUG] - Using channel manifest URI from the 'channelUri' package parameter: 'https://aka.ms/vs/18/stable/channel'
2026-04-06 04:47:58,617 14024 [DEBUG] - Not looking in LayoutPath because --noWeb was not passed in package parameters
2026-04-06 04:47:58,621 14024 [INFO ] - VERBOSE: Obtaining the manifest file for url 'https://aka.ms/vs/18/stable/channel' (channel manifest)
2026-04-06 04:47:58,627 14024 [INFO ] - VERBOSE: Local cached file 'C:\Users\tsmit\AppData\Local\Temp\chocolatey\chocolatey-visualstudio.extension\ChannelManifest_444114094.man' does not exist
2026-04-06 04:47:58,628 14024 [INFO ] - VERBOSE: Downloading the manifest file (channel manifest)
2026-04-06 04:47:58,630 14024 [DEBUG] - Running Get-ChocolateyWebFile -url 'https://aka.ms/vs/18/stable/channel' -packageName 'channel manifest' -fileFullPath 'C:\Users\tsmit\AppData\Local\Temp\chocolatey\chocolatey-visualstudio.extension\ChannelManifest_444114094.man' 
2026-04-06 04:47:58,631 14024 [DEBUG] - Running Get-OSArchitectureWidth -compare '64' 
2026-04-06 04:47:58,632 14024 [DEBUG] - CPU is 64 bit
2026-04-06 04:47:58,632 14024 [DEBUG] - Running Get-WebHeaders -url 'https://aka.ms/vs/18/stable/channel' -ErrorAction 'Stop' 
2026-04-06 04:47:58,633 14024 [DEBUG] - Setting the UserAgent to 'chocolatey command line'
2026-04-06 04:47:58,634 14024 [DEBUG] - Request Headers:
2026-04-06 04:47:58,634 14024 [DEBUG] -   'Accept':'*/*'
2026-04-06 04:47:58,634 14024 [DEBUG] -   'User-Agent':'chocolatey command line'
2026-04-06 04:47:59,502 14024 [DEBUG] - Response Headers:
2026-04-06 04:47:59,503 14024 [DEBUG] -   'Connection':'keep-alive'
2026-04-06 04:47:59,503 14024 [DEBUG] -   'X-Ms-ApiVersion':'Distribute 1.2'
2026-04-06 04:47:59,503 14024 [DEBUG] -   'X-Ms-Region':'prod-eus-z1'
2026-04-06 04:47:59,504 14024 [DEBUG] -   'Content-Disposition':'attachment; filename=VisualStudio.18.Release.chman; filename*=UTF-8''VisualStudio.18.Release.chman'
2026-04-06 04:47:59,504 14024 [DEBUG] -   'Age':'238888'
2026-04-06 04:47:59,504 14024 [DEBUG] -   'X-Served-By':'cache-lax-kwhp1940037-LAX'
2026-04-06 04:47:59,504 14024 [DEBUG] -   'X-Cache':'HIT'
2026-04-06 04:47:59,505 14024 [DEBUG] -   'X-Cache-Hits':'722'
2026-04-06 04:47:59,505 14024 [DEBUG] -   'X-Timer':'S1775476079.422358,VS0,VE0'
2026-04-06 04:47:59,505 14024 [DEBUG] -   'X-CID':'3'
2026-04-06 04:47:59,505 14024 [DEBUG] -   'X-OSID':'3'
2026-04-06 04:47:59,506 14024 [DEBUG] -   'x-rewritten-path':'/DSDownloadAPI/Download.ashx/dscdnstatic/VSSETUPPROD/c03aa7dd-8afd-49cc-9274-19c9a1b26aee/ad714c394bacb0d7697776d9a7738571cf5a22da31173b44a3484b1d9544d5c0/VisualStudio.18.Release.chman'
2026-04-06 04:47:59,506 14024 [DEBUG] -   'X-CCC':'US'
2026-04-06 04:47:59,506 14024 [DEBUG] -   'Accept-Ranges':'bytes'
2026-04-06 04:47:59,506 14024 [DEBUG] -   'Content-Length':'118625'
2026-04-06 04:47:59,507 14024 [DEBUG] -   'Cache-Control':'public, max-age=259200'
2026-04-06 04:47:59,507 14024 [DEBUG] -   'Content-Type':'application/octet-stream'
2026-04-06 04:47:59,507 14024 [DEBUG] -   'Date':'Mon, 06 Apr 2026 11:47:59 GMT'
2026-04-06 04:47:59,508 14024 [DEBUG] -   'ETag':'"0x264708121F01B3BCA0789BA239DB28745D7D59AAC82CDA5DF0544D0459057F48"'
2026-04-06 04:47:59,508 14024 [DEBUG] -   'Last-Modified':'Thu, 26 Mar 2026 21:58:29 GMT'
2026-04-06 04:47:59,508 14024 [DEBUG] -   'Via':'1.1 varnish'
2026-04-06 04:47:59,509 14024 [INFO ] - Downloading channel manifest 
  from 'https://aka.ms/vs/18/stable/channel'
2026-04-06 04:47:59,510 14024 [DEBUG] - Running Get-WebFile -url 'https://aka.ms/vs/18/stable/channel' -fileName 'C:\Users\tsmit\AppData\Local\Temp\chocolatey\chocolatey-visualstudio.extension\ChannelManifest_444114094.man' -options 'System.Collections.Hashtable' 
2026-04-06 04:47:59,511 14024 [DEBUG] - Setting request timeout to  30000
2026-04-06 04:47:59,512 14024 [DEBUG] - Setting read/write timeout to  2700000
2026-04-06 04:47:59,512 14024 [DEBUG] - Setting the UserAgent to 'chocolatey command line'
2026-04-06 04:48:00,936 14024 [DEBUG] - Completed download of https://aka.ms/vs/18/stable/channel.
2026-04-06 04:48:00,938 14024 [INFO ] - 
2026-04-06 04:48:00,938 14024 [INFO ] - Download of ChannelManifest_444114094.man (115.84 KB) completed.
2026-04-06 04:48:03,951 14024 [DEBUG] - No runtime virus checking built into FOSS Chocolatey. Check out Pro/Business - https://chocolatey.org/compare
2026-04-06 04:48:03,951 14024 [DEBUG] - Checking that 'C:\Users\tsmit\AppData\Local\Temp\chocolatey\chocolatey-visualstudio.extension\ChannelManifest_444114094.man' is the size we expect it to be.
2026-04-06 04:48:03,953 14024 [DEBUG] - Verifying package provided checksum of '' for 'C:\Users\tsmit\AppData\Local\Temp\chocolatey\chocolatey-visualstudio.extension\ChannelManifest_444114094.man'.
2026-04-06 04:48:03,954 14024 [DEBUG] - Running Get-ChecksumValid -file 'C:\Users\tsmit\AppData\Local\Temp\chocolatey\chocolatey-visualstudio.extension\ChannelManifest_444114094.man' -checksum '' -checksumType '' -originalUrl 'https://aka.ms/vs/18/stable/channel' 
2026-04-06 04:48:03,954 14024 [DEBUG] - Download from HTTPS source with feature 'allowEmptyChecksumsSecure' enabled.
2026-04-06 04:48:03,955 14024 [INFO ] - VERBOSE: Reading the manifest file (channel manifest)
2026-04-06 04:48:03,962 14024 [INFO ] - VERBOSE: Parsing the manifest file (channel manifest)
2026-04-06 04:48:04,044 14024 [DEBUG] - Located 1 channel manifest item(s) of type Bootstrapper
2026-04-06 04:48:04,048 14024 [INFO ] - VERBOSE: Bootstrapper  installerVersion determined from the channel manifest: 4.4.38.63497
2026-04-06 04:48:04,049 14024 [INFO ] - VERBOSE: Required installer version determined from the channel manifest (as bootstrapper installerVersion property): '4.4.38.63497'
2026-04-06 04:48:04,049 14024 [DEBUG] - Obtaining the component manifest in order to determine the required engine version
2026-04-06 04:48:04,052 14024 [DEBUG] - Not looking in LayoutPath because --noWeb was not passed in package parameters
2026-04-06 04:48:04,052 14024 [DEBUG] - Parsing the channel manifest
2026-04-06 04:48:04,055 14024 [DEBUG] - Located 1 channel manifest item(s) of type Manifest
2026-04-06 04:48:04,056 14024 [INFO ] - VERBOSE: Manifest url determined from the channel manifest: 'https://download.visualstudio.microsoft.com/download/pr/c03aa7dd-8afd-49cc-9274-19c9a1b26aee/01403e4017f6303bdb39cc30070877e5619a848e8dd9849bc66d6ac9a2a8c93d/VisualStudio.vsman' (checksum: '01403e4017f6303bdb39cc30070877e5619a848e8dd9849bc66d6ac9a2a8c93d', type: 'sha256')
2026-04-06 04:48:04,058 14024 [INFO ] - VERBOSE: Obtaining the manifest file for url 'https://download.visualstudio.microsoft.com/download/pr/c03aa7dd-8afd-49cc-9274-19c9a1b26aee/01403e4017f6303bdb39cc30070877e5619a848e8dd9849bc66d6ac9a2a8c93d/VisualStudio.vsman' (catalog manifest)
2026-04-06 04:48:04,059 14024 [INFO ] - VERBOSE: Local cached file 'C:\Users\tsmit\AppData\Local\Temp\chocolatey\chocolatey-visualstudio.extension\Catalog_852386966.man' does not exist
2026-04-06 04:48:04,059 14024 [INFO ] - VERBOSE: Downloading the manifest file (catalog manifest)
2026-04-06 04:48:04,059 14024 [DEBUG] - Running Get-ChocolateyWebFile -url 'https://download.visualstudio.microsoft.com/download/pr/c03aa7dd-8afd-49cc-9274-19c9a1b26aee/01403e4017f6303bdb39cc30070877e5619a848e8dd9849bc66d6ac9a2a8c93d/VisualStudio.vsman' -packageName 'catalog manifest' -fileFullPath 'C:\Users\tsmit\AppData\Local\Temp\chocolatey\chocolatey-visualstudio.extension\Catalog_852386966.man' 
2026-04-06 04:48:04,060 14024 [DEBUG] - Running Get-OSArchitectureWidth -compare '64' 
2026-04-06 04:48:04,060 14024 [DEBUG] - CPU is 64 bit
2026-04-06 04:48:04,061 14024 [DEBUG] - Running Get-WebHeaders -url 'https://download.visualstudio.microsoft.com/download/pr/c03aa7dd-8afd-49cc-9274-19c9a1b26aee/01403e4017f6303bdb39cc30070877e5619a848e8dd9849bc66d6ac9a2a8c93d/VisualStudio.vsman' -ErrorAction 'Stop' 
2026-04-06 04:48:04,062 14024 [DEBUG] - Setting the UserAgent to 'chocolatey command line'
2026-04-06 04:48:04,063 14024 [DEBUG] - Request Headers:
2026-04-06 04:48:04,063 14024 [DEBUG] -   'Accept':'*/*'
2026-04-06 04:48:04,063 14024 [DEBUG] -   'User-Agent':'chocolatey command line'
2026-04-06 04:48:04,349 14024 [DEBUG] - Response Headers:
2026-04-06 04:48:04,350 14024 [DEBUG] -   'Connection':'keep-alive'
2026-04-06 04:48:04,350 14024 [DEBUG] -   'X-Ms-ApiVersion':'Distribute 1.2'
2026-04-06 04:48:04,350 14024 [DEBUG] -   'X-Ms-Region':'prod-eus-z1'
2026-04-06 04:48:04,350 14024 [DEBUG] -   'Content-Disposition':'attachment; filename=VisualStudio.vsman; filename*=UTF-8''VisualStudio.vsman'
2026-04-06 04:48:04,352 14024 [DEBUG] -   'Age':'101132'
2026-04-06 04:48:04,352 14024 [DEBUG] -   'X-Served-By':'cache-lax-kwhp1940119-LAX'
2026-04-06 04:48:04,352 14024 [DEBUG] -   'X-Cache':'HIT'
2026-04-06 04:48:04,352 14024 [DEBUG] -   'X-Cache-Hits':'0'
2026-04-06 04:48:04,353 14024 [DEBUG] -   'X-Timer':'S1775476084.238507,VS0,VE1'
2026-04-06 04:48:04,353 14024 [DEBUG] -   'X-CID':'3'
2026-04-06 04:48:04,353 14024 [DEBUG] -   'X-OSID':'3'
2026-04-06 04:48:04,353 14024 [DEBUG] -   'x-rewritten-path':'/DSDownloadAPI/Download.ashx/dscdnstatic/VSSETUPPROD/c03aa7dd-8afd-49cc-9274-19c9a1b26aee/01403e4017f6303bdb39cc30070877e5619a848e8dd9849bc66d6ac9a2a8c93d/VisualStudio.vsman'
2026-04-06 04:48:04,354 14024 [DEBUG] -   'X-CCC':'US'
2026-04-06 04:48:04,354 14024 [DEBUG] -   'Accept-Ranges':'bytes'
2026-04-06 04:48:04,354 14024 [DEBUG] -   'Content-Length':'18343581'
2026-04-06 04:48:04,355 14024 [DEBUG] -   'Cache-Control':'public, max-age=259200'
2026-04-06 04:48:04,355 14024 [DEBUG] -   'Content-Type':'application/octet-stream'
2026-04-06 04:48:04,355 14024 [DEBUG] -   'Date':'Mon, 06 Apr 2026 11:48:04 GMT'
2026-04-06 04:48:04,355 14024 [DEBUG] -   'ETag':'"0x1CCEF6246679FF8702BA886C0F59C59B15DD0679012F24D8E88E6E6D947E73D6"'
2026-04-06 04:48:04,356 14024 [DEBUG] -   'Last-Modified':'Thu, 26 Mar 2026 21:58:29 GMT'
2026-04-06 04:48:04,356 14024 [DEBUG] -   'Via':'1.1 varnish'
2026-04-06 04:48:04,357 14024 [INFO ] - Downloading catalog manifest 
  from 'https://download.visualstudio.microsoft.com/download/pr/c03aa7dd-8afd-49cc-9274-19c9a1b26aee/01403e4017f6303bdb39cc30070877e5619a848e8dd9849bc66d6ac9a2a8c93d/VisualStudio.vsman'
2026-04-06 04:48:04,358 14024 [DEBUG] - Running Get-WebFile -url 'https://download.visualstudio.microsoft.com/download/pr/c03aa7dd-8afd-49cc-9274-19c9a1b26aee/01403e4017f6303bdb39cc30070877e5619a848e8dd9849bc66d6ac9a2a8c93d/VisualStudio.vsman' -fileName 'C:\Users\tsmit\AppData\Local\Temp\chocolatey\chocolatey-visualstudio.extension\Catalog_852386966.man' -options 'System.Collections.Hashtable' 
2026-04-06 04:48:04,359 14024 [DEBUG] - Setting request timeout to  30000
2026-04-06 04:48:04,359 14024 [DEBUG] - Setting read/write timeout to  2700000
2026-04-06 04:48:04,360 14024 [DEBUG] - Setting the UserAgent to 'chocolatey command line'
2026-04-06 04:48:41,211 14024 [INFO ] - 
2026-04-06 04:48:41,212 14024 [INFO ] - Download of Catalog_852386966.man (17.49 MB) completed.
2026-04-06 04:48:44,227 14024 [DEBUG] - No runtime virus checking built into FOSS Chocolatey. Check out Pro/Business - https://chocolatey.org/compare
2026-04-06 04:48:44,228 14024 [DEBUG] - Checking that 'C:\Users\tsmit\AppData\Local\Temp\chocolatey\chocolatey-visualstudio.extension\Catalog_852386966.man' is the size we expect it to be.
2026-04-06 04:48:44,228 14024 [DEBUG] - Verifying package provided checksum of '' for 'C:\Users\tsmit\AppData\Local\Temp\chocolatey\chocolatey-visualstudio.extension\Catalog_852386966.man'.
2026-04-06 04:48:44,229 14024 [DEBUG] - Running Get-ChecksumValid -file 'C:\Users\tsmit\AppData\Local\Temp\chocolatey\chocolatey-visualstudio.extension\Catalog_852386966.man' -checksum '' -checksumType '' -originalUrl 'https://download.visualstudio.microsoft.com/download/pr/c03aa7dd-8afd-49cc-9274-19c9a1b26aee/01403e4017f6303bdb39cc30070877e5619a848e8dd9849bc66d6ac9a2a8c93d/VisualStudio.vsman' 
2026-04-06 04:48:44,229 14024 [DEBUG] - Download from HTTPS source with feature 'allowEmptyChecksumsSecure' enabled.
2026-04-06 04:48:44,230 14024 [INFO ] - VERBOSE: Reading the manifest file (catalog manifest)
2026-04-06 04:48:44,304 14024 [INFO ] - VERBOSE: Parsing the manifest file (catalog manifest)
2026-04-06 04:48:45,045 14024 [DEBUG] - Parsing the component manifest
2026-04-06 04:48:45,046 14024 [INFO ] - VERBOSE: Required engine version determined from the component manifest: '4.4.38.63497'
2026-04-06 04:48:45,048 14024 [DEBUG] - Detecting Visual Studio products installed using the Willow installer (2017+)
2026-04-06 04:48:45,098 14024 [DEBUG] - Using the default VS CachePath: C:\ProgramData\Microsoft\VisualStudio\Packages
2026-04-06 04:48:45,098 14024 [DEBUG] - Base path 'C:\ProgramData\Microsoft\VisualStudio\Packages\_Instances' does not exist, assuming no products installed
2026-04-06 04:48:45,119 14024 [INFO ] - VERBOSE: Highest required installer version: 4.4.38.63497 (engine: 4.4.38.63497); requirement source: package
2026-04-06 04:48:45,135 14024 [DEBUG] - Running 'Install-VSInstaller' for visualstudio2026buildtools with Url:'https://download.visualstudio.microsoft.com/download/pr/fdc37f6e-59f6-4054-838a-b476eeaa6ec3/0cc604410059425a34f3bdc71f0241803d6f6bcf9d0c5340c80e981c87ca6b34/vs_BuildTools.exe' Checksum:0CC604410059425A34F3BDC71F0241803D6F6BCF9D0C5340C80E981C87CA6B34 ChecksumType:SHA256 RequiredInstallerVersion:'4.4.38.63497' RequiredEngineVersion:'4.4.38.63497' Force:'False' UseInstallChannelUri:'True' DoNotInstallIfNotPresent:'True'
2026-04-06 04:48:45,137 14024 [DEBUG] - Determining whether the Visual Studio Installer needs to be installed/updated/reinstalled
2026-04-06 04:48:45,161 14024 [INFO ] - VERBOSE: Visual Studio Installer is not present.
2026-04-06 04:48:45,162 14024 [DEBUG] - The Visual Studio Installer is not present
2026-04-06 04:48:45,172 14024 [DEBUG] - Running 'Generate-InstallArgumentsString' with parameters:'System.Collections.Hashtable', adminFile:'', logFilePath:'', assumeNewVS2017Installer:'True'
2026-04-06 04:48:45,221 14024 [DEBUG] - Generating argument string using prefix = '--', separator = ' '
2026-04-06 04:48:45,225 14024 [DEBUG] - Generated argument string: [--quiet --channelUri https://aka.ms/vs/18/stable/channel --wait --productId Microsoft.VisualStudio.Product.BuildTools --norestart --channelId VisualStudio.18.Release]
2026-04-06 04:48:45,241 14024 [DEBUG] - Install-VSChocolateyPackage -silentArgs:'--quiet --channelUri https://aka.ms/vs/18/stable/channel --wait --productId Microsoft.VisualStudio.Product.BuildTools --norestart --channelId VisualStudio.18.Release' -logFilePath:'' -checksumType:'SHA256' -url:'https://download.visualstudio.microsoft.com/download/pr/fdc37f6e-59f6-4054-838a-b476eeaa6ec3/0cc604410059425a34f3bdc71f0241803d6f6bcf9d0c5340c80e981c87ca6b34/vs_BuildTools.exe' -assumeNewVS2017Installer:'True' -checksum:'0CC604410059425A34F3BDC71F0241803D6F6BCF9D0C5340C80E981C87CA6B34' -installerFilePath:'' -packageName:'visualstudio2026buildtools'
2026-04-06 04:48:45,247 14024 [DEBUG] - Running 'Install-VSChocolateyPackage' for visualstudio2026buildtools with url:'https://download.visualstudio.microsoft.com/download/pr/fdc37f6e-59f6-4054-838a-b476eeaa6ec3/0cc604410059425a34f3bdc71f0241803d6f6bcf9d0c5340c80e981c87ca6b34/vs_BuildTools.exe', args:'--quiet --channelUri https://aka.ms/vs/18/stable/channel --wait --productId Microsoft.VisualStudio.Product.BuildTools --norestart --channelId VisualStudio.18.Release', url64bit:'', checksum:'0CC604410059425A34F3BDC71F0241803D6F6BCF9D0C5340C80E981C87CA6B34', checksumType:'SHA256', checksum64:'', checksumType64:'', logFilePath:'', installerFilePath:''
2026-04-06 04:48:45,251 14024 [DEBUG] - Running 'Get-VSWebFile' for visualstudio2026buildtools with Url:'https://download.visualstudio.microsoft.com/download/pr/fdc37f6e-59f6-4054-838a-b476eeaa6ec3/0cc604410059425a34f3bdc71f0241803d6f6bcf9d0c5340c80e981c87ca6b34/vs_BuildTools.exe', Url64Bit:'', Checksum:'0CC604410059425A34F3BDC71F0241803D6F6BCF9D0C5340C80E981C87CA6B34', ChecksumType:'SHA256', Checksum64:'', ChecksumType64:'', LocalFilePath:''
2026-04-06 04:48:45,254 14024 [INFO ] - VERBOSE: Downloading the installer executable
2026-04-06 04:48:45,259 14024 [DEBUG] - Running Get-ChocolateyWebFile -url64bit '' -fileFullPath 'C:\Users\tsmit\AppData\Local\Temp\chocolatey\visualstudio2026buildtools\118.4.2\vs_BuildTools.exe' -checksumType 'SHA256' -url 'https://download.visualstudio.microsoft.com/download/pr/fdc37f6e-59f6-4054-838a-b476eeaa6ec3/0cc604410059425a34f3bdc71f0241803d6f6bcf9d0c5340c80e981c87ca6b34/vs_BuildTools.exe' -checksum '0CC604410059425A34F3BDC71F0241803D6F6BCF9D0C5340C80E981C87CA6B34' -checksumType64 '' -options '' -packageName 'visualstudio2026buildtools' -checksum64 '' 
2026-04-06 04:48:45,260 14024 [DEBUG] - Running Get-OSArchitectureWidth -compare '64' 
2026-04-06 04:48:45,261 14024 [DEBUG] - CPU is 64 bit
2026-04-06 04:48:45,261 14024 [DEBUG] - Running Get-WebHeaders -url 'https://download.visualstudio.microsoft.com/download/pr/fdc37f6e-59f6-4054-838a-b476eeaa6ec3/0cc604410059425a34f3bdc71f0241803d6f6bcf9d0c5340c80e981c87ca6b34/vs_BuildTools.exe' -ErrorAction 'Stop' 
2026-04-06 04:48:45,263 14024 [DEBUG] - Setting the UserAgent to 'chocolatey command line'
2026-04-06 04:48:45,264 14024 [DEBUG] - Request Headers:
2026-04-06 04:48:45,264 14024 [DEBUG] -   'Accept':'*/*'
2026-04-06 04:48:45,264 14024 [DEBUG] -   'User-Agent':'chocolatey command line'
2026-04-06 04:48:45,394 14024 [DEBUG] - Response Headers:
2026-04-06 04:48:45,395 14024 [DEBUG] -   'Connection':'keep-alive'
2026-04-06 04:48:45,395 14024 [DEBUG] -   'X-Ms-ApiVersion':'Distribute 1.2'
2026-04-06 04:48:45,396 14024 [DEBUG] -   'X-Ms-Region':'prod-eus-z1'
2026-04-06 04:48:45,396 14024 [DEBUG] -   'Content-Disposition':'attachment; filename=vs_BuildTools.exe; filename*=UTF-8''vs_BuildTools.exe'
2026-04-06 04:48:45,396 14024 [DEBUG] -   'Age':'66404'
2026-04-06 04:48:45,396 14024 [DEBUG] -   'X-Served-By':'cache-lax-kwhp1940109-LAX'
2026-04-06 04:48:45,397 14024 [DEBUG] -   'X-Cache':'HIT'
2026-04-06 04:48:45,397 14024 [DEBUG] -   'X-Cache-Hits':'0'
2026-04-06 04:48:45,397 14024 [DEBUG] -   'X-Timer':'S1775476125.312015,VS0,VE3'
2026-04-06 04:48:45,397 14024 [DEBUG] -   'X-CID':'3'
2026-04-06 04:48:45,398 14024 [DEBUG] -   'X-OSID':'3'
2026-04-06 04:48:45,398 14024 [DEBUG] -   'x-rewritten-path':'/DSDownloadAPI/Download.ashx/dscdnstatic/VSSETUPPROD/fdc37f6e-59f6-4054-838a-b476eeaa6ec3/0cc604410059425a34f3bdc71f0241803d6f6bcf9d0c5340c80e981c87ca6b34/vs_BuildTools.exe'
2026-04-06 04:48:45,398 14024 [DEBUG] -   'X-CCC':'US'
2026-04-06 04:48:45,398 14024 [DEBUG] -   'Accept-Ranges':'bytes'
2026-04-06 04:48:45,399 14024 [DEBUG] -   'Content-Length':'4450808'
2026-04-06 04:48:45,399 14024 [DEBUG] -   'Cache-Control':'public, max-age=259200'
2026-04-06 04:48:45,399 14024 [DEBUG] -   'Content-Type':'application/octet-stream'
2026-04-06 04:48:45,399 14024 [DEBUG] -   'Date':'Mon, 06 Apr 2026 11:48:45 GMT'
2026-04-06 04:48:45,400 14024 [DEBUG] -   'ETag':'"0x691B5246E95EDA87A3D4761E3C94C08F1E9580D8DBC11B58F0081EFD496463FA"'
2026-04-06 04:48:45,400 14024 [DEBUG] -   'Last-Modified':'Fri, 20 Mar 2026 22:19:33 GMT'
2026-04-06 04:48:45,400 14024 [DEBUG] -   'Via':'1.1 varnish'
2026-04-06 04:48:45,402 14024 [INFO ] - Downloading visualstudio2026buildtools 
  from 'https://download.visualstudio.microsoft.com/download/pr/fdc37f6e-59f6-4054-838a-b476eeaa6ec3/0cc604410059425a34f3bdc71f0241803d6f6bcf9d0c5340c80e981c87ca6b34/vs_BuildTools.exe'
2026-04-06 04:48:45,403 14024 [DEBUG] - Running Get-WebFile -url 'https://download.visualstudio.microsoft.com/download/pr/fdc37f6e-59f6-4054-838a-b476eeaa6ec3/0cc604410059425a34f3bdc71f0241803d6f6bcf9d0c5340c80e981c87ca6b34/vs_BuildTools.exe' -fileName 'C:\Users\tsmit\AppData\Local\Temp\chocolatey\visualstudio2026buildtools\118.4.2\vs_BuildTools.exe' -options '' 
2026-04-06 04:48:45,404 14024 [DEBUG] - Setting request timeout to  30000
2026-04-06 04:48:45,404 14024 [DEBUG] - Setting read/write timeout to  2700000
2026-04-06 04:48:45,405 14024 [DEBUG] - Setting the UserAgent to 'chocolatey command line'
2026-04-06 04:48:52,744 14024 [INFO ] - 
2026-04-06 04:48:52,745 14024 [INFO ] - Download of vs_BuildTools.exe (4.24 MB) completed.
2026-04-06 04:48:55,755 14024 [DEBUG] - No runtime virus checking built into FOSS Chocolatey. Check out Pro/Business - https://chocolatey.org/compare
2026-04-06 04:48:55,756 14024 [DEBUG] - Verifying package provided checksum of '0CC604410059425A34F3BDC71F0241803D6F6BCF9D0C5340C80E981C87CA6B34' for 'C:\Users\tsmit\AppData\Local\Temp\chocolatey\visualstudio2026buildtools\118.4.2\vs_BuildTools.exe'.
2026-04-06 04:48:55,756 14024 [DEBUG] - Running Get-ChecksumValid -file 'C:\Users\tsmit\AppData\Local\Temp\chocolatey\visualstudio2026buildtools\118.4.2\vs_BuildTools.exe' -checksum '0CC604410059425A34F3BDC71F0241803D6F6BCF9D0C5340C80E981C87CA6B34' -checksumType 'SHA256' -originalUrl 'https://download.visualstudio.microsoft.com/download/pr/fdc37f6e-59f6-4054-838a-b476eeaa6ec3/0cc604410059425a34f3bdc71f0241803d6f6bcf9d0c5340c80e981c87ca6b34/vs_BuildTools.exe' 
2026-04-06 04:48:55,757 14024 [DEBUG] - checksum.exe found at 'C:\ProgramData\chocolatey\helpers\..\tools\checksum.exe'
2026-04-06 04:48:55,757 14024 [DEBUG] - Executing command ['C:\ProgramData\chocolatey\helpers\..\tools\checksum.exe' -c="0CC604410059425A34F3BDC71F0241803D6F6BCF9D0C5340C80E981C87CA6B34" -t="SHA256" -f="C:\Users\tsmit\AppData\Local\Temp\chocolatey\visualstudio2026buildtools\118.4.2\vs_BuildTools.exe"]
2026-04-06 04:48:55,808 14024 [DEBUG] - Command ['C:\ProgramData\chocolatey\helpers\..\tools\checksum.exe' -c="0CC604410059425A34F3BDC71F0241803D6F6BCF9D0C5340C80E981C87CA6B34" -t="SHA256" -f="C:\Users\tsmit\AppData\Local\Temp\chocolatey\visualstudio2026buildtools\118.4.2\vs_BuildTools.exe"] exited with '0'.
2026-04-06 04:48:55,813 14024 [DEBUG] - Running 'Install-VSChocolateyInstallPackage' for visualstudio2026buildtools with file:'C:\Users\tsmit\AppData\Local\Temp\chocolatey\visualstudio2026buildtools\118.4.2\vs_BuildTools.exe', silentArgs:'--quiet --channelUri https://aka.ms/vs/18/stable/channel --wait --productId Microsoft.VisualStudio.Product.BuildTools --norestart --channelId VisualStudio.18.Release', logFilePath:'', assumeNewVS2017Installer:'True'
2026-04-06 04:48:55,814 14024 [INFO ] - Installing visualstudio2026buildtools...
2026-04-06 04:48:55,821 14024 [DEBUG] - Running 'Start-VSServicingOperation' for visualstudio2026buildtools with silentArgs:'--quiet --channelUri https://aka.ms/vs/18/stable/channel --wait --productId Microsoft.VisualStudio.Product.BuildTools --norestart --channelId VisualStudio.18.Release', file:'C:\Users\tsmit\AppData\Local\Temp\chocolatey\visualstudio2026buildtools\118.4.2\vs_BuildTools.exe', logFilePath:', operationTexts:'installed installing installation', assumeNewVS2017Installer:'True'
2026-04-06 04:48:55,828 14024 [DEBUG] - [20260406 04:48:55.828] Looking for still running VS installer processes
2026-04-06 04:48:55,840 14024 [DEBUG] - Did not find any running VS installer processes.
2026-04-06 04:48:55,840 14024 [DEBUG] - [20260406 04:48:55.840] Looking for vs_installer.windows.exe processes spawned by the uninstaller
2026-04-06 04:48:55,847 14024 [DEBUG] - Did not find any running vs_installer.windows.exe processes.
2026-04-06 04:48:55,847 14024 [INFO ] - 
2026-04-06 04:48:55,870 14024 [DEBUG] - Running 'Start-VSChocolateyProcessAsAdmin' with exeToRun:'C:\Users\tsmit\AppData\Local\Temp\chocolatey\visualstudio2026buildtools\118.4.2\vs_BuildTools.exe', statements:'--quiet --channelUri https://aka.ms/vs/18/stable/channel --wait --productId Microsoft.VisualStudio.Product.BuildTools --norestart --channelId VisualStudio.18.Release', minimized:False, noSleep:False, validExitCodes:'0'
2026-04-06 04:48:55,870 14024 [DEBUG] - Elevating Permissions and running ["C:\Users\tsmit\AppData\Local\Temp\chocolatey\visualstudio2026buildtools\118.4.2\vs_BuildTools.exe" --quiet --channelUri https://aka.ms/vs/18/stable/channel --wait --productId Microsoft.VisualStudio.Product.BuildTools --norestart --channelId VisualStudio.18.Release]. This may take a while, depending on the statements.
2026-04-06 04:48:55,875 14024 [DEBUG] - Setting RunAs for elevation
2026-04-06 04:50:52,193 14024 [INFO ] - 
2026-04-06 04:50:52,195 14024 [INFO ] - Preparing: C:\Users\tsmit\AppData\Local\Temp\chocolatey\cd7cd6400813b54f5b98bc8a22db\vs_bootstrapper_d15\HelpFile\1028\help.html...
2026-04-06 04:50:52,196 14024 [INFO ] - Preparing: C:\Users\tsmit\AppData\Local\Temp\chocolatey\cd7cd6400813b54f5b98bc8a22db\vs_bootstrapper_d15\HelpFile\1033\help.html...
2026-04-06 04:50:52,197 14024 [INFO ] - 
2026-04-06 04:50:52,198 14024 [INFO ] - Preparing: C:\Users\tsmit\AppData\Local\Temp\chocolatey\cd7cd6400813b54f5b98bc8a22db\vs_bootstrapper_d15\HelpFile\1046\help.html...
2026-04-06 04:50:52,199 14024 [INFO ] - Preparing: C:\Users\tsmit\AppData\Local\Temp\chocolatey\cd7cd6400813b54f5b98bc8a22db\vs_bootstrapper_d15\HelpFile\1045\help.html...
2026-04-06 04:50:52,200 14024 [INFO ] - 
2026-04-06 04:50:52,200 14024 [INFO ] - Preparing: C:\Users\tsmit\AppData\Local\Temp\chocolatey\cd7cd6400813b54f5b98bc8a22db\vs_bootstrapper_d15\HelpFile\1042\help.html...
2026-04-06 04:50:52,201 14024 [INFO ] - 
2026-04-06 04:50:52,203 14024 [INFO ] - Preparing: C:\Users\tsmit\AppData\Local\Temp\chocolatey\cd7cd6400813b54f5b98bc8a22db\vs_bootstrapper_d15\HelpFile\3082\help.html...
2026-04-06 04:50:52,204 14024 [INFO ] - 
2026-04-06 04:50:52,205 14024 [INFO ] - Preparing: C:\Users\tsmit\AppData\Local\Temp\chocolatey\cd7cd6400813b54f5b98bc8a22db\vs_bootstrapper_d15\HelpFile\2052\help.html...
2026-04-06 04:50:52,206 14024 [INFO ] - 
2026-04-06 04:50:52,207 14024 [INFO ] - 
2026-04-06 04:50:52,208 14024 [INFO ] - Preparing: C:\Users\tsmit\AppData\Local\Temp\chocolatey\cd7cd6400813b54f5b98bc8a22db\vs_bootstrapper_d15\HelpFile\1029\help.html...
2026-04-06 04:50:52,209 14024 [INFO ] - 
2026-04-06 04:50:52,210 14024 [INFO ] - Preparing: C:\Users\tsmit\AppData\Local\Temp\chocolatey\cd7cd6400813b54f5b98bc8a22db\vs_bootstrapper_d15\HelpFile\1031\help.html...
2026-04-06 04:50:52,210 14024 [INFO ] - 
2026-04-06 04:50:52,211 14024 [INFO ] - Preparing: C:\Users\tsmit\AppData\Local\Temp\chocolatey\cd7cd6400813b54f5b98bc8a22db\vs_bootstrapper_d15\HelpFile\1041\help.html...
2026-04-06 04:50:52,212 14024 [INFO ] - 
2026-04-06 04:50:52,213 14024 [INFO ] - Preparing: C:\Users\tsmit\AppData\Local\Temp\chocolatey\cd7cd6400813b54f5b98bc8a22db\vs_bootstrapper_d15\HelpFile\1055\help.html...
2026-04-06 04:50:52,216 14024 [INFO ] - 
2026-04-06 04:50:52,217 14024 [INFO ] - Preparing: C:\Users\tsmit\AppData\Local\Temp\chocolatey\cd7cd6400813b54f5b98bc8a22db\vs_bootstrapper_d15\HelpFile\1049\help.html...
2026-04-06 04:50:52,218 14024 [INFO ] - Preparing: C:\Users\tsmit\AppData\Local\Temp\chocolatey\cd7cd6400813b54f5b98bc8a22db\vs_bootstrapper_d15\HelpFile\1040\help.html...
2026-04-06 04:50:52,219 14024 [INFO ] - 
2026-04-06 04:50:52,220 14024 [INFO ] - 
2026-04-06 04:50:52,221 14024 [INFO ] - Preparing: C:\Users\tsmit\AppData\Local\Temp\chocolatey\cd7cd6400813b54f5b98bc8a22db\vs_bootstrapper_d15\HelpFile\1036\help.html...
2026-04-06 04:50:52,222 14024 [INFO ] - 
2026-04-06 04:50:52,223 14024 [INFO ] - Preparing: C:\Users\tsmit\AppData\Local\Temp\chocolatey\cd7cd6400813b54f5b98bc8a22db\vs_bootstrapper_d15\vs_setup_bootstrapper.exe...
2026-04-06 04:50:52,224 14024 [INFO ] - 
2026-04-06 04:50:52,226 14024 [INFO ] - Preparing: C:\Users\tsmit\AppData\Local\Temp\chocolatey\cd7cd6400813b54f5b98bc8a22db\vs_bootstrapper_d15\Microsoft.C2RSignatureReader.Interop.dll...
2026-04-06 04:50:52,226 14024 [INFO ] - 
2026-04-06 04:50:52,228 14024 [INFO ] - Preparing: C:\Users\tsmit\AppData\Local\Temp\chocolatey\cd7cd6400813b54f5b98bc8a22db\vs_bootstrapper_d15\Microsoft.C2RSignatureReader.Native.dll...
2026-04-06 04:50:52,229 14024 [INFO ] - 
2026-04-06 04:50:52,231 14024 [INFO ] - Preparing: C:\Users\tsmit\AppData\Local\Temp\chocolatey\cd7cd6400813b54f5b98bc8a22db\vs_bootstrapper_d15\Microsoft.Identity.Client.Broker.dll...
2026-04-06 04:50:52,232 14024 [INFO ] - 
2026-04-06 04:50:52,233 14024 [INFO ] - Preparing: C:\Users\tsmit\AppData\Local\Temp\chocolatey\cd7cd6400813b54f5b98bc8a22db\vs_bootstrapper_d15\Microsoft.Identity.Client.dll...
2026-04-06 04:50:52,234 14024 [INFO ] - 
2026-04-06 04:50:52,235 14024 [INFO ] - Preparing: C:\Users\tsmit\AppData\Local\Temp\chocolatey\cd7cd6400813b54f5b98bc8a22db\vs_bootstrapper_d15\Microsoft.Identity.Client.Extensions.Msal.dll...
2026-04-06 04:50:52,236 14024 [INFO ] - 
2026-04-06 04:50:52,237 14024 [INFO ] - Preparing: C:\Users\tsmit\AppData\Local\Temp\chocolatey\cd7cd6400813b54f5b98bc8a22db\vs_bootstrapper_d15\Microsoft.Identity.Client.NativeInterop.dll...
2026-04-06 04:50:52,238 14024 [INFO ] - 
2026-04-06 04:50:52,239 14024 [INFO ] - Preparing: C:\Users\tsmit\AppData\Local\Temp\chocolatey\cd7cd6400813b54f5b98bc8a22db\vs_bootstrapper_d15\Microsoft.IdentityModel.Abstractions.dll...
2026-04-06 04:50:52,240 14024 [INFO ] - 
2026-04-06 04:50:52,241 14024 [INFO ] - Preparing: C:\Users\tsmit\AppData\Local\Temp\chocolatey\cd7cd6400813b54f5b98bc8a22db\vs_bootstrapper_d15\Microsoft.VisualStudio.RemoteControl.dll...
2026-04-06 04:50:52,241 14024 [INFO ] - 
2026-04-06 04:50:52,242 14024 [INFO ] - Preparing: C:\Users\tsmit\AppData\Local\Temp\chocolatey\cd7cd6400813b54f5b98bc8a22db\vs_bootstrapper_d15\Microsoft.VisualStudio.Setup.Common.dll...
2026-04-06 04:50:52,244 14024 [INFO ] - 
2026-04-06 04:50:52,246 14024 [INFO ] - Preparing: C:\Users\tsmit\AppData\Local\Temp\chocolatey\cd7cd6400813b54f5b98bc8a22db\vs_bootstrapper_d15\Microsoft.VisualStudio.Setup.dll...
2026-04-06 04:50:52,247 14024 [INFO ] - 
2026-04-06 04:50:52,248 14024 [INFO ] - Preparing: C:\Users\tsmit\AppData\Local\Temp\chocolatey\cd7cd6400813b54f5b98bc8a22db\vs_bootstrapper_d15\Microsoft.VisualStudio.Setup.Download.dll...
2026-04-06 04:50:52,249 14024 [INFO ] - 
2026-04-06 04:50:52,250 14024 [INFO ] - Preparing: C:\Users\tsmit\AppData\Local\Temp\chocolatey\cd7cd6400813b54f5b98bc8a22db\vs_bootstrapper_d15\Microsoft.VisualStudio.Telemetry.dll...
2026-04-06 04:50:52,251 14024 [INFO ] - 
2026-04-06 04:50:52,252 14024 [INFO ] - Preparing: C:\Users\tsmit\AppData\Local\Temp\chocolatey\cd7cd6400813b54f5b98bc8a22db\vs_bootstrapper_d15\Microsoft.VisualStudio.Utilities.Internal.dll...
2026-04-06 04:50:52,252 14024 [INFO ] - 
2026-04-06 04:50:52,253 14024 [INFO ] - Preparing: C:\Users\tsmit\AppData\Local\Temp\chocolatey\cd7cd6400813b54f5b98bc8a22db\vs_bootstrapper_d15\runtimes\win-x64\native\msalruntime.dll...
2026-04-06 04:50:52,254 14024 [INFO ] - 
2026-04-06 04:50:52,255 14024 [INFO ] - Preparing: C:\Users\tsmit\AppData\Local\Temp\chocolatey\cd7cd6400813b54f5b98bc8a22db\vs_bootstrapper_d15\runtimes\win-arm64\native\msalruntime_arm64.dll...
2026-04-06 04:50:52,256 14024 [INFO ] - 
2026-04-06 04:50:52,257 14024 [INFO ] - Preparing: C:\Users\tsmit\AppData\Local\Temp\chocolatey\cd7cd6400813b54f5b98bc8a22db\vs_bootstrapper_d15\runtimes\win-x86\native\msalruntime_x86.dll...
2026-04-06 04:50:52,258 14024 [INFO ] - 
2026-04-06 04:50:52,259 14024 [INFO ] - Preparing: C:\Users\tsmit\AppData\Local\Temp\chocolatey\cd7cd6400813b54f5b98bc8a22db\vs_bootstrapper_d15\Newtonsoft.Json.dll...
2026-04-06 04:50:52,261 14024 [INFO ] - 
2026-04-06 04:50:52,262 14024 [INFO ] - Preparing: C:\Users\tsmit\AppData\Local\Temp\chocolatey\cd7cd6400813b54f5b98bc8a22db\vs_bootstrapper_d15\System.Memory.dll...
2026-04-06 04:50:52,264 14024 [INFO ] - 
2026-04-06 04:50:52,264 14024 [INFO ] - Preparing: C:\Users\tsmit\AppData\Local\Temp\chocolatey\cd7cd6400813b54f5b98bc8a22db\vs_bootstrapper_d15\System.Runtime.CompilerServices.Unsafe.dll...
2026-04-06 04:50:52,265 14024 [INFO ] - 
2026-04-06 04:50:52,266 14024 [INFO ] - Preparing: C:\Users\tsmit\AppData\Local\Temp\chocolatey\cd7cd6400813b54f5b98bc8a22db\vs_bootstrapper_d15\VSInstallerElevationService.Contracts.dll...
2026-04-06 04:50:52,267 14024 [INFO ] - 
2026-04-06 04:50:52,268 14024 [INFO ] - Preparing: C:\Users\tsmit\AppData\Local\Temp\chocolatey\cd7cd6400813b54f5b98bc8a22db\vs_bootstrapper_d15\zh-Hans\vs_setup_bootstrapper.resources.dll...
2026-04-06 04:50:52,269 14024 [INFO ] - 
2026-04-06 04:50:52,270 14024 [INFO ] - Preparing: C:\Users\tsmit\AppData\Local\Temp\chocolatey\cd7cd6400813b54f5b98bc8a22db\vs_bootstrapper_d15\es\vs_setup_bootstrapper.resources.dll...
2026-04-06 04:50:52,271 14024 [INFO ] - 
2026-04-06 04:50:52,272 14024 [INFO ] - Preparing: C:\Users\tsmit\AppData\Local\Temp\chocolatey\cd7cd6400813b54f5b98bc8a22db\vs_bootstrapper_d15\pl\vs_setup_bootstrapper.resources.dll...
2026-04-06 04:50:52,273 14024 [INFO ] - 
2026-04-06 04:50:52,274 14024 [INFO ] - Preparing: C:\Users\tsmit\AppData\Local\Temp\chocolatey\cd7cd6400813b54f5b98bc8a22db\vs_bootstrapper_d15\zh-Hant\vs_setup_bootstrapper.resources.dll...
2026-04-06 04:50:52,275 14024 [INFO ] - 
2026-04-06 04:50:52,276 14024 [INFO ] - Preparing: C:\Users\tsmit\AppData\Local\Temp\chocolatey\cd7cd6400813b54f5b98bc8a22db\vs_bootstrapper_d15\pt-BR\vs_setup_bootstrapper.resources.dll...
2026-04-06 04:50:52,278 14024 [INFO ] - 
2026-04-06 04:50:52,279 14024 [INFO ] - Preparing: C:\Users\tsmit\AppData\Local\Temp\chocolatey\cd7cd6400813b54f5b98bc8a22db\vs_bootstrapper_d15\cs\vs_setup_bootstrapper.resources.dll...
2026-04-06 04:50:52,279 14024 [INFO ] - 
2026-04-06 04:50:52,280 14024 [INFO ] - Preparing: C:\Users\tsmit\AppData\Local\Temp\chocolatey\cd7cd6400813b54f5b98bc8a22db\vs_bootstrapper_d15\de\vs_setup_bootstrapper.resources.dll...
2026-04-06 04:50:52,282 14024 [INFO ] - 
2026-04-06 04:50:52,283 14024 [INFO ] - Preparing: C:\Users\tsmit\AppData\Local\Temp\chocolatey\cd7cd6400813b54f5b98bc8a22db\vs_bootstrapper_d15\tr\vs_setup_bootstrapper.resources.dll...
2026-04-06 04:50:52,284 14024 [INFO ] - 
2026-04-06 04:50:52,285 14024 [INFO ] - Preparing: C:\Users\tsmit\AppData\Local\Temp\chocolatey\cd7cd6400813b54f5b98bc8a22db\vs_bootstrapper_d15\fr\vs_setup_bootstrapper.resources.dll...
2026-04-06 04:50:52,286 14024 [INFO ] - 
2026-04-06 04:50:52,287 14024 [INFO ] - Preparing: C:\Users\tsmit\AppData\Local\Temp\chocolatey\cd7cd6400813b54f5b98bc8a22db\vs_bootstrapper_d15\ko\vs_setup_bootstrapper.resources.dll...
2026-04-06 04:50:52,288 14024 [INFO ] - 
2026-04-06 04:50:52,289 14024 [INFO ] - Preparing: C:\Users\tsmit\AppData\Local\Temp\chocolatey\cd7cd6400813b54f5b98bc8a22db\vs_bootstrapper_d15\ja\vs_setup_bootstrapper.resources.dll...
2026-04-06 04:50:52,290 14024 [INFO ] - 
2026-04-06 04:50:52,291 14024 [INFO ] - Preparing: C:\Users\tsmit\AppData\Local\Temp\chocolatey\cd7cd6400813b54f5b98bc8a22db\vs_bootstrapper_d15\ru\vs_setup_bootstrapper.resources.dll...
2026-04-06 04:50:52,293 14024 [INFO ] - 
2026-04-06 04:50:52,294 14024 [INFO ] - Preparing: C:\Users\tsmit\AppData\Local\Temp\chocolatey\cd7cd6400813b54f5b98bc8a22db\vs_bootstrapper_d15\it\vs_setup_bootstrapper.resources.dll...
2026-04-06 04:50:52,295 14024 [INFO ] - 
2026-04-06 04:50:52,296 14024 [INFO ] - Preparing: C:\Users\tsmit\AppData\Local\Temp\chocolatey\cd7cd6400813b54f5b98bc8a22db\vs_bootstrapper_d15\vs_setup_bootstrapper.config...
2026-04-06 04:50:52,297 14024 [INFO ] - 
2026-04-06 04:50:52,298 14024 [INFO ] - Preparing: C:\Users\tsmit\AppData\Local\Temp\chocolatey\cd7cd6400813b54f5b98bc8a22db\vs_bootstrapper_d15\vs_setup_bootstrapper.exe.config...
2026-04-06 04:50:52,299 14024 [INFO ] - 
2026-04-06 04:50:52,299 14024 [INFO ] - Preparing: C:\Users\tsmit\AppData\Local\Temp\chocolatey\cd7cd6400813b54f5b98bc8a22db\vs_bootstrapper_d15\detection.json...
2026-04-06 04:50:52,300 14024 [INFO ] - 
2026-04-06 04:50:52,301 14024 [INFO ] - Preparing: C:\Users\tsmit\AppData\Local\Temp\chocolatey\cd7cd6400813b54f5b98bc8a22db\vs_bootstrapper_d15\vs_setup_bootstrapper.json...
2026-04-06 04:50:52,302 14024 [INFO ] - 
2026-04-06 04:50:52,318 14024 [DEBUG] - Command ["C:\Users\tsmit\AppData\Local\Temp\chocolatey\visualstudio2026buildtools\118.4.2\vs_BuildTools.exe" --quiet --channelUri https://aka.ms/vs/18/stable/channel --wait --productId Microsoft.VisualStudio.Product.BuildTools --norestart --channelId VisualStudio.18.Release] exited with '0'.
2026-04-06 04:50:52,318 14024 [DEBUG] - Finishing 'Start-VSChocolateyProcessAsAdmin'
2026-04-06 04:50:52,319 14024 [DEBUG] - Exit code returned from Start-VSChocolateyProcessAsAdmin: '0'
2026-04-06 04:50:52,319 14024 [DEBUG] - [20260406 04:50:52.319] Looking for still running VS installer processes
2026-04-06 04:50:52,336 14024 [DEBUG] - Did not find any running VS installer processes.
2026-04-06 04:50:52,337 14024 [DEBUG] - [20260406 04:50:52.337] Looking for vs_installer.windows.exe processes spawned by the uninstaller
2026-04-06 04:50:52,345 14024 [DEBUG] - Did not find any running vs_installer.windows.exe processes.
2026-04-06 04:50:52,345 14024 [DEBUG] - Setting Env:ChocolateyExitCode to '0'
2026-04-06 04:50:52,347 14024 [INFO ] - visualstudio2026buildtools has been installed.
2026-04-06 04:50:52,352 14024 [INFO ] - VERBOSE: No ISO to dismount
2026-04-06 04:50:52,352 14024 [DEBUG] - ----------------------------------------------------------------------
2026-04-06 04:50:52,354 14024 [DEBUG] - Built-in PowerShell host called with ['[System.Threading.Thread]::CurrentThread.CurrentCulture = '';[System.Threading.Thread]::CurrentThread.CurrentUICulture = '';[System.Net.ServicePointManager]::SecurityProtocol = [System.Net.SecurityProtocolType]::SystemDefault; & import-module -name 'C:\ProgramData\chocolatey\helpers\chocolateyInstaller.psm1'; & 'C:\ProgramData\chocolatey\helpers\chocolateyScriptRunner.ps1' -packageScript 'C:\ProgramData\chocolatey\lib\visualstudio2026buildtools\tools\ChocolateyInstall.ps1' -installArguments '' -packageParameters '' -preRunHookScripts $null -postRunHookScripts $null'] exited with '0'.
2026-04-06 04:50:52,355 14024 [DEBUG] - Calling command ['"C:\WINDOWS\System32\shutdown.exe" /a']
2026-04-06 04:50:52,380 14024 [DEBUG] - Command ['"C:\WINDOWS\System32\shutdown.exe" /a'] exited with '1116'
2026-04-06 04:50:52,389 14024 [INFO ] -   visualstudio2026buildtools may be able to be automatically uninstalled.
2026-04-06 04:50:52,392 14024 [WARN ] - Environment Vars (like PATH) have changed. Close/reopen your shell to
 see the changes (or in powershell/cmd.exe just type `refreshenv`).
2026-04-06 04:50:52,392 14024 [DEBUG] - Logging of values is not turned on by default because it
 could potentially expose sensitive data. If you understand the risk,
 please see `choco feature --help` for information to turn it on.
2026-04-06 04:50:52,393 14024 [DEBUG] - The following values have been added/changed (may contain sensitive data):
2026-04-06 04:50:52,393 14024 [DEBUG] -   * Path='[REDACTED]' (Machine)
2026-04-06 04:50:52,394 14024 [DEBUG] - Capturing package files in 'C:\ProgramData\chocolatey\lib\visualstudio2026buildtools'
2026-04-06 04:50:52,395 14024 [DEBUG] -  Found 'C:\ProgramData\chocolatey\lib\visualstudio2026buildtools\visualstudio2026buildtools.nupkg'
  with checksum '71B2DBAD3A12DBABF85264A3653D6CCB'
2026-04-06 04:50:52,395 14024 [DEBUG] -  Found 'C:\ProgramData\chocolatey\lib\visualstudio2026buildtools\visualstudio2026buildtools.nuspec'
  with checksum '74ED98B25A790414CC6D989127C5B167'
2026-04-06 04:50:52,396 14024 [DEBUG] -  Found 'C:\ProgramData\chocolatey\lib\visualstudio2026buildtools\tools\.skipAutoUninstall'
  with checksum 'D41D8CD98F00B204E9800998ECF8427E'
2026-04-06 04:50:52,396 14024 [DEBUG] -  Found 'C:\ProgramData\chocolatey\lib\visualstudio2026buildtools\tools\ChocolateyInstall.ps1'
  with checksum '5C9E3F69F110C089CB8FD9DE1D34916B'
2026-04-06 04:50:52,397 14024 [DEBUG] -  Found 'C:\ProgramData\chocolatey\lib\visualstudio2026buildtools\tools\ChocolateyUninstall.ps1'
  with checksum '2710A1EE6239F239AB62F72C66E056C9'
2026-04-06 04:50:52,398 14024 [DEBUG] - Attempting to create directory "C:\ProgramData\chocolatey\.chocolatey\visualstudio2026buildtools.118.4.2".
2026-04-06 04:50:52,399 14024 [DEBUG] - There was no original file at 'C:\ProgramData\chocolatey\.chocolatey\visualstudio2026buildtools.118.4.2\.registry'
2026-04-06 04:50:52,404 14024 [DEBUG] - There was no original file at 'C:\ProgramData\chocolatey\.chocolatey\visualstudio2026buildtools.118.4.2\.files'
2026-04-06 04:50:52,405 14024 [DEBUG] - Attempting to delete file "C:\ProgramData\chocolatey\.chocolatey\visualstudio2026buildtools.118.4.2\.extra".
2026-04-06 04:50:52,405 14024 [DEBUG] - Attempting to delete file "C:\ProgramData\chocolatey\.chocolatey\visualstudio2026buildtools.118.4.2\.version".
2026-04-06 04:50:52,405 14024 [DEBUG] - Attempting to delete file "C:\ProgramData\chocolatey\.chocolatey\visualstudio2026buildtools.118.4.2\.sxs".
2026-04-06 04:50:52,406 14024 [DEBUG] - Attempting to delete file "C:\ProgramData\chocolatey\.chocolatey\visualstudio2026buildtools.118.4.2\.pin".
2026-04-06 04:50:52,407 14024 [DEBUG] - Sending message 'HandlePackageResultCompletedMessage' out if there are subscribers...
2026-04-06 04:50:52,407 14024 [DEBUG] - Attempting to delete file "C:\ProgramData\chocolatey\lib\visualstudio2026buildtools\.chocolateyPending".
2026-04-06 04:50:52,408 14024 [INFO ] -  The upgrade of visualstudio2026buildtools was successful.
2026-04-06 04:50:52,409 14024 [INFO ] -   Deployed to '"C:\Program Files (x86)\Microsoft Visual Studio\Installer"'
2026-04-06 04:50:52,416 14024 [DEBUG] - Attempting to delete file "".
2026-04-06 04:50:52,417 14024 [INFO ] - Downloading package from source 'https://community.chocolatey.org/api/v2/'
2026-04-06 04:50:52,417 14024 [DEBUG] - Package download location 'https://community.chocolatey.org/api/v2/package/visualstudio2026-workload-vctools/1.0.0'
2026-04-06 04:50:52,418 14024 [INFO ] - [NuGet]   GET https://community.chocolatey.org/api/v2/package/visualstudio2026-workload-vctools/1.0.0
2026-04-06 04:50:54,966 14024 [INFO ] - [NuGet]   OK https://community.chocolatey.org/api/v2/package/visualstudio2026-workload-vctools/1.0.0 2548ms
2026-04-06 04:50:54,966 14024 [INFO ] - [NuGet] Acquiring lock for the installation of visualstudio2026-workload-vctools 1.0.0
2026-04-06 04:50:54,968 14024 [INFO ] - [NuGet] Acquired lock for the installation of visualstudio2026-workload-vctools 1.0.0
2026-04-06 04:50:54,976 14024 [INFO ] - [NuGet] Installed visualstudio2026-workload-vctools 1.0.0 from https://community.chocolatey.org/api/v2/ with content hash nOr9Onu1ummcCjZn++T9QDaSDCVbdPnwpjWz3XkRILLj+wngquAxi82egZEMcn6YBT1TIVmdapsvRAdn6vG3RA==.
2026-04-06 04:50:54,985 14024 [DEBUG] - Skipping package hash validation as feature 'usePackageHashValidation' is not enabled.
2026-04-06 04:50:54,994 14024 [INFO ] - [NuGet] Adding package 'visualstudio2026-workload-vctools.1.0.0 : chocolatey-visualstudio.extension [1.13.0, ), vcredist140 [14.44.35211, ), visualstudio-installer [2.0.7, ), visualstudio2026buildtools [18.0.0, )' to folder 'C:\ProgramData\chocolatey\lib'
2026-04-06 04:50:55,034 14024 [INFO ] - [NuGet] Added package 'visualstudio2026-workload-vctools.1.0.0 : chocolatey-visualstudio.extension [1.13.0, ), vcredist140 [14.44.35211, ), visualstudio-installer [2.0.7, ), visualstudio2026buildtools [18.0.0, )' to folder 'C:\ProgramData\chocolatey\lib'
2026-04-06 04:50:55,034 14024 [DEBUG] - Attempting to delete file "C:\Users\tsmit\AppData\Local\Temp\chocolatey\ChocolateyScratch\visualstudio2026-workload-vctools/1.0.0\visualstudio2026-workload-vctools.1.0.0.nupkg".
2026-04-06 04:50:55,035 14024 [DEBUG] - Attempting to delete file "C:\Users\tsmit\AppData\Local\Temp\chocolatey\ChocolateyScratch\visualstudio2026-workload-vctools/1.0.0\.nupkg.metadata".
2026-04-06 04:50:55,035 14024 [DEBUG] - Attempting to delete file "C:\Users\tsmit\AppData\Local\Temp\chocolatey\ChocolateyScratch\visualstudio2026-workload-vctools/1.0.0\visualstudio2026-workload-vctools.1.0.0.nupkg.sha512".
2026-04-06 04:50:55,037 14024 [INFO ] - 
visualstudio2026-workload-vctools v1.0.0 [Approved]
2026-04-06 04:50:55,039 14024 [INFO ] - visualstudio2026-workload-vctools package files upgrade completed. Performing other installation steps.
2026-04-06 04:50:55,049 14024 [DEBUG] - Setting installer args for visualstudio2026-workload-vctools
2026-04-06 04:50:55,049 14024 [DEBUG] - Setting package parameters for visualstudio2026-workload-vctools
2026-04-06 04:50:55,049 14024 [DEBUG] - Contents of 'C:\ProgramData\chocolatey\lib\visualstudio2026-workload-vctools\tools\ChocolateyInstall.ps1':
2026-04-06 04:50:55,050 14024 [DEBUG] - Add-VisualStudioWorkload `
    -PackageName 'visualstudio2026-workload-vctools' `
    -Workload 'VCTools' `
    -VisualStudioYear '2026' `
    -Preview $false `
    -ApplicableProducts @('BuildTools') `
    -IncludeRecommendedComponentsByDefault

2026-04-06 04:50:55,050 14024 [DEBUG] - Calling built-in PowerShell host with ['[System.Threading.Thread]::CurrentThread.CurrentCulture = '';[System.Threading.Thread]::CurrentThread.CurrentUICulture = '';[System.Net.ServicePointManager]::SecurityProtocol = [System.Net.SecurityProtocolType]::SystemDefault; & import-module -name 'C:\ProgramData\chocolatey\helpers\chocolateyInstaller.psm1'; & 'C:\ProgramData\chocolatey\helpers\chocolateyScriptRunner.ps1' -packageScript 'C:\ProgramData\chocolatey\lib\visualstudio2026-workload-vctools\tools\ChocolateyInstall.ps1' -installArguments '' -packageParameters '' -preRunHookScripts $null -postRunHookScripts $null']
2026-04-06 04:50:55,054 14024 [DEBUG] - Redirecting Microsoft.WSMan.Management.resources, Version=3.0.0.0, Culture=en-US, PublicKeyToken=31bf3856ad364e35, requested by ''
2026-04-06 04:50:55,097 14024 [DEBUG] - Host version is 5.1.26100.1882, PowerShell Version is '5.1.26100.7920' and CLR Version is '4.0.30319.42000'.
2026-04-06 04:50:55,123 14024 [INFO ] - VERBOSE: Loading module from path 'C:\ProgramData\chocolatey\helpers\Chocolatey.PowerShell.dll'.
2026-04-06 04:50:55,124 14024 [INFO ] - VERBOSE: Importing cmdlet 'Get-EnvironmentVariable'.
2026-04-06 04:50:55,125 14024 [INFO ] - VERBOSE: Importing cmdlet 'Get-EnvironmentVariableNames'.
2026-04-06 04:50:55,125 14024 [INFO ] - VERBOSE: Importing cmdlet 'Install-ChocolateyPath'.
2026-04-06 04:50:55,125 14024 [INFO ] - VERBOSE: Importing cmdlet 'Set-EnvironmentVariable'.
2026-04-06 04:50:55,125 14024 [INFO ] - VERBOSE: Importing cmdlet 'Test-ProcessAdminRights'.
2026-04-06 04:50:55,126 14024 [INFO ] - VERBOSE: Importing cmdlet 'Uninstall-ChocolateyPath'.
2026-04-06 04:50:55,126 14024 [INFO ] - VERBOSE: Importing cmdlet 'Update-SessionEnvironment'.
2026-04-06 04:50:55,126 14024 [DEBUG] - Cmdlets exported from Chocolatey.PowerShell.dll
2026-04-06 04:50:55,126 14024 [DEBUG] - Get-EnvironmentVariable
2026-04-06 04:50:55,126 14024 [DEBUG] - Get-EnvironmentVariableNames
2026-04-06 04:50:55,127 14024 [DEBUG] - Install-ChocolateyPath
2026-04-06 04:50:55,127 14024 [DEBUG] - Set-EnvironmentVariable
2026-04-06 04:50:55,127 14024 [DEBUG] - Test-ProcessAdminRights
2026-04-06 04:50:55,127 14024 [DEBUG] - Uninstall-ChocolateyPath
2026-04-06 04:50:55,128 14024 [DEBUG] - Update-SessionEnvironment
2026-04-06 04:50:55,128 14024 [INFO ] - VERBOSE: Exporting function 'Format-FileSize'.
2026-04-06 04:50:55,128 14024 [INFO ] - VERBOSE: Exporting function 'Get-ChecksumValid'.
2026-04-06 04:50:55,129 14024 [INFO ] - VERBOSE: Exporting function 'Get-ChocolateyConfigValue'.
2026-04-06 04:50:55,129 14024 [INFO ] - VERBOSE: Exporting function 'Get-ChocolateyPath'.
2026-04-06 04:50:55,129 14024 [INFO ] - VERBOSE: Exporting function 'Get-ChocolateyUnzip'.
2026-04-06 04:50:55,129 14024 [INFO ] - VERBOSE: Exporting function 'Get-ChocolateyWebFile'.
2026-04-06 04:50:55,131 14024 [INFO ] - VERBOSE: Exporting function 'Get-FtpFile'.
2026-04-06 04:50:55,131 14024 [INFO ] - VERBOSE: Exporting function 'Get-OSArchitectureWidth'.
2026-04-06 04:50:55,131 14024 [INFO ] - VERBOSE: Exporting function 'Get-PackageParameters'.
2026-04-06 04:50:55,131 14024 [INFO ] - VERBOSE: Exporting function 'Get-PackageParametersBuiltIn'.
2026-04-06 04:50:55,131 14024 [INFO ] - VERBOSE: Exporting function 'Get-ToolsLocation'.
2026-04-06 04:50:55,132 14024 [INFO ] - VERBOSE: Exporting function 'Get-UACEnabled'.
2026-04-06 04:50:55,132 14024 [INFO ] - VERBOSE: Exporting function 'Get-UninstallRegistryKey'.
2026-04-06 04:50:55,132 14024 [INFO ] - VERBOSE: Exporting function 'Get-VirusCheckValid'.
2026-04-06 04:50:55,132 14024 [INFO ] - VERBOSE: Exporting function 'Get-WebFile'.
2026-04-06 04:50:55,133 14024 [INFO ] - VERBOSE: Exporting function 'Get-WebFileName'.
2026-04-06 04:50:55,133 14024 [INFO ] - VERBOSE: Exporting function 'Get-WebHeaders'.
2026-04-06 04:50:55,133 14024 [INFO ] - VERBOSE: Exporting function 'Install-BinFile'.
2026-04-06 04:50:55,134 14024 [INFO ] - VERBOSE: Exporting function 'Install-ChocolateyEnvironmentVariable'.
2026-04-06 04:50:55,134 14024 [INFO ] - VERBOSE: Exporting function 'Install-ChocolateyExplorerMenuItem'.
2026-04-06 04:50:55,134 14024 [INFO ] - VERBOSE: Exporting function 'Install-ChocolateyFileAssociation'.
2026-04-06 04:50:55,134 14024 [INFO ] - VERBOSE: Exporting function 'Install-ChocolateyInstallPackage'.
2026-04-06 04:50:55,135 14024 [INFO ] - VERBOSE: Exporting function 'Install-ChocolateyPackage'.
2026-04-06 04:50:55,135 14024 [INFO ] - VERBOSE: Exporting function 'Install-ChocolateyPinnedTaskBarItem'.
2026-04-06 04:50:55,135 14024 [INFO ] - VERBOSE: Exporting function 'Install-ChocolateyPowershellCommand'.
2026-04-06 04:50:55,135 14024 [INFO ] - VERBOSE: Exporting function 'Install-ChocolateyShortcut'.
2026-04-06 04:50:55,136 14024 [INFO ] - VERBOSE: Exporting function 'Install-ChocolateyVsixPackage'.
2026-04-06 04:50:55,136 14024 [INFO ] - VERBOSE: Exporting function 'Install-ChocolateyZipPackage'.
2026-04-06 04:50:55,136 14024 [INFO ] - VERBOSE: Exporting function 'Install-Vsix'.
2026-04-06 04:50:55,136 14024 [INFO ] - VERBOSE: Exporting function 'Set-PowerShellExitCode'.
2026-04-06 04:50:55,137 14024 [INFO ] - VERBOSE: Exporting function 'Start-ChocolateyProcessAsAdmin'.
2026-04-06 04:50:55,137 14024 [INFO ] - VERBOSE: Exporting function 'Uninstall-BinFile'.
2026-04-06 04:50:55,137 14024 [INFO ] - VERBOSE: Exporting function 'Uninstall-ChocolateyEnvironmentVariable'.
2026-04-06 04:50:55,137 14024 [INFO ] - VERBOSE: Exporting function 'Uninstall-ChocolateyPackage'.
2026-04-06 04:50:55,138 14024 [INFO ] - VERBOSE: Exporting function 'Uninstall-ChocolateyZipPackage'.
2026-04-06 04:50:55,138 14024 [INFO ] - VERBOSE: Exporting function 'Write-FunctionCallLogMessage'.
2026-04-06 04:50:55,139 14024 [INFO ] - VERBOSE: Exporting cmdlet 'Get-EnvironmentVariable'.
2026-04-06 04:50:55,139 14024 [INFO ] - VERBOSE: Exporting cmdlet 'Get-EnvironmentVariableNames'.
2026-04-06 04:50:55,139 14024 [INFO ] - VERBOSE: Exporting cmdlet 'Install-ChocolateyPath'.
2026-04-06 04:50:55,139 14024 [INFO ] - VERBOSE: Exporting cmdlet 'Set-EnvironmentVariable'.
2026-04-06 04:50:55,139 14024 [INFO ] - VERBOSE: Exporting cmdlet 'Test-ProcessAdminRights'.
2026-04-06 04:50:55,140 14024 [INFO ] - VERBOSE: Exporting cmdlet 'Uninstall-ChocolateyPath'.
2026-04-06 04:50:55,140 14024 [INFO ] - VERBOSE: Exporting cmdlet 'Update-SessionEnvironment'.
2026-04-06 04:50:55,140 14024 [INFO ] - VERBOSE: Exporting alias 'Get-ProcessorBits'.
2026-04-06 04:50:55,140 14024 [INFO ] - VERBOSE: Exporting alias 'Get-OSBitness'.
2026-04-06 04:50:55,141 14024 [INFO ] - VERBOSE: Exporting alias 'Get-InstallRegistryKey'.
2026-04-06 04:50:55,141 14024 [INFO ] - VERBOSE: Exporting alias 'Generate-BinFile'.
2026-04-06 04:50:55,141 14024 [INFO ] - VERBOSE: Exporting alias 'Add-BinFile'.
2026-04-06 04:50:55,141 14024 [INFO ] - VERBOSE: Exporting alias 'Start-ChocolateyProcess'.
2026-04-06 04:50:55,141 14024 [INFO ] - VERBOSE: Exporting alias 'Invoke-ChocolateyProcess'.
2026-04-06 04:50:55,142 14024 [INFO ] - VERBOSE: Exporting alias 'Remove-BinFile'.
2026-04-06 04:50:55,142 14024 [INFO ] - VERBOSE: Exporting alias 'refreshenv'.
2026-04-06 04:50:55,143 14024 [DEBUG] - Loading community extensions
2026-04-06 04:50:55,144 14024 [DEBUG] - Importing 'C:\ProgramData\chocolatey\extensions\chocolatey-compatibility\chocolatey-compatibility.psm1'
2026-04-06 04:50:55,144 14024 [INFO ] - VERBOSE: Loading module from path 'C:\ProgramData\chocolatey\extensions\chocolatey-compatibility\chocolatey-compatibility.psm1'.
2026-04-06 04:50:55,151 14024 [DEBUG] - Function 'Get-PackageParameters' exists, ignoring export.
2026-04-06 04:50:55,152 14024 [DEBUG] - Function 'Get-UninstallRegistryKey' exists, ignoring export.
2026-04-06 04:50:55,152 14024 [DEBUG] - Exporting function 'Install-ChocolateyDesktopLink' for backwards compatibility
2026-04-06 04:50:55,154 14024 [INFO ] - VERBOSE: Exporting function 'Install-ChocolateyDesktopLink'.
2026-04-06 04:50:55,154 14024 [DEBUG] - Exporting function 'Write-ChocolateyFailure' for backwards compatibility
2026-04-06 04:50:55,155 14024 [INFO ] - VERBOSE: Exporting function 'Write-ChocolateyFailure'.
2026-04-06 04:50:55,155 14024 [DEBUG] - Exporting function 'Write-ChocolateySuccess' for backwards compatibility
2026-04-06 04:50:55,157 14024 [INFO ] - VERBOSE: Exporting function 'Write-ChocolateySuccess'.
2026-04-06 04:50:55,158 14024 [DEBUG] - Exporting function 'Write-FileUpdateLog' for backwards compatibility
2026-04-06 04:50:55,158 14024 [INFO ] - VERBOSE: Exporting function 'Write-FileUpdateLog'.
2026-04-06 04:50:55,159 14024 [INFO ] - VERBOSE: Importing function 'Install-ChocolateyDesktopLink'.
2026-04-06 04:50:55,159 14024 [INFO ] - VERBOSE: Importing function 'Write-ChocolateyFailure'.
2026-04-06 04:50:55,159 14024 [INFO ] - VERBOSE: Importing function 'Write-ChocolateySuccess'.
2026-04-06 04:50:55,159 14024 [INFO ] - VERBOSE: Importing function 'Write-FileUpdateLog'.
2026-04-06 04:50:55,160 14024 [DEBUG] - Importing 'C:\ProgramData\chocolatey\extensions\chocolatey-core\chocolatey-core.psm1'
2026-04-06 04:50:55,160 14024 [INFO ] - VERBOSE: Loading module from path 'C:\ProgramData\chocolatey\extensions\chocolatey-core\chocolatey-core.psm1'.
2026-04-06 04:50:55,181 14024 [INFO ] - VERBOSE: Exporting function 'Get-AppInstallLocation'.
2026-04-06 04:50:55,182 14024 [INFO ] - VERBOSE: Exporting function 'Get-AvailableDriveLetter'.
2026-04-06 04:50:55,182 14024 [INFO ] - VERBOSE: Exporting function 'Get-EffectiveProxy'.
2026-04-06 04:50:55,183 14024 [INFO ] - VERBOSE: Exporting function 'Get-PackageCacheLocation'.
2026-04-06 04:50:55,183 14024 [INFO ] - VERBOSE: Exporting function 'Get-WebContent'.
2026-04-06 04:50:55,184 14024 [INFO ] - VERBOSE: Exporting function 'Register-Application'.
2026-04-06 04:50:55,184 14024 [INFO ] - VERBOSE: Exporting function 'Remove-Process'.
2026-04-06 04:50:55,184 14024 [INFO ] - VERBOSE: Importing function 'Get-AppInstallLocation'.
2026-04-06 04:50:55,185 14024 [INFO ] - VERBOSE: Importing function 'Get-AvailableDriveLetter'.
2026-04-06 04:50:55,185 14024 [INFO ] - VERBOSE: Importing function 'Get-EffectiveProxy'.
2026-04-06 04:50:55,185 14024 [INFO ] - VERBOSE: Importing function 'Get-PackageCacheLocation'.
2026-04-06 04:50:55,186 14024 [INFO ] - VERBOSE: Importing function 'Get-WebContent'.
2026-04-06 04:50:55,186 14024 [INFO ] - VERBOSE: Importing function 'Register-Application'.
2026-04-06 04:50:55,186 14024 [INFO ] - VERBOSE: Importing function 'Remove-Process'.
2026-04-06 04:50:55,187 14024 [DEBUG] - Importing 'C:\ProgramData\chocolatey\extensions\chocolatey-dotnetfx\chocolatey-dotnetfx.psm1'
2026-04-06 04:50:55,188 14024 [INFO ] - VERBOSE: Loading module from path 'C:\ProgramData\chocolatey\extensions\chocolatey-dotnetfx\chocolatey-dotnetfx.psm1'.
2026-04-06 04:50:55,195 14024 [INFO ] - VERBOSE: Exporting function 'Install-DotNetFramework'.
2026-04-06 04:50:55,196 14024 [INFO ] - VERBOSE: Exporting function 'Install-DotNetDevPack'.
2026-04-06 04:50:55,196 14024 [INFO ] - VERBOSE: Importing function 'Install-DotNetDevPack'.
2026-04-06 04:50:55,196 14024 [INFO ] - VERBOSE: Importing function 'Install-DotNetFramework'.
2026-04-06 04:50:55,197 14024 [DEBUG] - Importing 'C:\ProgramData\chocolatey\extensions\chocolatey-visualstudio\chocolatey-visualstudio.extension.psm1'
2026-04-06 04:50:55,197 14024 [INFO ] - VERBOSE: Loading module from path 'C:\ProgramData\chocolatey\extensions\chocolatey-visualstudio\chocolatey-visualstudio.extension.psm1'.
2026-04-06 04:50:55,237 14024 [INFO ] - VERBOSE: Exporting function 'Add-VisualStudioComponent'.
2026-04-06 04:50:55,237 14024 [INFO ] - VERBOSE: Exporting function 'Add-VisualStudioWorkload'.
2026-04-06 04:50:55,238 14024 [INFO ] - VERBOSE: Exporting function 'Get-VisualStudioInstaller'.
2026-04-06 04:50:55,238 14024 [INFO ] - VERBOSE: Exporting function 'Get-VisualStudioInstallerHealth'.
2026-04-06 04:50:55,238 14024 [INFO ] - VERBOSE: Exporting function 'Get-VisualStudioInstance'.
2026-04-06 04:50:55,239 14024 [INFO ] - VERBOSE: Exporting function 'Get-VisualStudioVsixInstaller'.
2026-04-06 04:50:55,239 14024 [INFO ] - VERBOSE: Exporting function 'Install-VisualStudio'.
2026-04-06 04:50:55,239 14024 [INFO ] - VERBOSE: Exporting function 'Install-VisualStudioInstaller'.
2026-04-06 04:50:55,239 14024 [INFO ] - VERBOSE: Exporting function 'Install-VisualStudioVsixExtension'.
2026-04-06 04:50:55,239 14024 [INFO ] - VERBOSE: Exporting function 'Remove-VisualStudioComponent'.
2026-04-06 04:50:55,240 14024 [INFO ] - VERBOSE: Exporting function 'Remove-VisualStudioProduct'.
2026-04-06 04:50:55,240 14024 [INFO ] - VERBOSE: Exporting function 'Remove-VisualStudioWorkload'.
2026-04-06 04:50:55,240 14024 [INFO ] - VERBOSE: Exporting function 'Uninstall-VisualStudio'.
2026-04-06 04:50:55,240 14024 [INFO ] - VERBOSE: Exporting function 'Uninstall-VisualStudioVsixExtension'.
2026-04-06 04:50:55,241 14024 [INFO ] - VERBOSE: Importing function 'Add-VisualStudioComponent'.
2026-04-06 04:50:55,241 14024 [INFO ] - VERBOSE: Importing function 'Add-VisualStudioWorkload'.
2026-04-06 04:50:55,241 14024 [INFO ] - VERBOSE: Importing function 'Get-VisualStudioInstaller'.
2026-04-06 04:50:55,241 14024 [INFO ] - VERBOSE: Importing function 'Get-VisualStudioInstallerHealth'.
2026-04-06 04:50:55,242 14024 [INFO ] - VERBOSE: Importing function 'Get-VisualStudioInstance'.
2026-04-06 04:50:55,242 14024 [INFO ] - VERBOSE: Importing function 'Get-VisualStudioVsixInstaller'.
2026-04-06 04:50:55,242 14024 [INFO ] - VERBOSE: Importing function 'Install-VisualStudio'.
2026-04-06 04:50:55,242 14024 [INFO ] - VERBOSE: Importing function 'Install-VisualStudioInstaller'.
2026-04-06 04:50:55,243 14024 [INFO ] - VERBOSE: Importing function 'Install-VisualStudioVsixExtension'.
2026-04-06 04:50:55,243 14024 [INFO ] - VERBOSE: Importing function 'Remove-VisualStudioComponent'.
2026-04-06 04:50:55,243 14024 [INFO ] - VERBOSE: Importing function 'Remove-VisualStudioProduct'.
2026-04-06 04:50:55,244 14024 [INFO ] - VERBOSE: Importing function 'Remove-VisualStudioWorkload'.
2026-04-06 04:50:55,244 14024 [INFO ] - VERBOSE: Importing function 'Uninstall-VisualStudio'.
2026-04-06 04:50:55,244 14024 [INFO ] - VERBOSE: Importing function 'Uninstall-VisualStudioVsixExtension'.
2026-04-06 04:50:55,246 14024 [DEBUG] - Importing 'C:\ProgramData\chocolatey\extensions\chocolatey-windowsupdate\chocolatey-windowsupdate.psm1'
2026-04-06 04:50:55,246 14024 [INFO ] - VERBOSE: Loading module from path 'C:\ProgramData\chocolatey\extensions\chocolatey-windowsupdate\chocolatey-windowsupdate.psm1'.
2026-04-06 04:50:55,255 14024 [INFO ] - VERBOSE: Exporting function 'Install-WindowsUpdate'.
2026-04-06 04:50:55,256 14024 [INFO ] - VERBOSE: Exporting function 'Test-WindowsUpdate'.
2026-04-06 04:50:55,256 14024 [INFO ] - VERBOSE: Importing function 'Install-WindowsUpdate'.
2026-04-06 04:50:55,256 14024 [INFO ] - VERBOSE: Importing function 'Test-WindowsUpdate'.
2026-04-06 04:50:55,257 14024 [INFO ] - VERBOSE: Exporting function 'Format-FileSize'.
2026-04-06 04:50:55,257 14024 [INFO ] - VERBOSE: Exporting function 'Get-ChecksumValid'.
2026-04-06 04:50:55,258 14024 [INFO ] - VERBOSE: Exporting function 'Get-ChocolateyConfigValue'.
2026-04-06 04:50:55,258 14024 [INFO ] - VERBOSE: Exporting function 'Get-ChocolateyPath'.
2026-04-06 04:50:55,258 14024 [INFO ] - VERBOSE: Exporting function 'Get-ChocolateyUnzip'.
2026-04-06 04:50:55,258 14024 [INFO ] - VERBOSE: Exporting function 'Get-ChocolateyWebFile'.
2026-04-06 04:50:55,260 14024 [INFO ] - VERBOSE: Exporting function 'Get-FtpFile'.
2026-04-06 04:50:55,260 14024 [INFO ] - VERBOSE: Exporting function 'Get-OSArchitectureWidth'.
2026-04-06 04:50:55,260 14024 [INFO ] - VERBOSE: Exporting function 'Get-PackageParameters'.
2026-04-06 04:50:55,261 14024 [INFO ] - VERBOSE: Exporting function 'Get-PackageParametersBuiltIn'.
2026-04-06 04:50:55,261 14024 [INFO ] - VERBOSE: Exporting function 'Get-ToolsLocation'.
2026-04-06 04:50:55,261 14024 [INFO ] - VERBOSE: Exporting function 'Get-UACEnabled'.
2026-04-06 04:50:55,261 14024 [INFO ] - VERBOSE: Exporting function 'Get-UninstallRegistryKey'.
2026-04-06 04:50:55,262 14024 [INFO ] - VERBOSE: Exporting function 'Get-VirusCheckValid'.
2026-04-06 04:50:55,262 14024 [INFO ] - VERBOSE: Exporting function 'Get-WebFile'.
2026-04-06 04:50:55,262 14024 [INFO ] - VERBOSE: Exporting function 'Get-WebFileName'.
2026-04-06 04:50:55,262 14024 [INFO ] - VERBOSE: Exporting function 'Get-WebHeaders'.
2026-04-06 04:50:55,263 14024 [INFO ] - VERBOSE: Exporting function 'Install-BinFile'.
2026-04-06 04:50:55,263 14024 [INFO ] - VERBOSE: Exporting function 'Install-ChocolateyEnvironmentVariable'.
2026-04-06 04:50:55,263 14024 [INFO ] - VERBOSE: Exporting function 'Install-ChocolateyExplorerMenuItem'.
2026-04-06 04:50:55,263 14024 [INFO ] - VERBOSE: Exporting function 'Install-ChocolateyFileAssociation'.
2026-04-06 04:50:55,264 14024 [INFO ] - VERBOSE: Exporting function 'Install-ChocolateyInstallPackage'.
2026-04-06 04:50:55,264 14024 [INFO ] - VERBOSE: Exporting function 'Install-ChocolateyPackage'.
2026-04-06 04:50:55,264 14024 [INFO ] - VERBOSE: Exporting function 'Install-ChocolateyPinnedTaskBarItem'.
2026-04-06 04:50:55,264 14024 [INFO ] - VERBOSE: Exporting function 'Install-ChocolateyPowershellCommand'.
2026-04-06 04:50:55,265 14024 [INFO ] - VERBOSE: Exporting function 'Install-ChocolateyShortcut'.
2026-04-06 04:50:55,265 14024 [INFO ] - VERBOSE: Exporting function 'Install-ChocolateyVsixPackage'.
2026-04-06 04:50:55,265 14024 [INFO ] - VERBOSE: Exporting function 'Install-ChocolateyZipPackage'.
2026-04-06 04:50:55,265 14024 [INFO ] - VERBOSE: Exporting function 'Install-Vsix'.
2026-04-06 04:50:55,266 14024 [INFO ] - VERBOSE: Exporting function 'Set-PowerShellExitCode'.
2026-04-06 04:50:55,266 14024 [INFO ] - VERBOSE: Exporting function 'Start-ChocolateyProcessAsAdmin'.
2026-04-06 04:50:55,266 14024 [INFO ] - VERBOSE: Exporting function 'Uninstall-BinFile'.
2026-04-06 04:50:55,266 14024 [INFO ] - VERBOSE: Exporting function 'Uninstall-ChocolateyEnvironmentVariable'.
2026-04-06 04:50:55,267 14024 [INFO ] - VERBOSE: Exporting function 'Uninstall-ChocolateyPackage'.
2026-04-06 04:50:55,267 14024 [INFO ] - VERBOSE: Exporting function 'Uninstall-ChocolateyZipPackage'.
2026-04-06 04:50:55,267 14024 [INFO ] - VERBOSE: Exporting function 'Write-FunctionCallLogMessage'.
2026-04-06 04:50:55,267 14024 [INFO ] - VERBOSE: Exporting function 'Install-ChocolateyDesktopLink'.
2026-04-06 04:50:55,268 14024 [INFO ] - VERBOSE: Exporting function 'Write-ChocolateyFailure'.
2026-04-06 04:50:55,268 14024 [INFO ] - VERBOSE: Exporting function 'Write-ChocolateySuccess'.
2026-04-06 04:50:55,268 14024 [INFO ] - VERBOSE: Exporting function 'Write-FileUpdateLog'.
2026-04-06 04:50:55,269 14024 [INFO ] - VERBOSE: Exporting function 'Get-AppInstallLocation'.
2026-04-06 04:50:55,269 14024 [INFO ] - VERBOSE: Exporting function 'Get-AvailableDriveLetter'.
2026-04-06 04:50:55,269 14024 [INFO ] - VERBOSE: Exporting function 'Get-EffectiveProxy'.
2026-04-06 04:50:55,269 14024 [INFO ] - VERBOSE: Exporting function 'Get-PackageCacheLocation'.
2026-04-06 04:50:55,270 14024 [INFO ] - VERBOSE: Exporting function 'Get-WebContent'.
2026-04-06 04:50:55,270 14024 [INFO ] - VERBOSE: Exporting function 'Register-Application'.
2026-04-06 04:50:55,270 14024 [INFO ] - VERBOSE: Exporting function 'Remove-Process'.
2026-04-06 04:50:55,271 14024 [INFO ] - VERBOSE: Exporting function 'Install-DotNetDevPack'.
2026-04-06 04:50:55,271 14024 [INFO ] - VERBOSE: Exporting function 'Install-DotNetFramework'.
2026-04-06 04:50:55,271 14024 [INFO ] - VERBOSE: Exporting function 'Add-VisualStudioComponent'.
2026-04-06 04:50:55,271 14024 [INFO ] - VERBOSE: Exporting function 'Add-VisualStudioWorkload'.
2026-04-06 04:50:55,271 14024 [INFO ] - VERBOSE: Exporting function 'Get-VisualStudioInstaller'.
2026-04-06 04:50:55,272 14024 [INFO ] - VERBOSE: Exporting function 'Get-VisualStudioInstallerHealth'.
2026-04-06 04:50:55,272 14024 [INFO ] - VERBOSE: Exporting function 'Get-VisualStudioInstance'.
2026-04-06 04:50:55,272 14024 [INFO ] - VERBOSE: Exporting function 'Get-VisualStudioVsixInstaller'.
2026-04-06 04:50:55,272 14024 [INFO ] - VERBOSE: Exporting function 'Install-VisualStudio'.
2026-04-06 04:50:55,272 14024 [INFO ] - VERBOSE: Exporting function 'Install-VisualStudioInstaller'.
2026-04-06 04:50:55,274 14024 [INFO ] - VERBOSE: Exporting function 'Install-VisualStudioVsixExtension'.
2026-04-06 04:50:55,274 14024 [INFO ] - VERBOSE: Exporting function 'Remove-VisualStudioComponent'.
2026-04-06 04:50:55,274 14024 [INFO ] - VERBOSE: Exporting function 'Remove-VisualStudioProduct'.
2026-04-06 04:50:55,274 14024 [INFO ] - VERBOSE: Exporting function 'Remove-VisualStudioWorkload'.
2026-04-06 04:50:55,275 14024 [INFO ] - VERBOSE: Exporting function 'Uninstall-VisualStudio'.
2026-04-06 04:50:55,275 14024 [INFO ] - VERBOSE: Exporting function 'Uninstall-VisualStudioVsixExtension'.
2026-04-06 04:50:55,275 14024 [INFO ] - VERBOSE: Exporting function 'Install-WindowsUpdate'.
2026-04-06 04:50:55,276 14024 [INFO ] - VERBOSE: Exporting function 'Test-WindowsUpdate'.
2026-04-06 04:50:55,276 14024 [INFO ] - VERBOSE: Exporting cmdlet 'Get-EnvironmentVariable'.
2026-04-06 04:50:55,276 14024 [INFO ] - VERBOSE: Exporting cmdlet 'Get-EnvironmentVariableNames'.
2026-04-06 04:50:55,277 14024 [INFO ] - VERBOSE: Exporting cmdlet 'Install-ChocolateyPath'.
2026-04-06 04:50:55,277 14024 [INFO ] - VERBOSE: Exporting cmdlet 'Set-EnvironmentVariable'.
2026-04-06 04:50:55,277 14024 [INFO ] - VERBOSE: Exporting cmdlet 'Test-ProcessAdminRights'.
2026-04-06 04:50:55,277 14024 [INFO ] - VERBOSE: Exporting cmdlet 'Uninstall-ChocolateyPath'.
2026-04-06 04:50:55,278 14024 [INFO ] - VERBOSE: Exporting cmdlet 'Update-SessionEnvironment'.
2026-04-06 04:50:55,278 14024 [INFO ] - VERBOSE: Exporting cmdlet 'Get-EnvironmentVariable'.
2026-04-06 04:50:55,278 14024 [INFO ] - VERBOSE: Exporting cmdlet 'Get-EnvironmentVariableNames'.
2026-04-06 04:50:55,278 14024 [INFO ] - VERBOSE: Exporting cmdlet 'Install-ChocolateyPath'.
2026-04-06 04:50:55,279 14024 [INFO ] - VERBOSE: Exporting cmdlet 'Set-EnvironmentVariable'.
2026-04-06 04:50:55,279 14024 [INFO ] - VERBOSE: Exporting cmdlet 'Test-ProcessAdminRights'.
2026-04-06 04:50:55,279 14024 [INFO ] - VERBOSE: Exporting cmdlet 'Uninstall-ChocolateyPath'.
2026-04-06 04:50:55,280 14024 [INFO ] - VERBOSE: Exporting cmdlet 'Update-SessionEnvironment'.
2026-04-06 04:50:55,280 14024 [INFO ] - VERBOSE: Exporting alias 'Get-ProcessorBits'.
2026-04-06 04:50:55,280 14024 [INFO ] - VERBOSE: Exporting alias 'Get-OSBitness'.
2026-04-06 04:50:55,281 14024 [INFO ] - VERBOSE: Exporting alias 'Get-InstallRegistryKey'.
2026-04-06 04:50:55,281 14024 [INFO ] - VERBOSE: Exporting alias 'Generate-BinFile'.
2026-04-06 04:50:55,281 14024 [INFO ] - VERBOSE: Exporting alias 'Add-BinFile'.
2026-04-06 04:50:55,282 14024 [INFO ] - VERBOSE: Exporting alias 'Start-ChocolateyProcess'.
2026-04-06 04:50:55,282 14024 [INFO ] - VERBOSE: Exporting alias 'Invoke-ChocolateyProcess'.
2026-04-06 04:50:55,282 14024 [INFO ] - VERBOSE: Exporting alias 'Remove-BinFile'.
2026-04-06 04:50:55,282 14024 [INFO ] - VERBOSE: Exporting alias 'refreshenv'.
2026-04-06 04:50:55,283 14024 [INFO ] - VERBOSE: Importing cmdlet 'Get-EnvironmentVariable'.
2026-04-06 04:50:55,283 14024 [INFO ] - VERBOSE: Importing cmdlet 'Get-EnvironmentVariableNames'.
2026-04-06 04:50:55,284 14024 [INFO ] - VERBOSE: Importing cmdlet 'Install-ChocolateyPath'.
2026-04-06 04:50:55,284 14024 [INFO ] - VERBOSE: Importing cmdlet 'Set-EnvironmentVariable'.
2026-04-06 04:50:55,284 14024 [INFO ] - VERBOSE: Importing cmdlet 'Test-ProcessAdminRights'.
2026-04-06 04:50:55,284 14024 [INFO ] - VERBOSE: Importing cmdlet 'Uninstall-ChocolateyPath'.
2026-04-06 04:50:55,285 14024 [INFO ] - VERBOSE: Importing cmdlet 'Update-SessionEnvironment'.
2026-04-06 04:50:55,285 14024 [INFO ] - VERBOSE: Importing function 'Add-VisualStudioComponent'.
2026-04-06 04:50:55,285 14024 [INFO ] - VERBOSE: Importing function 'Add-VisualStudioWorkload'.
2026-04-06 04:50:55,286 14024 [INFO ] - VERBOSE: Importing function 'Format-FileSize'.
2026-04-06 04:50:55,286 14024 [INFO ] - VERBOSE: Importing function 'Get-AppInstallLocation'.
2026-04-06 04:50:55,286 14024 [INFO ] - VERBOSE: Importing function 'Get-AvailableDriveLetter'.
2026-04-06 04:50:55,287 14024 [INFO ] - VERBOSE: Importing function 'Get-ChecksumValid'.
2026-04-06 04:50:55,287 14024 [INFO ] - VERBOSE: Importing function 'Get-ChocolateyConfigValue'.
2026-04-06 04:50:55,287 14024 [INFO ] - VERBOSE: Importing function 'Get-ChocolateyPath'.
2026-04-06 04:50:55,288 14024 [INFO ] - VERBOSE: Importing function 'Get-ChocolateyUnzip'.
2026-04-06 04:50:55,288 14024 [INFO ] - VERBOSE: Importing function 'Get-ChocolateyWebFile'.
2026-04-06 04:50:55,288 14024 [INFO ] - VERBOSE: Importing function 'Get-EffectiveProxy'.
2026-04-06 04:50:55,288 14024 [INFO ] - VERBOSE: Importing function 'Get-FtpFile'.
2026-04-06 04:50:55,288 14024 [INFO ] - VERBOSE: Importing function 'Get-OSArchitectureWidth'.
2026-04-06 04:50:55,289 14024 [INFO ] - VERBOSE: Importing function 'Get-PackageCacheLocation'.
2026-04-06 04:50:55,289 14024 [INFO ] - VERBOSE: Importing function 'Get-PackageParameters'.
2026-04-06 04:50:55,289 14024 [INFO ] - VERBOSE: Importing function 'Get-PackageParametersBuiltIn'.
2026-04-06 04:50:55,289 14024 [INFO ] - VERBOSE: Importing function 'Get-ToolsLocation'.
2026-04-06 04:50:55,290 14024 [INFO ] - VERBOSE: Importing function 'Get-UACEnabled'.
2026-04-06 04:50:55,290 14024 [INFO ] - VERBOSE: Importing function 'Get-UninstallRegistryKey'.
2026-04-06 04:50:55,290 14024 [INFO ] - VERBOSE: Importing function 'Get-VirusCheckValid'.
2026-04-06 04:50:55,290 14024 [INFO ] - VERBOSE: Importing function 'Get-VisualStudioInstaller'.
2026-04-06 04:50:55,290 14024 [INFO ] - VERBOSE: Importing function 'Get-VisualStudioInstallerHealth'.
2026-04-06 04:50:55,292 14024 [INFO ] - VERBOSE: Importing function 'Get-VisualStudioInstance'.
2026-04-06 04:50:55,292 14024 [INFO ] - VERBOSE: Importing function 'Get-VisualStudioVsixInstaller'.
2026-04-06 04:50:55,292 14024 [INFO ] - VERBOSE: Importing function 'Get-WebContent'.
2026-04-06 04:50:55,293 14024 [INFO ] - VERBOSE: Importing function 'Get-WebFile'.
2026-04-06 04:50:55,293 14024 [INFO ] - VERBOSE: Importing function 'Get-WebFileName'.
2026-04-06 04:50:55,293 14024 [INFO ] - VERBOSE: Importing function 'Get-WebHeaders'.
2026-04-06 04:50:55,293 14024 [INFO ] - VERBOSE: Importing function 'Install-BinFile'.
2026-04-06 04:50:55,294 14024 [INFO ] - VERBOSE: Importing function 'Install-ChocolateyDesktopLink'.
2026-04-06 04:50:55,294 14024 [INFO ] - VERBOSE: Importing function 'Install-ChocolateyEnvironmentVariable'.
2026-04-06 04:50:55,294 14024 [INFO ] - VERBOSE: Importing function 'Install-ChocolateyExplorerMenuItem'.
2026-04-06 04:50:55,294 14024 [INFO ] - VERBOSE: Importing function 'Install-ChocolateyFileAssociation'.
2026-04-06 04:50:55,295 14024 [INFO ] - VERBOSE: Importing function 'Install-ChocolateyInstallPackage'.
2026-04-06 04:50:55,295 14024 [INFO ] - VERBOSE: Importing function 'Install-ChocolateyPackage'.
2026-04-06 04:50:55,295 14024 [INFO ] - VERBOSE: Importing function 'Install-ChocolateyPinnedTaskBarItem'.
2026-04-06 04:50:55,296 14024 [INFO ] - VERBOSE: Importing function 'Install-ChocolateyPowershellCommand'.
2026-04-06 04:50:55,296 14024 [INFO ] - VERBOSE: Importing function 'Install-ChocolateyShortcut'.
2026-04-06 04:50:55,296 14024 [INFO ] - VERBOSE: Importing function 'Install-ChocolateyVsixPackage'.
2026-04-06 04:50:55,296 14024 [INFO ] - VERBOSE: Importing function 'Install-ChocolateyZipPackage'.
2026-04-06 04:50:55,297 14024 [INFO ] - VERBOSE: Importing function 'Install-DotNetDevPack'.
2026-04-06 04:50:55,297 14024 [INFO ] - VERBOSE: Importing function 'Install-DotNetFramework'.
2026-04-06 04:50:55,297 14024 [INFO ] - VERBOSE: Importing function 'Install-VisualStudio'.
2026-04-06 04:50:55,298 14024 [INFO ] - VERBOSE: Importing function 'Install-VisualStudioInstaller'.
2026-04-06 04:50:55,298 14024 [INFO ] - VERBOSE: Importing function 'Install-VisualStudioVsixExtension'.
2026-04-06 04:50:55,298 14024 [INFO ] - VERBOSE: Importing function 'Install-Vsix'.
2026-04-06 04:50:55,298 14024 [INFO ] - VERBOSE: Importing function 'Install-WindowsUpdate'.
2026-04-06 04:50:55,298 14024 [INFO ] - VERBOSE: Importing function 'Register-Application'.
2026-04-06 04:50:55,299 14024 [INFO ] - VERBOSE: Importing function 'Remove-Process'.
2026-04-06 04:50:55,299 14024 [INFO ] - VERBOSE: Importing function 'Remove-VisualStudioComponent'.
2026-04-06 04:50:55,299 14024 [INFO ] - VERBOSE: Importing function 'Remove-VisualStudioProduct'.
2026-04-06 04:50:55,299 14024 [INFO ] - VERBOSE: Importing function 'Remove-VisualStudioWorkload'.
2026-04-06 04:50:55,299 14024 [INFO ] - VERBOSE: Importing function 'Set-PowerShellExitCode'.
2026-04-06 04:50:55,301 14024 [INFO ] - VERBOSE: Importing function 'Start-ChocolateyProcessAsAdmin'.
2026-04-06 04:50:55,301 14024 [INFO ] - VERBOSE: Importing function 'Test-WindowsUpdate'.
2026-04-06 04:50:55,301 14024 [INFO ] - VERBOSE: Importing function 'Uninstall-BinFile'.
2026-04-06 04:50:55,302 14024 [INFO ] - VERBOSE: Importing function 'Uninstall-ChocolateyEnvironmentVariable'.
2026-04-06 04:50:55,302 14024 [INFO ] - VERBOSE: Importing function 'Uninstall-ChocolateyPackage'.
2026-04-06 04:50:55,302 14024 [INFO ] - VERBOSE: Importing function 'Uninstall-ChocolateyZipPackage'.
2026-04-06 04:50:55,303 14024 [INFO ] - VERBOSE: Importing function 'Uninstall-VisualStudio'.
2026-04-06 04:50:55,303 14024 [INFO ] - VERBOSE: Importing function 'Uninstall-VisualStudioVsixExtension'.
2026-04-06 04:50:55,303 14024 [INFO ] - VERBOSE: Importing function 'Write-ChocolateyFailure'.
2026-04-06 04:50:55,303 14024 [INFO ] - VERBOSE: Importing function 'Write-ChocolateySuccess'.
2026-04-06 04:50:55,303 14024 [INFO ] - VERBOSE: Importing function 'Write-FileUpdateLog'.
2026-04-06 04:50:55,304 14024 [INFO ] - VERBOSE: Importing function 'Write-FunctionCallLogMessage'.
2026-04-06 04:50:55,304 14024 [INFO ] - VERBOSE: Importing alias 'Add-BinFile'.
2026-04-06 04:50:55,304 14024 [INFO ] - VERBOSE: Importing alias 'Generate-BinFile'.
2026-04-06 04:50:55,304 14024 [INFO ] - VERBOSE: Importing alias 'Get-InstallRegistryKey'.
2026-04-06 04:50:55,305 14024 [INFO ] - VERBOSE: Importing alias 'Get-OSBitness'.
2026-04-06 04:50:55,305 14024 [INFO ] - VERBOSE: Importing alias 'Get-ProcessorBits'.
2026-04-06 04:50:55,305 14024 [INFO ] - VERBOSE: Importing alias 'Invoke-ChocolateyProcess'.
2026-04-06 04:50:55,306 14024 [INFO ] - VERBOSE: Importing alias 'refreshenv'.
2026-04-06 04:50:55,306 14024 [INFO ] - VERBOSE: Importing alias 'Remove-BinFile'.
2026-04-06 04:50:55,306 14024 [INFO ] - VERBOSE: Importing alias 'Start-ChocolateyProcess'.
2026-04-06 04:50:55,308 14024 [DEBUG] - ---------------------------Script Execution---------------------------
2026-04-06 04:50:55,308 14024 [DEBUG] - Running 'ChocolateyScriptRunner' for visualstudio2026-workload-vctools v1.0.0 with packageScript 'C:\ProgramData\chocolatey\lib\visualstudio2026-workload-vctools\tools\ChocolateyInstall.ps1', packageFolder:'C:\ProgramData\chocolatey\lib\visualstudio2026-workload-vctools', installArguments: '', packageParameters: '', preRunHookScripts: '', postRunHookScripts: '',
2026-04-06 04:50:55,309 14024 [DEBUG] - Running package script 'C:\ProgramData\chocolatey\lib\visualstudio2026-workload-vctools\tools\ChocolateyInstall.ps1'
2026-04-06 04:50:55,333 14024 [DEBUG] - Running 'Add-VisualStudioWorkload' with PackageName:'visualstudio2026-workload-vctools' Workload:'VCTools' VisualStudioYear:'2026' IncludeRecommendedComponentsByDefault:'True' RequiredProductVersion:'' Preview:'False'
2026-04-06 04:50:55,335 14024 [DEBUG] - Running 'Parse-Parameters' with s:'' DefaultValues:''
2026-04-06 04:50:55,336 14024 [DEBUG] - No package parameters.
2026-04-06 04:50:55,337 14024 [DEBUG] - Using channel manifest URI computed from the channel id: 'https://aka.ms/vs/18/stable/channel'
2026-04-06 04:50:55,402 14024 [DEBUG] - Running 'Start-VSModifyOperation' with PackageName:'visualstudio2026-workload-vctools' ArgumentList:'add Microsoft.VisualStudio.Workload.VCTools includeRecommended ' ChannelReference:'@{ChannelUri=https://aka.ms/vs/18/stable/channel; ChannelId=VisualStudio.18.Release; InstallChannelUri=}' ApplicableProducts:'BuildTools' OperationTexts:'installed installing installation' Operation:'modify' RequiredProductVersion:'' BootstrapperUrl:'' BootstrapperChecksum:'' BootstrapperChecksumType:'' ProductReference:'' UseBootstrapper:'False'
2026-04-06 04:50:55,447 14024 [DEBUG] - Resolving VS product instance(s)
2026-04-06 04:50:55,448 14024 [DEBUG] - Detecting instances of VS products with ChannelId = 'VisualStudio.18.Release'
2026-04-06 04:50:55,448 14024 [DEBUG] - Detecting Visual Studio products installed using the Willow installer (2017+)
2026-04-06 04:50:55,480 14024 [DEBUG] - Using the default VS CachePath: C:\ProgramData\Microsoft\VisualStudio\Packages
2026-04-06 04:50:55,514 14024 [DEBUG] - Examining possible product instance: C:\ProgramData\Microsoft\VisualStudio\Packages\_Instances\38debc70
2026-04-06 04:50:55,542 14024 [DEBUG] - Parsed instance data: installChannelUri = '' channelUri = 'https://aka.ms/vs/18/stable/channel' channelId = 'VisualStudio.18.Release' nickname = '' installationVersion = '18.4.11626.88' enginePath = 'C:\Program Files (x86)\Microsoft Visual Studio\Installer\resources\app\ServiceHub\Services\Microsoft.VisualStudio.Setup.Service' productId = 'Microsoft.VisualStudio.Product.BuildTools' productLineVersion = '18' installationPath = 'C:\Program Files (x86)\Microsoft Visual Studio\18\BuildTools' selectedPackages = 'System.Collections.Hashtable'
2026-04-06 04:50:55,572 14024 [DEBUG] - Parsed instance selected packages: Microsoft.VisualStudio.Component.Roslyn.Compiler Microsoft.VisualStudio.Component.CoreBuildTools Microsoft.Component.MSBuild Microsoft.VisualStudio.Workload.MSBuildTools Microsoft.VisualStudio.Product.BuildTools
2026-04-06 04:50:55,590 14024 [DEBUG] - Resolved 1 product instance(s)
2026-04-06 04:50:55,626 14024 [DEBUG] - This package supports Visual Studio product id(s): Microsoft.VisualStudio.Product.BuildTools
2026-04-06 04:50:55,645 14024 [DEBUG] - Product at path 'C:\Program Files (x86)\Microsoft Visual Studio\18\BuildTools' has product id(s): Microsoft.VisualStudio.Product.BuildTools
2026-04-06 04:50:55,662 14024 [INFO ] - VERBOSE: Preparing to perform operation 'modify' on product at path 'C:\Program Files (x86)\Microsoft Visual Studio\18\BuildTools'.
2026-04-06 04:50:55,671 14024 [DEBUG] - Detecting if a layout path was provided via package parameters
2026-04-06 04:50:55,671 14024 [DEBUG] - A layout path was not provided via package parameters
2026-04-06 04:50:55,672 14024 [DEBUG] - The VS Installer will be used as the native installer
2026-04-06 04:50:55,676 14024 [DEBUG] - Modifying Visual Studio product: [installPath = 'C:\Program Files (x86)\Microsoft Visual Studio\18\BuildTools']
2026-04-06 04:50:55,699 14024 [DEBUG] - Located VS installer directory: C:\Program Files (x86)\Microsoft Visual Studio\Installer
2026-04-06 04:50:55,721 14024 [DEBUG] - Parsed Visual Studio Installer version from setup.exe: 4.4.38.63497
2026-04-06 04:50:55,723 14024 [DEBUG] - Parsed Visual Studio Installer engine version: 4.4.38.63497
2026-04-06 04:50:55,728 14024 [INFO ] - VERBOSE: Visual Studio Installer version 4.4.38.63497 (engine version 4.4.38.63497) (traits: ) is present (C:\Program Files (x86)\Microsoft Visual Studio\Installer\vs_installer.exe).
2026-04-06 04:50:55,748 14024 [DEBUG] - InstallChannelUri will not be used for VS Installer update because either operation is "update" or --noWeb was not passed in package parameters
2026-04-06 04:50:55,751 14024 [INFO ] - VERBOSE: Checking installer version required by the package
2026-04-06 04:50:55,752 14024 [INFO ] - VERBOSE: Trying to determine the required installer and engine version from the manifests
2026-04-06 04:50:55,752 14024 [DEBUG] - Obtaining the channel manifest in order to determine the required installer version
2026-04-06 04:50:55,752 14024 [DEBUG] - Checking if the channel manifest URI has been provided
2026-04-06 04:50:55,753 14024 [DEBUG] - InstallChannelUri will not be used
2026-04-06 04:50:55,753 14024 [DEBUG] - Package parameters do not contain 'installChannelUri', it is empty or the scenario does not allow its use
2026-04-06 04:50:55,753 14024 [DEBUG] - Package parameters do not contain 'channelUri' or it is empty
2026-04-06 04:50:55,753 14024 [DEBUG] - ChannelReference InstallChannelUri property is empty
2026-04-06 04:50:55,754 14024 [DEBUG] - Using manifest URI from the ChannelUri property of the provided ChannelReference: 'https://aka.ms/vs/18/stable/channel'
2026-04-06 04:50:55,754 14024 [DEBUG] - Not looking in LayoutPath because --noWeb was not passed in package parameters
2026-04-06 04:50:55,754 14024 [INFO ] - VERBOSE: Obtaining the manifest file for url 'https://aka.ms/vs/18/stable/channel' (channel manifest)
2026-04-06 04:50:55,759 14024 [INFO ] - VERBOSE: Found cached file 'C:\Users\tsmit\AppData\Local\Temp\chocolatey\chocolatey-visualstudio.extension\ChannelManifest_444114094.man' last updated on 2026-04-06 11:48:00 UTC - less than one day ago (now is 2026-04-06 11:50:55 UTC)
2026-04-06 04:50:55,759 14024 [INFO ] - VERBOSE: Reading the manifest file (channel manifest)
2026-04-06 04:50:55,762 14024 [INFO ] - VERBOSE: Parsing the manifest file (channel manifest)
2026-04-06 04:50:55,767 14024 [DEBUG] - Located 1 channel manifest item(s) of type Bootstrapper
2026-04-06 04:50:55,768 14024 [INFO ] - VERBOSE: Bootstrapper  installerVersion determined from the channel manifest: 4.4.38.63497
2026-04-06 04:50:55,768 14024 [INFO ] - VERBOSE: Required installer version determined from the channel manifest (as bootstrapper installerVersion property): '4.4.38.63497'
2026-04-06 04:50:55,768 14024 [DEBUG] - Obtaining the component manifest in order to determine the required engine version
2026-04-06 04:50:55,769 14024 [DEBUG] - Not looking in LayoutPath because --noWeb was not passed in package parameters
2026-04-06 04:50:55,769 14024 [DEBUG] - Parsing the channel manifest
2026-04-06 04:50:55,770 14024 [DEBUG] - Located 1 channel manifest item(s) of type Manifest
2026-04-06 04:50:55,771 14024 [INFO ] - VERBOSE: Manifest url determined from the channel manifest: 'https://download.visualstudio.microsoft.com/download/pr/c03aa7dd-8afd-49cc-9274-19c9a1b26aee/01403e4017f6303bdb39cc30070877e5619a848e8dd9849bc66d6ac9a2a8c93d/VisualStudio.vsman' (checksum: '01403e4017f6303bdb39cc30070877e5619a848e8dd9849bc66d6ac9a2a8c93d', type: 'sha256')
2026-04-06 04:50:55,771 14024 [INFO ] - VERBOSE: Obtaining the manifest file for url 'https://download.visualstudio.microsoft.com/download/pr/c03aa7dd-8afd-49cc-9274-19c9a1b26aee/01403e4017f6303bdb39cc30070877e5619a848e8dd9849bc66d6ac9a2a8c93d/VisualStudio.vsman' (catalog manifest)
2026-04-06 04:50:55,773 14024 [INFO ] - VERBOSE: Found cached file 'C:\Users\tsmit\AppData\Local\Temp\chocolatey\chocolatey-visualstudio.extension\Catalog_852386966.man' last updated on 2026-04-06 11:48:41 UTC - less than one day ago (now is 2026-04-06 11:50:55 UTC)
2026-04-06 04:50:55,773 14024 [INFO ] - VERBOSE: Reading the manifest file (catalog manifest)
2026-04-06 04:50:55,827 14024 [INFO ] - VERBOSE: Parsing the manifest file (catalog manifest)
2026-04-06 04:50:56,744 14024 [DEBUG] - Parsing the component manifest
2026-04-06 04:50:56,745 14024 [INFO ] - VERBOSE: Required engine version determined from the component manifest: '4.4.38.63497'
2026-04-06 04:50:56,746 14024 [DEBUG] - Detecting Visual Studio products installed using the Willow installer (2017+)
2026-04-06 04:50:56,796 14024 [DEBUG] - Using the default VS CachePath: C:\ProgramData\Microsoft\VisualStudio\Packages
2026-04-06 04:50:56,798 14024 [DEBUG] - Examining possible product instance: C:\ProgramData\Microsoft\VisualStudio\Packages\_Instances\38debc70
2026-04-06 04:50:56,800 14024 [DEBUG] - Parsed instance data: installChannelUri = '' channelUri = 'https://aka.ms/vs/18/stable/channel' channelId = 'VisualStudio.18.Release' nickname = '' installationVersion = '18.4.11626.88' enginePath = 'C:\Program Files (x86)\Microsoft Visual Studio\Installer\resources\app\ServiceHub\Services\Microsoft.VisualStudio.Setup.Service' productId = 'Microsoft.VisualStudio.Product.BuildTools' productLineVersion = '18' installationPath = 'C:\Program Files (x86)\Microsoft Visual Studio\18\BuildTools' selectedPackages = 'System.Collections.Hashtable'
2026-04-06 04:50:56,801 14024 [DEBUG] - Parsed instance selected packages: Microsoft.VisualStudio.Component.Roslyn.Compiler Microsoft.VisualStudio.Component.CoreBuildTools Microsoft.Component.MSBuild Microsoft.VisualStudio.Workload.MSBuildTools Microsoft.VisualStudio.Product.BuildTools
2026-04-06 04:50:56,846 14024 [INFO ] - VERBOSE: Highest required installer version: 4.4.38.63497 (engine: 4.4.38.63497); requirement source: package
2026-04-06 04:50:56,846 14024 [DEBUG] - Running 'Install-VSInstaller' for visualstudio2026-workload-vctools with Url:'' Checksum: ChecksumType: RequiredInstallerVersion:'4.4.38.63497' RequiredEngineVersion:'4.4.38.63497' Force:'False' UseInstallChannelUri:'False' DoNotInstallIfNotPresent:'True'
2026-04-06 04:50:56,847 14024 [DEBUG] - Determining whether the Visual Studio Installer needs to be installed/updated/reinstalled
2026-04-06 04:50:56,852 14024 [DEBUG] - Located VS installer directory: C:\Program Files (x86)\Microsoft Visual Studio\Installer
2026-04-06 04:50:56,854 14024 [DEBUG] - Parsed Visual Studio Installer version from setup.exe: 4.4.38.63497
2026-04-06 04:50:56,855 14024 [DEBUG] - Parsed Visual Studio Installer engine version: 4.4.38.63497
2026-04-06 04:50:56,856 14024 [INFO ] - VERBOSE: Visual Studio Installer version 4.4.38.63497 (engine version 4.4.38.63497) (traits: ) is present (C:\Program Files (x86)\Microsoft Visual Studio\Installer\vs_installer.exe).
2026-04-06 04:50:56,858 14024 [DEBUG] - The Visual Studio Installer is already present
2026-04-06 04:50:56,859 14024 [DEBUG] - The existing Visual Studio Installer version is equal to requested (no update required)
2026-04-06 04:50:56,860 14024 [DEBUG] - The existing Visual Studio Installer engine version is equal to requested (no update required)
2026-04-06 04:50:56,865 14024 [DEBUG] - Located VS installer directory: C:\Program Files (x86)\Microsoft Visual Studio\Installer
2026-04-06 04:50:56,867 14024 [DEBUG] - Parsed Visual Studio Installer version from setup.exe: 4.4.38.63497
2026-04-06 04:50:56,898 14024 [DEBUG] - Parsed Visual Studio Installer engine version: 4.4.38.63497
2026-04-06 04:50:56,899 14024 [INFO ] - VERBOSE: Visual Studio Installer version 4.4.38.63497 (engine version 4.4.38.63497) (traits: ) is present (C:\Program Files (x86)\Microsoft Visual Studio\Installer\vs_installer.exe).
2026-04-06 04:50:56,907 14024 [INFO ] - VERBOSE: Emptying the VS Installer channel cache: 'C:\Users\tsmit\AppData\Local\Microsoft\VisualStudio\Packages\_Channels'
2026-04-06 04:50:56,914 14024 [DEBUG] - Filtering out package parameter not passed to the VS Installer: 'wait'
2026-04-06 04:50:56,916 14024 [DEBUG] - Generating argument string using prefix = '--', separator = ' '
2026-04-06 04:50:56,919 14024 [DEBUG] - Generated argument string: [modify --installPath "C:\Program Files (x86)\Microsoft Visual Studio\18\BuildTools" --includeRecommended --norestart --quiet --add Microsoft.VisualStudio.Workload.VCTools]
2026-04-06 04:50:56,920 14024 [DEBUG] - Install-VSChocolateyPackage -silentArgs:'modify --installPath "C:\Program Files (x86)\Microsoft Visual Studio\18\BuildTools" --includeRecommended --norestart --quiet --add Microsoft.VisualStudio.Workload.VCTools' -logFilePath:'' -checksumType:'' -url:'' -assumeNewVS2017Installer:'True' -checksum:'' -installerFilePath:'C:\Program Files (x86)\Microsoft Visual Studio\Installer\vs_installer.exe' -packageName:'visualstudio2026-workload-vctools'
2026-04-06 04:50:56,921 14024 [DEBUG] - Running 'Install-VSChocolateyPackage' for visualstudio2026-workload-vctools with url:'', args:'modify --installPath "C:\Program Files (x86)\Microsoft Visual Studio\18\BuildTools" --includeRecommended --norestart --quiet --add Microsoft.VisualStudio.Workload.VCTools', url64bit:'', checksum:'', checksumType:'', checksum64:'', checksumType64:'', logFilePath:'', installerFilePath:'C:\Program Files (x86)\Microsoft Visual Studio\Installer\vs_installer.exe'
2026-04-06 04:50:56,921 14024 [DEBUG] - Running 'Get-VSWebFile' for visualstudio2026-workload-vctools with Url:'', Url64Bit:'', Checksum:'', ChecksumType:'', Checksum64:'', ChecksumType64:'', LocalFilePath:'C:\Program Files (x86)\Microsoft Visual Studio\Installer\vs_installer.exe'
2026-04-06 04:50:56,922 14024 [INFO ] - VERBOSE: Using a local installer executable: C:\Program Files (x86)\Microsoft Visual Studio\Installer\vs_installer.exe
2026-04-06 04:50:56,922 14024 [DEBUG] - Running 'Install-VSChocolateyInstallPackage' for visualstudio2026-workload-vctools with file:'C:\Program Files (x86)\Microsoft Visual Studio\Installer\vs_installer.exe', silentArgs:'modify --installPath "C:\Program Files (x86)\Microsoft Visual Studio\18\BuildTools" --includeRecommended --norestart --quiet --add Microsoft.VisualStudio.Workload.VCTools', logFilePath:'', assumeNewVS2017Installer:'True'
2026-04-06 04:50:56,923 14024 [INFO ] - Installing visualstudio2026-workload-vctools...
2026-04-06 04:50:56,924 14024 [DEBUG] - Running 'Start-VSServicingOperation' for visualstudio2026-workload-vctools with silentArgs:'modify --installPath "C:\Program Files (x86)\Microsoft Visual Studio\18\BuildTools" --includeRecommended --norestart --quiet --add Microsoft.VisualStudio.Workload.VCTools', file:'C:\Program Files (x86)\Microsoft Visual Studio\Installer\vs_installer.exe', logFilePath:', operationTexts:'installed installing installation', assumeNewVS2017Installer:'True'
2026-04-06 04:50:56,924 14024 [DEBUG] - [20260406 04:50:56.924] Looking for still running VS installer processes
2026-04-06 04:50:56,937 14024 [DEBUG] - Did not find any running VS installer processes.
2026-04-06 04:50:56,938 14024 [DEBUG] - [20260406 04:50:56.938] Looking for vs_installer.windows.exe processes spawned by the uninstaller
2026-04-06 04:50:56,949 14024 [DEBUG] - Did not find any running vs_installer.windows.exe processes.
2026-04-06 04:50:56,949 14024 [INFO ] - 
2026-04-06 04:50:56,950 14024 [DEBUG] - Running 'Start-VSChocolateyProcessAsAdmin' with exeToRun:'C:\Program Files (x86)\Microsoft Visual Studio\Installer\vs_installer.exe', statements:'modify --installPath "C:\Program Files (x86)\Microsoft Visual Studio\18\BuildTools" --includeRecommended --norestart --quiet --add Microsoft.VisualStudio.Workload.VCTools', minimized:False, noSleep:False, validExitCodes:'0'
2026-04-06 04:50:56,951 14024 [DEBUG] - Elevating Permissions and running ["C:\Program Files (x86)\Microsoft Visual Studio\Installer\vs_installer.exe" modify --installPath "C:\Program Files (x86)\Microsoft Visual Studio\18\BuildTools" --includeRecommended --norestart --quiet --add Microsoft.VisualStudio.Workload.VCTools]. This may take a while, depending on the statements.
2026-04-06 04:50:56,953 14024 [DEBUG] - Setting RunAs for elevation
2026-04-06 05:02:12,069 14024 [DEBUG] - Command ["C:\Program Files (x86)\Microsoft Visual Studio\Installer\vs_installer.exe" modify --installPath "C:\Program Files (x86)\Microsoft Visual Studio\18\BuildTools" --includeRecommended --norestart --quiet --add Microsoft.VisualStudio.Workload.VCTools] exited with '0'.
2026-04-06 05:02:12,070 14024 [DEBUG] - Finishing 'Start-VSChocolateyProcessAsAdmin'
2026-04-06 05:02:12,070 14024 [DEBUG] - Exit code returned from Start-VSChocolateyProcessAsAdmin: '0'
2026-04-06 05:02:12,070 14024 [DEBUG] - [20260406 05:02:12.070] Looking for still running VS installer processes
2026-04-06 05:02:12,084 14024 [DEBUG] - Did not find any running VS installer processes.
2026-04-06 05:02:12,085 14024 [DEBUG] - [20260406 05:02:12.085] Looking for vs_installer.windows.exe processes spawned by the uninstaller
2026-04-06 05:02:12,096 14024 [DEBUG] - Did not find any running vs_installer.windows.exe processes.
2026-04-06 05:02:12,096 14024 [DEBUG] - Setting Env:ChocolateyExitCode to '0'
2026-04-06 05:02:12,098 14024 [INFO ] - visualstudio2026-workload-vctools has been installed.
2026-04-06 05:02:12,098 14024 [DEBUG] - Exit code set by Install-VSChocolateyPackage: '0'
2026-04-06 05:02:12,099 14024 [DEBUG] - Setting overall exit code to '0'
2026-04-06 05:02:12,099 14024 [DEBUG] - Setting Env:ChocolateyExitCode to overall exit code: '0'
2026-04-06 05:02:12,099 14024 [DEBUG] - ----------------------------------------------------------------------
2026-04-06 05:02:12,101 14024 [DEBUG] - Built-in PowerShell host called with ['[System.Threading.Thread]::CurrentThread.CurrentCulture = '';[System.Threading.Thread]::CurrentThread.CurrentUICulture = '';[System.Net.ServicePointManager]::SecurityProtocol = [System.Net.SecurityProtocolType]::SystemDefault; & import-module -name 'C:\ProgramData\chocolatey\helpers\chocolateyInstaller.psm1'; & 'C:\ProgramData\chocolatey\helpers\chocolateyScriptRunner.ps1' -packageScript 'C:\ProgramData\chocolatey\lib\visualstudio2026-workload-vctools\tools\ChocolateyInstall.ps1' -installArguments '' -packageParameters '' -preRunHookScripts $null -postRunHookScripts $null'] exited with '0'.
2026-04-06 05:02:12,102 14024 [DEBUG] - Calling command ['"C:\WINDOWS\System32\shutdown.exe" /a']
2026-04-06 05:02:12,124 14024 [DEBUG] - Command ['"C:\WINDOWS\System32\shutdown.exe" /a'] exited with '1116'
2026-04-06 05:02:12,145 14024 [INFO ] -   visualstudio2026-workload-vctools can be automatically uninstalled.
2026-04-06 05:02:12,147 14024 [WARN ] - Environment Vars (like PATH) have changed. Close/reopen your shell to
 see the changes (or in powershell/cmd.exe just type `refreshenv`).
2026-04-06 05:02:12,147 14024 [DEBUG] - Logging of values is not turned on by default because it
 could potentially expose sensitive data. If you understand the risk,
 please see `choco feature --help` for information to turn it on.
2026-04-06 05:02:12,148 14024 [DEBUG] - The following values have been added/changed (may contain sensitive data):
2026-04-06 05:02:12,148 14024 [DEBUG] -   * Path='[REDACTED]' (Machine)
2026-04-06 05:02:12,150 14024 [DEBUG] - Capturing package files in 'C:\ProgramData\chocolatey\lib\visualstudio2026-workload-vctools'
2026-04-06 05:02:12,150 14024 [DEBUG] -  Found 'C:\ProgramData\chocolatey\lib\visualstudio2026-workload-vctools\visualstudio2026-workload-vctools.nupkg'
  with checksum 'C4EE134D005FD5185543567EE4BF2065'
2026-04-06 05:02:12,151 14024 [DEBUG] -  Found 'C:\ProgramData\chocolatey\lib\visualstudio2026-workload-vctools\visualstudio2026-workload-vctools.nuspec'
  with checksum '3E776BADFDFAF78723F6360D20B590A4'
2026-04-06 05:02:12,151 14024 [DEBUG] -  Found 'C:\ProgramData\chocolatey\lib\visualstudio2026-workload-vctools\tools\.skipAutoUninstall'
  with checksum 'D41D8CD98F00B204E9800998ECF8427E'
2026-04-06 05:02:12,152 14024 [DEBUG] -  Found 'C:\ProgramData\chocolatey\lib\visualstudio2026-workload-vctools\tools\ChocolateyInstall.ps1'
  with checksum '3D44A0416F0C9F1D42D4035091A6E94F'
2026-04-06 05:02:12,152 14024 [DEBUG] -  Found 'C:\ProgramData\chocolatey\lib\visualstudio2026-workload-vctools\tools\ChocolateyUninstall.ps1'
  with checksum '9544642BAD7621E6B57A319C8B2E12BC'
2026-04-06 05:02:12,153 14024 [DEBUG] - Attempting to create directory "C:\ProgramData\chocolatey\.chocolatey\visualstudio2026-workload-vctools.1.0.0".
2026-04-06 05:02:12,155 14024 [DEBUG] - There was no original file at 'C:\ProgramData\chocolatey\.chocolatey\visualstudio2026-workload-vctools.1.0.0\.registry'
2026-04-06 05:02:12,156 14024 [DEBUG] - There was no original file at 'C:\ProgramData\chocolatey\.chocolatey\visualstudio2026-workload-vctools.1.0.0\.files'
2026-04-06 05:02:12,157 14024 [DEBUG] - Attempting to delete file "C:\ProgramData\chocolatey\.chocolatey\visualstudio2026-workload-vctools.1.0.0\.extra".
2026-04-06 05:02:12,157 14024 [DEBUG] - Attempting to delete file "C:\ProgramData\chocolatey\.chocolatey\visualstudio2026-workload-vctools.1.0.0\.version".
2026-04-06 05:02:12,158 14024 [DEBUG] - Attempting to delete file "C:\ProgramData\chocolatey\.chocolatey\visualstudio2026-workload-vctools.1.0.0\.sxs".
2026-04-06 05:02:12,158 14024 [DEBUG] - Attempting to delete file "C:\ProgramData\chocolatey\.chocolatey\visualstudio2026-workload-vctools.1.0.0\.pin".
2026-04-06 05:02:12,159 14024 [DEBUG] - Sending message 'HandlePackageResultCompletedMessage' out if there are subscribers...
2026-04-06 05:02:12,159 14024 [DEBUG] - Attempting to delete file "C:\ProgramData\chocolatey\lib\visualstudio2026-workload-vctools\.chocolateyPending".
2026-04-06 05:02:12,160 14024 [INFO ] -  The upgrade of visualstudio2026-workload-vctools was successful.
2026-04-06 05:02:12,160 14024 [INFO ] -   Deployed to 'C:\Program Files\Git\'
2026-04-06 05:02:12,167 14024 [WARN ] - 
Chocolatey upgraded 19/19 packages. 
 See the log for details (C:\ProgramData\chocolatey\logs\chocolatey.log).
2026-04-06 05:02:12,168 14024 [INFO ] - 
2026-04-06 05:02:12,168 14024 [WARN ] - Upgraded:
2026-04-06 05:02:12,168 14024 [INFO ] -  - chocolatey-compatibility.extension v1.0.0
2026-04-06 05:02:12,169 14024 [INFO ] -  - chocolatey-core.extension v1.4.0
2026-04-06 05:02:12,169 14024 [INFO ] -  - chocolatey-dotnetfx.extension v1.0.1
2026-04-06 05:02:12,169 14024 [INFO ] -  - chocolatey-visualstudio.extension v1.13.0
2026-04-06 05:02:12,170 14024 [INFO ] -  - chocolatey-windowsupdate.extension v1.0.5
2026-04-06 05:02:12,170 14024 [INFO ] -  - dotnetfx v4.8.0.20220524
2026-04-06 05:02:12,170 14024 [INFO ] -  - KB2919355 v1.0.20160915
2026-04-06 05:02:12,171 14024 [INFO ] -  - KB2919442 v1.0.20160915
2026-04-06 05:02:12,171 14024 [INFO ] -  - KB2999226 v1.0.20181019
2026-04-06 05:02:12,172 14024 [INFO ] -  - KB3033929 v1.0.5
2026-04-06 05:02:12,172 14024 [INFO ] -  - KB3035131 v1.0.3
2026-04-06 05:02:12,172 14024 [INFO ] -  - python v3.14.3
2026-04-06 05:02:12,173 14024 [INFO ] -  - python3 v3.14.3
2026-04-06 05:02:12,173 14024 [INFO ] -  - python314 v3.14.3
2026-04-06 05:02:12,173 14024 [INFO ] -  - vcredist140 v14.50.35719
2026-04-06 05:02:12,174 14024 [INFO ] -  - vcredist2015 v14.0.24215.20170201
2026-04-06 05:02:12,174 14024 [INFO ] -  - visualstudio2026buildtools v118.4.2
2026-04-06 05:02:12,174 14024 [INFO ] -  - visualstudio2026-workload-vctools v1.0.0
2026-04-06 05:02:12,175 14024 [INFO ] -  - visualstudio-installer v2.0.7
2026-04-06 05:02:12,176 14024 [DEBUG] - Sending message 'PostRunMessage' out if there are subscribers...
2026-04-06 05:02:12,180 14024 [DEBUG] - Exiting with 0
2026-04-10 05:29:33,238 14556 [DEBUG] - XmlConfiguration is now operational
2026-04-10 05:29:33,270 14556 [DEBUG] - Adding new type 'CygwinService' for type 'IAlternativeSourceRunner' from assembly 'choco'
2026-04-10 05:29:33,270 14556 [DEBUG] - Adding new type 'CygwinService' for type 'IInstallSourceRunner' from assembly 'choco'
2026-04-10 05:29:33,270 14556 [DEBUG] - Adding new type 'PythonService' for type 'IAlternativeSourceRunner' from assembly 'choco'
2026-04-10 05:29:33,270 14556 [DEBUG] - Adding new type 'PythonService' for type 'IListSourceRunner' from assembly 'choco'
2026-04-10 05:29:33,270 14556 [DEBUG] - Adding new type 'PythonService' for type 'IInstallSourceRunner' from assembly 'choco'
2026-04-10 05:29:33,270 14556 [DEBUG] - Adding new type 'PythonService' for type 'IUninstallSourceRunner' from assembly 'choco'
2026-04-10 05:29:33,270 14556 [DEBUG] - Adding new type 'RubyGemsService' for type 'IAlternativeSourceRunner' from assembly 'choco'
2026-04-10 05:29:33,270 14556 [DEBUG] - Adding new type 'RubyGemsService' for type 'IListSourceRunner' from assembly 'choco'
2026-04-10 05:29:33,270 14556 [DEBUG] - Adding new type 'RubyGemsService' for type 'IInstallSourceRunner' from assembly 'choco'
2026-04-10 05:29:33,270 14556 [DEBUG] - Adding new type 'SystemStateValidation' for type 'IValidation' from assembly 'choco'
2026-04-10 05:29:33,286 14556 [DEBUG] - Adding new type 'CacheFolderLockdownValidation' for type 'IValidation' from assembly 'choco'
2026-04-10 05:29:33,624 14556 [DEBUG] - Adding new type 'FrameWorkReferencesMetadataRule' for type 'IMetadataRule' from assembly 'choco'
2026-04-10 05:29:33,624 14556 [DEBUG] - Adding new type 'IconMetadataRule' for type 'IMetadataRule' from assembly 'choco'
2026-04-10 05:29:33,624 14556 [DEBUG] - Adding new type 'LicenseMetadataRule' for type 'IMetadataRule' from assembly 'choco'
2026-04-10 05:29:33,624 14556 [DEBUG] - Adding new type 'PackageTypesMetadataRule' for type 'IMetadataRule' from assembly 'choco'
2026-04-10 05:29:33,624 14556 [DEBUG] - Adding new type 'ReadmeMetadataRule' for type 'IMetadataRule' from assembly 'choco'
2026-04-10 05:29:33,624 14556 [DEBUG] - Adding new type 'RepositoryMetadataRule' for type 'IMetadataRule' from assembly 'choco'
2026-04-10 05:29:33,624 14556 [DEBUG] - Adding new type 'RequiredMetadataRule' for type 'IMetadataRule' from assembly 'choco'
2026-04-10 05:29:33,624 14556 [DEBUG] - Adding new type 'RequireLicenseAcceptanceMetadataRule' for type 'IMetadataRule' from assembly 'choco'
2026-04-10 05:29:33,624 14556 [DEBUG] - Adding new type 'ServicableMetadataRule' for type 'IMetadataRule' from assembly 'choco'
2026-04-10 05:29:33,624 14556 [DEBUG] - Adding new type 'VersionMetadataRule' for type 'IMetadataRule' from assembly 'choco'
2026-04-10 05:29:33,640 14556 [DEBUG] - Registering new command 'apikey' in assembly 'choco'
2026-04-10 05:29:33,640 14556 [DEBUG] - Registering new command 'cache' in assembly 'choco'
2026-04-10 05:29:33,640 14556 [DEBUG] - Registering new command 'config' in assembly 'choco'
2026-04-10 05:29:33,640 14556 [DEBUG] - Registering new command 'export' in assembly 'choco'
2026-04-10 05:29:33,640 14556 [DEBUG] - Registering new command 'feature' in assembly 'choco'
2026-04-10 05:29:33,640 14556 [DEBUG] - Registering new command 'help' in assembly 'choco'
2026-04-10 05:29:33,640 14556 [DEBUG] - Registering new command 'info' in assembly 'choco'
2026-04-10 05:29:33,640 14556 [DEBUG] - Registering new command 'install' in assembly 'choco'
2026-04-10 05:29:33,640 14556 [DEBUG] - Registering new command 'license' in assembly 'choco'
2026-04-10 05:29:33,640 14556 [DEBUG] - Registering new command 'list' in assembly 'choco'
2026-04-10 05:29:33,640 14556 [DEBUG] - Registering new command 'new' in assembly 'choco'
2026-04-10 05:29:33,640 14556 [DEBUG] - Registering new command 'outdated' in assembly 'choco'
2026-04-10 05:29:33,640 14556 [DEBUG] - Registering new command 'pack' in assembly 'choco'
2026-04-10 05:29:33,640 14556 [DEBUG] - Registering new command 'pin' in assembly 'choco'
2026-04-10 05:29:33,640 14556 [DEBUG] - Registering new command 'push' in assembly 'choco'
2026-04-10 05:29:33,640 14556 [DEBUG] - Registering new command 'rule' in assembly 'choco'
2026-04-10 05:29:33,640 14556 [DEBUG] - Registering new command 'search' in assembly 'choco'
2026-04-10 05:29:33,640 14556 [DEBUG] - Registering new command 'source' in assembly 'choco'
2026-04-10 05:29:33,640 14556 [DEBUG] - Registering new command 'support' in assembly 'choco'
2026-04-10 05:29:33,640 14556 [DEBUG] - Registering new command 'template' in assembly 'choco'
2026-04-10 05:29:33,640 14556 [DEBUG] - Registering new command 'uninstall' in assembly 'choco'
2026-04-10 05:29:33,640 14556 [DEBUG] - Registering new command 'unpackself' in assembly 'choco'
2026-04-10 05:29:33,640 14556 [DEBUG] - Registering new command 'upgrade' in assembly 'choco'
2026-04-10 05:29:33,704 14556 [INFO ] - ============================================================
2026-04-10 05:29:33,957 14556 [DEBUG] - User may be subject to UAC, checking for a split token (not 100%
 effective).
2026-04-10 05:29:33,973 14556 [INFO ] - Chocolatey v2.7.1
2026-04-10 05:29:33,973 14556 [DEBUG] - Chocolatey is running on Windows v 10.0.26200.0
2026-04-10 05:29:33,988 14556 [DEBUG] - Attempting to delete file "C:/ProgramData/chocolatey/choco.exe.old".
2026-04-10 05:29:33,988 14556 [DEBUG] - Attempting to delete file "C:\ProgramData\chocolatey\choco.exe.old".
2026-04-10 05:29:33,989 14556 [DEBUG] - Command line: "C:\ProgramData\chocolatey\choco.exe" upgrade redis-64
2026-04-10 05:29:33,989 14556 [DEBUG] - Received arguments: upgrade redis-64
2026-04-10 05:29:34,021 14556 [DEBUG] - RemovePendingPackagesTask is now ready and waiting for PreRunMessage.
2026-04-10 05:29:34,021 14556 [DEBUG] - Sending message 'PreRunMessage' out if there are subscribers...
2026-04-10 05:29:34,021 14556 [DEBUG] - [Pending] Removing all pending packages that should not be considered installed...
2026-04-10 05:29:34,053 14556 [DEBUG] - Performing validation checks.
2026-04-10 05:29:34,068 14556 [DEBUG] - Global Configuration Validation Checks:
2026-04-10 05:29:34,068 14556 [DEBUG] -  - Package Exit Code / Exit On Reboot = Checked
2026-04-10 05:29:34,068 14556 [DEBUG] - System State Validation Checks:
2026-04-10 05:29:34,068 14556 [DEBUG] -  Reboot Requirement Checks:
2026-04-10 05:29:34,068 14556 [DEBUG] -  - Pending Computer Rename = Checked
2026-04-10 05:29:34,068 14556 [DEBUG] -  - Pending Component Based Servicing = Checked
2026-04-10 05:29:34,068 14556 [DEBUG] -  - Pending Windows Auto Update = Checked
2026-04-10 05:29:34,068 14556 [DEBUG] -  - Pending File Rename Operations = Checked
2026-04-10 05:29:34,068 14556 [DEBUG] -  - Pending Windows Package Installer = Checked
2026-04-10 05:29:34,068 14556 [DEBUG] -  - Pending Windows Package Installer SysWow64 = Checked
2026-04-10 05:29:34,068 14556 [DEBUG] - Cache Folder Lockdown Checks:
2026-04-10 05:29:34,068 14556 [DEBUG] -  - Elevated State = Failed
2026-04-10 05:29:34,068 14556 [INFO ] - 3 validations performed. 3 success(es), 0 warning(s), and 0 error(s).
2026-04-10 05:29:34,068 14556 [WARN ] - Chocolatey detected you are not running from an elevated command shell
 (cmd/powershell).
2026-04-10 05:29:34,068 14556 [WARN ] - 
 You may experience errors - many functions/packages
 require admin rights. Only advanced users should run choco w/out an
 elevated shell. When you open the command shell, you should ensure
 that you do so with "Run as Administrator" selected. If you are
 attempting to use Chocolatey in a non-administrator setting, you
 must select a different location other than the default install
 location. See
 https://docs.chocolatey.org/en-us/choco/setup#non-administrative-install
 for details.

2026-04-10 05:29:34,088 14556 [INFO ] - 
 Do you want to continue?
2026-04-10 05:29:34,088 14556 [INFO ] -  1) yes
2026-04-10 05:29:34,088 14556 [INFO ] -  2) no
2026-04-10 05:29:41,305 14556 [INFO ] - Choice selected: 'yes'
2026-04-10 05:29:41,308 14556 [DEBUG] - The source 'https://community.chocolatey.org/api/v2/' evaluated to a 'normal' source type
2026-04-10 05:29:41,308 14556 [DEBUG] - 
NOTE: Hiding sensitive configuration data! Please double and triple
 check to be sure no sensitive data is shown, especially if copying
 output to a gist for review.
2026-04-10 05:29:41,319 14556 [DEBUG] - Configuration: CommandName='upgrade'|
CacheLocation='C:\Users\tsmit\AppData\Local\Temp\chocolatey'|
CommandExecutionTimeoutSeconds='2700'|WebRequestTimeoutSeconds='30'|
Sources='https://community.chocolatey.org/api/v2/'|SourceType='normal'|
IncludeConfiguredSources='False'|ShowOnlineHelp='False'|Debug='False'|
Verbose='False'|Trace='False'|Force='False'|Noop='False'|
HelpRequested='False'|UnsuccessfulParsing='False'|RegularOutput='True'|
QuietOutput='False'|PromptForConfirmation='True'|
DisableCompatibilityChecks='False'|AcceptLicense='False'|
AllowUnofficialBuild='False'|Input='redis-64'|AllVersions='False'|
SkipPackageInstallProvider='False'|SkipHookScripts='False'|
PackageNames='redis-64'|Prerelease='False'|ForceX86='False'|
OverrideArguments='False'|NotSilent='False'|
ApplyPackageParametersToDependencies='False'|
ApplyInstallArgumentsToDependencies='False'|IgnoreDependencies='False'|
UseHttpCache='True'|CacheExpirationInMinutes='30'|
AllowDowngrade='False'|ForceDependencies='False'|PinPackage='False'|
IncludeHeaders='False'|Information.PlatformType='Windows'|
Information.PlatformVersion='10.0.26200.0'|
Information.PlatformName='Windows 11'|
Information.ChocolateyVersion='2.7.1.0'|
Information.ChocolateyProductVersion='2.7.1'|
Information.FullName='choco, Version=2.7.1.0, Culture=neutral, PublicKeyToken=79d02ea9cad655eb'|

Information.Is64BitOperatingSystem='True'|
Information.Is64BitProcess='True'|Information.IsInteractive='True'|
Information.UserName='tsmit'|
Information.UserDomainName='DESKTOP-GILF4VQ'|
Information.IsUserAdministrator='True'|
Information.IsUserSystemAccount='False'|
Information.IsUserRemoteDesktop='False'|
Information.IsUserRemote='False'|Information.IsProcessElevated='False'|
Information.IsLicensedVersion='False'|
Information.IsLicensedAssemblyLoaded='False'|
Information.LicenseType='Foss'|
Information.CurrentDirectory='C:\Users\tsmit'|
Features.AutoUninstaller='True'|Features.ChecksumFiles='True'|
Features.AllowEmptyChecksums='False'|
Features.AllowEmptyChecksumsSecure='True'|
Features.FailOnAutoUninstaller='False'|
Features.FailOnStandardError='False'|Features.UsePowerShellHost='True'|
Features.LogEnvironmentValues='False'|Features.LogWithoutColor='False'|
Features.VirusCheck='False'|
Features.FailOnInvalidOrMissingLicense='False'|
Features.IgnoreInvalidOptionsSwitches='True'|
Features.UsePackageExitCodes='True'|
Features.UseEnhancedExitCodes='False'|
Features.UseFipsCompliantChecksums='False'|
Features.ShowNonElevatedWarnings='True'|
Features.ShowDownloadProgress='True'|
Features.StopOnFirstPackageFailure='False'|
Features.UseRememberedArgumentsForUpgrades='False'|
Features.IgnoreUnfoundPackagesOnUpgradeOutdated='False'|
Features.SkipPackageUpgradesWhenNotInstalled='False'|
Features.RemovePackageInformationOnUninstall='False'|
Features.ExitOnRebootDetected='False'|
Features.LogValidationResultsOnWarnings='True'|
Features.UsePackageRepositoryOptimizations='True'|
Features.UsePackageHashValidation='False'|
ListCommand.LocalOnly='False'|
ListCommand.IdOnly='False'|ListCommand.IncludeRegistryPrograms='False'|
ListCommand.PageSize='25'|ListCommand.Exact='False'|
ListCommand.ByIdOnly='False'|ListCommand.ByTagOnly='False'|
ListCommand.IdStartsWith='False'|ListCommand.IgnorePinned='False'|
ListCommand.OrderBy='Id'|ListCommand.OrderByPopularity='False'|
ListCommand.ApprovedOnly='False'|
ListCommand.DownloadCacheAvailable='False'|
ListCommand.NotBroken='False'|
ListCommand.IncludeVersionOverrides='False'|
ListCommand.ExplicitPageSize='False'|
ListCommand.ExplicitSource='False'|
UpgradeCommand.FailOnUnfound='False'|
UpgradeCommand.FailOnNotInstalled='False'|
UpgradeCommand.NotifyOnlyAvailableUpgrades='False'|
UpgradeCommand.ExcludePrerelease='False'|
UpgradeCommand.IgnorePinned='False'|
NewCommand.AutomaticPackage='False'|
NewCommand.UseOriginalTemplate='False'|SourceCommand.Command='unknown'|
SourceCommand.Priority='0'|SourceCommand.BypassProxy='False'|
SourceCommand.AllowSelfService='False'|
SourceCommand.VisibleToAdminsOnly='False'|
FeatureCommand.Command='unknown'|ConfigCommand.Command='Unknown'|
ApiKeyCommand.Command='Unknown'|PinCommand.Command='Unknown'|
LicenseCommand.Command='Unknown'|OutdatedCommand.IgnorePinned='False'|
ExportCommand.IncludeVersionNumbers='False'|Proxy.BypassOnLocal='True'|
TemplateCommand.Command='unknown'|CacheCommand.Command='Unknown'|
CacheCommand.RemoveExpiredItemsOnly='False'|
2026-04-10 05:29:41,319 14556 [DEBUG] - _ Chocolatey:ChocolateyUpgradeCommand - Normal Run Mode _
2026-04-10 05:29:41,319 14556 [INFO ] - Upgrading the following packages:
2026-04-10 05:29:41,319 14556 [INFO ] - redis-64
2026-04-10 05:29:41,319 14556 [INFO ] - By upgrading, you accept licenses for the packages.
2026-04-10 05:29:41,367 14556 [DEBUG] - Process Tree: Chocolatey CLI => Chocolatey CLI => powershell => WindowsTerminal
2026-04-10 05:29:41,367 14556 [DEBUG] - Updating User Agent to 'Chocolatey Command Line/2.7.1 (Chocolatey CLI) via NuGet Client/6.4.1 (Microsoft Windows NT 10.0.26200.0)'.
2026-04-10 05:29:41,431 14556 [DEBUG] - Running list with the following filter = ''
2026-04-10 05:29:41,431 14556 [DEBUG] - --- Start of List ---
2026-04-10 05:29:41,448 14556 [DEBUG] - Process Tree: Chocolatey CLI => Chocolatey CLI => powershell => WindowsTerminal
2026-04-10 05:29:41,448 14556 [DEBUG] - Updating User Agent to 'Chocolatey Command Line/2.7.1 (Chocolatey CLI) via NuGet Client/6.4.1 (Microsoft Windows NT 10.0.26200.0)'.
2026-04-10 05:29:41,448 14556 [DEBUG] - Resolving resource PackageSearchResource for source C:\ProgramData\chocolatey\lib
2026-04-10 05:29:41,590 14556 [DEBUG] - chocolatey 2.7.1
2026-04-10 05:29:41,590 14556 [DEBUG] - chocolatey-compatibility.extension 1.0.0
2026-04-10 05:29:41,606 14556 [DEBUG] - chocolatey-core.extension 1.4.0
2026-04-10 05:29:41,606 14556 [DEBUG] - chocolatey-dotnetfx.extension 1.0.1
2026-04-10 05:29:41,606 14556 [DEBUG] - chocolatey-visualstudio.extension 1.13.0
2026-04-10 05:29:41,606 14556 [DEBUG] - chocolatey-windowsupdate.extension 1.0.5
2026-04-10 05:29:41,606 14556 [DEBUG] - dotnetfx 4.8.0.20220524
2026-04-10 05:29:41,622 14556 [DEBUG] - KB2919355 1.0.20160915
2026-04-10 05:29:41,622 14556 [DEBUG] - KB2919442 1.0.20160915
2026-04-10 05:29:41,622 14556 [DEBUG] - KB2999226 1.0.20181019
2026-04-10 05:29:41,622 14556 [DEBUG] - KB3033929 1.0.5
2026-04-10 05:29:41,622 14556 [DEBUG] - KB3035131 1.0.3
2026-04-10 05:29:41,622 14556 [DEBUG] - python 3.14.3
2026-04-10 05:29:41,622 14556 [DEBUG] - python3 3.14.3
2026-04-10 05:29:41,638 14556 [DEBUG] - python314 3.14.3
2026-04-10 05:29:41,654 14556 [DEBUG] - vcredist140 14.50.35719
2026-04-10 05:29:41,654 14556 [DEBUG] - vcredist2015 14.0.24215.20170201
2026-04-10 05:29:41,654 14556 [DEBUG] - visualstudio2026buildtools 118.4.2
2026-04-10 05:29:41,670 14556 [DEBUG] - visualstudio2026-workload-vctools 1.0.0
2026-04-10 05:29:41,672 14556 [DEBUG] - visualstudio-installer 2.0.7
2026-04-10 05:29:41,672 14556 [DEBUG] - --- End of List ---
2026-04-10 05:29:41,681 14556 [WARN ] - redis-64 is not installed. Installing...
2026-04-10 05:29:41,693 14556 [DEBUG] - Process Tree: Chocolatey CLI => Chocolatey CLI => powershell => WindowsTerminal
2026-04-10 05:29:41,693 14556 [DEBUG] - Updating User Agent to 'Chocolatey Command Line/2.7.1 (Chocolatey CLI) via NuGet Client/6.4.1 (Microsoft Windows NT 10.0.26200.0)'.
2026-04-10 05:29:41,696 14556 [DEBUG] - Running list with the following filter = ''
2026-04-10 05:29:41,697 14556 [DEBUG] - --- Start of List ---
2026-04-10 05:29:41,697 14556 [DEBUG] - Process Tree: Chocolatey CLI => Chocolatey CLI => powershell => WindowsTerminal
2026-04-10 05:29:41,697 14556 [DEBUG] - Updating User Agent to 'Chocolatey Command Line/2.7.1 (Chocolatey CLI) via NuGet Client/6.4.1 (Microsoft Windows NT 10.0.26200.0)'.
2026-04-10 05:29:41,706 14556 [DEBUG] - chocolatey 2.7.1
2026-04-10 05:29:41,706 14556 [DEBUG] - chocolatey-compatibility.extension 1.0.0
2026-04-10 05:29:41,706 14556 [DEBUG] - chocolatey-core.extension 1.4.0
2026-04-10 05:29:41,706 14556 [DEBUG] - chocolatey-dotnetfx.extension 1.0.1
2026-04-10 05:29:41,706 14556 [DEBUG] - chocolatey-visualstudio.extension 1.13.0
2026-04-10 05:29:41,706 14556 [DEBUG] - chocolatey-windowsupdate.extension 1.0.5
2026-04-10 05:29:41,706 14556 [DEBUG] - dotnetfx 4.8.0.20220524
2026-04-10 05:29:41,706 14556 [DEBUG] - KB2919355 1.0.20160915
2026-04-10 05:29:41,706 14556 [DEBUG] - KB2919442 1.0.20160915
2026-04-10 05:29:41,706 14556 [DEBUG] - KB2999226 1.0.20181019
2026-04-10 05:29:41,706 14556 [DEBUG] - KB3033929 1.0.5
2026-04-10 05:29:41,706 14556 [DEBUG] - KB3035131 1.0.3
2026-04-10 05:29:41,706 14556 [DEBUG] - python 3.14.3
2026-04-10 05:29:41,721 14556 [DEBUG] - python3 3.14.3
2026-04-10 05:29:41,721 14556 [DEBUG] - python314 3.14.3
2026-04-10 05:29:41,721 14556 [DEBUG] - vcredist140 14.50.35719
2026-04-10 05:29:41,721 14556 [DEBUG] - vcredist2015 14.0.24215.20170201
2026-04-10 05:29:41,721 14556 [DEBUG] - visualstudio2026buildtools 118.4.2
2026-04-10 05:29:41,721 14556 [DEBUG] - visualstudio2026-workload-vctools 1.0.0
2026-04-10 05:29:41,721 14556 [DEBUG] - visualstudio-installer 2.0.7
2026-04-10 05:29:41,721 14556 [DEBUG] - --- End of List ---
2026-04-10 05:29:41,721 14556 [DEBUG] - Resolving resource ListResource for source https://community.chocolatey.org/api/v2/
2026-04-10 05:29:42,103 14556 [INFO ] - [NuGet]   GET https://community.chocolatey.org/api/v2/$metadata
2026-04-10 05:29:42,151 14556 [INFO ] - [NuGet]   OK https://community.chocolatey.org/api/v2/$metadata 43ms
2026-04-10 05:29:42,166 14556 [INFO ] - [NuGet]   GET https://community.chocolatey.org/api/v2/Packages()?$filter=(tolower(Id) eq 'redis-64') and IsLatestVersion&semVerLevel=2.0.0
2026-04-10 05:29:42,263 14556 [INFO ] - [NuGet]   OK https://community.chocolatey.org/api/v2/Packages()?$filter=(tolower(Id) eq 'redis-64') and IsLatestVersion&semVerLevel=2.0.0 92ms
2026-04-10 05:29:42,288 14556 [DEBUG] - Resolving resource DependencyInfoResource for source https://community.chocolatey.org/api/v2/
2026-04-10 05:29:42,294 14556 [INFO ] - [NuGet]   GET https://community.chocolatey.org/api/v2/Packages(Id='redis-64',Version='3.1.0')
2026-04-10 05:29:42,722 14556 [INFO ] - [NuGet]   OK https://community.chocolatey.org/api/v2/Packages(Id='redis-64',Version='3.1.0') 433ms
2026-04-10 05:29:42,746 14556 [INFO ] - [NuGet]   GET https://community.chocolatey.org/api/v2/FindPackagesById()?id='memurai-developer'&semVerLevel=2.0.0
2026-04-10 05:29:42,834 14556 [INFO ] - [NuGet]   OK https://community.chocolatey.org/api/v2/FindPackagesById()?id='memurai-developer'&semVerLevel=2.0.0 90ms
2026-04-10 05:29:42,881 14556 [INFO ] - [NuGet]   GET http://community.chocolatey.org/api/v2/FindPackagesById?id='memurai-developer'&$skiptoken='1757923492670','2.0.1','memurai-developer'
2026-04-10 05:29:43,058 14556 [INFO ] - [NuGet]   OK http://community.chocolatey.org/api/v2/FindPackagesById?id='memurai-developer'&$skiptoken='1757923492670','2.0.1','memurai-developer' 161ms
2026-04-10 05:29:43,070 14556 [INFO ] - [NuGet]   GET https://community.chocolatey.org/api/v2/FindPackagesById()?id='memurai-developer.install'&semVerLevel=2.0.0
2026-04-10 05:29:43,149 14556 [INFO ] - [NuGet]   OK https://community.chocolatey.org/api/v2/FindPackagesById()?id='memurai-developer.install'&semVerLevel=2.0.0 78ms
2026-04-10 05:29:43,190 14556 [INFO ] - [NuGet]   GET http://community.chocolatey.org/api/v2/FindPackagesById?id='memurai-developer.install'&$skiptoken='1757744401080','4.0.1','memurai-developer.install'
2026-04-10 05:29:43,313 14556 [INFO ] - [NuGet]   OK http://community.chocolatey.org/api/v2/FindPackagesById?id='memurai-developer.install'&$skiptoken='1757744401080','4.0.1','memurai-developer.install' 122ms
2026-04-10 05:29:43,375 14556 [INFO ] - [NuGet] Resolving dependency information took 0 ms
2026-04-10 05:29:43,388 14556 [DEBUG] - Resolving resource PackageMetadataResource for source https://community.chocolatey.org/api/v2/
2026-04-10 05:29:43,388 14556 [INFO ] - [NuGet]   GET https://community.chocolatey.org/api/v2/Packages(Id='memurai-developer.install',Version='4.1.8')
2026-04-10 05:29:43,833 14556 [INFO ] - [NuGet]   OK https://community.chocolatey.org/api/v2/Packages(Id='memurai-developer.install',Version='4.1.8') 434ms
2026-04-10 05:29:43,833 14556 [DEBUG] - Resolving resource DownloadResource for source https://community.chocolatey.org/api/v2/
2026-04-10 05:29:43,850 14556 [DEBUG] - Attempting to delete file "".
2026-04-10 05:29:43,850 14556 [INFO ] - Downloading package from source 'https://community.chocolatey.org/api/v2/'
2026-04-10 05:29:43,850 14556 [DEBUG] - Package download location 'https://community.chocolatey.org/api/v2/package/memurai-developer.install/4.1.8'
2026-04-10 05:29:43,850 14556 [INFO ] - [NuGet]   GET https://community.chocolatey.org/api/v2/package/memurai-developer.install/4.1.8
2026-04-10 05:29:44,379 14556 [INFO ] - [NuGet]   OK https://community.chocolatey.org/api/v2/package/memurai-developer.install/4.1.8 528ms
2026-04-10 05:29:44,395 14556 [INFO ] - [NuGet] Acquiring lock for the installation of memurai-developer.install 4.1.8
2026-04-10 05:29:44,410 14556 [INFO ] - [NuGet] Acquired lock for the installation of memurai-developer.install 4.1.8
2026-04-10 05:29:46,550 14556 [INFO ] - [NuGet] Installed memurai-developer.install 4.1.8 from https://community.chocolatey.org/api/v2/ with content hash cs2c3l6XqBKA8r4RFldCaQsOnz6OM1HALIY35Ay1lyPiB+U4xROSHYRi76WUOTR4srPaoXANLJ13ZZSWL1tNuQ==.
2026-04-10 05:29:46,550 14556 [DEBUG] - Skipping package hash validation as feature 'usePackageHashValidation' is not enabled.
2026-04-10 05:30:35,032 14556 [ERROR] - memurai-developer.install not installed. An error occurred during installation:
 Unable to obtain lock file access on 'C:\ProgramData\chocolatey\lib\9daa46124c4f3ddfd7a43a5d893196d2767a7cf7' for operations on 'C:\ProgramData\chocolatey\lib\memurai-developer.install'. This may mean that a different user or administrator is holding this lock and that this process does not have permission to access it. If no other process is currently performing an operation on this file it may mean that an earlier NuGet process crashed and left an inaccessible lock file, in this case removing the file 'C:\ProgramData\chocolatey\lib\9daa46124c4f3ddfd7a43a5d893196d2767a7cf7' will allow NuGet to continue.
2026-04-10 05:30:35,032 14556 [INFO ] - memurai-developer.install package files upgrade failed with exit code 1. Performing other installation steps.
2026-04-10 05:30:35,032 14556 [DEBUG] - No package information as package is null.
2026-04-10 05:30:35,064 14556 [DEBUG] - No package information to save as package is null.
2026-04-10 05:30:35,064 14556 [DEBUG] - Sending message 'HandlePackageResultCompletedMessage' out if there are subscribers...
2026-04-10 05:30:35,064 14556 [ERROR] - The upgrade of memurai-developer.install was NOT successful.
2026-04-10 05:30:35,064 14556 [ERROR] - memurai-developer.install not installed. An error occurred during installation:
 Unable to obtain lock file access on 'C:\ProgramData\chocolatey\lib\9daa46124c4f3ddfd7a43a5d893196d2767a7cf7' for operations on 'C:\ProgramData\chocolatey\lib\memurai-developer.install'. This may mean that a different user or administrator is holding this lock and that this process does not have permission to access it. If no other process is currently performing an operation on this file it may mean that an earlier NuGet process crashed and left an inaccessible lock file, in this case removing the file 'C:\ProgramData\chocolatey\lib\9daa46124c4f3ddfd7a43a5d893196d2767a7cf7' will allow NuGet to continue.
2026-04-10 05:30:35,064 14556 [DEBUG] - Attempting to create directory "C:\ProgramData\chocolatey\lib-bad".
2026-04-10 05:30:35,064 14556 [WARN ] - This is try 1/3. Retrying after 300 milliseconds.
 Error converted to warning:
 Access to the path 'C:\ProgramData\chocolatey\lib-bad' is denied.
2026-04-10 05:30:35,374 14556 [WARN ] - This is try 2/3. Retrying after 400 milliseconds.
 Error converted to warning:
 Access to the path 'C:\ProgramData\chocolatey\lib-bad' is denied.
2026-04-10 05:30:35,791 14556 [ERROR] - Maximum tries of 3 reached. Throwing error.
2026-04-10 05:30:35,791 14556 [ERROR] - Cannot create directory "C:\ProgramData\chocolatey\lib-bad". Error was:
System.UnauthorizedAccessException: Access to the path 'C:\ProgramData\chocolatey\lib-bad' is denied.
   at System.IO.__Error.WinIOError(Int32 errorCode, String maybeFullPath)
   at System.IO.Directory.InternalCreateDirectory(String fullPath, String path, Object dirSecurityObj, Boolean checkHost)
   at System.IO.Directory.InternalCreateDirectoryHelper(String path, Boolean checkHost)
   at chocolatey.infrastructure.filesystem.DotNetFileSystem.<>c__DisplayClass63_0.<CreateDirectory>b__1()
   at chocolatey.infrastructure.tolerance.FaultTolerance.<>c__DisplayClass1_0.<Retry>b__0()
   at chocolatey.infrastructure.tolerance.FaultTolerance.Retry[T](Int32 numberOfTries, Func`1 function, Int32 waitDurationMilliseconds, Int32 increaseRetryByMilliseconds, Boolean isSilent)
   at chocolatey.infrastructure.tolerance.FaultTolerance.Retry(Int32 numberOfTries, Action action, Int32 waitDurationMilliseconds, Int32 increaseRetryByMilliseconds, Boolean isSilent)
   at chocolatey.infrastructure.filesystem.DotNetFileSystem.CreateDirectory(String directoryPath, Boolean isSilent)
   at chocolatey.infrastructure.filesystem.DotNetFileSystem.EnsureDirectoryExists(String directoryPath, Boolean ignoreError, Boolean isSilent)
2026-04-10 05:30:35,791 14556 [WARN ] - 
Chocolatey upgraded 0/0 packages. 
 See the log for details (C:\ProgramData\chocolatey\logs\chocolatey.log).
2026-04-10 05:30:35,791 14556 [DEBUG] - Sending message 'PostRunMessage' out if there are subscribers...
2026-04-10 05:30:35,807 14556 [ERROR] - Access to the path 'C:\ProgramData\chocolatey\lib-bad' is denied.
2026-04-10 05:30:35,807 14556 [ERROR] - More Details: System.UnauthorizedAccessException: Access to the path 'C:\ProgramData\chocolatey\lib-bad' is denied.
   at System.IO.__Error.WinIOError(Int32 errorCode, String maybeFullPath)
   at System.IO.Directory.InternalCreateDirectory(String fullPath, String path, Object dirSecurityObj, Boolean checkHost)
   at System.IO.Directory.InternalCreateDirectoryHelper(String path, Boolean checkHost)
   at chocolatey.infrastructure.filesystem.DotNetFileSystem.<>c__DisplayClass63_0.<CreateDirectory>b__1()
   at chocolatey.infrastructure.tolerance.FaultTolerance.<>c__DisplayClass1_0.<Retry>b__0()
   at chocolatey.infrastructure.tolerance.FaultTolerance.Retry[T](Int32 numberOfTries, Func`1 function, Int32 waitDurationMilliseconds, Int32 increaseRetryByMilliseconds, Boolean isSilent)
   at chocolatey.infrastructure.tolerance.FaultTolerance.Retry(Int32 numberOfTries, Action action, Int32 waitDurationMilliseconds, Int32 increaseRetryByMilliseconds, Boolean isSilent)
   at chocolatey.infrastructure.filesystem.DotNetFileSystem.CreateDirectory(String directoryPath, Boolean isSilent)
   at chocolatey.infrastructure.filesystem.DotNetFileSystem.EnsureDirectoryExists(String directoryPath, Boolean ignoreError, Boolean isSilent)
   at chocolatey.infrastructure.app.services.ChocolateyPackageService.MovePackageToFailedPackagesLocation(PackageResult packageResult)
   at chocolatey.infrastructure.app.services.ChocolateyPackageService.HandleFailedOperation(ChocolateyConfiguration config, PackageResult packageResult, Boolean movePackageToFailureLocation, Boolean attemptRollback)
   at chocolatey.infrastructure.app.services.ChocolateyPackageService.HandlePackageResult(PackageResult packageResult, ChocolateyConfiguration config, CommandNameType commandName)
   at chocolatey.infrastructure.app.services.NugetService.Install(ChocolateyConfiguration config, Action`2 continueAction, Action`2 beforeModifyAction)
   at chocolatey.infrastructure.app.services.NugetService.Upgrade(ChocolateyConfiguration config, Action`2 continueAction, Boolean performAction, Action`2 beforeUpgradeAction)
   at chocolatey.infrastructure.app.services.NugetService.Upgrade(ChocolateyConfiguration config, Action`2 continueAction, Action`2 beforeUpgradeAction)
   at chocolatey.infrastructure.app.services.ChocolateyPackageService.Upgrade(ChocolateyConfiguration config)
   at chocolatey.infrastructure.app.runners.GenericRunner.Run(ChocolateyConfiguration config, Container container, Boolean isConsole, Action`1 parseArgs)
   at chocolatey.infrastructure.app.runners.ConsoleApplication.Run(String[] args, ChocolateyConfiguration config, Container container)
   at chocolatey.console.Program.Main(String[] args)
2026-04-10 05:30:35,807 14556 [DEBUG] - Exiting with 1
2026-04-25 08:21:21,468 4656 [DEBUG] - XmlConfiguration is now operational
2026-04-25 08:21:21,502 4656 [DEBUG] - Adding new type 'CygwinService' for type 'IAlternativeSourceRunner' from assembly 'choco'
2026-04-25 08:21:21,504 4656 [DEBUG] - Adding new type 'CygwinService' for type 'IInstallSourceRunner' from assembly 'choco'
2026-04-25 08:21:21,504 4656 [DEBUG] - Adding new type 'PythonService' for type 'IAlternativeSourceRunner' from assembly 'choco'
2026-04-25 08:21:21,504 4656 [DEBUG] - Adding new type 'PythonService' for type 'IListSourceRunner' from assembly 'choco'
2026-04-25 08:21:21,504 4656 [DEBUG] - Adding new type 'PythonService' for type 'IInstallSourceRunner' from assembly 'choco'
2026-04-25 08:21:21,504 4656 [DEBUG] - Adding new type 'PythonService' for type 'IUninstallSourceRunner' from assembly 'choco'
2026-04-25 08:21:21,504 4656 [DEBUG] - Adding new type 'RubyGemsService' for type 'IAlternativeSourceRunner' from assembly 'choco'
2026-04-25 08:21:21,504 4656 [DEBUG] - Adding new type 'RubyGemsService' for type 'IListSourceRunner' from assembly 'choco'
2026-04-25 08:21:21,504 4656 [DEBUG] - Adding new type 'RubyGemsService' for type 'IInstallSourceRunner' from assembly 'choco'
2026-04-25 08:21:21,504 4656 [DEBUG] - Adding new type 'SystemStateValidation' for type 'IValidation' from assembly 'choco'
2026-04-25 08:21:21,504 4656 [DEBUG] - Adding new type 'CacheFolderLockdownValidation' for type 'IValidation' from assembly 'choco'
2026-04-25 08:21:21,745 4656 [DEBUG] - Adding new type 'FrameWorkReferencesMetadataRule' for type 'IMetadataRule' from assembly 'choco'
2026-04-25 08:21:21,745 4656 [DEBUG] - Adding new type 'IconMetadataRule' for type 'IMetadataRule' from assembly 'choco'
2026-04-25 08:21:21,745 4656 [DEBUG] - Adding new type 'LicenseMetadataRule' for type 'IMetadataRule' from assembly 'choco'
2026-04-25 08:21:21,746 4656 [DEBUG] - Adding new type 'PackageTypesMetadataRule' for type 'IMetadataRule' from assembly 'choco'
2026-04-25 08:21:21,746 4656 [DEBUG] - Adding new type 'ReadmeMetadataRule' for type 'IMetadataRule' from assembly 'choco'
2026-04-25 08:21:21,746 4656 [DEBUG] - Adding new type 'RepositoryMetadataRule' for type 'IMetadataRule' from assembly 'choco'
2026-04-25 08:21:21,746 4656 [DEBUG] - Adding new type 'RequiredMetadataRule' for type 'IMetadataRule' from assembly 'choco'
2026-04-25 08:21:21,747 4656 [DEBUG] - Adding new type 'RequireLicenseAcceptanceMetadataRule' for type 'IMetadataRule' from assembly 'choco'
2026-04-25 08:21:21,747 4656 [DEBUG] - Adding new type 'ServicableMetadataRule' for type 'IMetadataRule' from assembly 'choco'
2026-04-25 08:21:21,747 4656 [DEBUG] - Adding new type 'VersionMetadataRule' for type 'IMetadataRule' from assembly 'choco'
2026-04-25 08:21:21,752 4656 [DEBUG] - Registering new command 'apikey' in assembly 'choco'
2026-04-25 08:21:21,752 4656 [DEBUG] - Registering new command 'cache' in assembly 'choco'
2026-04-25 08:21:21,753 4656 [DEBUG] - Registering new command 'config' in assembly 'choco'
2026-04-25 08:21:21,753 4656 [DEBUG] - Registering new command 'export' in assembly 'choco'
2026-04-25 08:21:21,753 4656 [DEBUG] - Registering new command 'feature' in assembly 'choco'
2026-04-25 08:21:21,753 4656 [DEBUG] - Registering new command 'help' in assembly 'choco'
2026-04-25 08:21:21,754 4656 [DEBUG] - Registering new command 'info' in assembly 'choco'
2026-04-25 08:21:21,754 4656 [DEBUG] - Registering new command 'install' in assembly 'choco'
2026-04-25 08:21:21,754 4656 [DEBUG] - Registering new command 'license' in assembly 'choco'
2026-04-25 08:21:21,754 4656 [DEBUG] - Registering new command 'list' in assembly 'choco'
2026-04-25 08:21:21,754 4656 [DEBUG] - Registering new command 'new' in assembly 'choco'
2026-04-25 08:21:21,755 4656 [DEBUG] - Registering new command 'outdated' in assembly 'choco'
2026-04-25 08:21:21,755 4656 [DEBUG] - Registering new command 'pack' in assembly 'choco'
2026-04-25 08:21:21,755 4656 [DEBUG] - Registering new command 'pin' in assembly 'choco'
2026-04-25 08:21:21,755 4656 [DEBUG] - Registering new command 'push' in assembly 'choco'
2026-04-25 08:21:21,756 4656 [DEBUG] - Registering new command 'rule' in assembly 'choco'
2026-04-25 08:21:21,756 4656 [DEBUG] - Registering new command 'search' in assembly 'choco'
2026-04-25 08:21:21,756 4656 [DEBUG] - Registering new command 'source' in assembly 'choco'
2026-04-25 08:21:21,756 4656 [DEBUG] - Registering new command 'support' in assembly 'choco'
2026-04-25 08:21:21,757 4656 [DEBUG] - Registering new command 'template' in assembly 'choco'
2026-04-25 08:21:21,757 4656 [DEBUG] - Registering new command 'uninstall' in assembly 'choco'
2026-04-25 08:21:21,757 4656 [DEBUG] - Registering new command 'unpackself' in assembly 'choco'
2026-04-25 08:21:21,757 4656 [DEBUG] - Registering new command 'upgrade' in assembly 'choco'
2026-04-25 08:21:21,838 4656 [INFO ] - ============================================================
2026-04-25 08:21:22,232 4656 [DEBUG] - User may be subject to UAC, checking for a split token (not 100%
 effective).
2026-04-25 08:21:22,250 4656 [INFO ] - Chocolatey v2.7.1
2026-04-25 08:21:22,250 4656 [DEBUG] - Chocolatey is running on Windows v 10.0.26200.0
2026-04-25 08:21:22,250 4656 [DEBUG] - Attempting to delete file "C:/ProgramData/chocolatey/choco.exe.old".
2026-04-25 08:21:22,250 4656 [DEBUG] - Attempting to delete file "C:\ProgramData\chocolatey\choco.exe.old".
2026-04-25 08:21:22,264 4656 [DEBUG] - Command line: "C:\ProgramData\chocolatey\choco.exe" install openssl
2026-04-25 08:21:22,264 4656 [DEBUG] - Received arguments: install openssl
2026-04-25 08:21:22,292 4656 [DEBUG] - RemovePendingPackagesTask is now ready and waiting for PreRunMessage.
2026-04-25 08:21:22,298 4656 [DEBUG] - Sending message 'PreRunMessage' out if there are subscribers...
2026-04-25 08:21:22,302 4656 [DEBUG] - [Pending] Removing all pending packages that should not be considered installed...
2026-04-25 08:21:22,331 4656 [DEBUG] - Performing validation checks.
2026-04-25 08:21:22,334 4656 [DEBUG] - Global Configuration Validation Checks:
2026-04-25 08:21:22,335 4656 [DEBUG] -  - Package Exit Code / Exit On Reboot = Checked
2026-04-25 08:21:22,336 4656 [DEBUG] - System State Validation Checks:
2026-04-25 08:21:22,336 4656 [DEBUG] -  Reboot Requirement Checks:
2026-04-25 08:21:22,338 4656 [DEBUG] -  - Pending Computer Rename = Checked
2026-04-25 08:21:22,338 4656 [DEBUG] -  - Pending Component Based Servicing = Checked
2026-04-25 08:21:22,339 4656 [DEBUG] -  - Pending Windows Auto Update = Checked
2026-04-25 08:21:22,339 4656 [DEBUG] -  - Pending File Rename Operations = Ignored
2026-04-25 08:21:22,340 4656 [DEBUG] -  - Pending Windows Package Installer = Checked
2026-04-25 08:21:22,340 4656 [DEBUG] -  - Pending Windows Package Installer SysWow64 = Checked
2026-04-25 08:21:22,341 4656 [DEBUG] - Cache Folder Lockdown Checks:
2026-04-25 08:21:22,342 4656 [DEBUG] -  - Elevated State = Failed
2026-04-25 08:21:22,343 4656 [INFO ] - 3 validations performed. 3 success(es), 0 warning(s), and 0 error(s).
2026-04-25 08:21:22,344 4656 [WARN ] - Chocolatey detected you are not running from an elevated command shell
 (cmd/powershell).
2026-04-25 08:21:22,345 4656 [WARN ] - 
 You may experience errors - many functions/packages
 require admin rights. Only advanced users should run choco w/out an
 elevated shell. When you open the command shell, you should ensure
 that you do so with "Run as Administrator" selected. If you are
 attempting to use Chocolatey in a non-administrator setting, you
 must select a different location other than the default install
 location. See
 https://docs.chocolatey.org/en-us/choco/setup#non-administrative-install
 for details.

2026-04-25 08:21:22,357 4656 [INFO ] - 
 Do you want to continue?
2026-04-25 08:21:22,357 4656 [INFO ] -  1) yes
2026-04-25 08:21:22,357 4656 [INFO ] -  2) no
2026-04-25 08:21:37,579 4656 [INFO ] - Choice selected: 'yes'
2026-04-25 08:21:37,596 4656 [DEBUG] - The source 'https://community.chocolatey.org/api/v2/' evaluated to a 'normal' source type
2026-04-25 08:21:37,598 4656 [DEBUG] - 
NOTE: Hiding sensitive configuration data! Please double and triple
 check to be sure no sensitive data is shown, especially if copying
 output to a gist for review.
2026-04-25 08:21:37,603 4656 [DEBUG] - Configuration: CommandName='install'|
CacheLocation='C:\Users\tsmit\AppData\Local\Temp\chocolatey'|
CommandExecutionTimeoutSeconds='2700'|WebRequestTimeoutSeconds='30'|
Sources='https://community.chocolatey.org/api/v2/'|SourceType='normal'|
IncludeConfiguredSources='False'|ShowOnlineHelp='False'|Debug='False'|
Verbose='False'|Trace='False'|Force='False'|Noop='False'|
HelpRequested='False'|UnsuccessfulParsing='False'|RegularOutput='True'|
QuietOutput='False'|PromptForConfirmation='True'|
DisableCompatibilityChecks='False'|AcceptLicense='False'|
AllowUnofficialBuild='False'|Input='openssl'|AllVersions='False'|
SkipPackageInstallProvider='False'|SkipHookScripts='False'|
PackageNames='openssl'|Prerelease='False'|ForceX86='False'|
OverrideArguments='False'|NotSilent='False'|
ApplyPackageParametersToDependencies='False'|
ApplyInstallArgumentsToDependencies='False'|IgnoreDependencies='False'|
UseHttpCache='True'|CacheExpirationInMinutes='30'|
AllowDowngrade='False'|ForceDependencies='False'|PinPackage='False'|
IncludeHeaders='False'|Information.PlatformType='Windows'|
Information.PlatformVersion='10.0.26200.0'|
Information.PlatformName='Windows 11'|
Information.ChocolateyVersion='2.7.1.0'|
Information.ChocolateyProductVersion='2.7.1'|
Information.FullName='choco, Version=2.7.1.0, Culture=neutral, PublicKeyToken=79d02ea9cad655eb'|

Information.Is64BitOperatingSystem='True'|
Information.Is64BitProcess='True'|Information.IsInteractive='True'|
Information.UserName='tsmit'|
Information.UserDomainName='DESKTOP-GILF4VQ'|
Information.IsUserAdministrator='True'|
Information.IsUserSystemAccount='False'|
Information.IsUserRemoteDesktop='False'|
Information.IsUserRemote='False'|Information.IsProcessElevated='False'|
Information.IsLicensedVersion='False'|
Information.IsLicensedAssemblyLoaded='False'|
Information.LicenseType='Foss'|
Information.CurrentDirectory='C:\Users\tsmit'|
Features.AutoUninstaller='True'|Features.ChecksumFiles='True'|
Features.AllowEmptyChecksums='False'|
Features.AllowEmptyChecksumsSecure='True'|
Features.FailOnAutoUninstaller='False'|
Features.FailOnStandardError='False'|Features.UsePowerShellHost='True'|
Features.LogEnvironmentValues='False'|Features.LogWithoutColor='False'|
Features.VirusCheck='False'|
Features.FailOnInvalidOrMissingLicense='False'|
Features.IgnoreInvalidOptionsSwitches='True'|
Features.UsePackageExitCodes='True'|
Features.UseEnhancedExitCodes='False'|
Features.UseFipsCompliantChecksums='False'|
Features.ShowNonElevatedWarnings='True'|
Features.ShowDownloadProgress='True'|
Features.StopOnFirstPackageFailure='False'|
Features.UseRememberedArgumentsForUpgrades='False'|
Features.IgnoreUnfoundPackagesOnUpgradeOutdated='False'|
Features.SkipPackageUpgradesWhenNotInstalled='False'|
Features.RemovePackageInformationOnUninstall='False'|
Features.ExitOnRebootDetected='False'|
Features.LogValidationResultsOnWarnings='True'|
Features.UsePackageRepositoryOptimizations='True'|
Features.UsePackageHashValidation='False'|
ListCommand.LocalOnly='False'|
ListCommand.IdOnly='False'|ListCommand.IncludeRegistryPrograms='False'|
ListCommand.PageSize='25'|ListCommand.Exact='False'|
ListCommand.ByIdOnly='False'|ListCommand.ByTagOnly='False'|
ListCommand.IdStartsWith='False'|ListCommand.IgnorePinned='False'|
ListCommand.OrderBy='Id'|ListCommand.OrderByPopularity='False'|
ListCommand.ApprovedOnly='False'|
ListCommand.DownloadCacheAvailable='False'|
ListCommand.NotBroken='False'|
ListCommand.IncludeVersionOverrides='False'|
ListCommand.ExplicitPageSize='False'|
ListCommand.ExplicitSource='False'|
UpgradeCommand.FailOnUnfound='False'|
UpgradeCommand.FailOnNotInstalled='False'|
UpgradeCommand.NotifyOnlyAvailableUpgrades='False'|
UpgradeCommand.ExcludePrerelease='False'|
UpgradeCommand.IgnorePinned='False'|
NewCommand.AutomaticPackage='False'|
NewCommand.UseOriginalTemplate='False'|SourceCommand.Command='unknown'|
SourceCommand.Priority='0'|SourceCommand.BypassProxy='False'|
SourceCommand.AllowSelfService='False'|
SourceCommand.VisibleToAdminsOnly='False'|
FeatureCommand.Command='unknown'|ConfigCommand.Command='Unknown'|
ApiKeyCommand.Command='Unknown'|PinCommand.Command='Unknown'|
LicenseCommand.Command='Unknown'|OutdatedCommand.IgnorePinned='False'|
ExportCommand.IncludeVersionNumbers='False'|Proxy.BypassOnLocal='True'|
TemplateCommand.Command='unknown'|CacheCommand.Command='Unknown'|
CacheCommand.RemoveExpiredItemsOnly='False'|
2026-04-25 08:21:37,603 4656 [DEBUG] - _ Chocolatey:ChocolateyInstallCommand - Normal Run Mode _
2026-04-25 08:21:37,607 4656 [INFO ] - Installing the following packages:
2026-04-25 08:21:37,608 4656 [INFO ] - openssl
2026-04-25 08:21:37,609 4656 [INFO ] - By installing, you accept licenses for the packages.
2026-04-25 08:21:37,670 4656 [DEBUG] - Process Tree: Chocolatey CLI => Chocolatey CLI => powershell => WindowsTerminal => explorer
2026-04-25 08:21:37,676 4656 [DEBUG] - Updating User Agent to 'Chocolatey Command Line/2.7.1 (Chocolatey CLI) via NuGet Client/6.4.1 (Microsoft Windows NT 10.0.26200.0)'.
2026-04-25 08:21:37,742 4656 [DEBUG] - Running list with the following filter = ''
2026-04-25 08:21:37,742 4656 [DEBUG] - --- Start of List ---
2026-04-25 08:21:37,752 4656 [DEBUG] - Process Tree: Chocolatey CLI => Chocolatey CLI => powershell => WindowsTerminal => explorer
2026-04-25 08:21:37,753 4656 [DEBUG] - Updating User Agent to 'Chocolatey Command Line/2.7.1 (Chocolatey CLI) via NuGet Client/6.4.1 (Microsoft Windows NT 10.0.26200.0)'.
2026-04-25 08:21:37,754 4656 [DEBUG] - Resolving resource PackageSearchResource for source C:\ProgramData\chocolatey\lib
2026-04-25 08:21:37,895 4656 [DEBUG] - chocolatey 2.7.1
2026-04-25 08:21:37,906 4656 [DEBUG] - chocolatey-compatibility.extension 1.0.0
2026-04-25 08:21:37,907 4656 [DEBUG] - chocolatey-core.extension 1.4.0
2026-04-25 08:21:37,909 4656 [DEBUG] - chocolatey-dotnetfx.extension 1.0.1
2026-04-25 08:21:37,912 4656 [DEBUG] - chocolatey-visualstudio.extension 1.13.0
2026-04-25 08:21:37,912 4656 [DEBUG] - chocolatey-windowsupdate.extension 1.0.5
2026-04-25 08:21:37,912 4656 [DEBUG] - dotnetfx 4.8.0.20220524
2026-04-25 08:21:37,912 4656 [DEBUG] - KB2919355 1.0.20160915
2026-04-25 08:21:37,912 4656 [DEBUG] - KB2919442 1.0.20160915
2026-04-25 08:21:37,912 4656 [DEBUG] - KB2999226 1.0.20181019
2026-04-25 08:21:37,912 4656 [DEBUG] - KB3033929 1.0.5
2026-04-25 08:21:37,912 4656 [DEBUG] - KB3035131 1.0.3
2026-04-25 08:21:37,912 4656 [DEBUG] - python 3.14.3
2026-04-25 08:21:37,912 4656 [DEBUG] - python3 3.14.3
2026-04-25 08:21:37,946 4656 [DEBUG] - python314 3.14.3
2026-04-25 08:21:37,951 4656 [DEBUG] - vcredist140 14.50.35719
2026-04-25 08:21:37,953 4656 [DEBUG] - vcredist2015 14.0.24215.20170201
2026-04-25 08:21:37,956 4656 [DEBUG] - visualstudio2026buildtools 118.4.2
2026-04-25 08:21:37,961 4656 [DEBUG] - visualstudio2026-workload-vctools 1.0.0
2026-04-25 08:21:37,962 4656 [DEBUG] - visualstudio-installer 2.0.7
2026-04-25 08:21:37,962 4656 [DEBUG] - --- End of List ---
2026-04-25 08:21:37,964 4656 [DEBUG] - Resolving resource ListResource for source https://community.chocolatey.org/api/v2/
2026-04-25 08:21:38,245 4656 [INFO ] - [NuGet]   GET https://community.chocolatey.org/api/v2/$metadata
2026-04-25 08:21:38,279 4656 [INFO ] - [NuGet]   OK https://community.chocolatey.org/api/v2/$metadata 43ms
2026-04-25 08:21:38,313 4656 [INFO ] - [NuGet]   GET https://community.chocolatey.org/api/v2/Packages()?$filter=(tolower(Id) eq 'openssl') and IsLatestVersion&semVerLevel=2.0.0
2026-04-25 08:21:38,495 4656 [INFO ] - [NuGet]   OK https://community.chocolatey.org/api/v2/Packages()?$filter=(tolower(Id) eq 'openssl') and IsLatestVersion&semVerLevel=2.0.0 180ms
2026-04-25 08:21:38,547 4656 [DEBUG] - Resolving resource DependencyInfoResource for source https://community.chocolatey.org/api/v2/
2026-04-25 08:21:38,554 4656 [INFO ] - [NuGet]   GET https://community.chocolatey.org/api/v2/Packages(Id='openssl',Version='4.0.0')
2026-04-25 08:21:38,779 4656 [INFO ] - [NuGet]   OK https://community.chocolatey.org/api/v2/Packages(Id='openssl',Version='4.0.0') 230ms
2026-04-25 08:21:38,801 4656 [INFO ] - [NuGet]   GET https://community.chocolatey.org/api/v2/FindPackagesById()?id='vcredist2015'&semVerLevel=2.0.0
2026-04-25 08:21:38,845 4656 [INFO ] - [NuGet]   OK https://community.chocolatey.org/api/v2/FindPackagesById()?id='vcredist2015'&semVerLevel=2.0.0 43ms
2026-04-25 08:21:38,859 4656 [INFO ] - [NuGet]   GET http://community.chocolatey.org/api/v2/FindPackagesById?id='vcredist2015'&$skiptoken='1757831706953','14.0.23506','vcredist2015'
2026-04-25 08:21:38,979 4656 [INFO ] - [NuGet]   OK http://community.chocolatey.org/api/v2/FindPackagesById?id='vcredist2015'&$skiptoken='1757831706953','14.0.23506','vcredist2015' 131ms
2026-04-25 08:21:38,998 4656 [INFO ] - [NuGet]   GET https://community.chocolatey.org/api/v2/FindPackagesById()?id='vcredist140'&semVerLevel=2.0.0
2026-04-25 08:21:39,061 4656 [INFO ] - [NuGet]   OK https://community.chocolatey.org/api/v2/FindPackagesById()?id='vcredist140'&semVerLevel=2.0.0 63ms
2026-04-25 08:21:39,160 4656 [INFO ] - [NuGet]   GET http://community.chocolatey.org/api/v2/FindPackagesById?id='vcredist140'&$skiptoken='1758917989857','14.24.28127.4','vcredist140'
2026-04-25 08:21:39,247 4656 [INFO ] - [NuGet]   OK http://community.chocolatey.org/api/v2/FindPackagesById?id='vcredist140'&$skiptoken='1758917989857','14.24.28127.4','vcredist140' 87ms
2026-04-25 08:21:39,287 4656 [INFO ] - [NuGet]   GET http://community.chocolatey.org/api/v2/FindPackagesById?id='vcredist140'&$skiptoken='1758917088380','14.0.24516-preview5','vcredist140'
2026-04-25 08:21:39,371 4656 [INFO ] - [NuGet]   OK http://community.chocolatey.org/api/v2/FindPackagesById?id='vcredist140'&$skiptoken='1758917088380','14.0.24516-preview5','vcredist140' 84ms
2026-04-25 08:21:39,375 4656 [INFO ] - [NuGet]   GET https://community.chocolatey.org/api/v2/FindPackagesById()?id='chocolatey-core.extension'&semVerLevel=2.0.0
2026-04-25 08:21:39,411 4656 [INFO ] - [NuGet]   OK https://community.chocolatey.org/api/v2/FindPackagesById()?id='chocolatey-core.extension'&semVerLevel=2.0.0 47ms
2026-04-25 08:21:39,453 4656 [INFO ] - [NuGet]   GET http://community.chocolatey.org/api/v2/FindPackagesById?id='chocolatey-core.extension'&$skiptoken='1757694056117','0.1.2','chocolatey-core.extension'
2026-04-25 08:21:39,578 4656 [INFO ] - [NuGet]   OK http://community.chocolatey.org/api/v2/FindPackagesById?id='chocolatey-core.extension'&$skiptoken='1757694056117','0.1.2','chocolatey-core.extension' 131ms
2026-04-25 08:21:39,578 4656 [INFO ] - [NuGet]   GET https://community.chocolatey.org/api/v2/FindPackagesById()?id='chocolatey-compatibility.extension'&semVerLevel=2.0.0
2026-04-25 08:21:39,629 4656 [INFO ] - [NuGet]   OK https://community.chocolatey.org/api/v2/FindPackagesById()?id='chocolatey-compatibility.extension'&semVerLevel=2.0.0 47ms
2026-04-25 08:21:39,637 4656 [INFO ] - [NuGet]   GET http://community.chocolatey.org/api/v2/FindPackagesById?id='chocolatey-compatibility.extension'&$skiptoken='1775157323107','1.0.0','chocolatey-compatibility.extension'
2026-04-25 08:21:39,728 4656 [INFO ] - [NuGet]   OK http://community.chocolatey.org/api/v2/FindPackagesById?id='chocolatey-compatibility.extension'&$skiptoken='1775157323107','1.0.0','chocolatey-compatibility.extension' 89ms
2026-04-25 08:21:39,728 4656 [INFO ] - [NuGet]   GET https://community.chocolatey.org/api/v2/FindPackagesById()?id='kb3033929'&semVerLevel=2.0.0
2026-04-25 08:21:39,774 4656 [INFO ] - [NuGet]   OK https://community.chocolatey.org/api/v2/FindPackagesById()?id='kb3033929'&semVerLevel=2.0.0 42ms
2026-04-25 08:21:39,778 4656 [INFO ] - [NuGet]   GET http://community.chocolatey.org/api/v2/FindPackagesById?id='kb3033929'&$skiptoken='1757852403537','1.0.0','kb3033929'
2026-04-25 08:21:39,868 4656 [INFO ] - [NuGet]   OK http://community.chocolatey.org/api/v2/FindPackagesById?id='kb3033929'&$skiptoken='1757852403537','1.0.0','kb3033929' 84ms
2026-04-25 08:21:39,871 4656 [INFO ] - [NuGet]   GET https://community.chocolatey.org/api/v2/FindPackagesById()?id='chocolatey-windowsupdate.extension'&semVerLevel=2.0.0
2026-04-25 08:21:39,921 4656 [INFO ] - [NuGet]   OK https://community.chocolatey.org/api/v2/FindPackagesById()?id='chocolatey-windowsupdate.extension'&semVerLevel=2.0.0 48ms
2026-04-25 08:21:39,927 4656 [INFO ] - [NuGet]   GET http://community.chocolatey.org/api/v2/FindPackagesById?id='chocolatey-windowsupdate.extension'&$skiptoken='1758091804557','1.0.1','chocolatey-windowsupdate.extension'
2026-04-25 08:21:40,057 4656 [INFO ] - [NuGet]   OK http://community.chocolatey.org/api/v2/FindPackagesById?id='chocolatey-windowsupdate.extension'&$skiptoken='1758091804557','1.0.1','chocolatey-windowsupdate.extension' 129ms
2026-04-25 08:21:40,061 4656 [INFO ] - [NuGet]   GET https://community.chocolatey.org/api/v2/FindPackagesById()?id='kb3035131'&semVerLevel=2.0.0
2026-04-25 08:21:40,105 4656 [INFO ] - [NuGet]   OK https://community.chocolatey.org/api/v2/FindPackagesById()?id='kb3035131'&semVerLevel=2.0.0 44ms
2026-04-25 08:21:40,114 4656 [INFO ] - [NuGet]   GET http://community.chocolatey.org/api/v2/FindPackagesById?id='kb3035131'&$skiptoken='1758694790893','1.0.0','kb3035131'
2026-04-25 08:21:40,198 4656 [INFO ] - [NuGet]   OK http://community.chocolatey.org/api/v2/FindPackagesById?id='kb3035131'&$skiptoken='1758694790893','1.0.0','kb3035131' 84ms
2026-04-25 08:21:40,204 4656 [INFO ] - [NuGet]   GET https://community.chocolatey.org/api/v2/FindPackagesById()?id='kb2919355'&semVerLevel=2.0.0
2026-04-25 08:21:40,251 4656 [INFO ] - [NuGet]   OK https://community.chocolatey.org/api/v2/FindPackagesById()?id='kb2919355'&semVerLevel=2.0.0 47ms
2026-04-25 08:21:40,254 4656 [INFO ] - [NuGet]   GET http://community.chocolatey.org/api/v2/FindPackagesById?id='kb2919355'&$skiptoken='1759018786213','1.0.20160719','kb2919355'
2026-04-25 08:21:40,328 4656 [INFO ] - [NuGet]   OK http://community.chocolatey.org/api/v2/FindPackagesById?id='kb2919355'&$skiptoken='1759018786213','1.0.20160719','kb2919355' 87ms
2026-04-25 08:21:40,345 4656 [INFO ] - [NuGet]   GET https://community.chocolatey.org/api/v2/FindPackagesById()?id='kb2919442'&semVerLevel=2.0.0
2026-04-25 08:21:40,426 4656 [INFO ] - [NuGet]   OK https://community.chocolatey.org/api/v2/FindPackagesById()?id='kb2919442'&semVerLevel=2.0.0 80ms
2026-04-25 08:21:40,428 4656 [INFO ] - [NuGet]   GET http://community.chocolatey.org/api/v2/FindPackagesById?id='kb2919442'&$skiptoken='1758687599443','1.0.20160719','kb2919442'
2026-04-25 08:21:40,528 4656 [INFO ] - [NuGet]   OK http://community.chocolatey.org/api/v2/FindPackagesById?id='kb2919442'&$skiptoken='1758687599443','1.0.20160719','kb2919442' 101ms
2026-04-25 08:21:40,528 4656 [INFO ] - [NuGet]   GET https://community.chocolatey.org/api/v2/FindPackagesById()?id='kb2999226'&semVerLevel=2.0.0
2026-04-25 08:21:40,578 4656 [INFO ] - [NuGet]   OK https://community.chocolatey.org/api/v2/FindPackagesById()?id='kb2999226'&semVerLevel=2.0.0 53ms
2026-04-25 08:21:40,578 4656 [INFO ] - [NuGet]   GET http://community.chocolatey.org/api/v2/FindPackagesById?id='kb2999226'&$skiptoken='1757864999427','1.0.20161030','kb2999226'
2026-04-25 08:21:40,679 4656 [INFO ] - [NuGet]   OK http://community.chocolatey.org/api/v2/FindPackagesById?id='kb2999226'&$skiptoken='1757864999427','1.0.20161030','kb2999226' 90ms
2026-04-25 08:21:40,757 4656 [INFO ] - [NuGet] Resolving dependency information took 0 ms
2026-04-25 08:21:40,770 4656 [DEBUG] - Resolving resource DownloadResource for source https://community.chocolatey.org/api/v2/
2026-04-25 08:21:40,779 4656 [DEBUG] - Attempting to delete file "".
2026-04-25 08:21:40,779 4656 [INFO ] - Downloading package from source 'https://community.chocolatey.org/api/v2/'
2026-04-25 08:21:40,779 4656 [DEBUG] - Package download location 'https://community.chocolatey.org/api/v2/package/openssl/4.0.0'
2026-04-25 08:21:40,795 4656 [INFO ] - [NuGet]   GET https://community.chocolatey.org/api/v2/package/openssl/4.0.0
2026-04-25 08:21:41,318 4656 [INFO ] - [NuGet]   OK https://community.chocolatey.org/api/v2/package/openssl/4.0.0 522ms
2026-04-25 08:21:41,327 4656 [INFO ] - [NuGet] Acquiring lock for the installation of openssl 4.0.0
2026-04-25 08:21:41,341 4656 [INFO ] - [NuGet] Acquired lock for the installation of openssl 4.0.0
2026-04-25 08:21:41,428 4656 [INFO ] - [NuGet] Installed openssl 4.0.0 from https://community.chocolatey.org/api/v2/ with content hash y5rOs5oeMZfmDJTgpQdTokfLjwpQH0jdGiUx1dS3VS9fVf3H5wf4KFdd1QOO1KBO9K2wNssm1h9q2jGYcwI5sg==.
2026-04-25 08:21:41,428 4656 [DEBUG] - Skipping package hash validation as feature 'usePackageHashValidation' is not enabled.
2026-04-25 08:22:32,101 4656 [ERROR] - openssl not installed. An error occurred during installation:
 Unable to obtain lock file access on 'C:\ProgramData\chocolatey\lib\1db2a05c688c797d9464c90a73fde16e049aae58' for operations on 'C:\ProgramData\chocolatey\lib\openssl'. This may mean that a different user or administrator is holding this lock and that this process does not have permission to access it. If no other process is currently performing an operation on this file it may mean that an earlier NuGet process crashed and left an inaccessible lock file, in this case removing the file 'C:\ProgramData\chocolatey\lib\1db2a05c688c797d9464c90a73fde16e049aae58' will allow NuGet to continue.
2026-04-25 08:22:32,105 4656 [INFO ] - openssl package files install failed with exit code 1. Performing other installation steps.
2026-04-25 08:22:32,105 4656 [DEBUG] - No package information as package is null.
2026-04-25 08:22:32,130 4656 [DEBUG] - No package information to save as package is null.
2026-04-25 08:22:32,130 4656 [DEBUG] - Sending message 'HandlePackageResultCompletedMessage' out if there are subscribers...
2026-04-25 08:22:32,132 4656 [ERROR] - The install of openssl was NOT successful.
2026-04-25 08:22:32,133 4656 [ERROR] - openssl not installed. An error occurred during installation:
 Unable to obtain lock file access on 'C:\ProgramData\chocolatey\lib\1db2a05c688c797d9464c90a73fde16e049aae58' for operations on 'C:\ProgramData\chocolatey\lib\openssl'. This may mean that a different user or administrator is holding this lock and that this process does not have permission to access it. If no other process is currently performing an operation on this file it may mean that an earlier NuGet process crashed and left an inaccessible lock file, in this case removing the file 'C:\ProgramData\chocolatey\lib\1db2a05c688c797d9464c90a73fde16e049aae58' will allow NuGet to continue.
2026-04-25 08:22:32,135 4656 [DEBUG] - Attempting to create directory "C:\ProgramData\chocolatey\lib-bad".
2026-04-25 08:22:32,135 4656 [WARN ] - This is try 1/3. Retrying after 300 milliseconds.
 Error converted to warning:
 Access to the path 'C:\ProgramData\chocolatey\lib-bad' is denied.
2026-04-25 08:22:32,443 4656 [WARN ] - This is try 2/3. Retrying after 400 milliseconds.
 Error converted to warning:
 Access to the path 'C:\ProgramData\chocolatey\lib-bad' is denied.
2026-04-25 08:22:32,858 4656 [ERROR] - Maximum tries of 3 reached. Throwing error.
2026-04-25 08:22:32,861 4656 [ERROR] - Cannot create directory "C:\ProgramData\chocolatey\lib-bad". Error was:
System.UnauthorizedAccessException: Access to the path 'C:\ProgramData\chocolatey\lib-bad' is denied.
   at System.IO.__Error.WinIOError(Int32 errorCode, String maybeFullPath)
   at System.IO.Directory.InternalCreateDirectory(String fullPath, String path, Object dirSecurityObj, Boolean checkHost)
   at System.IO.Directory.InternalCreateDirectoryHelper(String path, Boolean checkHost)
   at chocolatey.infrastructure.filesystem.DotNetFileSystem.<>c__DisplayClass63_0.<CreateDirectory>b__1()
   at chocolatey.infrastructure.tolerance.FaultTolerance.<>c__DisplayClass1_0.<Retry>b__0()
   at chocolatey.infrastructure.tolerance.FaultTolerance.Retry[T](Int32 numberOfTries, Func`1 function, Int32 waitDurationMilliseconds, Int32 increaseRetryByMilliseconds, Boolean isSilent)
   at chocolatey.infrastructure.tolerance.FaultTolerance.Retry(Int32 numberOfTries, Action action, Int32 waitDurationMilliseconds, Int32 increaseRetryByMilliseconds, Boolean isSilent)
   at chocolatey.infrastructure.filesystem.DotNetFileSystem.CreateDirectory(String directoryPath, Boolean isSilent)
   at chocolatey.infrastructure.filesystem.DotNetFileSystem.EnsureDirectoryExists(String directoryPath, Boolean ignoreError, Boolean isSilent)
2026-04-25 08:22:32,867 4656 [WARN ] - 
Chocolatey installed 0/0 packages. 
 See the log for details (C:\ProgramData\chocolatey\logs\chocolatey.log).
2026-04-25 08:22:32,867 4656 [DEBUG] - Sending message 'PostRunMessage' out if there are subscribers...
2026-04-25 08:22:32,867 4656 [ERROR] - Access to the path 'C:\ProgramData\chocolatey\lib-bad' is denied.
2026-04-25 08:22:32,867 4656 [ERROR] - More Details: System.UnauthorizedAccessException: Access to the path 'C:\ProgramData\chocolatey\lib-bad' is denied.
   at System.IO.__Error.WinIOError(Int32 errorCode, String maybeFullPath)
   at System.IO.Directory.InternalCreateDirectory(String fullPath, String path, Object dirSecurityObj, Boolean checkHost)
   at System.IO.Directory.InternalCreateDirectoryHelper(String path, Boolean checkHost)
   at chocolatey.infrastructure.filesystem.DotNetFileSystem.<>c__DisplayClass63_0.<CreateDirectory>b__1()
   at chocolatey.infrastructure.tolerance.FaultTolerance.<>c__DisplayClass1_0.<Retry>b__0()
   at chocolatey.infrastructure.tolerance.FaultTolerance.Retry[T](Int32 numberOfTries, Func`1 function, Int32 waitDurationMilliseconds, Int32 increaseRetryByMilliseconds, Boolean isSilent)
   at chocolatey.infrastructure.tolerance.FaultTolerance.Retry(Int32 numberOfTries, Action action, Int32 waitDurationMilliseconds, Int32 increaseRetryByMilliseconds, Boolean isSilent)
   at chocolatey.infrastructure.filesystem.DotNetFileSystem.CreateDirectory(String directoryPath, Boolean isSilent)
   at chocolatey.infrastructure.filesystem.DotNetFileSystem.EnsureDirectoryExists(String directoryPath, Boolean ignoreError, Boolean isSilent)
   at chocolatey.infrastructure.app.services.ChocolateyPackageService.MovePackageToFailedPackagesLocation(PackageResult packageResult)
   at chocolatey.infrastructure.app.services.ChocolateyPackageService.HandleFailedOperation(ChocolateyConfiguration config, PackageResult packageResult, Boolean movePackageToFailureLocation, Boolean attemptRollback)
   at chocolatey.infrastructure.app.services.ChocolateyPackageService.HandlePackageResult(PackageResult packageResult, ChocolateyConfiguration config, CommandNameType commandName)
   at chocolatey.infrastructure.app.services.NugetService.Install(ChocolateyConfiguration config, Action`2 continueAction, Action`2 beforeModifyAction)
   at chocolatey.infrastructure.app.services.ChocolateyPackageService.Install(ChocolateyConfiguration config)
   at chocolatey.infrastructure.app.runners.GenericRunner.Run(ChocolateyConfiguration config, Container container, Boolean isConsole, Action`1 parseArgs)
   at chocolatey.infrastructure.app.runners.ConsoleApplication.Run(String[] args, ChocolateyConfiguration config, Container container)
   at chocolatey.console.Program.Main(String[] args)
2026-04-25 08:22:32,867 4656 [DEBUG] - Exiting with 1
2026-04-25 08:23:17,617 19576 [DEBUG] - XmlConfiguration is now operational
2026-04-25 08:23:17,652 19576 [DEBUG] - Adding new type 'CygwinService' for type 'IAlternativeSourceRunner' from assembly 'choco'
2026-04-25 08:23:17,652 19576 [DEBUG] - Adding new type 'CygwinService' for type 'IInstallSourceRunner' from assembly 'choco'
2026-04-25 08:23:17,652 19576 [DEBUG] - Adding new type 'PythonService' for type 'IAlternativeSourceRunner' from assembly 'choco'
2026-04-25 08:23:17,653 19576 [DEBUG] - Adding new type 'PythonService' for type 'IListSourceRunner' from assembly 'choco'
2026-04-25 08:23:17,653 19576 [DEBUG] - Adding new type 'PythonService' for type 'IInstallSourceRunner' from assembly 'choco'
2026-04-25 08:23:17,653 19576 [DEBUG] - Adding new type 'PythonService' for type 'IUninstallSourceRunner' from assembly 'choco'
2026-04-25 08:23:17,653 19576 [DEBUG] - Adding new type 'RubyGemsService' for type 'IAlternativeSourceRunner' from assembly 'choco'
2026-04-25 08:23:17,654 19576 [DEBUG] - Adding new type 'RubyGemsService' for type 'IListSourceRunner' from assembly 'choco'
2026-04-25 08:23:17,654 19576 [DEBUG] - Adding new type 'RubyGemsService' for type 'IInstallSourceRunner' from assembly 'choco'
2026-04-25 08:23:17,654 19576 [DEBUG] - Adding new type 'SystemStateValidation' for type 'IValidation' from assembly 'choco'
2026-04-25 08:23:17,654 19576 [DEBUG] - Adding new type 'CacheFolderLockdownValidation' for type 'IValidation' from assembly 'choco'
2026-04-25 08:23:17,863 19576 [DEBUG] - Adding new type 'FrameWorkReferencesMetadataRule' for type 'IMetadataRule' from assembly 'choco'
2026-04-25 08:23:17,864 19576 [DEBUG] - Adding new type 'IconMetadataRule' for type 'IMetadataRule' from assembly 'choco'
2026-04-25 08:23:17,864 19576 [DEBUG] - Adding new type 'LicenseMetadataRule' for type 'IMetadataRule' from assembly 'choco'
2026-04-25 08:23:17,864 19576 [DEBUG] - Adding new type 'PackageTypesMetadataRule' for type 'IMetadataRule' from assembly 'choco'
2026-04-25 08:23:17,865 19576 [DEBUG] - Adding new type 'ReadmeMetadataRule' for type 'IMetadataRule' from assembly 'choco'
2026-04-25 08:23:17,865 19576 [DEBUG] - Adding new type 'RepositoryMetadataRule' for type 'IMetadataRule' from assembly 'choco'
2026-04-25 08:23:17,865 19576 [DEBUG] - Adding new type 'RequiredMetadataRule' for type 'IMetadataRule' from assembly 'choco'
2026-04-25 08:23:17,866 19576 [DEBUG] - Adding new type 'RequireLicenseAcceptanceMetadataRule' for type 'IMetadataRule' from assembly 'choco'
2026-04-25 08:23:17,866 19576 [DEBUG] - Adding new type 'ServicableMetadataRule' for type 'IMetadataRule' from assembly 'choco'
2026-04-25 08:23:17,866 19576 [DEBUG] - Adding new type 'VersionMetadataRule' for type 'IMetadataRule' from assembly 'choco'
2026-04-25 08:23:17,871 19576 [DEBUG] - Registering new command 'apikey' in assembly 'choco'
2026-04-25 08:23:17,871 19576 [DEBUG] - Registering new command 'cache' in assembly 'choco'
2026-04-25 08:23:17,871 19576 [DEBUG] - Registering new command 'config' in assembly 'choco'
2026-04-25 08:23:17,871 19576 [DEBUG] - Registering new command 'export' in assembly 'choco'
2026-04-25 08:23:17,871 19576 [DEBUG] - Registering new command 'feature' in assembly 'choco'
2026-04-25 08:23:17,871 19576 [DEBUG] - Registering new command 'help' in assembly 'choco'
2026-04-25 08:23:17,871 19576 [DEBUG] - Registering new command 'info' in assembly 'choco'
2026-04-25 08:23:17,871 19576 [DEBUG] - Registering new command 'install' in assembly 'choco'
2026-04-25 08:23:17,871 19576 [DEBUG] - Registering new command 'license' in assembly 'choco'
2026-04-25 08:23:17,871 19576 [DEBUG] - Registering new command 'list' in assembly 'choco'
2026-04-25 08:23:17,871 19576 [DEBUG] - Registering new command 'new' in assembly 'choco'
2026-04-25 08:23:17,871 19576 [DEBUG] - Registering new command 'outdated' in assembly 'choco'
2026-04-25 08:23:17,871 19576 [DEBUG] - Registering new command 'pack' in assembly 'choco'
2026-04-25 08:23:17,871 19576 [DEBUG] - Registering new command 'pin' in assembly 'choco'
2026-04-25 08:23:17,871 19576 [DEBUG] - Registering new command 'push' in assembly 'choco'
2026-04-25 08:23:17,871 19576 [DEBUG] - Registering new command 'rule' in assembly 'choco'
2026-04-25 08:23:17,871 19576 [DEBUG] - Registering new command 'search' in assembly 'choco'
2026-04-25 08:23:17,871 19576 [DEBUG] - Registering new command 'source' in assembly 'choco'
2026-04-25 08:23:17,871 19576 [DEBUG] - Registering new command 'support' in assembly 'choco'
2026-04-25 08:23:17,871 19576 [DEBUG] - Registering new command 'template' in assembly 'choco'
2026-04-25 08:23:17,871 19576 [DEBUG] - Registering new command 'uninstall' in assembly 'choco'
2026-04-25 08:23:17,871 19576 [DEBUG] - Registering new command 'unpackself' in assembly 'choco'
2026-04-25 08:23:17,871 19576 [DEBUG] - Registering new command 'upgrade' in assembly 'choco'
2026-04-25 08:23:17,937 19576 [INFO ] - ============================================================
2026-04-25 08:23:18,201 19576 [DEBUG] - User may be subject to UAC, checking for a split token (not 100%
 effective).
2026-04-25 08:23:18,215 19576 [INFO ] - Chocolatey v2.7.1
2026-04-25 08:23:18,219 19576 [DEBUG] - Chocolatey is running on Windows v 10.0.26200.0
2026-04-25 08:23:18,220 19576 [DEBUG] - Attempting to delete file "C:/ProgramData/chocolatey/choco.exe.old".
2026-04-25 08:23:18,220 19576 [DEBUG] - Attempting to delete file "C:\ProgramData\chocolatey\choco.exe.old".
2026-04-25 08:23:18,225 19576 [DEBUG] - Command line: "C:\ProgramData\chocolatey\choco.exe" install openssl
2026-04-25 08:23:18,225 19576 [DEBUG] - Received arguments: install openssl
2026-04-25 08:23:18,252 19576 [DEBUG] - RemovePendingPackagesTask is now ready and waiting for PreRunMessage.
2026-04-25 08:23:18,254 19576 [DEBUG] - Sending message 'PreRunMessage' out if there are subscribers...
2026-04-25 08:23:18,254 19576 [DEBUG] - [Pending] Removing all pending packages that should not be considered installed...
2026-04-25 08:23:18,290 19576 [DEBUG] - Performing validation checks.
2026-04-25 08:23:18,291 19576 [DEBUG] - Global Configuration Validation Checks:
2026-04-25 08:23:18,292 19576 [DEBUG] -  - Package Exit Code / Exit On Reboot = Checked
2026-04-25 08:23:18,293 19576 [DEBUG] - System State Validation Checks:
2026-04-25 08:23:18,294 19576 [DEBUG] -  Reboot Requirement Checks:
2026-04-25 08:23:18,295 19576 [DEBUG] -  - Pending Computer Rename = Checked
2026-04-25 08:23:18,296 19576 [DEBUG] -  - Pending Component Based Servicing = Checked
2026-04-25 08:23:18,296 19576 [DEBUG] -  - Pending Windows Auto Update = Checked
2026-04-25 08:23:18,297 19576 [DEBUG] -  - Pending File Rename Operations = Ignored
2026-04-25 08:23:18,297 19576 [DEBUG] -  - Pending Windows Package Installer = Checked
2026-04-25 08:23:18,297 19576 [DEBUG] -  - Pending Windows Package Installer SysWow64 = Checked
2026-04-25 08:23:18,299 19576 [DEBUG] - Cache Folder Lockdown Checks:
2026-04-25 08:23:18,299 19576 [DEBUG] -  - Elevated State = Failed
2026-04-25 08:23:18,301 19576 [INFO ] - 3 validations performed. 3 success(es), 0 warning(s), and 0 error(s).
2026-04-25 08:23:18,302 19576 [WARN ] - Chocolatey detected you are not running from an elevated command shell
 (cmd/powershell).
2026-04-25 08:23:18,302 19576 [WARN ] - 
 You may experience errors - many functions/packages
 require admin rights. Only advanced users should run choco w/out an
 elevated shell. When you open the command shell, you should ensure
 that you do so with "Run as Administrator" selected. If you are
 attempting to use Chocolatey in a non-administrator setting, you
 must select a different location other than the default install
 location. See
 https://docs.chocolatey.org/en-us/choco/setup#non-administrative-install
 for details.

2026-04-25 08:23:18,313 19576 [INFO ] - 
 Do you want to continue?
2026-04-25 08:23:18,313 19576 [INFO ] -  1) yes
2026-04-25 08:23:18,313 19576 [INFO ] -  2) no
2026-04-25 08:23:24,087 19576 [ERROR] - Exiting chocolatey abnormally. Please manually clean up anything that
 was not finished.
2026-04-25 08:23:24,088 19576 [ERROR] - Please do not ever use Control+C or close the window to exit.
2026-04-25 08:23:59,227 31464 [DEBUG] - XmlConfiguration is now operational
2026-04-25 08:23:59,261 31464 [DEBUG] - Adding new type 'CygwinService' for type 'IAlternativeSourceRunner' from assembly 'choco'
2026-04-25 08:23:59,261 31464 [DEBUG] - Adding new type 'CygwinService' for type 'IInstallSourceRunner' from assembly 'choco'
2026-04-25 08:23:59,261 31464 [DEBUG] - Adding new type 'PythonService' for type 'IAlternativeSourceRunner' from assembly 'choco'
2026-04-25 08:23:59,261 31464 [DEBUG] - Adding new type 'PythonService' for type 'IListSourceRunner' from assembly 'choco'
2026-04-25 08:23:59,262 31464 [DEBUG] - Adding new type 'PythonService' for type 'IInstallSourceRunner' from assembly 'choco'
2026-04-25 08:23:59,262 31464 [DEBUG] - Adding new type 'PythonService' for type 'IUninstallSourceRunner' from assembly 'choco'
2026-04-25 08:23:59,262 31464 [DEBUG] - Adding new type 'RubyGemsService' for type 'IAlternativeSourceRunner' from assembly 'choco'
2026-04-25 08:23:59,262 31464 [DEBUG] - Adding new type 'RubyGemsService' for type 'IListSourceRunner' from assembly 'choco'
2026-04-25 08:23:59,262 31464 [DEBUG] - Adding new type 'RubyGemsService' for type 'IInstallSourceRunner' from assembly 'choco'
2026-04-25 08:23:59,263 31464 [DEBUG] - Adding new type 'SystemStateValidation' for type 'IValidation' from assembly 'choco'
2026-04-25 08:23:59,263 31464 [DEBUG] - Adding new type 'CacheFolderLockdownValidation' for type 'IValidation' from assembly 'choco'
2026-04-25 08:23:59,472 31464 [DEBUG] - Adding new type 'FrameWorkReferencesMetadataRule' for type 'IMetadataRule' from assembly 'choco'
2026-04-25 08:23:59,473 31464 [DEBUG] - Adding new type 'IconMetadataRule' for type 'IMetadataRule' from assembly 'choco'
2026-04-25 08:23:59,473 31464 [DEBUG] - Adding new type 'LicenseMetadataRule' for type 'IMetadataRule' from assembly 'choco'
2026-04-25 08:23:59,473 31464 [DEBUG] - Adding new type 'PackageTypesMetadataRule' for type 'IMetadataRule' from assembly 'choco'
2026-04-25 08:23:59,473 31464 [DEBUG] - Adding new type 'ReadmeMetadataRule' for type 'IMetadataRule' from assembly 'choco'
2026-04-25 08:23:59,474 31464 [DEBUG] - Adding new type 'RepositoryMetadataRule' for type 'IMetadataRule' from assembly 'choco'
2026-04-25 08:23:59,474 31464 [DEBUG] - Adding new type 'RequiredMetadataRule' for type 'IMetadataRule' from assembly 'choco'
2026-04-25 08:23:59,474 31464 [DEBUG] - Adding new type 'RequireLicenseAcceptanceMetadataRule' for type 'IMetadataRule' from assembly 'choco'
2026-04-25 08:23:59,474 31464 [DEBUG] - Adding new type 'ServicableMetadataRule' for type 'IMetadataRule' from assembly 'choco'
2026-04-25 08:23:59,475 31464 [DEBUG] - Adding new type 'VersionMetadataRule' for type 'IMetadataRule' from assembly 'choco'
2026-04-25 08:23:59,479 31464 [DEBUG] - Registering new command 'apikey' in assembly 'choco'
2026-04-25 08:23:59,481 31464 [DEBUG] - Registering new command 'cache' in assembly 'choco'
2026-04-25 08:23:59,481 31464 [DEBUG] - Registering new command 'config' in assembly 'choco'
2026-04-25 08:23:59,481 31464 [DEBUG] - Registering new command 'export' in assembly 'choco'
2026-04-25 08:23:59,481 31464 [DEBUG] - Registering new command 'feature' in assembly 'choco'
2026-04-25 08:23:59,482 31464 [DEBUG] - Registering new command 'help' in assembly 'choco'
2026-04-25 08:23:59,482 31464 [DEBUG] - Registering new command 'info' in assembly 'choco'
2026-04-25 08:23:59,482 31464 [DEBUG] - Registering new command 'install' in assembly 'choco'
2026-04-25 08:23:59,482 31464 [DEBUG] - Registering new command 'license' in assembly 'choco'
2026-04-25 08:23:59,482 31464 [DEBUG] - Registering new command 'list' in assembly 'choco'
2026-04-25 08:23:59,483 31464 [DEBUG] - Registering new command 'new' in assembly 'choco'
2026-04-25 08:23:59,483 31464 [DEBUG] - Registering new command 'outdated' in assembly 'choco'
2026-04-25 08:23:59,483 31464 [DEBUG] - Registering new command 'pack' in assembly 'choco'
2026-04-25 08:23:59,483 31464 [DEBUG] - Registering new command 'pin' in assembly 'choco'
2026-04-25 08:23:59,484 31464 [DEBUG] - Registering new command 'push' in assembly 'choco'
2026-04-25 08:23:59,484 31464 [DEBUG] - Registering new command 'rule' in assembly 'choco'
2026-04-25 08:23:59,484 31464 [DEBUG] - Registering new command 'search' in assembly 'choco'
2026-04-25 08:23:59,484 31464 [DEBUG] - Registering new command 'source' in assembly 'choco'
2026-04-25 08:23:59,485 31464 [DEBUG] - Registering new command 'support' in assembly 'choco'
2026-04-25 08:23:59,485 31464 [DEBUG] - Registering new command 'template' in assembly 'choco'
2026-04-25 08:23:59,485 31464 [DEBUG] - Registering new command 'uninstall' in assembly 'choco'
2026-04-25 08:23:59,485 31464 [DEBUG] - Registering new command 'unpackself' in assembly 'choco'
2026-04-25 08:23:59,486 31464 [DEBUG] - Registering new command 'upgrade' in assembly 'choco'
2026-04-25 08:23:59,544 31464 [INFO ] - ============================================================
2026-04-25 08:23:59,818 31464 [INFO ] - Chocolatey v2.7.1
2026-04-25 08:23:59,823 31464 [DEBUG] - Chocolatey is running on Windows v 10.0.26200.0
2026-04-25 08:23:59,824 31464 [DEBUG] - Attempting to delete file "C:/ProgramData/chocolatey/choco.exe.old".
2026-04-25 08:23:59,824 31464 [DEBUG] - Attempting to delete file "C:\ProgramData\chocolatey\choco.exe.old".
2026-04-25 08:23:59,827 31464 [DEBUG] - Command line: "C:\ProgramData\chocolatey\choco.exe" install openssl
2026-04-25 08:23:59,827 31464 [DEBUG] - Received arguments: install openssl
2026-04-25 08:23:59,856 31464 [DEBUG] - RemovePendingPackagesTask is now ready and waiting for PreRunMessage.
2026-04-25 08:23:59,861 31464 [DEBUG] - Sending message 'PreRunMessage' out if there are subscribers...
2026-04-25 08:23:59,864 31464 [DEBUG] - [Pending] Removing all pending packages that should not be considered installed...
2026-04-25 08:23:59,895 31464 [DEBUG] - Performing validation checks.
2026-04-25 08:23:59,896 31464 [DEBUG] - Global Configuration Validation Checks:
2026-04-25 08:23:59,897 31464 [DEBUG] -  - Package Exit Code / Exit On Reboot = Checked
2026-04-25 08:23:59,898 31464 [DEBUG] - System State Validation Checks:
2026-04-25 08:23:59,899 31464 [DEBUG] -  Reboot Requirement Checks:
2026-04-25 08:23:59,900 31464 [DEBUG] -  - Pending Computer Rename = Checked
2026-04-25 08:23:59,901 31464 [DEBUG] -  - Pending Component Based Servicing = Checked
2026-04-25 08:23:59,901 31464 [DEBUG] -  - Pending Windows Auto Update = Checked
2026-04-25 08:23:59,902 31464 [DEBUG] -  - Pending File Rename Operations = Ignored
2026-04-25 08:23:59,902 31464 [DEBUG] -  - Pending Windows Package Installer = Checked
2026-04-25 08:23:59,903 31464 [DEBUG] -  - Pending Windows Package Installer SysWow64 = Checked
2026-04-25 08:23:59,904 31464 [DEBUG] - Cache Folder Lockdown Checks:
2026-04-25 08:23:59,904 31464 [DEBUG] -  - Elevated State = Checked
2026-04-25 08:23:59,904 31464 [DEBUG] -  - Folder Exists = Checked
2026-04-25 08:23:59,906 31464 [DEBUG] -  - Folder lockdown = Checked
2026-04-25 08:23:59,908 31464 [INFO ] - 3 validations performed. 3 success(es), 0 warning(s), and 0 error(s).
2026-04-25 08:23:59,915 31464 [DEBUG] - The source 'https://community.chocolatey.org/api/v2/' evaluated to a 'normal' source type
2026-04-25 08:23:59,916 31464 [DEBUG] - 
NOTE: Hiding sensitive configuration data! Please double and triple
 check to be sure no sensitive data is shown, especially if copying
 output to a gist for review.
2026-04-25 08:23:59,921 31464 [DEBUG] - Configuration: CommandName='install'|
CacheLocation='C:\Users\tsmit\AppData\Local\Temp\chocolatey'|
CommandExecutionTimeoutSeconds='2700'|WebRequestTimeoutSeconds='30'|
Sources='https://community.chocolatey.org/api/v2/'|SourceType='normal'|
IncludeConfiguredSources='False'|ShowOnlineHelp='False'|Debug='False'|
Verbose='False'|Trace='False'|Force='False'|Noop='False'|
HelpRequested='False'|UnsuccessfulParsing='False'|RegularOutput='True'|
QuietOutput='False'|PromptForConfirmation='True'|
DisableCompatibilityChecks='False'|AcceptLicense='False'|
AllowUnofficialBuild='False'|Input='openssl'|AllVersions='False'|
SkipPackageInstallProvider='False'|SkipHookScripts='False'|
PackageNames='openssl'|Prerelease='False'|ForceX86='False'|
OverrideArguments='False'|NotSilent='False'|
ApplyPackageParametersToDependencies='False'|
ApplyInstallArgumentsToDependencies='False'|IgnoreDependencies='False'|
UseHttpCache='True'|CacheExpirationInMinutes='30'|
AllowDowngrade='False'|ForceDependencies='False'|PinPackage='False'|
IncludeHeaders='False'|Information.PlatformType='Windows'|
Information.PlatformVersion='10.0.26200.0'|
Information.PlatformName='Windows 11'|
Information.ChocolateyVersion='2.7.1.0'|
Information.ChocolateyProductVersion='2.7.1'|
Information.FullName='choco, Version=2.7.1.0, Culture=neutral, PublicKeyToken=79d02ea9cad655eb'|

Information.Is64BitOperatingSystem='True'|
Information.Is64BitProcess='True'|Information.IsInteractive='True'|
Information.UserName='tsmit'|
Information.UserDomainName='DESKTOP-GILF4VQ'|
Information.IsUserAdministrator='True'|
Information.IsUserSystemAccount='False'|
Information.IsUserRemoteDesktop='False'|
Information.IsUserRemote='False'|Information.IsProcessElevated='True'|
Information.IsLicensedVersion='False'|
Information.IsLicensedAssemblyLoaded='False'|
Information.LicenseType='Foss'|
Information.CurrentDirectory='C:\Users\tsmit'|
Features.AutoUninstaller='True'|Features.ChecksumFiles='True'|
Features.AllowEmptyChecksums='False'|
Features.AllowEmptyChecksumsSecure='True'|
Features.FailOnAutoUninstaller='False'|
Features.FailOnStandardError='False'|Features.UsePowerShellHost='True'|
Features.LogEnvironmentValues='False'|Features.LogWithoutColor='False'|
Features.VirusCheck='False'|
Features.FailOnInvalidOrMissingLicense='False'|
Features.IgnoreInvalidOptionsSwitches='True'|
Features.UsePackageExitCodes='True'|
Features.UseEnhancedExitCodes='False'|
Features.UseFipsCompliantChecksums='False'|
Features.ShowNonElevatedWarnings='True'|
Features.ShowDownloadProgress='True'|
Features.StopOnFirstPackageFailure='False'|
Features.UseRememberedArgumentsForUpgrades='False'|
Features.IgnoreUnfoundPackagesOnUpgradeOutdated='False'|
Features.SkipPackageUpgradesWhenNotInstalled='False'|
Features.RemovePackageInformationOnUninstall='False'|
Features.ExitOnRebootDetected='False'|
Features.LogValidationResultsOnWarnings='True'|
Features.UsePackageRepositoryOptimizations='True'|
Features.UsePackageHashValidation='False'|
ListCommand.LocalOnly='False'|
ListCommand.IdOnly='False'|ListCommand.IncludeRegistryPrograms='False'|
ListCommand.PageSize='25'|ListCommand.Exact='False'|
ListCommand.ByIdOnly='False'|ListCommand.ByTagOnly='False'|
ListCommand.IdStartsWith='False'|ListCommand.IgnorePinned='False'|
ListCommand.OrderBy='Id'|ListCommand.OrderByPopularity='False'|
ListCommand.ApprovedOnly='False'|
ListCommand.DownloadCacheAvailable='False'|
ListCommand.NotBroken='False'|
ListCommand.IncludeVersionOverrides='False'|
ListCommand.ExplicitPageSize='False'|
ListCommand.ExplicitSource='False'|
UpgradeCommand.FailOnUnfound='False'|
UpgradeCommand.FailOnNotInstalled='False'|
UpgradeCommand.NotifyOnlyAvailableUpgrades='False'|
UpgradeCommand.ExcludePrerelease='False'|
UpgradeCommand.IgnorePinned='False'|
NewCommand.AutomaticPackage='False'|
NewCommand.UseOriginalTemplate='False'|SourceCommand.Command='unknown'|
SourceCommand.Priority='0'|SourceCommand.BypassProxy='False'|
SourceCommand.AllowSelfService='False'|
SourceCommand.VisibleToAdminsOnly='False'|
FeatureCommand.Command='unknown'|ConfigCommand.Command='Unknown'|
ApiKeyCommand.Command='Unknown'|PinCommand.Command='Unknown'|
LicenseCommand.Command='Unknown'|OutdatedCommand.IgnorePinned='False'|
ExportCommand.IncludeVersionNumbers='False'|Proxy.BypassOnLocal='True'|
TemplateCommand.Command='unknown'|CacheCommand.Command='Unknown'|
CacheCommand.RemoveExpiredItemsOnly='False'|
2026-04-25 08:23:59,922 31464 [DEBUG] - _ Chocolatey:ChocolateyInstallCommand - Normal Run Mode _
2026-04-25 08:23:59,924 31464 [INFO ] - Installing the following packages:
2026-04-25 08:23:59,926 31464 [INFO ] - openssl
2026-04-25 08:23:59,926 31464 [INFO ] - By installing, you accept licenses for the packages.
2026-04-25 08:23:59,978 31464 [DEBUG] - Process Tree: Chocolatey CLI => Chocolatey CLI => powershell => WindowsTerminal => explorer
2026-04-25 08:23:59,984 31464 [DEBUG] - Updating User Agent to 'Chocolatey Command Line/2.7.1 (Chocolatey CLI) via NuGet Client/6.4.1 (Microsoft Windows NT 10.0.26200.0)'.
2026-04-25 08:24:00,044 31464 [DEBUG] - Running list with the following filter = ''
2026-04-25 08:24:00,044 31464 [DEBUG] - --- Start of List ---
2026-04-25 08:24:00,059 31464 [DEBUG] - Process Tree: Chocolatey CLI => Chocolatey CLI => powershell => WindowsTerminal => explorer
2026-04-25 08:24:00,059 31464 [DEBUG] - Updating User Agent to 'Chocolatey Command Line/2.7.1 (Chocolatey CLI) via NuGet Client/6.4.1 (Microsoft Windows NT 10.0.26200.0)'.
2026-04-25 08:24:00,059 31464 [DEBUG] - Resolving resource PackageSearchResource for source C:\ProgramData\chocolatey\lib
2026-04-25 08:24:00,171 31464 [DEBUG] - chocolatey 2.7.1
2026-04-25 08:24:00,180 31464 [DEBUG] - chocolatey-compatibility.extension 1.0.0
2026-04-25 08:24:00,182 31464 [DEBUG] - chocolatey-core.extension 1.4.0
2026-04-25 08:24:00,184 31464 [DEBUG] - chocolatey-dotnetfx.extension 1.0.1
2026-04-25 08:24:00,184 31464 [DEBUG] - chocolatey-visualstudio.extension 1.13.0
2026-04-25 08:24:00,186 31464 [DEBUG] - chocolatey-windowsupdate.extension 1.0.5
2026-04-25 08:24:00,186 31464 [DEBUG] - dotnetfx 4.8.0.20220524
2026-04-25 08:24:00,188 31464 [DEBUG] - KB2919355 1.0.20160915
2026-04-25 08:24:00,190 31464 [DEBUG] - KB2919442 1.0.20160915
2026-04-25 08:24:00,190 31464 [DEBUG] - KB2999226 1.0.20181019
2026-04-25 08:24:00,192 31464 [DEBUG] - KB3033929 1.0.5
2026-04-25 08:24:00,192 31464 [DEBUG] - KB3035131 1.0.3
2026-04-25 08:24:00,195 31464 [DEBUG] - python 3.14.3
2026-04-25 08:24:00,196 31464 [DEBUG] - python3 3.14.3
2026-04-25 08:24:00,211 31464 [DEBUG] - python314 3.14.3
2026-04-25 08:24:00,213 31464 [DEBUG] - vcredist140 14.50.35719
2026-04-25 08:24:00,214 31464 [DEBUG] - vcredist2015 14.0.24215.20170201
2026-04-25 08:24:00,216 31464 [DEBUG] - visualstudio2026buildtools 118.4.2
2026-04-25 08:24:00,218 31464 [DEBUG] - visualstudio2026-workload-vctools 1.0.0
2026-04-25 08:24:00,219 31464 [DEBUG] - visualstudio-installer 2.0.7
2026-04-25 08:24:00,219 31464 [DEBUG] - --- End of List ---
2026-04-25 08:24:00,221 31464 [DEBUG] - Resolving resource ListResource for source https://community.chocolatey.org/api/v2/
2026-04-25 08:24:00,499 31464 [INFO ] - [NuGet]   GET https://community.chocolatey.org/api/v2/$metadata
2026-04-25 08:24:00,543 31464 [INFO ] - [NuGet]   OK https://community.chocolatey.org/api/v2/$metadata 42ms
2026-04-25 08:24:00,568 31464 [INFO ] - [NuGet]   GET https://community.chocolatey.org/api/v2/Packages()?$filter=(tolower(Id) eq 'openssl') and IsLatestVersion&semVerLevel=2.0.0
2026-04-25 08:24:00,611 31464 [INFO ] - [NuGet]   OK https://community.chocolatey.org/api/v2/Packages()?$filter=(tolower(Id) eq 'openssl') and IsLatestVersion&semVerLevel=2.0.0 41ms
2026-04-25 08:24:00,632 31464 [DEBUG] - Resolving resource DependencyInfoResource for source https://community.chocolatey.org/api/v2/
2026-04-25 08:24:00,637 31464 [INFO ] - [NuGet]   GET https://community.chocolatey.org/api/v2/Packages(Id='openssl',Version='4.0.0')
2026-04-25 08:24:00,869 31464 [INFO ] - [NuGet]   OK https://community.chocolatey.org/api/v2/Packages(Id='openssl',Version='4.0.0') 231ms
2026-04-25 08:24:00,887 31464 [INFO ] - [NuGet]   GET https://community.chocolatey.org/api/v2/FindPackagesById()?id='vcredist2015'&semVerLevel=2.0.0
2026-04-25 08:24:00,927 31464 [INFO ] - [NuGet]   OK https://community.chocolatey.org/api/v2/FindPackagesById()?id='vcredist2015'&semVerLevel=2.0.0 42ms
2026-04-25 08:24:00,943 31464 [INFO ] - [NuGet]   GET http://community.chocolatey.org/api/v2/FindPackagesById?id='vcredist2015'&$skiptoken='1757831706953','14.0.23506','vcredist2015'
2026-04-25 08:24:01,060 31464 [INFO ] - [NuGet]   OK http://community.chocolatey.org/api/v2/FindPackagesById?id='vcredist2015'&$skiptoken='1757831706953','14.0.23506','vcredist2015' 119ms
2026-04-25 08:24:01,060 31464 [INFO ] - [NuGet]   GET https://community.chocolatey.org/api/v2/FindPackagesById()?id='vcredist140'&semVerLevel=2.0.0
2026-04-25 08:24:01,115 31464 [INFO ] - [NuGet]   OK https://community.chocolatey.org/api/v2/FindPackagesById()?id='vcredist140'&semVerLevel=2.0.0 43ms
2026-04-25 08:24:01,217 31464 [INFO ] - [NuGet]   GET http://community.chocolatey.org/api/v2/FindPackagesById?id='vcredist140'&$skiptoken='1758917989857','14.24.28127.4','vcredist140'
2026-04-25 08:24:01,307 31464 [INFO ] - [NuGet]   OK http://community.chocolatey.org/api/v2/FindPackagesById?id='vcredist140'&$skiptoken='1758917989857','14.24.28127.4','vcredist140' 89ms
2026-04-25 08:24:01,341 31464 [INFO ] - [NuGet]   GET http://community.chocolatey.org/api/v2/FindPackagesById?id='vcredist140'&$skiptoken='1758917088380','14.0.24516-preview5','vcredist140'
2026-04-25 08:24:01,424 31464 [INFO ] - [NuGet]   OK http://community.chocolatey.org/api/v2/FindPackagesById?id='vcredist140'&$skiptoken='1758917088380','14.0.24516-preview5','vcredist140' 81ms
2026-04-25 08:24:01,427 31464 [INFO ] - [NuGet]   GET https://community.chocolatey.org/api/v2/FindPackagesById()?id='chocolatey-core.extension'&semVerLevel=2.0.0
2026-04-25 08:24:01,475 31464 [INFO ] - [NuGet]   OK https://community.chocolatey.org/api/v2/FindPackagesById()?id='chocolatey-core.extension'&semVerLevel=2.0.0 45ms
2026-04-25 08:24:01,506 31464 [INFO ] - [NuGet]   GET http://community.chocolatey.org/api/v2/FindPackagesById?id='chocolatey-core.extension'&$skiptoken='1757694056117','0.1.2','chocolatey-core.extension'
2026-04-25 08:24:01,592 31464 [INFO ] - [NuGet]   OK http://community.chocolatey.org/api/v2/FindPackagesById?id='chocolatey-core.extension'&$skiptoken='1757694056117','0.1.2','chocolatey-core.extension' 85ms
2026-04-25 08:24:01,598 31464 [INFO ] - [NuGet]   GET https://community.chocolatey.org/api/v2/FindPackagesById()?id='chocolatey-compatibility.extension'&semVerLevel=2.0.0
2026-04-25 08:24:01,644 31464 [INFO ] - [NuGet]   OK https://community.chocolatey.org/api/v2/FindPackagesById()?id='chocolatey-compatibility.extension'&semVerLevel=2.0.0 44ms
2026-04-25 08:24:01,646 31464 [INFO ] - [NuGet]   GET http://community.chocolatey.org/api/v2/FindPackagesById?id='chocolatey-compatibility.extension'&$skiptoken='1775157323107','1.0.0','chocolatey-compatibility.extension'
2026-04-25 08:24:01,728 31464 [INFO ] - [NuGet]   OK http://community.chocolatey.org/api/v2/FindPackagesById?id='chocolatey-compatibility.extension'&$skiptoken='1775157323107','1.0.0','chocolatey-compatibility.extension' 83ms
2026-04-25 08:24:01,728 31464 [INFO ] - [NuGet]   GET https://community.chocolatey.org/api/v2/FindPackagesById()?id='kb3033929'&semVerLevel=2.0.0
2026-04-25 08:24:01,777 31464 [INFO ] - [NuGet]   OK https://community.chocolatey.org/api/v2/FindPackagesById()?id='kb3033929'&semVerLevel=2.0.0 44ms
2026-04-25 08:24:01,777 31464 [INFO ] - [NuGet]   GET http://community.chocolatey.org/api/v2/FindPackagesById?id='kb3033929'&$skiptoken='1757852403537','1.0.0','kb3033929'
2026-04-25 08:24:01,869 31464 [INFO ] - [NuGet]   OK http://community.chocolatey.org/api/v2/FindPackagesById?id='kb3033929'&$skiptoken='1757852403537','1.0.0','kb3033929' 84ms
2026-04-25 08:24:01,872 31464 [INFO ] - [NuGet]   GET https://community.chocolatey.org/api/v2/FindPackagesById()?id='chocolatey-windowsupdate.extension'&semVerLevel=2.0.0
2026-04-25 08:24:01,917 31464 [INFO ] - [NuGet]   OK https://community.chocolatey.org/api/v2/FindPackagesById()?id='chocolatey-windowsupdate.extension'&semVerLevel=2.0.0 43ms
2026-04-25 08:24:01,927 31464 [INFO ] - [NuGet]   GET http://community.chocolatey.org/api/v2/FindPackagesById?id='chocolatey-windowsupdate.extension'&$skiptoken='1758091804557','1.0.1','chocolatey-windowsupdate.extension'
2026-04-25 08:24:02,011 31464 [INFO ] - [NuGet]   OK http://community.chocolatey.org/api/v2/FindPackagesById?id='chocolatey-windowsupdate.extension'&$skiptoken='1758091804557','1.0.1','chocolatey-windowsupdate.extension' 84ms
2026-04-25 08:24:02,014 31464 [INFO ] - [NuGet]   GET https://community.chocolatey.org/api/v2/FindPackagesById()?id='kb3035131'&semVerLevel=2.0.0
2026-04-25 08:24:02,060 31464 [INFO ] - [NuGet]   OK https://community.chocolatey.org/api/v2/FindPackagesById()?id='kb3035131'&semVerLevel=2.0.0 45ms
2026-04-25 08:24:02,065 31464 [INFO ] - [NuGet]   GET http://community.chocolatey.org/api/v2/FindPackagesById?id='kb3035131'&$skiptoken='1758694790893','1.0.0','kb3035131'
2026-04-25 08:24:02,153 31464 [INFO ] - [NuGet]   OK http://community.chocolatey.org/api/v2/FindPackagesById?id='kb3035131'&$skiptoken='1758694790893','1.0.0','kb3035131' 88ms
2026-04-25 08:24:02,160 31464 [INFO ] - [NuGet]   GET https://community.chocolatey.org/api/v2/FindPackagesById()?id='kb2919355'&semVerLevel=2.0.0
2026-04-25 08:24:02,208 31464 [INFO ] - [NuGet]   OK https://community.chocolatey.org/api/v2/FindPackagesById()?id='kb2919355'&semVerLevel=2.0.0 47ms
2026-04-25 08:24:02,211 31464 [INFO ] - [NuGet]   GET http://community.chocolatey.org/api/v2/FindPackagesById?id='kb2919355'&$skiptoken='1759018786213','1.0.20160719','kb2919355'
2026-04-25 08:24:02,296 31464 [INFO ] - [NuGet]   OK http://community.chocolatey.org/api/v2/FindPackagesById?id='kb2919355'&$skiptoken='1759018786213','1.0.20160719','kb2919355' 85ms
2026-04-25 08:24:02,300 31464 [INFO ] - [NuGet]   GET https://community.chocolatey.org/api/v2/FindPackagesById()?id='kb2919442'&semVerLevel=2.0.0
2026-04-25 08:24:02,343 31464 [INFO ] - [NuGet]   OK https://community.chocolatey.org/api/v2/FindPackagesById()?id='kb2919442'&semVerLevel=2.0.0 43ms
2026-04-25 08:24:02,346 31464 [INFO ] - [NuGet]   GET http://community.chocolatey.org/api/v2/FindPackagesById?id='kb2919442'&$skiptoken='1758687599443','1.0.20160719','kb2919442'
2026-04-25 08:24:02,427 31464 [INFO ] - [NuGet]   OK http://community.chocolatey.org/api/v2/FindPackagesById?id='kb2919442'&$skiptoken='1758687599443','1.0.20160719','kb2919442' 85ms
2026-04-25 08:24:02,427 31464 [INFO ] - [NuGet]   GET https://community.chocolatey.org/api/v2/FindPackagesById()?id='kb2999226'&semVerLevel=2.0.0
2026-04-25 08:24:02,478 31464 [INFO ] - [NuGet]   OK https://community.chocolatey.org/api/v2/FindPackagesById()?id='kb2999226'&semVerLevel=2.0.0 44ms
2026-04-25 08:24:02,478 31464 [INFO ] - [NuGet]   GET http://community.chocolatey.org/api/v2/FindPackagesById?id='kb2999226'&$skiptoken='1757864999427','1.0.20161030','kb2999226'
2026-04-25 08:24:02,570 31464 [INFO ] - [NuGet]   OK http://community.chocolatey.org/api/v2/FindPackagesById?id='kb2999226'&$skiptoken='1757864999427','1.0.20161030','kb2999226' 82ms
2026-04-25 08:24:02,627 31464 [INFO ] - [NuGet] Resolving dependency information took 0 ms
2026-04-25 08:24:02,648 31464 [DEBUG] - Resolving resource DownloadResource for source https://community.chocolatey.org/api/v2/
2026-04-25 08:24:02,664 31464 [DEBUG] - Attempting to delete file "".
2026-04-25 08:24:02,664 31464 [INFO ] - Downloading package from source 'https://community.chocolatey.org/api/v2/'
2026-04-25 08:24:02,665 31464 [DEBUG] - Package download location 'https://community.chocolatey.org/api/v2/package/openssl/4.0.0'
2026-04-25 08:24:02,672 31464 [DEBUG] - Skipping package hash validation as feature 'usePackageHashValidation' is not enabled.
2026-04-25 08:24:02,693 31464 [INFO ] - [NuGet] Adding package 'openssl.4.0.0 : vcredist2015 [14.0.24215.20170201, )' to folder 'C:\ProgramData\chocolatey\lib'
2026-04-25 08:24:02,715 31464 [INFO ] - [NuGet] Added package 'openssl.4.0.0 : vcredist2015 [14.0.24215.20170201, )' to folder 'C:\ProgramData\chocolatey\lib'
2026-04-25 08:24:02,715 31464 [DEBUG] - Attempting to delete file "C:\Users\tsmit\AppData\Local\Temp\chocolatey\ChocolateyScratch\openssl/4.0.0\openssl.4.0.0.nupkg".
2026-04-25 08:24:02,715 31464 [DEBUG] - Attempting to delete file "C:\Users\tsmit\AppData\Local\Temp\chocolatey\ChocolateyScratch\openssl/4.0.0\.nupkg.metadata".
2026-04-25 08:24:02,715 31464 [DEBUG] - Attempting to delete file "C:\Users\tsmit\AppData\Local\Temp\chocolatey\ChocolateyScratch\openssl/4.0.0\openssl.4.0.0.nupkg.sha512".
2026-04-25 08:24:02,715 31464 [INFO ] - 
openssl v4.0.0 [Approved]
2026-04-25 08:24:02,727 31464 [INFO ] - openssl package files install completed. Performing other installation steps.
2026-04-25 08:24:02,793 31464 [DEBUG] - Setting installer args for openssl
2026-04-25 08:24:02,793 31464 [DEBUG] - Setting package parameters for openssl
2026-04-25 08:24:02,794 31464 [DEBUG] - Contents of 'C:\ProgramData\chocolatey\lib\openssl\tools\chocolateyinstall.ps1':
2026-04-25 08:24:02,797 31464 [DEBUG] - $ErrorActionPreference = 'Stop';

$packageArgs = @{
  packageName     = $env:ChocolateyPackageName
  
  url32           = 'https://slproweb.com/download/Win32OpenSSL-4_0_0.exe'  
  checksumType32  = 'sha512'
  checksum32      = '4074699a2f52d431ccc3bd3214333c7cf893539942d4b6eebd82777ce33ed2a04771759970d146cb600a4b02288b7220d76dc34027f2fed2da54fe6a433e039e'

  url64           = 'https://slproweb.com/download/Win64OpenSSL-4_0_0.exe'
  checksumType64  = 'sha512'
  checksum64      = 'd61812a6256835d4dd1c5d99257cdd90c861fc91cec4ffd6614f2f21bad7aae2af5406b1999b94644ffe5ac881ab38a649645ac3625e68251a2032b984f2f380'
  silentArgs      = '/VERYSILENT /SUPPRESSMSGBOXES /NORESTART /SP-'
}

Install-ChocolateyPackage @packageArgs

$path = Get-AppInstallLocation OpenSSL-Win
Install-ChocolateyPath -PathToInstall "$path\bin" -PathType Machine
Install-ChocolateyEnvironmentVariable -VariableName OPENSSL_CONF -VariableValue "$path\bin\openssl.cfg"

Write-Warning "OPENSSL_CONF has been set to $path\bin\openssl.cfg"

2026-04-25 08:24:02,798 31464 [INFO ] - The package openssl wants to run 'chocolateyinstall.ps1'.
2026-04-25 08:24:02,799 31464 [INFO ] - Note: If you don't run this script, the installation will fail.
2026-04-25 08:24:02,800 31464 [INFO ] - Note: To confirm automatically next time, use '-y' or consider:
2026-04-25 08:24:02,800 31464 [INFO ] - choco feature enable -n allowGlobalConfirmation
2026-04-25 08:24:02,810 31464 [INFO ] - Do you want to run the script?
2026-04-25 08:24:02,810 31464 [INFO ] -  1) yes
2026-04-25 08:24:02,810 31464 [INFO ] -  2) all scripts
2026-04-25 08:24:02,810 31464 [INFO ] -  3) no
2026-04-25 08:24:02,810 31464 [INFO ] -  4) print
2026-04-25 08:24:11,026 31464 [INFO ] - Choice selected: 'yes'
2026-04-25 08:24:11,046 31464 [DEBUG] - Calling built-in PowerShell host with ['[System.Threading.Thread]::CurrentThread.CurrentCulture = '';[System.Threading.Thread]::CurrentThread.CurrentUICulture = '';[System.Net.ServicePointManager]::SecurityProtocol = [System.Net.SecurityProtocolType]::SystemDefault; & import-module -name 'C:\ProgramData\chocolatey\helpers\chocolateyInstaller.psm1'; & 'C:\ProgramData\chocolatey\helpers\chocolateyScriptRunner.ps1' -packageScript 'C:\ProgramData\chocolatey\lib\openssl\tools\chocolateyinstall.ps1' -installArguments '' -packageParameters '' -preRunHookScripts $null -postRunHookScripts $null']
2026-04-25 08:24:11,048 31464 [DEBUG] - Redirecting System.Management.Automation.resources, Version=3.0.0.0, Culture=en-US, PublicKeyToken=31bf3856ad364e35, requested by ''
2026-04-25 08:24:11,201 31464 [DEBUG] - Host version is 5.1.26100.1882, PowerShell Version is '5.1.26100.8115' and CLR Version is '4.0.30319.42000'.
2026-04-25 08:24:11,358 31464 [INFO ] - VERBOSE: Loading module from path 'C:\ProgramData\chocolatey\helpers\Chocolatey.PowerShell.dll'.
2026-04-25 08:24:11,436 31464 [DEBUG] - Returning loaded assembly type for 'Chocolatey.PowerShell'
2026-04-25 08:24:11,436 31464 [INFO ] - VERBOSE: Importing cmdlet 'Get-EnvironmentVariable'.
2026-04-25 08:24:11,436 31464 [INFO ] - VERBOSE: Importing cmdlet 'Get-EnvironmentVariableNames'.
2026-04-25 08:24:11,438 31464 [INFO ] - VERBOSE: Importing cmdlet 'Install-ChocolateyPath'.
2026-04-25 08:24:11,438 31464 [INFO ] - VERBOSE: Importing cmdlet 'Set-EnvironmentVariable'.
2026-04-25 08:24:11,438 31464 [INFO ] - VERBOSE: Importing cmdlet 'Test-ProcessAdminRights'.
2026-04-25 08:24:11,438 31464 [INFO ] - VERBOSE: Importing cmdlet 'Uninstall-ChocolateyPath'.
2026-04-25 08:24:11,438 31464 [INFO ] - VERBOSE: Importing cmdlet 'Update-SessionEnvironment'.
2026-04-25 08:24:11,446 31464 [DEBUG] - Cmdlets exported from Chocolatey.PowerShell.dll
2026-04-25 08:24:11,448 31464 [DEBUG] - Get-EnvironmentVariable
2026-04-25 08:24:11,448 31464 [DEBUG] - Get-EnvironmentVariableNames
2026-04-25 08:24:11,448 31464 [DEBUG] - Install-ChocolateyPath
2026-04-25 08:24:11,449 31464 [DEBUG] - Set-EnvironmentVariable
2026-04-25 08:24:11,449 31464 [DEBUG] - Test-ProcessAdminRights
2026-04-25 08:24:11,449 31464 [DEBUG] - Uninstall-ChocolateyPath
2026-04-25 08:24:11,449 31464 [DEBUG] - Update-SessionEnvironment
2026-04-25 08:24:11,451 31464 [INFO ] - VERBOSE: Exporting function 'Format-FileSize'.
2026-04-25 08:24:11,451 31464 [INFO ] - VERBOSE: Exporting function 'Get-ChecksumValid'.
2026-04-25 08:24:11,451 31464 [INFO ] - VERBOSE: Exporting function 'Get-ChocolateyConfigValue'.
2026-04-25 08:24:11,451 31464 [INFO ] - VERBOSE: Exporting function 'Get-ChocolateyPath'.
2026-04-25 08:24:11,451 31464 [INFO ] - VERBOSE: Exporting function 'Get-ChocolateyUnzip'.
2026-04-25 08:24:11,452 31464 [INFO ] - VERBOSE: Exporting function 'Get-ChocolateyWebFile'.
2026-04-25 08:24:11,452 31464 [INFO ] - VERBOSE: Exporting function 'Get-FtpFile'.
2026-04-25 08:24:11,452 31464 [INFO ] - VERBOSE: Exporting function 'Get-OSArchitectureWidth'.
2026-04-25 08:24:11,452 31464 [INFO ] - VERBOSE: Exporting function 'Get-PackageParameters'.
2026-04-25 08:24:11,453 31464 [INFO ] - VERBOSE: Exporting function 'Get-PackageParametersBuiltIn'.
2026-04-25 08:24:11,453 31464 [INFO ] - VERBOSE: Exporting function 'Get-ToolsLocation'.
2026-04-25 08:24:11,453 31464 [INFO ] - VERBOSE: Exporting function 'Get-UACEnabled'.
2026-04-25 08:24:11,453 31464 [INFO ] - VERBOSE: Exporting function 'Get-UninstallRegistryKey'.
2026-04-25 08:24:11,454 31464 [INFO ] - VERBOSE: Exporting function 'Get-VirusCheckValid'.
2026-04-25 08:24:11,454 31464 [INFO ] - VERBOSE: Exporting function 'Get-WebFile'.
2026-04-25 08:24:11,454 31464 [INFO ] - VERBOSE: Exporting function 'Get-WebFileName'.
2026-04-25 08:24:11,454 31464 [INFO ] - VERBOSE: Exporting function 'Get-WebHeaders'.
2026-04-25 08:24:11,454 31464 [INFO ] - VERBOSE: Exporting function 'Install-BinFile'.
2026-04-25 08:24:11,455 31464 [INFO ] - VERBOSE: Exporting function 'Install-ChocolateyEnvironmentVariable'.
2026-04-25 08:24:11,455 31464 [INFO ] - VERBOSE: Exporting function 'Install-ChocolateyExplorerMenuItem'.
2026-04-25 08:24:11,455 31464 [INFO ] - VERBOSE: Exporting function 'Install-ChocolateyFileAssociation'.
2026-04-25 08:24:11,455 31464 [INFO ] - VERBOSE: Exporting function 'Install-ChocolateyInstallPackage'.
2026-04-25 08:24:11,456 31464 [INFO ] - VERBOSE: Exporting function 'Install-ChocolateyPackage'.
2026-04-25 08:24:11,456 31464 [INFO ] - VERBOSE: Exporting function 'Install-ChocolateyPinnedTaskBarItem'.
2026-04-25 08:24:11,456 31464 [INFO ] - VERBOSE: Exporting function 'Install-ChocolateyPowershellCommand'.
2026-04-25 08:24:11,456 31464 [INFO ] - VERBOSE: Exporting function 'Install-ChocolateyShortcut'.
2026-04-25 08:24:11,456 31464 [INFO ] - VERBOSE: Exporting function 'Install-ChocolateyVsixPackage'.
2026-04-25 08:24:11,457 31464 [INFO ] - VERBOSE: Exporting function 'Install-ChocolateyZipPackage'.
2026-04-25 08:24:11,457 31464 [INFO ] - VERBOSE: Exporting function 'Install-Vsix'.
2026-04-25 08:24:11,457 31464 [INFO ] - VERBOSE: Exporting function 'Set-PowerShellExitCode'.
2026-04-25 08:24:11,457 31464 [INFO ] - VERBOSE: Exporting function 'Start-ChocolateyProcessAsAdmin'.
2026-04-25 08:24:11,457 31464 [INFO ] - VERBOSE: Exporting function 'Uninstall-BinFile'.
2026-04-25 08:24:11,457 31464 [INFO ] - VERBOSE: Exporting function 'Uninstall-ChocolateyEnvironmentVariable'.
2026-04-25 08:24:11,457 31464 [INFO ] - VERBOSE: Exporting function 'Uninstall-ChocolateyPackage'.
2026-04-25 08:24:11,457 31464 [INFO ] - VERBOSE: Exporting function 'Uninstall-ChocolateyZipPackage'.
2026-04-25 08:24:11,459 31464 [INFO ] - VERBOSE: Exporting function 'Write-FunctionCallLogMessage'.
2026-04-25 08:24:11,459 31464 [INFO ] - VERBOSE: Exporting cmdlet 'Get-EnvironmentVariable'.
2026-04-25 08:24:11,459 31464 [INFO ] - VERBOSE: Exporting cmdlet 'Get-EnvironmentVariableNames'.
2026-04-25 08:24:11,460 31464 [INFO ] - VERBOSE: Exporting cmdlet 'Install-ChocolateyPath'.
2026-04-25 08:24:11,460 31464 [INFO ] - VERBOSE: Exporting cmdlet 'Set-EnvironmentVariable'.
2026-04-25 08:24:11,460 31464 [INFO ] - VERBOSE: Exporting cmdlet 'Test-ProcessAdminRights'.
2026-04-25 08:24:11,460 31464 [INFO ] - VERBOSE: Exporting cmdlet 'Uninstall-ChocolateyPath'.
2026-04-25 08:24:11,460 31464 [INFO ] - VERBOSE: Exporting cmdlet 'Update-SessionEnvironment'.
2026-04-25 08:24:11,461 31464 [INFO ] - VERBOSE: Exporting alias 'Get-ProcessorBits'.
2026-04-25 08:24:11,461 31464 [INFO ] - VERBOSE: Exporting alias 'Get-OSBitness'.
2026-04-25 08:24:11,461 31464 [INFO ] - VERBOSE: Exporting alias 'Get-InstallRegistryKey'.
2026-04-25 08:24:11,462 31464 [INFO ] - VERBOSE: Exporting alias 'Generate-BinFile'.
2026-04-25 08:24:11,462 31464 [INFO ] - VERBOSE: Exporting alias 'Add-BinFile'.
2026-04-25 08:24:11,462 31464 [INFO ] - VERBOSE: Exporting alias 'Start-ChocolateyProcess'.
2026-04-25 08:24:11,462 31464 [INFO ] - VERBOSE: Exporting alias 'Invoke-ChocolateyProcess'.
2026-04-25 08:24:11,462 31464 [INFO ] - VERBOSE: Exporting alias 'Remove-BinFile'.
2026-04-25 08:24:11,463 31464 [INFO ] - VERBOSE: Exporting alias 'refreshenv'.
2026-04-25 08:24:11,464 31464 [DEBUG] - Loading community extensions
2026-04-25 08:24:11,468 31464 [DEBUG] - Importing 'C:\ProgramData\chocolatey\extensions\chocolatey-compatibility\chocolatey-compatibility.psm1'
2026-04-25 08:24:11,468 31464 [INFO ] - VERBOSE: Loading module from path 'C:\ProgramData\chocolatey\extensions\chocolatey-compatibility\chocolatey-compatibility.psm1'.
2026-04-25 08:24:11,483 31464 [DEBUG] - Function 'Get-PackageParameters' exists, ignoring export.
2026-04-25 08:24:11,483 31464 [DEBUG] - Function 'Get-UninstallRegistryKey' exists, ignoring export.
2026-04-25 08:24:11,483 31464 [DEBUG] - Exporting function 'Install-ChocolateyDesktopLink' for backwards compatibility
2026-04-25 08:24:11,483 31464 [INFO ] - VERBOSE: Exporting function 'Install-ChocolateyDesktopLink'.
2026-04-25 08:24:11,483 31464 [DEBUG] - Exporting function 'Write-ChocolateyFailure' for backwards compatibility
2026-04-25 08:24:11,490 31464 [INFO ] - VERBOSE: Exporting function 'Write-ChocolateyFailure'.
2026-04-25 08:24:11,490 31464 [DEBUG] - Exporting function 'Write-ChocolateySuccess' for backwards compatibility
2026-04-25 08:24:11,492 31464 [INFO ] - VERBOSE: Exporting function 'Write-ChocolateySuccess'.
2026-04-25 08:24:11,492 31464 [DEBUG] - Exporting function 'Write-FileUpdateLog' for backwards compatibility
2026-04-25 08:24:11,493 31464 [INFO ] - VERBOSE: Exporting function 'Write-FileUpdateLog'.
2026-04-25 08:24:11,493 31464 [INFO ] - VERBOSE: Importing function 'Install-ChocolateyDesktopLink'.
2026-04-25 08:24:11,494 31464 [INFO ] - VERBOSE: Importing function 'Write-ChocolateyFailure'.
2026-04-25 08:24:11,494 31464 [INFO ] - VERBOSE: Importing function 'Write-ChocolateySuccess'.
2026-04-25 08:24:11,494 31464 [INFO ] - VERBOSE: Importing function 'Write-FileUpdateLog'.
2026-04-25 08:24:11,495 31464 [DEBUG] - Importing 'C:\ProgramData\chocolatey\extensions\chocolatey-core\chocolatey-core.psm1'
2026-04-25 08:24:11,495 31464 [INFO ] - VERBOSE: Loading module from path 'C:\ProgramData\chocolatey\extensions\chocolatey-core\chocolatey-core.psm1'.
2026-04-25 08:24:11,525 31464 [INFO ] - VERBOSE: Exporting function 'Get-AppInstallLocation'.
2026-04-25 08:24:11,525 31464 [INFO ] - VERBOSE: Exporting function 'Get-AvailableDriveLetter'.
2026-04-25 08:24:11,525 31464 [INFO ] - VERBOSE: Exporting function 'Get-EffectiveProxy'.
2026-04-25 08:24:11,525 31464 [INFO ] - VERBOSE: Exporting function 'Get-PackageCacheLocation'.
2026-04-25 08:24:11,525 31464 [INFO ] - VERBOSE: Exporting function 'Get-WebContent'.
2026-04-25 08:24:11,525 31464 [INFO ] - VERBOSE: Exporting function 'Register-Application'.
2026-04-25 08:24:11,525 31464 [INFO ] - VERBOSE: Exporting function 'Remove-Process'.
2026-04-25 08:24:11,525 31464 [INFO ] - VERBOSE: Importing function 'Get-AppInstallLocation'.
2026-04-25 08:24:11,525 31464 [INFO ] - VERBOSE: Importing function 'Get-AvailableDriveLetter'.
2026-04-25 08:24:11,525 31464 [INFO ] - VERBOSE: Importing function 'Get-EffectiveProxy'.
2026-04-25 08:24:11,525 31464 [INFO ] - VERBOSE: Importing function 'Get-PackageCacheLocation'.
2026-04-25 08:24:11,525 31464 [INFO ] - VERBOSE: Importing function 'Get-WebContent'.
2026-04-25 08:24:11,525 31464 [INFO ] - VERBOSE: Importing function 'Register-Application'.
2026-04-25 08:24:11,525 31464 [INFO ] - VERBOSE: Importing function 'Remove-Process'.
2026-04-25 08:24:11,525 31464 [DEBUG] - Importing 'C:\ProgramData\chocolatey\extensions\chocolatey-dotnetfx\chocolatey-dotnetfx.psm1'
2026-04-25 08:24:11,525 31464 [INFO ] - VERBOSE: Loading module from path 'C:\ProgramData\chocolatey\extensions\chocolatey-dotnetfx\chocolatey-dotnetfx.psm1'.
2026-04-25 08:24:11,546 31464 [INFO ] - VERBOSE: Exporting function 'Install-DotNetFramework'.
2026-04-25 08:24:11,546 31464 [INFO ] - VERBOSE: Exporting function 'Install-DotNetDevPack'.
2026-04-25 08:24:11,546 31464 [INFO ] - VERBOSE: Importing function 'Install-DotNetDevPack'.
2026-04-25 08:24:11,546 31464 [INFO ] - VERBOSE: Importing function 'Install-DotNetFramework'.
2026-04-25 08:24:11,547 31464 [DEBUG] - Importing 'C:\ProgramData\chocolatey\extensions\chocolatey-visualstudio\chocolatey-visualstudio.extension.psm1'
2026-04-25 08:24:11,548 31464 [INFO ] - VERBOSE: Loading module from path 'C:\ProgramData\chocolatey\extensions\chocolatey-visualstudio\chocolatey-visualstudio.extension.psm1'.
2026-04-25 08:24:11,625 31464 [INFO ] - VERBOSE: Exporting function 'Add-VisualStudioComponent'.
2026-04-25 08:24:11,625 31464 [INFO ] - VERBOSE: Exporting function 'Add-VisualStudioWorkload'.
2026-04-25 08:24:11,625 31464 [INFO ] - VERBOSE: Exporting function 'Get-VisualStudioInstaller'.
2026-04-25 08:24:11,625 31464 [INFO ] - VERBOSE: Exporting function 'Get-VisualStudioInstallerHealth'.
2026-04-25 08:24:11,625 31464 [INFO ] - VERBOSE: Exporting function 'Get-VisualStudioInstance'.
2026-04-25 08:24:11,625 31464 [INFO ] - VERBOSE: Exporting function 'Get-VisualStudioVsixInstaller'.
2026-04-25 08:24:11,625 31464 [INFO ] - VERBOSE: Exporting function 'Install-VisualStudio'.
2026-04-25 08:24:11,625 31464 [INFO ] - VERBOSE: Exporting function 'Install-VisualStudioInstaller'.
2026-04-25 08:24:11,625 31464 [INFO ] - VERBOSE: Exporting function 'Install-VisualStudioVsixExtension'.
2026-04-25 08:24:11,625 31464 [INFO ] - VERBOSE: Exporting function 'Remove-VisualStudioComponent'.
2026-04-25 08:24:11,625 31464 [INFO ] - VERBOSE: Exporting function 'Remove-VisualStudioProduct'.
2026-04-25 08:24:11,625 31464 [INFO ] - VERBOSE: Exporting function 'Remove-VisualStudioWorkload'.
2026-04-25 08:24:11,625 31464 [INFO ] - VERBOSE: Exporting function 'Uninstall-VisualStudio'.
2026-04-25 08:24:11,625 31464 [INFO ] - VERBOSE: Exporting function 'Uninstall-VisualStudioVsixExtension'.
2026-04-25 08:24:11,625 31464 [INFO ] - VERBOSE: Importing function 'Add-VisualStudioComponent'.
2026-04-25 08:24:11,625 31464 [INFO ] - VERBOSE: Importing function 'Add-VisualStudioWorkload'.
2026-04-25 08:24:11,625 31464 [INFO ] - VERBOSE: Importing function 'Get-VisualStudioInstaller'.
2026-04-25 08:24:11,625 31464 [INFO ] - VERBOSE: Importing function 'Get-VisualStudioInstallerHealth'.
2026-04-25 08:24:11,625 31464 [INFO ] - VERBOSE: Importing function 'Get-VisualStudioInstance'.
2026-04-25 08:24:11,625 31464 [INFO ] - VERBOSE: Importing function 'Get-VisualStudioVsixInstaller'.
2026-04-25 08:24:11,625 31464 [INFO ] - VERBOSE: Importing function 'Install-VisualStudio'.
2026-04-25 08:24:11,625 31464 [INFO ] - VERBOSE: Importing function 'Install-VisualStudioInstaller'.
2026-04-25 08:24:11,625 31464 [INFO ] - VERBOSE: Importing function 'Install-VisualStudioVsixExtension'.
2026-04-25 08:24:11,625 31464 [INFO ] - VERBOSE: Importing function 'Remove-VisualStudioComponent'.
2026-04-25 08:24:11,625 31464 [INFO ] - VERBOSE: Importing function 'Remove-VisualStudioProduct'.
2026-04-25 08:24:11,625 31464 [INFO ] - VERBOSE: Importing function 'Remove-VisualStudioWorkload'.
2026-04-25 08:24:11,625 31464 [INFO ] - VERBOSE: Importing function 'Uninstall-VisualStudio'.
2026-04-25 08:24:11,625 31464 [INFO ] - VERBOSE: Importing function 'Uninstall-VisualStudioVsixExtension'.
2026-04-25 08:24:11,625 31464 [DEBUG] - Importing 'C:\ProgramData\chocolatey\extensions\chocolatey-windowsupdate\chocolatey-windowsupdate.psm1'
2026-04-25 08:24:11,625 31464 [INFO ] - VERBOSE: Loading module from path 'C:\ProgramData\chocolatey\extensions\chocolatey-windowsupdate\chocolatey-windowsupdate.psm1'.
2026-04-25 08:24:11,664 31464 [INFO ] - VERBOSE: Exporting function 'Install-WindowsUpdate'.
2026-04-25 08:24:11,664 31464 [INFO ] - VERBOSE: Exporting function 'Test-WindowsUpdate'.
2026-04-25 08:24:11,665 31464 [INFO ] - VERBOSE: Importing function 'Install-WindowsUpdate'.
2026-04-25 08:24:11,665 31464 [INFO ] - VERBOSE: Importing function 'Test-WindowsUpdate'.
2026-04-25 08:24:11,668 31464 [INFO ] - VERBOSE: Exporting function 'Format-FileSize'.
2026-04-25 08:24:11,668 31464 [INFO ] - VERBOSE: Exporting function 'Get-ChecksumValid'.
2026-04-25 08:24:11,668 31464 [INFO ] - VERBOSE: Exporting function 'Get-ChocolateyConfigValue'.
2026-04-25 08:24:11,668 31464 [INFO ] - VERBOSE: Exporting function 'Get-ChocolateyPath'.
2026-04-25 08:24:11,669 31464 [INFO ] - VERBOSE: Exporting function 'Get-ChocolateyUnzip'.
2026-04-25 08:24:11,669 31464 [INFO ] - VERBOSE: Exporting function 'Get-ChocolateyWebFile'.
2026-04-25 08:24:11,669 31464 [INFO ] - VERBOSE: Exporting function 'Get-FtpFile'.
2026-04-25 08:24:11,669 31464 [INFO ] - VERBOSE: Exporting function 'Get-OSArchitectureWidth'.
2026-04-25 08:24:11,669 31464 [INFO ] - VERBOSE: Exporting function 'Get-PackageParameters'.
2026-04-25 08:24:11,670 31464 [INFO ] - VERBOSE: Exporting function 'Get-PackageParametersBuiltIn'.
2026-04-25 08:24:11,670 31464 [INFO ] - VERBOSE: Exporting function 'Get-ToolsLocation'.
2026-04-25 08:24:11,670 31464 [INFO ] - VERBOSE: Exporting function 'Get-UACEnabled'.
2026-04-25 08:24:11,670 31464 [INFO ] - VERBOSE: Exporting function 'Get-UninstallRegistryKey'.
2026-04-25 08:24:11,671 31464 [INFO ] - VERBOSE: Exporting function 'Get-VirusCheckValid'.
2026-04-25 08:24:11,671 31464 [INFO ] - VERBOSE: Exporting function 'Get-WebFile'.
2026-04-25 08:24:11,671 31464 [INFO ] - VERBOSE: Exporting function 'Get-WebFileName'.
2026-04-25 08:24:11,671 31464 [INFO ] - VERBOSE: Exporting function 'Get-WebHeaders'.
2026-04-25 08:24:11,672 31464 [INFO ] - VERBOSE: Exporting function 'Install-BinFile'.
2026-04-25 08:24:11,672 31464 [INFO ] - VERBOSE: Exporting function 'Install-ChocolateyEnvironmentVariable'.
2026-04-25 08:24:11,672 31464 [INFO ] - VERBOSE: Exporting function 'Install-ChocolateyExplorerMenuItem'.
2026-04-25 08:24:11,672 31464 [INFO ] - VERBOSE: Exporting function 'Install-ChocolateyFileAssociation'.
2026-04-25 08:24:11,672 31464 [INFO ] - VERBOSE: Exporting function 'Install-ChocolateyInstallPackage'.
2026-04-25 08:24:11,673 31464 [INFO ] - VERBOSE: Exporting function 'Install-ChocolateyPackage'.
2026-04-25 08:24:11,673 31464 [INFO ] - VERBOSE: Exporting function 'Install-ChocolateyPinnedTaskBarItem'.
2026-04-25 08:24:11,673 31464 [INFO ] - VERBOSE: Exporting function 'Install-ChocolateyPowershellCommand'.
2026-04-25 08:24:11,673 31464 [INFO ] - VERBOSE: Exporting function 'Install-ChocolateyShortcut'.
2026-04-25 08:24:11,674 31464 [INFO ] - VERBOSE: Exporting function 'Install-ChocolateyVsixPackage'.
2026-04-25 08:24:11,674 31464 [INFO ] - VERBOSE: Exporting function 'Install-ChocolateyZipPackage'.
2026-04-25 08:24:11,674 31464 [INFO ] - VERBOSE: Exporting function 'Install-Vsix'.
2026-04-25 08:24:11,674 31464 [INFO ] - VERBOSE: Exporting function 'Set-PowerShellExitCode'.
2026-04-25 08:24:11,675 31464 [INFO ] - VERBOSE: Exporting function 'Start-ChocolateyProcessAsAdmin'.
2026-04-25 08:24:11,675 31464 [INFO ] - VERBOSE: Exporting function 'Uninstall-BinFile'.
2026-04-25 08:24:11,675 31464 [INFO ] - VERBOSE: Exporting function 'Uninstall-ChocolateyEnvironmentVariable'.
2026-04-25 08:24:11,675 31464 [INFO ] - VERBOSE: Exporting function 'Uninstall-ChocolateyPackage'.
2026-04-25 08:24:11,675 31464 [INFO ] - VERBOSE: Exporting function 'Uninstall-ChocolateyZipPackage'.
2026-04-25 08:24:11,675 31464 [INFO ] - VERBOSE: Exporting function 'Write-FunctionCallLogMessage'.
2026-04-25 08:24:11,675 31464 [INFO ] - VERBOSE: Exporting function 'Install-ChocolateyDesktopLink'.
2026-04-25 08:24:11,675 31464 [INFO ] - VERBOSE: Exporting function 'Write-ChocolateyFailure'.
2026-04-25 08:24:11,675 31464 [INFO ] - VERBOSE: Exporting function 'Write-ChocolateySuccess'.
2026-04-25 08:24:11,675 31464 [INFO ] - VERBOSE: Exporting function 'Write-FileUpdateLog'.
2026-04-25 08:24:11,675 31464 [INFO ] - VERBOSE: Exporting function 'Get-AppInstallLocation'.
2026-04-25 08:24:11,675 31464 [INFO ] - VERBOSE: Exporting function 'Get-AvailableDriveLetter'.
2026-04-25 08:24:11,675 31464 [INFO ] - VERBOSE: Exporting function 'Get-EffectiveProxy'.
2026-04-25 08:24:11,675 31464 [INFO ] - VERBOSE: Exporting function 'Get-PackageCacheLocation'.
2026-04-25 08:24:11,675 31464 [INFO ] - VERBOSE: Exporting function 'Get-WebContent'.
2026-04-25 08:24:11,675 31464 [INFO ] - VERBOSE: Exporting function 'Register-Application'.
2026-04-25 08:24:11,675 31464 [INFO ] - VERBOSE: Exporting function 'Remove-Process'.
2026-04-25 08:24:11,675 31464 [INFO ] - VERBOSE: Exporting function 'Install-DotNetDevPack'.
2026-04-25 08:24:11,675 31464 [INFO ] - VERBOSE: Exporting function 'Install-DotNetFramework'.
2026-04-25 08:24:11,675 31464 [INFO ] - VERBOSE: Exporting function 'Add-VisualStudioComponent'.
2026-04-25 08:24:11,675 31464 [INFO ] - VERBOSE: Exporting function 'Add-VisualStudioWorkload'.
2026-04-25 08:24:11,675 31464 [INFO ] - VERBOSE: Exporting function 'Get-VisualStudioInstaller'.
2026-04-25 08:24:11,675 31464 [INFO ] - VERBOSE: Exporting function 'Get-VisualStudioInstallerHealth'.
2026-04-25 08:24:11,675 31464 [INFO ] - VERBOSE: Exporting function 'Get-VisualStudioInstance'.
2026-04-25 08:24:11,675 31464 [INFO ] - VERBOSE: Exporting function 'Get-VisualStudioVsixInstaller'.
2026-04-25 08:24:11,675 31464 [INFO ] - VERBOSE: Exporting function 'Install-VisualStudio'.
2026-04-25 08:24:11,675 31464 [INFO ] - VERBOSE: Exporting function 'Install-VisualStudioInstaller'.
2026-04-25 08:24:11,675 31464 [INFO ] - VERBOSE: Exporting function 'Install-VisualStudioVsixExtension'.
2026-04-25 08:24:11,675 31464 [INFO ] - VERBOSE: Exporting function 'Remove-VisualStudioComponent'.
2026-04-25 08:24:11,675 31464 [INFO ] - VERBOSE: Exporting function 'Remove-VisualStudioProduct'.
2026-04-25 08:24:11,675 31464 [INFO ] - VERBOSE: Exporting function 'Remove-VisualStudioWorkload'.
2026-04-25 08:24:11,675 31464 [INFO ] - VERBOSE: Exporting function 'Uninstall-VisualStudio'.
2026-04-25 08:24:11,675 31464 [INFO ] - VERBOSE: Exporting function 'Uninstall-VisualStudioVsixExtension'.
2026-04-25 08:24:11,675 31464 [INFO ] - VERBOSE: Exporting function 'Install-WindowsUpdate'.
2026-04-25 08:24:11,675 31464 [INFO ] - VERBOSE: Exporting function 'Test-WindowsUpdate'.
2026-04-25 08:24:11,675 31464 [INFO ] - VERBOSE: Exporting cmdlet 'Get-EnvironmentVariable'.
2026-04-25 08:24:11,675 31464 [INFO ] - VERBOSE: Exporting cmdlet 'Get-EnvironmentVariableNames'.
2026-04-25 08:24:11,675 31464 [INFO ] - VERBOSE: Exporting cmdlet 'Install-ChocolateyPath'.
2026-04-25 08:24:11,675 31464 [INFO ] - VERBOSE: Exporting cmdlet 'Set-EnvironmentVariable'.
2026-04-25 08:24:11,675 31464 [INFO ] - VERBOSE: Exporting cmdlet 'Test-ProcessAdminRights'.
2026-04-25 08:24:11,675 31464 [INFO ] - VERBOSE: Exporting cmdlet 'Uninstall-ChocolateyPath'.
2026-04-25 08:24:11,675 31464 [INFO ] - VERBOSE: Exporting cmdlet 'Update-SessionEnvironment'.
2026-04-25 08:24:11,675 31464 [INFO ] - VERBOSE: Exporting cmdlet 'Get-EnvironmentVariable'.
2026-04-25 08:24:11,675 31464 [INFO ] - VERBOSE: Exporting cmdlet 'Get-EnvironmentVariableNames'.
2026-04-25 08:24:11,675 31464 [INFO ] - VERBOSE: Exporting cmdlet 'Install-ChocolateyPath'.
2026-04-25 08:24:11,675 31464 [INFO ] - VERBOSE: Exporting cmdlet 'Set-EnvironmentVariable'.
2026-04-25 08:24:11,675 31464 [INFO ] - VERBOSE: Exporting cmdlet 'Test-ProcessAdminRights'.
2026-04-25 08:24:11,675 31464 [INFO ] - VERBOSE: Exporting cmdlet 'Uninstall-ChocolateyPath'.
2026-04-25 08:24:11,675 31464 [INFO ] - VERBOSE: Exporting cmdlet 'Update-SessionEnvironment'.
2026-04-25 08:24:11,675 31464 [INFO ] - VERBOSE: Exporting alias 'Get-ProcessorBits'.
2026-04-25 08:24:11,675 31464 [INFO ] - VERBOSE: Exporting alias 'Get-OSBitness'.
2026-04-25 08:24:11,675 31464 [INFO ] - VERBOSE: Exporting alias 'Get-InstallRegistryKey'.
2026-04-25 08:24:11,675 31464 [INFO ] - VERBOSE: Exporting alias 'Generate-BinFile'.
2026-04-25 08:24:11,675 31464 [INFO ] - VERBOSE: Exporting alias 'Add-BinFile'.
2026-04-25 08:24:11,675 31464 [INFO ] - VERBOSE: Exporting alias 'Start-ChocolateyProcess'.
2026-04-25 08:24:11,675 31464 [INFO ] - VERBOSE: Exporting alias 'Invoke-ChocolateyProcess'.
2026-04-25 08:24:11,675 31464 [INFO ] - VERBOSE: Exporting alias 'Remove-BinFile'.
2026-04-25 08:24:11,675 31464 [INFO ] - VERBOSE: Exporting alias 'refreshenv'.
2026-04-25 08:24:11,675 31464 [INFO ] - VERBOSE: Importing cmdlet 'Get-EnvironmentVariable'.
2026-04-25 08:24:11,675 31464 [INFO ] - VERBOSE: Importing cmdlet 'Get-EnvironmentVariableNames'.
2026-04-25 08:24:11,675 31464 [INFO ] - VERBOSE: Importing cmdlet 'Install-ChocolateyPath'.
2026-04-25 08:24:11,675 31464 [INFO ] - VERBOSE: Importing cmdlet 'Set-EnvironmentVariable'.
2026-04-25 08:24:11,675 31464 [INFO ] - VERBOSE: Importing cmdlet 'Test-ProcessAdminRights'.
2026-04-25 08:24:11,675 31464 [INFO ] - VERBOSE: Importing cmdlet 'Uninstall-ChocolateyPath'.
2026-04-25 08:24:11,675 31464 [INFO ] - VERBOSE: Importing cmdlet 'Update-SessionEnvironment'.
2026-04-25 08:24:11,690 31464 [INFO ] - VERBOSE: Importing function 'Add-VisualStudioComponent'.
2026-04-25 08:24:11,690 31464 [INFO ] - VERBOSE: Importing function 'Add-VisualStudioWorkload'.
2026-04-25 08:24:11,691 31464 [INFO ] - VERBOSE: Importing function 'Format-FileSize'.
2026-04-25 08:24:11,691 31464 [INFO ] - VERBOSE: Importing function 'Get-AppInstallLocation'.
2026-04-25 08:24:11,691 31464 [INFO ] - VERBOSE: Importing function 'Get-AvailableDriveLetter'.
2026-04-25 08:24:11,691 31464 [INFO ] - VERBOSE: Importing function 'Get-ChecksumValid'.
2026-04-25 08:24:11,691 31464 [INFO ] - VERBOSE: Importing function 'Get-ChocolateyConfigValue'.
2026-04-25 08:24:11,692 31464 [INFO ] - VERBOSE: Importing function 'Get-ChocolateyPath'.
2026-04-25 08:24:11,692 31464 [INFO ] - VERBOSE: Importing function 'Get-ChocolateyUnzip'.
2026-04-25 08:24:11,692 31464 [INFO ] - VERBOSE: Importing function 'Get-ChocolateyWebFile'.
2026-04-25 08:24:11,692 31464 [INFO ] - VERBOSE: Importing function 'Get-EffectiveProxy'.
2026-04-25 08:24:11,693 31464 [INFO ] - VERBOSE: Importing function 'Get-FtpFile'.
2026-04-25 08:24:11,693 31464 [INFO ] - VERBOSE: Importing function 'Get-OSArchitectureWidth'.
2026-04-25 08:24:11,693 31464 [INFO ] - VERBOSE: Importing function 'Get-PackageCacheLocation'.
2026-04-25 08:24:11,693 31464 [INFO ] - VERBOSE: Importing function 'Get-PackageParameters'.
2026-04-25 08:24:11,694 31464 [INFO ] - VERBOSE: Importing function 'Get-PackageParametersBuiltIn'.
2026-04-25 08:24:11,694 31464 [INFO ] - VERBOSE: Importing function 'Get-ToolsLocation'.
2026-04-25 08:24:11,694 31464 [INFO ] - VERBOSE: Importing function 'Get-UACEnabled'.
2026-04-25 08:24:11,694 31464 [INFO ] - VERBOSE: Importing function 'Get-UninstallRegistryKey'.
2026-04-25 08:24:11,694 31464 [INFO ] - VERBOSE: Importing function 'Get-VirusCheckValid'.
2026-04-25 08:24:11,695 31464 [INFO ] - VERBOSE: Importing function 'Get-VisualStudioInstaller'.
2026-04-25 08:24:11,695 31464 [INFO ] - VERBOSE: Importing function 'Get-VisualStudioInstallerHealth'.
2026-04-25 08:24:11,695 31464 [INFO ] - VERBOSE: Importing function 'Get-VisualStudioInstance'.
2026-04-25 08:24:11,695 31464 [INFO ] - VERBOSE: Importing function 'Get-VisualStudioVsixInstaller'.
2026-04-25 08:24:11,696 31464 [INFO ] - VERBOSE: Importing function 'Get-WebContent'.
2026-04-25 08:24:11,696 31464 [INFO ] - VERBOSE: Importing function 'Get-WebFile'.
2026-04-25 08:24:11,696 31464 [INFO ] - VERBOSE: Importing function 'Get-WebFileName'.
2026-04-25 08:24:11,696 31464 [INFO ] - VERBOSE: Importing function 'Get-WebHeaders'.
2026-04-25 08:24:11,697 31464 [INFO ] - VERBOSE: Importing function 'Install-BinFile'.
2026-04-25 08:24:11,697 31464 [INFO ] - VERBOSE: Importing function 'Install-ChocolateyDesktopLink'.
2026-04-25 08:24:11,697 31464 [INFO ] - VERBOSE: Importing function 'Install-ChocolateyEnvironmentVariable'.
2026-04-25 08:24:11,697 31464 [INFO ] - VERBOSE: Importing function 'Install-ChocolateyExplorerMenuItem'.
2026-04-25 08:24:11,697 31464 [INFO ] - VERBOSE: Importing function 'Install-ChocolateyFileAssociation'.
2026-04-25 08:24:11,698 31464 [INFO ] - VERBOSE: Importing function 'Install-ChocolateyInstallPackage'.
2026-04-25 08:24:11,698 31464 [INFO ] - VERBOSE: Importing function 'Install-ChocolateyPackage'.
2026-04-25 08:24:11,698 31464 [INFO ] - VERBOSE: Importing function 'Install-ChocolateyPinnedTaskBarItem'.
2026-04-25 08:24:11,698 31464 [INFO ] - VERBOSE: Importing function 'Install-ChocolateyPowershellCommand'.
2026-04-25 08:24:11,699 31464 [INFO ] - VERBOSE: Importing function 'Install-ChocolateyShortcut'.
2026-04-25 08:24:11,699 31464 [INFO ] - VERBOSE: Importing function 'Install-ChocolateyVsixPackage'.
2026-04-25 08:24:11,699 31464 [INFO ] - VERBOSE: Importing function 'Install-ChocolateyZipPackage'.
2026-04-25 08:24:11,699 31464 [INFO ] - VERBOSE: Importing function 'Install-DotNetDevPack'.
2026-04-25 08:24:11,700 31464 [INFO ] - VERBOSE: Importing function 'Install-DotNetFramework'.
2026-04-25 08:24:11,700 31464 [INFO ] - VERBOSE: Importing function 'Install-VisualStudio'.
2026-04-25 08:24:11,700 31464 [INFO ] - VERBOSE: Importing function 'Install-VisualStudioInstaller'.
2026-04-25 08:24:11,700 31464 [INFO ] - VERBOSE: Importing function 'Install-VisualStudioVsixExtension'.
2026-04-25 08:24:11,700 31464 [INFO ] - VERBOSE: Importing function 'Install-Vsix'.
2026-04-25 08:24:11,701 31464 [INFO ] - VERBOSE: Importing function 'Install-WindowsUpdate'.
2026-04-25 08:24:11,701 31464 [INFO ] - VERBOSE: Importing function 'Register-Application'.
2026-04-25 08:24:11,701 31464 [INFO ] - VERBOSE: Importing function 'Remove-Process'.
2026-04-25 08:24:11,701 31464 [INFO ] - VERBOSE: Importing function 'Remove-VisualStudioComponent'.
2026-04-25 08:24:11,702 31464 [INFO ] - VERBOSE: Importing function 'Remove-VisualStudioProduct'.
2026-04-25 08:24:11,702 31464 [INFO ] - VERBOSE: Importing function 'Remove-VisualStudioWorkload'.
2026-04-25 08:24:11,702 31464 [INFO ] - VERBOSE: Importing function 'Set-PowerShellExitCode'.
2026-04-25 08:24:11,702 31464 [INFO ] - VERBOSE: Importing function 'Start-ChocolateyProcessAsAdmin'.
2026-04-25 08:24:11,702 31464 [INFO ] - VERBOSE: Importing function 'Test-WindowsUpdate'.
2026-04-25 08:24:11,703 31464 [INFO ] - VERBOSE: Importing function 'Uninstall-BinFile'.
2026-04-25 08:24:11,703 31464 [INFO ] - VERBOSE: Importing function 'Uninstall-ChocolateyEnvironmentVariable'.
2026-04-25 08:24:11,703 31464 [INFO ] - VERBOSE: Importing function 'Uninstall-ChocolateyPackage'.
2026-04-25 08:24:11,703 31464 [INFO ] - VERBOSE: Importing function 'Uninstall-ChocolateyZipPackage'.
2026-04-25 08:24:11,704 31464 [INFO ] - VERBOSE: Importing function 'Uninstall-VisualStudio'.
2026-04-25 08:24:11,704 31464 [INFO ] - VERBOSE: Importing function 'Uninstall-VisualStudioVsixExtension'.
2026-04-25 08:24:11,704 31464 [INFO ] - VERBOSE: Importing function 'Write-ChocolateyFailure'.
2026-04-25 08:24:11,704 31464 [INFO ] - VERBOSE: Importing function 'Write-ChocolateySuccess'.
2026-04-25 08:24:11,705 31464 [INFO ] - VERBOSE: Importing function 'Write-FileUpdateLog'.
2026-04-25 08:24:11,705 31464 [INFO ] - VERBOSE: Importing function 'Write-FunctionCallLogMessage'.
2026-04-25 08:24:11,705 31464 [INFO ] - VERBOSE: Importing alias 'Add-BinFile'.
2026-04-25 08:24:11,705 31464 [INFO ] - VERBOSE: Importing alias 'Generate-BinFile'.
2026-04-25 08:24:11,706 31464 [INFO ] - VERBOSE: Importing alias 'Get-InstallRegistryKey'.
2026-04-25 08:24:11,706 31464 [INFO ] - VERBOSE: Importing alias 'Get-OSBitness'.
2026-04-25 08:24:11,706 31464 [INFO ] - VERBOSE: Importing alias 'Get-ProcessorBits'.
2026-04-25 08:24:11,706 31464 [INFO ] - VERBOSE: Importing alias 'Invoke-ChocolateyProcess'.
2026-04-25 08:24:11,706 31464 [INFO ] - VERBOSE: Importing alias 'refreshenv'.
2026-04-25 08:24:11,707 31464 [INFO ] - VERBOSE: Importing alias 'Remove-BinFile'.
2026-04-25 08:24:11,707 31464 [INFO ] - VERBOSE: Importing alias 'Start-ChocolateyProcess'.
2026-04-25 08:24:11,725 31464 [DEBUG] - ---------------------------Script Execution---------------------------
2026-04-25 08:24:11,725 31464 [DEBUG] - Running 'ChocolateyScriptRunner' for openssl v4.0.0 with packageScript 'C:\ProgramData\chocolatey\lib\openssl\tools\chocolateyinstall.ps1', packageFolder:'C:\ProgramData\chocolatey\lib\openssl', installArguments: '', packageParameters: '', preRunHookScripts: '', postRunHookScripts: '',
2026-04-25 08:24:11,725 31464 [DEBUG] - Running package script 'C:\ProgramData\chocolatey\lib\openssl\tools\chocolateyinstall.ps1'
2026-04-25 08:24:11,763 31464 [DEBUG] - Running Install-ChocolateyPackage -silentArgs '/VERYSILENT /SUPPRESSMSGBOXES /NORESTART /SP-' -checksum64 'd61812a6256835d4dd1c5d99257cdd90c861fc91cec4ffd6614f2f21bad7aae2af5406b1999b94644ffe5ac881ab38a649645ac3625e68251a2032b984f2f380' -checksumType64 'sha512' -packageName 'openssl' -url64bit 'https://slproweb.com/download/Win64OpenSSL-4_0_0.exe' 
2026-04-25 08:24:11,775 31464 [DEBUG] - Running Get-ChocolateyWebFile -packageName 'openssl' -fileFullPath 'C:\Users\tsmit\AppData\Local\Temp\chocolatey\openssl\4.0.0\opensslInstall.exe' -url '' -url64bit 'https://slproweb.com/download/Win64OpenSSL-4_0_0.exe' -checksum '' -checksumType '' -checksum64 'd61812a6256835d4dd1c5d99257cdd90c861fc91cec4ffd6614f2f21bad7aae2af5406b1999b94644ffe5ac881ab38a649645ac3625e68251a2032b984f2f380' -checksumType64 'sha512' -options 'System.Collections.Hashtable' -getOriginalFileName 'True' 
2026-04-25 08:24:11,799 31464 [DEBUG] - Running Get-OSArchitectureWidth -compare '64' 
2026-04-25 08:24:11,804 31464 [DEBUG] - CPU is 64 bit
2026-04-25 08:24:11,805 31464 [DEBUG] - Setting url to 'https://slproweb.com/download/Win64OpenSSL-4_0_0.exe' and bitPackage to 64
2026-04-25 08:24:11,817 31464 [DEBUG] - Running Get-WebFileName -url 'https://slproweb.com/download/Win64OpenSSL-4_0_0.exe' -defaultName 'opensslInstall.exe' 
2026-04-25 08:24:12,237 31464 [DEBUG] - Using response url to determine file name. 'https://slproweb.com/download/Win64OpenSSL-4_0_0.exe'
2026-04-25 08:24:12,241 31464 [DEBUG] - File name determined from url is 'Win64OpenSSL-4_0_0.exe'
2026-04-25 08:24:12,254 31464 [DEBUG] - Running Get-WebHeaders -url 'https://slproweb.com/download/Win64OpenSSL-4_0_0.exe' -ErrorAction 'Stop' 
2026-04-25 08:24:12,256 31464 [DEBUG] - Setting the UserAgent to 'chocolatey command line'
2026-04-25 08:24:12,256 31464 [DEBUG] - Request Headers:
2026-04-25 08:24:12,259 31464 [DEBUG] -   'Accept':'*/*'
2026-04-25 08:24:12,260 31464 [DEBUG] -   'User-Agent':'chocolatey command line'
2026-04-25 08:24:12,575 31464 [DEBUG] - Response Headers:
2026-04-25 08:24:12,583 31464 [DEBUG] -   'Connection':'keep-alive'
2026-04-25 08:24:12,583 31464 [DEBUG] -   'Accept-Ranges':'bytes'
2026-04-25 08:24:12,585 31464 [DEBUG] -   'Content-Length':'255847213'
2026-04-25 08:24:12,585 31464 [DEBUG] -   'Content-Type':'application/octet-stream'
2026-04-25 08:24:12,585 31464 [DEBUG] -   'Date':'Sat, 25 Apr 2026 15:24:11 GMT'
2026-04-25 08:24:12,585 31464 [DEBUG] -   'ETag':'"69e17b45-f3feb2d"'
2026-04-25 08:24:12,585 31464 [DEBUG] -   'Last-Modified':'Fri, 17 Apr 2026 00:13:57 GMT'
2026-04-25 08:24:12,585 31464 [DEBUG] -   'Server':'nginx/1.26.0'
2026-04-25 08:24:12,592 31464 [INFO ] - Downloading openssl 64 bit
  from 'https://slproweb.com/download/Win64OpenSSL-4_0_0.exe'
2026-04-25 08:24:12,601 31464 [DEBUG] - Running Get-WebFile -url 'https://slproweb.com/download/Win64OpenSSL-4_0_0.exe' -fileName 'C:\Users\tsmit\AppData\Local\Temp\chocolatey\openssl\4.0.0\Win64OpenSSL-4_0_0.exe' -options 'System.Collections.Hashtable' 
2026-04-25 08:24:12,602 31464 [DEBUG] - Setting request timeout to  30000
2026-04-25 08:24:12,603 31464 [DEBUG] - Setting read/write timeout to  2700000
2026-04-25 08:24:12,603 31464 [DEBUG] - Setting the UserAgent to 'chocolatey command line'
2026-04-25 08:24:13,141 31464 [DEBUG] - Downloading https://slproweb.com/download/Win64OpenSSL-4_0_0.exe to C:\Users\tsmit\AppData\Local\Temp\chocolatey\openssl\4.0.0\Win64OpenSSL-4_0_0.exe
2026-04-25 08:25:58,616 31464 [INFO ] - 
2026-04-25 08:25:58,616 31464 [INFO ] - Download of Win64OpenSSL-4_0_0.exe (243.99 MB) completed.
2026-04-25 08:26:01,650 31464 [DEBUG] - No runtime virus checking built into FOSS Chocolatey. Check out Pro/Business - https://chocolatey.org/compare
2026-04-25 08:26:01,651 31464 [DEBUG] - Verifying package provided checksum of 'd61812a6256835d4dd1c5d99257cdd90c861fc91cec4ffd6614f2f21bad7aae2af5406b1999b94644ffe5ac881ab38a649645ac3625e68251a2032b984f2f380' for 'C:\Users\tsmit\AppData\Local\Temp\chocolatey\openssl\4.0.0\Win64OpenSSL-4_0_0.exe'.
2026-04-25 08:26:01,655 31464 [DEBUG] - Running Get-ChecksumValid -file 'C:\Users\tsmit\AppData\Local\Temp\chocolatey\openssl\4.0.0\Win64OpenSSL-4_0_0.exe' -checksum 'd61812a6256835d4dd1c5d99257cdd90c861fc91cec4ffd6614f2f21bad7aae2af5406b1999b94644ffe5ac881ab38a649645ac3625e68251a2032b984f2f380' -checksumType 'sha512' -originalUrl 'https://slproweb.com/download/Win64OpenSSL-4_0_0.exe' 
2026-04-25 08:26:01,658 31464 [DEBUG] - checksum.exe found at 'C:\ProgramData\chocolatey\helpers\..\tools\checksum.exe'
2026-04-25 08:26:01,658 31464 [DEBUG] - Executing command ['C:\ProgramData\chocolatey\helpers\..\tools\checksum.exe' -c="d61812a6256835d4dd1c5d99257cdd90c861fc91cec4ffd6614f2f21bad7aae2af5406b1999b94644ffe5ac881ab38a649645ac3625e68251a2032b984f2f380" -t="sha512" -f="C:\Users\tsmit\AppData\Local\Temp\chocolatey\openssl\4.0.0\Win64OpenSSL-4_0_0.exe"]
2026-04-25 08:26:02,814 31464 [DEBUG] - Command ['C:\ProgramData\chocolatey\helpers\..\tools\checksum.exe' -c="d61812a6256835d4dd1c5d99257cdd90c861fc91cec4ffd6614f2f21bad7aae2af5406b1999b94644ffe5ac881ab38a649645ac3625e68251a2032b984f2f380" -t="sha512" -f="C:\Users\tsmit\AppData\Local\Temp\chocolatey\openssl\4.0.0\Win64OpenSSL-4_0_0.exe"] exited with '0'.
2026-04-25 08:26:02,827 31464 [DEBUG] - Running Install-ChocolateyInstallPackage -packageName 'openssl' -fileType 'exe' -silentArgs '/VERYSILENT /SUPPRESSMSGBOXES /NORESTART /SP-' -file 'C:\Users\tsmit\AppData\Local\Temp\chocolatey\openssl\4.0.0\Win64OpenSSL-4_0_0.exe' -validExitCodes '0' -useOnlyPackageSilentArguments 'False' 
2026-04-25 08:26:02,827 31464 [DEBUG] - Running Get-OSArchitectureWidth -compare '32' 
2026-04-25 08:26:02,828 31464 [INFO ] - Installing openssl...
2026-04-25 08:26:02,854 31464 [DEBUG] - Running Start-ChocolateyProcessAsAdmin -validExitCodes '0' -workingDirectory 'C:\Users\tsmit\AppData\Local\Temp\chocolatey\openssl\4.0.0' -statements '/VERYSILENT /SUPPRESSMSGBOXES /NORESTART /SP-' -exeToRun 'C:\Users\tsmit\AppData\Local\Temp\chocolatey\openssl\4.0.0\Win64OpenSSL-4_0_0.exe' 
2026-04-25 08:26:02,856 31464 [DEBUG] - Running Test-ProcessAdminRights
2026-04-25 08:26:02,857 31464 [DEBUG] - Test-ProcessAdminRights: returning True
2026-04-25 08:26:02,857 31464 [DEBUG] - Finishing 'Test-ProcessAdminRights'
2026-04-25 08:26:02,861 31464 [DEBUG] - Elevating permissions and running ["C:\Users\tsmit\AppData\Local\Temp\chocolatey\openssl\4.0.0\Win64OpenSSL-4_0_0.exe" /VERYSILENT /SUPPRESSMSGBOXES /NORESTART /SP-]. This may take a while, depending on the statements.
2026-04-25 08:26:36,902 31464 [DEBUG] - Command ["C:\Users\tsmit\AppData\Local\Temp\chocolatey\openssl\4.0.0\Win64OpenSSL-4_0_0.exe" /VERYSILENT /SUPPRESSMSGBOXES /NORESTART /SP-] exited with '0'.
2026-04-25 08:26:36,907 31464 [DEBUG] - Finishing 'Start-ChocolateyProcessAsAdmin'
2026-04-25 08:26:36,908 31464 [INFO ] - openssl has been installed.
2026-04-25 08:26:36,915 31464 [INFO ] - VERBOSE: Trying local and machine (x32 & x64) Uninstall keys
2026-04-25 08:26:36,926 31464 [DEBUG] - Running Get-UninstallRegistryKey -softwareName 'OpenSSL-Win' 
2026-04-25 08:26:36,926 31464 [INFO ] - VERBOSE: Retrieving all uninstall registry keys
2026-04-25 08:26:37,024 31464 [DEBUG] - Registry uninstall keys on system: 156
2026-04-25 08:26:37,024 31464 [DEBUG] - Error handling check: 'Get-ItemProperty' fails if a registry key is encoded incorrectly.
2026-04-25 08:26:37,074 31464 [WARN ] - WARNING: No registry key found based on  'OpenSSL-Win'
2026-04-25 08:26:37,074 31464 [DEBUG] - Found 0 uninstall registry key(s) with SoftwareName:'OpenSSL-Win'
2026-04-25 08:26:37,074 31464 [INFO ] - VERBOSE: Found 0 keys, aborting this method
2026-04-25 08:26:37,074 31464 [DEBUG] - Running Get-OSArchitectureWidth -compare '64' 
2026-04-25 08:26:37,074 31464 [INFO ] - VERBOSE: Trying Program Files with 2 levels depth: C:\Program Files C:\Program Files\*\* C:\Program Files (x86) C:\Program Files (x86)\*\*
2026-04-25 08:26:37,124 31464 [DEBUG] - Running Install-ChocolateyPath -Path 'C:\Program Files\OpenSSL-Win64\bin' -PathType 'Machine'
2026-04-25 08:26:37,139 31464 [INFO ] - PATH environment variable does not have C:\Program Files\OpenSSL-Win64\bin in it. Adding...
2026-04-25 08:26:37,140 31464 [DEBUG] - Registry type for PATH is/will be ExpandString
2026-04-25 08:26:37,259 31464 [DEBUG] - Finishing 'Install-ChocolateyPath'
2026-04-25 08:26:37,259 31464 [DEBUG] - Running Install-ChocolateyEnvironmentVariable -variableName 'OPENSSL_CONF' -variableValue 'C:\Program Files\OpenSSL-Win64\bin\openssl.cfg' 
2026-04-25 08:26:37,259 31464 [DEBUG] - Running Set-EnvironmentVariable -Name 'OPENSSL_CONF' -Value 'C:\Program Files\OpenSSL-Win64\bin\openssl.cfg' -Scope 'User'
2026-04-25 08:26:37,259 31464 [DEBUG] - Registry type for OPENSSL_CONF is/will be String
2026-04-25 08:26:37,358 31464 [DEBUG] - Finishing 'Set-EnvironmentVariable'
2026-04-25 08:26:37,373 31464 [WARN ] - WARNING: OPENSSL_CONF has been set to C:\Program Files\OpenSSL-Win64\bin\openssl.cfg
2026-04-25 08:26:37,376 31464 [DEBUG] - ----------------------------------------------------------------------
2026-04-25 08:26:37,376 31464 [DEBUG] - Built-in PowerShell host called with ['[System.Threading.Thread]::CurrentThread.CurrentCulture = '';[System.Threading.Thread]::CurrentThread.CurrentUICulture = '';[System.Net.ServicePointManager]::SecurityProtocol = [System.Net.SecurityProtocolType]::SystemDefault; & import-module -name 'C:\ProgramData\chocolatey\helpers\chocolateyInstaller.psm1'; & 'C:\ProgramData\chocolatey\helpers\chocolateyScriptRunner.ps1' -packageScript 'C:\ProgramData\chocolatey\lib\openssl\tools\chocolateyinstall.ps1' -installArguments '' -packageParameters '' -preRunHookScripts $null -postRunHookScripts $null'] exited with '0'.
2026-04-25 08:26:37,376 31464 [DEBUG] - Calling command ['"C:\WINDOWS\System32\shutdown.exe" /a']
2026-04-25 08:26:37,412 31464 [DEBUG] - Command ['"C:\WINDOWS\System32\shutdown.exe" /a'] exited with '1116'
2026-04-25 08:26:37,423 31464 [INFO ] -   openssl can be automatically uninstalled.
2026-04-25 08:26:37,439 31464 [WARN ] - Environment Vars (like PATH) have changed. Close/reopen your shell to
 see the changes (or in powershell/cmd.exe just type `refreshenv`).
2026-04-25 08:26:37,439 31464 [DEBUG] - Logging of values is not turned on by default because it
 could potentially expose sensitive data. If you understand the risk,
 please see `choco feature --help` for information to turn it on.
2026-04-25 08:26:37,440 31464 [DEBUG] - The following values have been added/changed (may contain sensitive data):
2026-04-25 08:26:37,440 31464 [DEBUG] -   * ChocolateyLastPathUpdate='[REDACTED]' (User)
2026-04-25 08:26:37,440 31464 [DEBUG] -   * OPENSSL_CONF='[REDACTED]' (User)
2026-04-25 08:26:37,440 31464 [DEBUG] -   * Path='[REDACTED]' (Machine)
2026-04-25 08:26:37,473 31464 [DEBUG] - Capturing package files in 'C:\ProgramData\chocolatey\lib\openssl'
2026-04-25 08:26:37,473 31464 [DEBUG] -  Found 'C:\ProgramData\chocolatey\lib\openssl\openssl.nupkg'
  with checksum '47BE2AF2E5093893936552EEA5B690CE'
2026-04-25 08:26:37,473 31464 [DEBUG] -  Found 'C:\ProgramData\chocolatey\lib\openssl\openssl.nuspec'
  with checksum 'A5FCBDDF517F3E336BB7C49E41967A60'
2026-04-25 08:26:37,473 31464 [DEBUG] -  Found 'C:\ProgramData\chocolatey\lib\openssl\tools\chocolateyinstall.ps1'
  with checksum '93C66CD129DB7975B843210EB69CBD8D'
2026-04-25 08:26:37,473 31464 [DEBUG] -  Found 'C:\ProgramData\chocolatey\lib\openssl\tools\chocolateyuninstall.ps1'
  with checksum '20684315E904503E90587B59C9883F66'
2026-04-25 08:26:37,503 31464 [DEBUG] - Attempting to create directory "C:\ProgramData\chocolatey\.chocolatey\openssl.4.0.0".
2026-04-25 08:26:37,506 31464 [DEBUG] - There was no original file at 'C:\ProgramData\chocolatey\.chocolatey\openssl.4.0.0\.registry'
2026-04-25 08:26:37,508 31464 [DEBUG] - There was no original file at 'C:\ProgramData\chocolatey\.chocolatey\openssl.4.0.0\.files'
2026-04-25 08:26:37,510 31464 [DEBUG] - Attempting to delete file "C:\ProgramData\chocolatey\.chocolatey\openssl.4.0.0\.extra".
2026-04-25 08:26:37,510 31464 [DEBUG] - Attempting to delete file "C:\ProgramData\chocolatey\.chocolatey\openssl.4.0.0\.version".
2026-04-25 08:26:37,510 31464 [DEBUG] - Attempting to delete file "C:\ProgramData\chocolatey\.chocolatey\openssl.4.0.0\.sxs".
2026-04-25 08:26:37,511 31464 [DEBUG] - Attempting to delete file "C:\ProgramData\chocolatey\.chocolatey\openssl.4.0.0\.pin".
2026-04-25 08:26:37,512 31464 [DEBUG] - Sending message 'HandlePackageResultCompletedMessage' out if there are subscribers...
2026-04-25 08:26:37,513 31464 [DEBUG] - Attempting to delete file "C:\ProgramData\chocolatey\lib\openssl\.chocolateyPending".
2026-04-25 08:26:37,514 31464 [INFO ] -  The install of openssl was successful.
2026-04-25 08:26:37,515 31464 [INFO ] -   Deployed to 'C:\Program Files\OpenSSL-Win64\'
2026-04-25 08:26:37,522 31464 [WARN ] - 
Chocolatey installed 1/1 packages. 
 See the log for details (C:\ProgramData\chocolatey\logs\chocolatey.log).
2026-04-25 08:26:37,524 31464 [DEBUG] - Sending message 'PostRunMessage' out if there are subscribers...
2026-04-25 08:26:37,525 31464 [DEBUG] - Exiting with 0
2026-05-04 13:27:10,526 20596 [DEBUG] - XmlConfiguration is now operational
2026-05-04 13:27:10,558 20596 [DEBUG] - Adding new type 'CygwinService' for type 'IAlternativeSourceRunner' from assembly 'choco'
2026-05-04 13:27:10,558 20596 [DEBUG] - Adding new type 'CygwinService' for type 'IInstallSourceRunner' from assembly 'choco'
2026-05-04 13:27:10,558 20596 [DEBUG] - Adding new type 'PythonService' for type 'IAlternativeSourceRunner' from assembly 'choco'
2026-05-04 13:27:10,558 20596 [DEBUG] - Adding new type 'PythonService' for type 'IListSourceRunner' from assembly 'choco'
2026-05-04 13:27:10,558 20596 [DEBUG] - Adding new type 'PythonService' for type 'IInstallSourceRunner' from assembly 'choco'
2026-05-04 13:27:10,558 20596 [DEBUG] - Adding new type 'PythonService' for type 'IUninstallSourceRunner' from assembly 'choco'
2026-05-04 13:27:10,558 20596 [DEBUG] - Adding new type 'RubyGemsService' for type 'IAlternativeSourceRunner' from assembly 'choco'
2026-05-04 13:27:10,558 20596 [DEBUG] - Adding new type 'RubyGemsService' for type 'IListSourceRunner' from assembly 'choco'
2026-05-04 13:27:10,558 20596 [DEBUG] - Adding new type 'RubyGemsService' for type 'IInstallSourceRunner' from assembly 'choco'
2026-05-04 13:27:10,558 20596 [DEBUG] - Adding new type 'SystemStateValidation' for type 'IValidation' from assembly 'choco'
2026-05-04 13:27:10,558 20596 [DEBUG] - Adding new type 'CacheFolderLockdownValidation' for type 'IValidation' from assembly 'choco'
2026-05-04 13:27:10,780 20596 [DEBUG] - Adding new type 'FrameWorkReferencesMetadataRule' for type 'IMetadataRule' from assembly 'choco'
2026-05-04 13:27:10,780 20596 [DEBUG] - Adding new type 'IconMetadataRule' for type 'IMetadataRule' from assembly 'choco'
2026-05-04 13:27:10,780 20596 [DEBUG] - Adding new type 'LicenseMetadataRule' for type 'IMetadataRule' from assembly 'choco'
2026-05-04 13:27:10,780 20596 [DEBUG] - Adding new type 'PackageTypesMetadataRule' for type 'IMetadataRule' from assembly 'choco'
2026-05-04 13:27:10,780 20596 [DEBUG] - Adding new type 'ReadmeMetadataRule' for type 'IMetadataRule' from assembly 'choco'
2026-05-04 13:27:10,780 20596 [DEBUG] - Adding new type 'RepositoryMetadataRule' for type 'IMetadataRule' from assembly 'choco'
2026-05-04 13:27:10,780 20596 [DEBUG] - Adding new type 'RequiredMetadataRule' for type 'IMetadataRule' from assembly 'choco'
2026-05-04 13:27:10,780 20596 [DEBUG] - Adding new type 'RequireLicenseAcceptanceMetadataRule' for type 'IMetadataRule' from assembly 'choco'
2026-05-04 13:27:10,780 20596 [DEBUG] - Adding new type 'ServicableMetadataRule' for type 'IMetadataRule' from assembly 'choco'
2026-05-04 13:27:10,780 20596 [DEBUG] - Adding new type 'VersionMetadataRule' for type 'IMetadataRule' from assembly 'choco'
2026-05-04 13:27:10,796 20596 [DEBUG] - Registering new command 'apikey' in assembly 'choco'
2026-05-04 13:27:10,796 20596 [DEBUG] - Registering new command 'cache' in assembly 'choco'
2026-05-04 13:27:10,796 20596 [DEBUG] - Registering new command 'config' in assembly 'choco'
2026-05-04 13:27:10,796 20596 [DEBUG] - Registering new command 'export' in assembly 'choco'
2026-05-04 13:27:10,796 20596 [DEBUG] - Registering new command 'feature' in assembly 'choco'
2026-05-04 13:27:10,796 20596 [DEBUG] - Registering new command 'help' in assembly 'choco'
2026-05-04 13:27:10,796 20596 [DEBUG] - Registering new command 'info' in assembly 'choco'
2026-05-04 13:27:10,796 20596 [DEBUG] - Registering new command 'install' in assembly 'choco'
2026-05-04 13:27:10,796 20596 [DEBUG] - Registering new command 'license' in assembly 'choco'
2026-05-04 13:27:10,796 20596 [DEBUG] - Registering new command 'list' in assembly 'choco'
2026-05-04 13:27:10,796 20596 [DEBUG] - Registering new command 'new' in assembly 'choco'
2026-05-04 13:27:10,796 20596 [DEBUG] - Registering new command 'outdated' in assembly 'choco'
2026-05-04 13:27:10,796 20596 [DEBUG] - Registering new command 'pack' in assembly 'choco'
2026-05-04 13:27:10,796 20596 [DEBUG] - Registering new command 'pin' in assembly 'choco'
2026-05-04 13:27:10,796 20596 [DEBUG] - Registering new command 'push' in assembly 'choco'
2026-05-04 13:27:10,796 20596 [DEBUG] - Registering new command 'rule' in assembly 'choco'
2026-05-04 13:27:10,796 20596 [DEBUG] - Registering new command 'search' in assembly 'choco'
2026-05-04 13:27:10,796 20596 [DEBUG] - Registering new command 'source' in assembly 'choco'
2026-05-04 13:27:10,796 20596 [DEBUG] - Registering new command 'support' in assembly 'choco'
2026-05-04 13:27:10,796 20596 [DEBUG] - Registering new command 'template' in assembly 'choco'
2026-05-04 13:27:10,796 20596 [DEBUG] - Registering new command 'uninstall' in assembly 'choco'
2026-05-04 13:27:10,796 20596 [DEBUG] - Registering new command 'unpackself' in assembly 'choco'
2026-05-04 13:27:10,796 20596 [DEBUG] - Registering new command 'upgrade' in assembly 'choco'
2026-05-04 13:27:10,875 20596 [INFO ] - ============================================================
2026-05-04 13:27:11,448 20596 [INFO ] - Chocolatey v2.7.1
2026-05-04 13:27:11,448 20596 [DEBUG] - Chocolatey is running on Windows v 10.0.26200.0
2026-05-04 13:27:11,448 20596 [DEBUG] - Attempting to delete file "C:/ProgramData/chocolatey/choco.exe.old".
2026-05-04 13:27:11,448 20596 [DEBUG] - Attempting to delete file "C:\ProgramData\chocolatey\choco.exe.old".
2026-05-04 13:27:11,464 20596 [DEBUG] - Command line: "C:\ProgramData\chocolatey\choco.exe" upgrade -y python visualstudio2026-workload-vctools
2026-05-04 13:27:11,464 20596 [DEBUG] - Received arguments: upgrade -y python visualstudio2026-workload-vctools
2026-05-04 13:27:11,480 20596 [DEBUG] - RemovePendingPackagesTask is now ready and waiting for PreRunMessage.
2026-05-04 13:27:11,496 20596 [DEBUG] - Sending message 'PreRunMessage' out if there are subscribers...
2026-05-04 13:27:11,496 20596 [DEBUG] - [Pending] Removing all pending packages that should not be considered installed...
2026-05-04 13:27:11,529 20596 [DEBUG] - Performing validation checks.
2026-05-04 13:27:11,529 20596 [DEBUG] - Global Configuration Validation Checks:
2026-05-04 13:27:11,529 20596 [DEBUG] -  - Package Exit Code / Exit On Reboot = Checked
2026-05-04 13:27:11,529 20596 [DEBUG] - System State Validation Checks:
2026-05-04 13:27:11,529 20596 [DEBUG] -  Reboot Requirement Checks:
2026-05-04 13:27:11,529 20596 [DEBUG] -  - Pending Computer Rename = Checked
2026-05-04 13:27:11,529 20596 [DEBUG] -  - Pending Component Based Servicing = Checked
2026-05-04 13:27:11,529 20596 [DEBUG] -  - Pending Windows Auto Update = Checked
2026-05-04 13:27:11,543 20596 [DEBUG] -  - Pending File Rename Operations = Ignored
2026-05-04 13:27:11,543 20596 [DEBUG] -  - Pending Windows Package Installer = Checked
2026-05-04 13:27:11,543 20596 [DEBUG] -  - Pending Windows Package Installer SysWow64 = Checked
2026-05-04 13:27:11,543 20596 [DEBUG] - Cache Folder Lockdown Checks:
2026-05-04 13:27:11,543 20596 [DEBUG] -  - Elevated State = Checked
2026-05-04 13:27:11,543 20596 [DEBUG] -  - Folder Exists = Checked
2026-05-04 13:27:11,543 20596 [DEBUG] -  - Folder lockdown = Checked
2026-05-04 13:27:11,543 20596 [INFO ] - 3 validations performed. 3 success(es), 0 warning(s), and 0 error(s).
2026-05-04 13:27:11,543 20596 [DEBUG] - The source 'https://community.chocolatey.org/api/v2/' evaluated to a 'normal' source type
2026-05-04 13:27:11,543 20596 [DEBUG] - 
NOTE: Hiding sensitive configuration data! Please double and triple
 check to be sure no sensitive data is shown, especially if copying
 output to a gist for review.
2026-05-04 13:27:11,558 20596 [DEBUG] - Configuration: CommandName='upgrade'|
CacheLocation='C:\Users\tsmit\AppData\Local\Temp\chocolatey'|
CommandExecutionTimeoutSeconds='2700'|WebRequestTimeoutSeconds='30'|
Sources='https://community.chocolatey.org/api/v2/'|SourceType='normal'|
IncludeConfiguredSources='False'|ShowOnlineHelp='False'|Debug='False'|
Verbose='False'|Trace='False'|Force='False'|Noop='False'|
HelpRequested='False'|UnsuccessfulParsing='False'|RegularOutput='True'|
QuietOutput='False'|PromptForConfirmation='False'|
DisableCompatibilityChecks='False'|AcceptLicense='True'|
AllowUnofficialBuild='False'|
Input='python visualstudio2026-workload-vctools'|AllVersions='False'|
SkipPackageInstallProvider='False'|SkipHookScripts='False'|
PackageNames='python;visualstudio2026-workload-vctools'|
Prerelease='False'|ForceX86='False'|OverrideArguments='False'|
NotSilent='False'|ApplyPackageParametersToDependencies='False'|
ApplyInstallArgumentsToDependencies='False'|IgnoreDependencies='False'|
UseHttpCache='True'|CacheExpirationInMinutes='30'|
AllowDowngrade='False'|ForceDependencies='False'|PinPackage='False'|
IncludeHeaders='False'|Information.PlatformType='Windows'|
Information.PlatformVersion='10.0.26200.0'|
Information.PlatformName='Windows 11'|
Information.ChocolateyVersion='2.7.1.0'|
Information.ChocolateyProductVersion='2.7.1'|
Information.FullName='choco, Version=2.7.1.0, Culture=neutral, PublicKeyToken=79d02ea9cad655eb'|

Information.Is64BitOperatingSystem='True'|
Information.Is64BitProcess='True'|Information.IsInteractive='True'|
Information.UserName='tsmit'|
Information.UserDomainName='DESKTOP-GILF4VQ'|
Information.IsUserAdministrator='True'|
Information.IsUserSystemAccount='False'|
Information.IsUserRemoteDesktop='False'|
Information.IsUserRemote='True'|
Information.IsProcessElevated='True'|
Information.IsLicensedVersion='False'|
Information.IsLicensedAssemblyLoaded='False'|
Information.LicenseType='Foss'|
Information.CurrentDirectory='C:\WINDOWS\system32'|
Features.AutoUninstaller='True'|Features.ChecksumFiles='True'|
Features.AllowEmptyChecksums='False'|
Features.AllowEmptyChecksumsSecure='True'|
Features.FailOnAutoUninstaller='False'|
Features.FailOnStandardError='False'|Features.UsePowerShellHost='True'|
Features.LogEnvironmentValues='False'|Features.LogWithoutColor='False'|
Features.VirusCheck='False'|
Features.FailOnInvalidOrMissingLicense='False'|
Features.IgnoreInvalidOptionsSwitches='True'|
Features.UsePackageExitCodes='True'|
Features.UseEnhancedExitCodes='False'|
Features.UseFipsCompliantChecksums='False'|
Features.ShowNonElevatedWarnings='True'|
Features.ShowDownloadProgress='True'|
Features.StopOnFirstPackageFailure='False'|
Features.UseRememberedArgumentsForUpgrades='False'|
Features.IgnoreUnfoundPackagesOnUpgradeOutdated='False'|
Features.SkipPackageUpgradesWhenNotInstalled='False'|
Features.RemovePackageInformationOnUninstall='False'|
Features.ExitOnRebootDetected='False'|
Features.LogValidationResultsOnWarnings='True'|
Features.UsePackageRepositoryOptimizations='True'|
Features.UsePackageHashValidation='False'|
ListCommand.LocalOnly='False'|
ListCommand.IdOnly='False'|ListCommand.IncludeRegistryPrograms='False'|
ListCommand.PageSize='25'|ListCommand.Exact='False'|
ListCommand.ByIdOnly='False'|ListCommand.ByTagOnly='False'|
ListCommand.IdStartsWith='False'|ListCommand.IgnorePinned='False'|
ListCommand.OrderBy='Id'|ListCommand.OrderByPopularity='False'|
ListCommand.ApprovedOnly='False'|
ListCommand.DownloadCacheAvailable='False'|
ListCommand.NotBroken='False'|
ListCommand.IncludeVersionOverrides='False'|
ListCommand.ExplicitPageSize='False'|
ListCommand.ExplicitSource='False'|
UpgradeCommand.FailOnUnfound='False'|
UpgradeCommand.FailOnNotInstalled='False'|
UpgradeCommand.NotifyOnlyAvailableUpgrades='False'|
UpgradeCommand.ExcludePrerelease='False'|
UpgradeCommand.IgnorePinned='False'|
NewCommand.AutomaticPackage='False'|
NewCommand.UseOriginalTemplate='False'|SourceCommand.Command='unknown'|
SourceCommand.Priority='0'|SourceCommand.BypassProxy='False'|
SourceCommand.AllowSelfService='False'|
SourceCommand.VisibleToAdminsOnly='False'|
FeatureCommand.Command='unknown'|ConfigCommand.Command='Unknown'|
ApiKeyCommand.Command='Unknown'|PinCommand.Command='Unknown'|
LicenseCommand.Command='Unknown'|OutdatedCommand.IgnorePinned='False'|
ExportCommand.IncludeVersionNumbers='False'|Proxy.BypassOnLocal='True'|
TemplateCommand.Command='unknown'|CacheCommand.Command='Unknown'|
CacheCommand.RemoveExpiredItemsOnly='False'|
2026-05-04 13:27:11,558 20596 [DEBUG] - _ Chocolatey:ChocolateyUpgradeCommand - Normal Run Mode _
2026-05-04 13:27:11,558 20596 [INFO ] - Upgrading the following packages:
2026-05-04 13:27:11,558 20596 [INFO ] - python;visualstudio2026-workload-vctools
2026-05-04 13:27:11,558 20596 [INFO ] - By upgrading, you accept licenses for the packages.
2026-05-04 13:27:11,605 20596 [DEBUG] - Process Tree: Chocolatey CLI => Chocolatey CLI => powershell
2026-05-04 13:27:11,621 20596 [DEBUG] - Updating User Agent to 'Chocolatey Command Line/2.7.1 (Chocolatey CLI) via NuGet Client/6.4.1 (Microsoft Windows NT 10.0.26200.0)'.
2026-05-04 13:27:11,669 20596 [DEBUG] - Running list with the following filter = ''
2026-05-04 13:27:11,669 20596 [DEBUG] - --- Start of List ---
2026-05-04 13:27:11,684 20596 [DEBUG] - Process Tree: Chocolatey CLI => Chocolatey CLI => powershell
2026-05-04 13:27:11,684 20596 [DEBUG] - Updating User Agent to 'Chocolatey Command Line/2.7.1 (Chocolatey CLI) via NuGet Client/6.4.1 (Microsoft Windows NT 10.0.26200.0)'.
2026-05-04 13:27:11,684 20596 [DEBUG] - Resolving resource PackageSearchResource for source C:\ProgramData\chocolatey\lib
2026-05-04 13:27:11,811 20596 [DEBUG] - chocolatey 2.7.1
2026-05-04 13:27:11,811 20596 [DEBUG] - chocolatey-compatibility.extension 1.0.0
2026-05-04 13:27:11,811 20596 [DEBUG] - chocolatey-core.extension 1.4.0
2026-05-04 13:27:11,827 20596 [DEBUG] - chocolatey-dotnetfx.extension 1.0.1
2026-05-04 13:27:11,827 20596 [DEBUG] - chocolatey-visualstudio.extension 1.13.0
2026-05-04 13:27:11,827 20596 [DEBUG] - chocolatey-windowsupdate.extension 1.0.5
2026-05-04 13:27:11,827 20596 [DEBUG] - dotnetfx 4.8.0.20220524
2026-05-04 13:27:11,827 20596 [DEBUG] - KB2919355 1.0.20160915
2026-05-04 13:27:11,843 20596 [DEBUG] - KB2919442 1.0.20160915
2026-05-04 13:27:11,845 20596 [DEBUG] - KB2999226 1.0.20181019
2026-05-04 13:27:11,845 20596 [DEBUG] - KB3033929 1.0.5
2026-05-04 13:27:11,845 20596 [DEBUG] - KB3035131 1.0.3
2026-05-04 13:27:11,859 20596 [DEBUG] - openssl 4.0.0
2026-05-04 13:27:11,859 20596 [DEBUG] - python 3.14.3
2026-05-04 13:27:11,859 20596 [DEBUG] - python3 3.14.3
2026-05-04 13:27:11,859 20596 [DEBUG] - python314 3.14.3
2026-05-04 13:27:11,875 20596 [DEBUG] - vcredist140 14.50.35719
2026-05-04 13:27:11,875 20596 [DEBUG] - vcredist2015 14.0.24215.20170201
2026-05-04 13:27:11,875 20596 [DEBUG] - visualstudio2026buildtools 118.4.2
2026-05-04 13:27:11,875 20596 [DEBUG] - visualstudio2026-workload-vctools 1.0.0
2026-05-04 13:27:11,875 20596 [DEBUG] - visualstudio-installer 2.0.7
2026-05-04 13:27:11,875 20596 [DEBUG] - --- End of List ---
2026-05-04 13:27:11,891 20596 [DEBUG] - Resolving resource ListResource for source https://community.chocolatey.org/api/v2/
2026-05-04 13:27:12,129 20596 [INFO ] - [NuGet]   GET https://community.chocolatey.org/api/v2/$metadata
2026-05-04 13:27:12,177 20596 [INFO ] - [NuGet]   OK https://community.chocolatey.org/api/v2/$metadata 46ms
2026-05-04 13:27:12,193 20596 [INFO ] - [NuGet]   GET https://community.chocolatey.org/api/v2/Packages()?$filter=(tolower(Id) eq 'python') and IsLatestVersion&semVerLevel=2.0.0
2026-05-04 13:27:12,257 20596 [INFO ] - [NuGet]   OK https://community.chocolatey.org/api/v2/Packages()?$filter=(tolower(Id) eq 'python') and IsLatestVersion&semVerLevel=2.0.0 54ms
2026-05-04 13:27:12,273 20596 [WARN ] - 
You have python v3.14.3 installed. Version 3.14.4 is available based on your source(s).
2026-05-04 13:27:12,289 20596 [DEBUG] - Resolving resource DependencyInfoResource for source https://community.chocolatey.org/api/v2/
2026-05-04 13:27:12,289 20596 [INFO ] - [NuGet]   GET https://community.chocolatey.org/api/v2/Packages(Id='python',Version='3.14.4')
2026-05-04 13:27:12,435 20596 [INFO ] - [NuGet]   OK https://community.chocolatey.org/api/v2/Packages(Id='python',Version='3.14.4') 143ms
2026-05-04 13:27:12,451 20596 [INFO ] - [NuGet]   GET https://community.chocolatey.org/api/v2/Packages(Id='python3',Version='3.14.4')
2026-05-04 13:27:12,564 20596 [INFO ] - [NuGet]   OK https://community.chocolatey.org/api/v2/Packages(Id='python3',Version='3.14.4') 122ms
2026-05-04 13:27:12,564 20596 [INFO ] - [NuGet]   GET https://community.chocolatey.org/api/v2/Packages(Id='python314',Version='3.14.4')
2026-05-04 13:27:12,709 20596 [INFO ] - [NuGet]   OK https://community.chocolatey.org/api/v2/Packages(Id='python314',Version='3.14.4') 140ms
2026-05-04 13:27:12,729 20596 [INFO ] - [NuGet]   GET https://community.chocolatey.org/api/v2/FindPackagesById()?id='vcredist2015'&semVerLevel=2.0.0
2026-05-04 13:27:12,774 20596 [INFO ] - [NuGet]   OK https://community.chocolatey.org/api/v2/FindPackagesById()?id='vcredist2015'&semVerLevel=2.0.0 55ms
2026-05-04 13:27:12,789 20596 [INFO ] - [NuGet]   GET http://community.chocolatey.org/api/v2/FindPackagesById?id='vcredist2015'&$skiptoken='1757831706953','14.0.23506','vcredist2015'
2026-05-04 13:27:12,950 20596 [INFO ] - [NuGet]   OK http://community.chocolatey.org/api/v2/FindPackagesById?id='vcredist2015'&$skiptoken='1757831706953','14.0.23506','vcredist2015' 156ms
2026-05-04 13:27:12,964 20596 [INFO ] - [NuGet]   GET https://community.chocolatey.org/api/v2/FindPackagesById()?id='vcredist140'&semVerLevel=2.0.0
2026-05-04 13:27:12,997 20596 [INFO ] - [NuGet]   OK https://community.chocolatey.org/api/v2/FindPackagesById()?id='vcredist140'&semVerLevel=2.0.0 44ms
2026-05-04 13:27:13,092 20596 [INFO ] - [NuGet]   GET http://community.chocolatey.org/api/v2/FindPackagesById?id='vcredist140'&$skiptoken='1758917989857','14.24.28127.4','vcredist140'
2026-05-04 13:27:13,204 20596 [INFO ] - [NuGet]   OK http://community.chocolatey.org/api/v2/FindPackagesById?id='vcredist140'&$skiptoken='1758917989857','14.24.28127.4','vcredist140' 108ms
2026-05-04 13:27:13,236 20596 [INFO ] - [NuGet]   GET http://community.chocolatey.org/api/v2/FindPackagesById?id='vcredist140'&$skiptoken='1758917088380','14.0.24516-preview5','vcredist140'
2026-05-04 13:27:13,332 20596 [INFO ] - [NuGet]   OK http://community.chocolatey.org/api/v2/FindPackagesById?id='vcredist140'&$skiptoken='1758917088380','14.0.24516-preview5','vcredist140' 83ms
2026-05-04 13:27:13,332 20596 [INFO ] - [NuGet]   GET https://community.chocolatey.org/api/v2/FindPackagesById()?id='chocolatey-core.extension'&semVerLevel=2.0.0
2026-05-04 13:27:13,380 20596 [INFO ] - [NuGet]   OK https://community.chocolatey.org/api/v2/FindPackagesById()?id='chocolatey-core.extension'&semVerLevel=2.0.0 43ms
2026-05-04 13:27:13,411 20596 [INFO ] - [NuGet]   GET http://community.chocolatey.org/api/v2/FindPackagesById?id='chocolatey-core.extension'&$skiptoken='1757694056117','0.1.2','chocolatey-core.extension'
2026-05-04 13:27:13,492 20596 [INFO ] - [NuGet]   OK http://community.chocolatey.org/api/v2/FindPackagesById?id='chocolatey-core.extension'&$skiptoken='1757694056117','0.1.2','chocolatey-core.extension' 85ms
2026-05-04 13:27:13,500 20596 [INFO ] - [NuGet]   GET https://community.chocolatey.org/api/v2/FindPackagesById()?id='chocolatey-compatibility.extension'&semVerLevel=2.0.0
2026-05-04 13:27:13,539 20596 [INFO ] - [NuGet]   OK https://community.chocolatey.org/api/v2/FindPackagesById()?id='chocolatey-compatibility.extension'&semVerLevel=2.0.0 43ms
2026-05-04 13:27:13,539 20596 [INFO ] - [NuGet]   GET http://community.chocolatey.org/api/v2/FindPackagesById?id='chocolatey-compatibility.extension'&$skiptoken='1777818623837','1.0.0','chocolatey-compatibility.extension'
2026-05-04 13:27:13,620 20596 [INFO ] - [NuGet]   OK http://community.chocolatey.org/api/v2/FindPackagesById?id='chocolatey-compatibility.extension'&$skiptoken='1777818623837','1.0.0','chocolatey-compatibility.extension' 84ms
2026-05-04 13:27:13,636 20596 [INFO ] - [NuGet]   GET https://community.chocolatey.org/api/v2/FindPackagesById()?id='kb3033929'&semVerLevel=2.0.0
2026-05-04 13:27:13,701 20596 [INFO ] - [NuGet]   OK https://community.chocolatey.org/api/v2/FindPackagesById()?id='kb3033929'&semVerLevel=2.0.0 77ms
2026-05-04 13:27:13,716 20596 [INFO ] - [NuGet]   GET http://community.chocolatey.org/api/v2/FindPackagesById?id='kb3033929'&$skiptoken='1757852403537','1.0.0','kb3033929'
2026-05-04 13:27:13,847 20596 [INFO ] - [NuGet]   OK http://community.chocolatey.org/api/v2/FindPackagesById?id='kb3033929'&$skiptoken='1757852403537','1.0.0','kb3033929' 122ms
2026-05-04 13:27:13,847 20596 [INFO ] - [NuGet]   GET https://community.chocolatey.org/api/v2/FindPackagesById()?id='chocolatey-windowsupdate.extension'&semVerLevel=2.0.0
2026-05-04 13:27:13,893 20596 [INFO ] - [NuGet]   OK https://community.chocolatey.org/api/v2/FindPackagesById()?id='chocolatey-windowsupdate.extension'&semVerLevel=2.0.0 42ms
2026-05-04 13:27:13,893 20596 [INFO ] - [NuGet]   GET http://community.chocolatey.org/api/v2/FindPackagesById?id='chocolatey-windowsupdate.extension'&$skiptoken='1758091804557','1.0.1','chocolatey-windowsupdate.extension'
2026-05-04 13:27:13,990 20596 [INFO ] - [NuGet]   OK http://community.chocolatey.org/api/v2/FindPackagesById?id='chocolatey-windowsupdate.extension'&$skiptoken='1758091804557','1.0.1','chocolatey-windowsupdate.extension' 83ms
2026-05-04 13:27:13,990 20596 [INFO ] - [NuGet]   GET https://community.chocolatey.org/api/v2/FindPackagesById()?id='kb3035131'&semVerLevel=2.0.0
2026-05-04 13:27:14,038 20596 [INFO ] - [NuGet]   OK https://community.chocolatey.org/api/v2/FindPackagesById()?id='kb3035131'&semVerLevel=2.0.0 43ms
2026-05-04 13:27:14,038 20596 [INFO ] - [NuGet]   GET http://community.chocolatey.org/api/v2/FindPackagesById?id='kb3035131'&$skiptoken='1758694790893','1.0.0','kb3035131'
2026-05-04 13:27:14,121 20596 [INFO ] - [NuGet]   OK http://community.chocolatey.org/api/v2/FindPackagesById?id='kb3035131'&$skiptoken='1758694790893','1.0.0','kb3035131' 83ms
2026-05-04 13:27:14,121 20596 [INFO ] - [NuGet]   GET https://community.chocolatey.org/api/v2/FindPackagesById()?id='kb2919355'&semVerLevel=2.0.0
2026-05-04 13:27:14,166 20596 [INFO ] - [NuGet]   OK https://community.chocolatey.org/api/v2/FindPackagesById()?id='kb2919355'&semVerLevel=2.0.0 47ms
2026-05-04 13:27:14,182 20596 [INFO ] - [NuGet]   GET http://community.chocolatey.org/api/v2/FindPackagesById?id='kb2919355'&$skiptoken='1759018786213','1.0.20160719','kb2919355'
2026-05-04 13:27:14,265 20596 [INFO ] - [NuGet]   OK http://community.chocolatey.org/api/v2/FindPackagesById?id='kb2919355'&$skiptoken='1759018786213','1.0.20160719','kb2919355' 82ms
2026-05-04 13:27:14,265 20596 [INFO ] - [NuGet]   GET https://community.chocolatey.org/api/v2/FindPackagesById()?id='kb2919442'&semVerLevel=2.0.0
2026-05-04 13:27:14,311 20596 [INFO ] - [NuGet]   OK https://community.chocolatey.org/api/v2/FindPackagesById()?id='kb2919442'&semVerLevel=2.0.0 43ms
2026-05-04 13:27:14,311 20596 [INFO ] - [NuGet]   GET http://community.chocolatey.org/api/v2/FindPackagesById?id='kb2919442'&$skiptoken='1758687599443','1.0.20160719','kb2919442'
2026-05-04 13:27:14,391 20596 [INFO ] - [NuGet]   OK http://community.chocolatey.org/api/v2/FindPackagesById?id='kb2919442'&$skiptoken='1758687599443','1.0.20160719','kb2919442' 83ms
2026-05-04 13:27:14,391 20596 [INFO ] - [NuGet]   GET https://community.chocolatey.org/api/v2/FindPackagesById()?id='kb2999226'&semVerLevel=2.0.0
2026-05-04 13:27:14,488 20596 [INFO ] - [NuGet]   OK https://community.chocolatey.org/api/v2/FindPackagesById()?id='kb2999226'&semVerLevel=2.0.0 87ms
2026-05-04 13:27:14,488 20596 [INFO ] - [NuGet]   GET http://community.chocolatey.org/api/v2/FindPackagesById?id='kb2999226'&$skiptoken='1757864999427','1.0.20161030','kb2999226'
2026-05-04 13:27:14,583 20596 [INFO ] - [NuGet]   OK http://community.chocolatey.org/api/v2/FindPackagesById?id='kb2999226'&$skiptoken='1757864999427','1.0.20161030','kb2999226' 88ms
2026-05-04 13:27:14,662 20596 [INFO ] - [NuGet] Resolving dependency information took 0 ms
2026-05-04 13:27:14,678 20596 [DEBUG] - Resolving resource PackageMetadataResource for source https://community.chocolatey.org/api/v2/
2026-05-04 13:27:14,678 20596 [INFO ] - [NuGet]   CACHE https://community.chocolatey.org/api/v2/Packages(Id='python314',Version='3.14.4')
2026-05-04 13:27:14,694 20596 [DEBUG] - Running beforeModify step for 'python314'
2026-05-04 13:27:14,694 20596 [DEBUG] - Backing up package files for 'python314'
2026-05-04 13:27:14,741 20596 [DEBUG] - Attempting to create directory "C:\ProgramData\chocolatey\lib-bkp\python314".
2026-05-04 13:27:14,741 20596 [DEBUG] - Moving C:\ProgramData\chocolatey\lib\python314 to C:\ProgramData\chocolatey\lib-bkp\python314\3.14.3
2026-05-04 13:27:14,741 20596 [DEBUG] - Moving 'C:\ProgramData\chocolatey\lib\python314'
 to 'C:\ProgramData\chocolatey\lib-bkp\python314\3.14.3'
2026-05-04 13:27:16,761 20596 [DEBUG] - Attempting to create directory "C:\ProgramData\chocolatey\lib\python314".
2026-05-04 13:27:16,761 20596 [DEBUG] - Attempting to copy "C:\ProgramData\chocolatey\lib-bkp\python314\3.14.3\python314.nupkg"
 to "C:\ProgramData\chocolatey\lib\python314\python314.nupkg".
2026-05-04 13:27:16,777 20596 [DEBUG] - Attempting to copy "C:\ProgramData\chocolatey\lib-bkp\python314\3.14.3\python314.nuspec"
 to "C:\ProgramData\chocolatey\lib\python314\python314.nuspec".
2026-05-04 13:27:16,777 20596 [DEBUG] - Attempting to create directory "C:\ProgramData\chocolatey\lib\python314\legal".
2026-05-04 13:27:16,777 20596 [DEBUG] - Attempting to copy "C:\ProgramData\chocolatey\lib-bkp\python314\3.14.3\legal\LICENSE.txt"
 to "C:\ProgramData\chocolatey\lib\python314\legal\LICENSE.txt".
2026-05-04 13:27:16,777 20596 [DEBUG] - Attempting to copy "C:\ProgramData\chocolatey\lib-bkp\python314\3.14.3\legal\VERIFICATION.txt"
 to "C:\ProgramData\chocolatey\lib\python314\legal\VERIFICATION.txt".
2026-05-04 13:27:16,793 20596 [DEBUG] - Attempting to create directory "C:\ProgramData\chocolatey\lib\python314\tools".
2026-05-04 13:27:16,793 20596 [DEBUG] - Attempting to copy "C:\ProgramData\chocolatey\lib-bkp\python314\3.14.3\tools\chocolateyInstall.ps1"
 to "C:\ProgramData\chocolatey\lib\python314\tools\chocolateyInstall.ps1".
2026-05-04 13:27:16,793 20596 [DEBUG] - Attempting to copy "C:\ProgramData\chocolatey\lib-bkp\python314\3.14.3\tools\chocolateyUninstall.ps1"
 to "C:\ProgramData\chocolatey\lib\python314\tools\chocolateyUninstall.ps1".
2026-05-04 13:27:16,793 20596 [DEBUG] - Attempting to copy "C:\ProgramData\chocolatey\lib-bkp\python314\3.14.3\tools\helpers.ps1"
 to "C:\ProgramData\chocolatey\lib\python314\tools\helpers.ps1".
2026-05-04 13:27:16,793 20596 [DEBUG] - Attempting to copy "C:\ProgramData\chocolatey\lib-bkp\python314\3.14.3\tools\python-3.14.3-amd64.exe.ignore"
 to "C:\ProgramData\chocolatey\lib\python314\tools\python-3.14.3-amd64.exe.ignore".
2026-05-04 13:27:18,310 20596 [DEBUG] - Deleting file C:\ProgramData\chocolatey\lib\python314\tools\chocolateyInstall.ps1
2026-05-04 13:27:18,310 20596 [DEBUG] - Attempting to delete file "C:\ProgramData\chocolatey\lib\python314\tools\chocolateyInstall.ps1".
2026-05-04 13:27:18,310 20596 [DEBUG] - Deleting file C:\ProgramData\chocolatey\lib\python314\tools\chocolateyUninstall.ps1
2026-05-04 13:27:18,314 20596 [DEBUG] - Attempting to delete file "C:\ProgramData\chocolatey\lib\python314\tools\chocolateyUninstall.ps1".
2026-05-04 13:27:18,316 20596 [DEBUG] - Capturing package files in 'C:\ProgramData\chocolatey\lib\python314'
2026-05-04 13:27:18,438 20596 [DEBUG] -  Found 'C:\ProgramData\chocolatey\lib\python314\python314.nupkg'
  with checksum '77D2B7F123763D798C58B5B794946B8C'
2026-05-04 13:27:18,440 20596 [DEBUG] -  Found 'C:\ProgramData\chocolatey\lib\python314\python314.nuspec'
  with checksum '8B7F2167268E29E0FB56283F3738B132'
2026-05-04 13:27:18,440 20596 [DEBUG] -  Found 'C:\ProgramData\chocolatey\lib\python314\legal\LICENSE.txt'
  with checksum '24B30B65AD82AE8D1F91F3DEC7843132'
2026-05-04 13:27:18,440 20596 [DEBUG] -  Found 'C:\ProgramData\chocolatey\lib\python314\legal\VERIFICATION.txt'
  with checksum '772F880753243F22789FA697E8B504D1'
2026-05-04 13:27:18,440 20596 [DEBUG] -  Found 'C:\ProgramData\chocolatey\lib\python314\tools\helpers.ps1'
  with checksum '712E4947F872BB30F083E2B68F22BB55'
2026-05-04 13:27:18,442 20596 [DEBUG] -  Found 'C:\ProgramData\chocolatey\lib\python314\tools\python-3.14.3-amd64.exe.ignore'
  with checksum 'BEA07E6D2B8DCE396FE21BAA61B34956'
2026-05-04 13:27:18,442 20596 [DEBUG] - Attempting to delete file "C:\ProgramData\chocolatey\lib\python314\tools\python-3.14.3-amd64.exe.ignore".
2026-05-04 13:27:18,444 20596 [DEBUG] - Ensuring removal of installation files.
2026-05-04 13:27:18,566 20596 [DEBUG] -  Found 'C:\ProgramData\chocolatey\lib\python314\python314.nupkg'
  with checksum '77D2B7F123763D798C58B5B794946B8C'
2026-05-04 13:27:18,568 20596 [DEBUG] - Attempting to delete file "C:\ProgramData\chocolatey\lib\python314\python314.nupkg".
2026-05-04 13:27:18,570 20596 [DEBUG] -  Found 'C:\ProgramData\chocolatey\lib\python314\python314.nuspec'
  with checksum '8B7F2167268E29E0FB56283F3738B132'
2026-05-04 13:27:18,572 20596 [DEBUG] - Attempting to delete file "C:\ProgramData\chocolatey\lib\python314\python314.nuspec".
2026-05-04 13:27:18,572 20596 [DEBUG] -  Found 'C:\ProgramData\chocolatey\lib\python314\legal\LICENSE.txt'
  with checksum '24B30B65AD82AE8D1F91F3DEC7843132'
2026-05-04 13:27:18,572 20596 [DEBUG] - Attempting to delete file "C:\ProgramData\chocolatey\lib\python314\legal\LICENSE.txt".
2026-05-04 13:27:18,572 20596 [DEBUG] -  Found 'C:\ProgramData\chocolatey\lib\python314\legal\VERIFICATION.txt'
  with checksum '772F880753243F22789FA697E8B504D1'
2026-05-04 13:27:18,572 20596 [DEBUG] - Attempting to delete file "C:\ProgramData\chocolatey\lib\python314\legal\VERIFICATION.txt".
2026-05-04 13:27:18,574 20596 [DEBUG] -  Found 'C:\ProgramData\chocolatey\lib\python314\tools\helpers.ps1'
  with checksum '712E4947F872BB30F083E2B68F22BB55'
2026-05-04 13:27:18,574 20596 [DEBUG] - Attempting to delete file "C:\ProgramData\chocolatey\lib\python314\tools\helpers.ps1".
2026-05-04 13:27:18,576 20596 [DEBUG] - Attempting to delete directory "C:\ProgramData\chocolatey\lib\python314".
2026-05-04 13:27:18,578 20596 [DEBUG] - Removing nupkg if it still exists.
2026-05-04 13:27:18,578 20596 [DEBUG] - Resolving resource DownloadResource for source https://community.chocolatey.org/api/v2/
2026-05-04 13:27:18,593 20596 [DEBUG] - Attempting to delete file "".
2026-05-04 13:27:18,593 20596 [INFO ] - Downloading package from source 'https://community.chocolatey.org/api/v2/'
2026-05-04 13:27:18,593 20596 [DEBUG] - Package download location 'https://community.chocolatey.org/api/v2/package/python314/3.14.4'
2026-05-04 13:27:18,603 20596 [INFO ] - [NuGet]   GET https://community.chocolatey.org/api/v2/package/python314/3.14.4
2026-05-04 13:27:18,899 20596 [INFO ] - [NuGet]   OK https://community.chocolatey.org/api/v2/package/python314/3.14.4 296ms
2026-05-04 13:27:18,899 20596 [INFO ] - [NuGet] Acquiring lock for the installation of python314 3.14.4
2026-05-04 13:27:18,915 20596 [INFO ] - [NuGet] Acquired lock for the installation of python314 3.14.4
2026-05-04 13:27:33,581 20596 [INFO ] - [NuGet] Installed python314 3.14.4 from https://community.chocolatey.org/api/v2/ with content hash Vx3VtlFRWievpQrZYMkIQDQV3sLKTiCIanTpZeAWqDAt8RCKZz5CVeFxkJOnA94sc0ypkfIc6OqLQiqNL7x8pw==.
2026-05-04 13:27:33,581 20596 [DEBUG] - Skipping package hash validation as feature 'usePackageHashValidation' is not enabled.
2026-05-04 13:27:33,613 20596 [INFO ] - [NuGet] Adding package 'python314.3.14.4 : vcredist2015 [14.0.24215.20170201, )' to folder 'C:\ProgramData\chocolatey\lib'
2026-05-04 13:27:33,676 20596 [INFO ] - [NuGet] Added package 'python314.3.14.4 : vcredist2015 [14.0.24215.20170201, )' to folder 'C:\ProgramData\chocolatey\lib'
2026-05-04 13:27:33,676 20596 [DEBUG] - Attempting to delete file "C:\Users\tsmit\AppData\Local\Temp\chocolatey\ChocolateyScratch\python314/3.14.4\python314.3.14.4.nupkg".
2026-05-04 13:27:33,676 20596 [DEBUG] - Attempting to delete file "C:\Users\tsmit\AppData\Local\Temp\chocolatey\ChocolateyScratch\python314/3.14.4\.nupkg.metadata".
2026-05-04 13:27:33,676 20596 [DEBUG] - Attempting to delete file "C:\Users\tsmit\AppData\Local\Temp\chocolatey\ChocolateyScratch\python314/3.14.4\python314.3.14.4.nupkg.sha512".
2026-05-04 13:27:33,676 20596 [INFO ] - 
python314 v3.14.4 [Approved]
2026-05-04 13:27:33,692 20596 [INFO ] - python314 package files upgrade completed. Performing other installation steps.
2026-05-04 13:27:33,739 20596 [DEBUG] - Contents of 'C:\ProgramData\chocolatey\lib\python314\tools\chocolateyInstall.ps1':
2026-05-04 13:27:33,739 20596 [DEBUG] - $ErrorActionPreference = 'STOP'

$toolsPath = Split-Path $MyInvocation.MyCommand.Definition
. "$toolsPath/helpers.ps1"

$pp = Get-PackageParameters
$twoPartVersion = $Env:ChocolateyPackageVersion -replace "^(\d+\.\d+).*", "`$1"
$defaultFolder = '{0}\Python{1}' -f $Env:SystemDrive, ($twoPartVersion -replace '\.')
if ( $pp.InstallDir ) {
  $installDir = $pp.InstallDir
  if ($installDir.StartsWith("'") -or $installDir.StartsWith('"')) { $installDir = $installDir -replace '^.|.$' }
  mkdir -force $installDir -ea 0 | out-null
}
else {
  $installDir = $defaultFolder
}

Install-Python -toolsPath $toolsPath -installDir $installDir

if ($pp.InstallDir32) {
  Install-Python -toolsPath $toolsPath -installDir $pp.InstallDir32 -only32Bit

  $installed32BitLocation = Get-InstallLocation -twoPartVersion $twoPartVersion -is32Bit

  Write-Host "32-Bit Python installed to: '$installed32BitLocation'"
}

Get-ChildItem $toolsPath\*.exe | ForEach-Object { Remove-Item $_ -ea 0; if (Test-Path $_) { Set-Content "$_.ignore" '' } }

Update-SessionEnvironment
$installLocation = Get-InstallLocation -twoPartVersion $twoPartVersion

if ($installLocation -ne $installDir) {
  Write-Warning "Provided python InstallDir was ignored by the python installer"
  Write-Warning "Its probable that you had pre-existing python installation"
  Write-Warning "Python installed to: '$installLocation'"
}
else { Write-Host "Python installed to: '$installDir'" }

if (($null -ne $Env:PYTHONHOME) -and ($Env:PYTHONHOME -ne $InstallDir)) {
  Write-Warning "Environment variable PYTHONHOME points to different version: $Env:PYTHONHOME"
}

if ($pp.NoLockdown) {
  Write-Warning "NoLockdown parameter found. Not changing permissions. Please ensure your installation is secure."
} else {
  . "$toolsPath/helpers.ps1"
  Protect-InstallFolder `
    -packageName $env:ChocolateyPackageName `
    -defaultInstallPath $defaultFolder `
    -folder $installLocation
}

2026-05-04 13:27:33,751 20596 [DEBUG] - Calling built-in PowerShell host with ['[System.Threading.Thread]::CurrentThread.CurrentCulture = '';[System.Threading.Thread]::CurrentThread.CurrentUICulture = '';[System.Net.ServicePointManager]::SecurityProtocol = [System.Net.SecurityProtocolType]::SystemDefault; & import-module -name 'C:\ProgramData\chocolatey\helpers\chocolateyInstaller.psm1'; & 'C:\ProgramData\chocolatey\helpers\chocolateyScriptRunner.ps1' -packageScript 'C:\ProgramData\chocolatey\lib\python314\tools\chocolateyInstall.ps1' -installArguments '' -packageParameters '' -preRunHookScripts $null -postRunHookScripts $null']
2026-05-04 13:27:33,753 20596 [DEBUG] - Redirecting System.Management.Automation.resources, Version=3.0.0.0, Culture=en-US, PublicKeyToken=31bf3856ad364e35, requested by ''
2026-05-04 13:27:33,893 20596 [DEBUG] - Host version is 5.1.26100.1882, PowerShell Version is '5.1.26100.8115' and CLR Version is '4.0.30319.42000'.
2026-05-04 13:27:34,046 20596 [INFO ] - VERBOSE: Loading module from path 'C:\ProgramData\chocolatey\helpers\Chocolatey.PowerShell.dll'.
2026-05-04 13:27:34,135 20596 [DEBUG] - Returning loaded assembly type for 'Chocolatey.PowerShell'
2026-05-04 13:27:34,135 20596 [INFO ] - VERBOSE: Importing cmdlet 'Get-EnvironmentVariable'.
2026-05-04 13:27:34,135 20596 [INFO ] - VERBOSE: Importing cmdlet 'Get-EnvironmentVariableNames'.
2026-05-04 13:27:34,135 20596 [INFO ] - VERBOSE: Importing cmdlet 'Install-ChocolateyPath'.
2026-05-04 13:27:34,135 20596 [INFO ] - VERBOSE: Importing cmdlet 'Set-EnvironmentVariable'.
2026-05-04 13:27:34,135 20596 [INFO ] - VERBOSE: Importing cmdlet 'Test-ProcessAdminRights'.
2026-05-04 13:27:34,135 20596 [INFO ] - VERBOSE: Importing cmdlet 'Uninstall-ChocolateyPath'.
2026-05-04 13:27:34,135 20596 [INFO ] - VERBOSE: Importing cmdlet 'Update-SessionEnvironment'.
2026-05-04 13:27:34,135 20596 [DEBUG] - Cmdlets exported from Chocolatey.PowerShell.dll
2026-05-04 13:27:34,135 20596 [DEBUG] - Get-EnvironmentVariable
2026-05-04 13:27:34,135 20596 [DEBUG] - Get-EnvironmentVariableNames
2026-05-04 13:27:34,135 20596 [DEBUG] - Install-ChocolateyPath
2026-05-04 13:27:34,135 20596 [DEBUG] - Set-EnvironmentVariable
2026-05-04 13:27:34,135 20596 [DEBUG] - Test-ProcessAdminRights
2026-05-04 13:27:34,135 20596 [DEBUG] - Uninstall-ChocolateyPath
2026-05-04 13:27:34,135 20596 [DEBUG] - Update-SessionEnvironment
2026-05-04 13:27:34,135 20596 [INFO ] - VERBOSE: Exporting function 'Format-FileSize'.
2026-05-04 13:27:34,135 20596 [INFO ] - VERBOSE: Exporting function 'Get-ChecksumValid'.
2026-05-04 13:27:34,135 20596 [INFO ] - VERBOSE: Exporting function 'Get-ChocolateyConfigValue'.
2026-05-04 13:27:34,135 20596 [INFO ] - VERBOSE: Exporting function 'Get-ChocolateyPath'.
2026-05-04 13:27:34,135 20596 [INFO ] - VERBOSE: Exporting function 'Get-ChocolateyUnzip'.
2026-05-04 13:27:34,135 20596 [INFO ] - VERBOSE: Exporting function 'Get-ChocolateyWebFile'.
2026-05-04 13:27:34,135 20596 [INFO ] - VERBOSE: Exporting function 'Get-FtpFile'.
2026-05-04 13:27:34,135 20596 [INFO ] - VERBOSE: Exporting function 'Get-OSArchitectureWidth'.
2026-05-04 13:27:34,135 20596 [INFO ] - VERBOSE: Exporting function 'Get-PackageParameters'.
2026-05-04 13:27:34,151 20596 [INFO ] - VERBOSE: Exporting function 'Get-PackageParametersBuiltIn'.
2026-05-04 13:27:34,151 20596 [INFO ] - VERBOSE: Exporting function 'Get-ToolsLocation'.
2026-05-04 13:27:34,151 20596 [INFO ] - VERBOSE: Exporting function 'Get-UACEnabled'.
2026-05-04 13:27:34,151 20596 [INFO ] - VERBOSE: Exporting function 'Get-UninstallRegistryKey'.
2026-05-04 13:27:34,151 20596 [INFO ] - VERBOSE: Exporting function 'Get-VirusCheckValid'.
2026-05-04 13:27:34,151 20596 [INFO ] - VERBOSE: Exporting function 'Get-WebFile'.
2026-05-04 13:27:34,151 20596 [INFO ] - VERBOSE: Exporting function 'Get-WebFileName'.
2026-05-04 13:27:34,151 20596 [INFO ] - VERBOSE: Exporting function 'Get-WebHeaders'.
2026-05-04 13:27:34,151 20596 [INFO ] - VERBOSE: Exporting function 'Install-BinFile'.
2026-05-04 13:27:34,151 20596 [INFO ] - VERBOSE: Exporting function 'Install-ChocolateyEnvironmentVariable'.
2026-05-04 13:27:34,151 20596 [INFO ] - VERBOSE: Exporting function 'Install-ChocolateyExplorerMenuItem'.
2026-05-04 13:27:34,151 20596 [INFO ] - VERBOSE: Exporting function 'Install-ChocolateyFileAssociation'.
2026-05-04 13:27:34,151 20596 [INFO ] - VERBOSE: Exporting function 'Install-ChocolateyInstallPackage'.
2026-05-04 13:27:34,151 20596 [INFO ] - VERBOSE: Exporting function 'Install-ChocolateyPackage'.
2026-05-04 13:27:34,151 20596 [INFO ] - VERBOSE: Exporting function 'Install-ChocolateyPinnedTaskBarItem'.
2026-05-04 13:27:34,151 20596 [INFO ] - VERBOSE: Exporting function 'Install-ChocolateyPowershellCommand'.
2026-05-04 13:27:34,151 20596 [INFO ] - VERBOSE: Exporting function 'Install-ChocolateyShortcut'.
2026-05-04 13:27:34,151 20596 [INFO ] - VERBOSE: Exporting function 'Install-ChocolateyVsixPackage'.
2026-05-04 13:27:34,151 20596 [INFO ] - VERBOSE: Exporting function 'Install-ChocolateyZipPackage'.
2026-05-04 13:27:34,151 20596 [INFO ] - VERBOSE: Exporting function 'Install-Vsix'.
2026-05-04 13:27:34,151 20596 [INFO ] - VERBOSE: Exporting function 'Set-PowerShellExitCode'.
2026-05-04 13:27:34,151 20596 [INFO ] - VERBOSE: Exporting function 'Start-ChocolateyProcessAsAdmin'.
2026-05-04 13:27:34,151 20596 [INFO ] - VERBOSE: Exporting function 'Uninstall-BinFile'.
2026-05-04 13:27:34,151 20596 [INFO ] - VERBOSE: Exporting function 'Uninstall-ChocolateyEnvironmentVariable'.
2026-05-04 13:27:34,151 20596 [INFO ] - VERBOSE: Exporting function 'Uninstall-ChocolateyPackage'.
2026-05-04 13:27:34,151 20596 [INFO ] - VERBOSE: Exporting function 'Uninstall-ChocolateyZipPackage'.
2026-05-04 13:27:34,151 20596 [INFO ] - VERBOSE: Exporting function 'Write-FunctionCallLogMessage'.
2026-05-04 13:27:34,151 20596 [INFO ] - VERBOSE: Exporting cmdlet 'Get-EnvironmentVariable'.
2026-05-04 13:27:34,151 20596 [INFO ] - VERBOSE: Exporting cmdlet 'Get-EnvironmentVariableNames'.
2026-05-04 13:27:34,151 20596 [INFO ] - VERBOSE: Exporting cmdlet 'Install-ChocolateyPath'.
2026-05-04 13:27:34,151 20596 [INFO ] - VERBOSE: Exporting cmdlet 'Set-EnvironmentVariable'.
2026-05-04 13:27:34,151 20596 [INFO ] - VERBOSE: Exporting cmdlet 'Test-ProcessAdminRights'.
2026-05-04 13:27:34,151 20596 [INFO ] - VERBOSE: Exporting cmdlet 'Uninstall-ChocolateyPath'.
2026-05-04 13:27:34,151 20596 [INFO ] - VERBOSE: Exporting cmdlet 'Update-SessionEnvironment'.
2026-05-04 13:27:34,151 20596 [INFO ] - VERBOSE: Exporting alias 'Get-ProcessorBits'.
2026-05-04 13:27:34,151 20596 [INFO ] - VERBOSE: Exporting alias 'Get-OSBitness'.
2026-05-04 13:27:34,151 20596 [INFO ] - VERBOSE: Exporting alias 'Get-InstallRegistryKey'.
2026-05-04 13:27:34,151 20596 [INFO ] - VERBOSE: Exporting alias 'Generate-BinFile'.
2026-05-04 13:27:34,151 20596 [INFO ] - VERBOSE: Exporting alias 'Add-BinFile'.
2026-05-04 13:27:34,151 20596 [INFO ] - VERBOSE: Exporting alias 'Start-ChocolateyProcess'.
2026-05-04 13:27:34,151 20596 [INFO ] - VERBOSE: Exporting alias 'Invoke-ChocolateyProcess'.
2026-05-04 13:27:34,151 20596 [INFO ] - VERBOSE: Exporting alias 'Remove-BinFile'.
2026-05-04 13:27:34,151 20596 [INFO ] - VERBOSE: Exporting alias 'refreshenv'.
2026-05-04 13:27:34,151 20596 [DEBUG] - Loading community extensions
2026-05-04 13:27:34,167 20596 [DEBUG] - Importing 'C:\ProgramData\chocolatey\extensions\chocolatey-compatibility\chocolatey-compatibility.psm1'
2026-05-04 13:27:34,167 20596 [INFO ] - VERBOSE: Loading module from path 'C:\ProgramData\chocolatey\extensions\chocolatey-compatibility\chocolatey-compatibility.psm1'.
2026-05-04 13:27:34,184 20596 [DEBUG] - Function 'Get-PackageParameters' exists, ignoring export.
2026-05-04 13:27:34,186 20596 [DEBUG] - Function 'Get-UninstallRegistryKey' exists, ignoring export.
2026-05-04 13:27:34,186 20596 [DEBUG] - Exporting function 'Install-ChocolateyDesktopLink' for backwards compatibility
2026-05-04 13:27:34,186 20596 [INFO ] - VERBOSE: Exporting function 'Install-ChocolateyDesktopLink'.
2026-05-04 13:27:34,186 20596 [DEBUG] - Exporting function 'Write-ChocolateyFailure' for backwards compatibility
2026-05-04 13:27:34,186 20596 [INFO ] - VERBOSE: Exporting function 'Write-ChocolateyFailure'.
2026-05-04 13:27:34,186 20596 [DEBUG] - Exporting function 'Write-ChocolateySuccess' for backwards compatibility
2026-05-04 13:27:34,186 20596 [INFO ] - VERBOSE: Exporting function 'Write-ChocolateySuccess'.
2026-05-04 13:27:34,186 20596 [DEBUG] - Exporting function 'Write-FileUpdateLog' for backwards compatibility
2026-05-04 13:27:34,186 20596 [INFO ] - VERBOSE: Exporting function 'Write-FileUpdateLog'.
2026-05-04 13:27:34,186 20596 [INFO ] - VERBOSE: Importing function 'Install-ChocolateyDesktopLink'.
2026-05-04 13:27:34,186 20596 [INFO ] - VERBOSE: Importing function 'Write-ChocolateyFailure'.
2026-05-04 13:27:34,186 20596 [INFO ] - VERBOSE: Importing function 'Write-ChocolateySuccess'.
2026-05-04 13:27:34,186 20596 [INFO ] - VERBOSE: Importing function 'Write-FileUpdateLog'.
2026-05-04 13:27:34,195 20596 [DEBUG] - Importing 'C:\ProgramData\chocolatey\extensions\chocolatey-core\chocolatey-core.psm1'
2026-05-04 13:27:34,195 20596 [INFO ] - VERBOSE: Loading module from path 'C:\ProgramData\chocolatey\extensions\chocolatey-core\chocolatey-core.psm1'.
2026-05-04 13:27:34,224 20596 [INFO ] - VERBOSE: Exporting function 'Get-AppInstallLocation'.
2026-05-04 13:27:34,224 20596 [INFO ] - VERBOSE: Exporting function 'Get-AvailableDriveLetter'.
2026-05-04 13:27:34,224 20596 [INFO ] - VERBOSE: Exporting function 'Get-EffectiveProxy'.
2026-05-04 13:27:34,224 20596 [INFO ] - VERBOSE: Exporting function 'Get-PackageCacheLocation'.
2026-05-04 13:27:34,226 20596 [INFO ] - VERBOSE: Exporting function 'Get-WebContent'.
2026-05-04 13:27:34,226 20596 [INFO ] - VERBOSE: Exporting function 'Register-Application'.
2026-05-04 13:27:34,226 20596 [INFO ] - VERBOSE: Exporting function 'Remove-Process'.
2026-05-04 13:27:34,226 20596 [INFO ] - VERBOSE: Importing function 'Get-AppInstallLocation'.
2026-05-04 13:27:34,226 20596 [INFO ] - VERBOSE: Importing function 'Get-AvailableDriveLetter'.
2026-05-04 13:27:34,226 20596 [INFO ] - VERBOSE: Importing function 'Get-EffectiveProxy'.
2026-05-04 13:27:34,228 20596 [INFO ] - VERBOSE: Importing function 'Get-PackageCacheLocation'.
2026-05-04 13:27:34,228 20596 [INFO ] - VERBOSE: Importing function 'Get-WebContent'.
2026-05-04 13:27:34,228 20596 [INFO ] - VERBOSE: Importing function 'Register-Application'.
2026-05-04 13:27:34,228 20596 [INFO ] - VERBOSE: Importing function 'Remove-Process'.
2026-05-04 13:27:34,228 20596 [DEBUG] - Importing 'C:\ProgramData\chocolatey\extensions\chocolatey-dotnetfx\chocolatey-dotnetfx.psm1'
2026-05-04 13:27:34,228 20596 [INFO ] - VERBOSE: Loading module from path 'C:\ProgramData\chocolatey\extensions\chocolatey-dotnetfx\chocolatey-dotnetfx.psm1'.
2026-05-04 13:27:34,232 20596 [INFO ] - VERBOSE: Exporting function 'Install-DotNetFramework'.
2026-05-04 13:27:34,232 20596 [INFO ] - VERBOSE: Exporting function 'Install-DotNetDevPack'.
2026-05-04 13:27:34,232 20596 [INFO ] - VERBOSE: Importing function 'Install-DotNetDevPack'.
2026-05-04 13:27:34,232 20596 [INFO ] - VERBOSE: Importing function 'Install-DotNetFramework'.
2026-05-04 13:27:34,232 20596 [DEBUG] - Importing 'C:\ProgramData\chocolatey\extensions\chocolatey-visualstudio\chocolatey-visualstudio.extension.psm1'
2026-05-04 13:27:34,232 20596 [INFO ] - VERBOSE: Loading module from path 'C:\ProgramData\chocolatey\extensions\chocolatey-visualstudio\chocolatey-visualstudio.extension.psm1'.
2026-05-04 13:27:34,309 20596 [INFO ] - VERBOSE: Exporting function 'Add-VisualStudioComponent'.
2026-05-04 13:27:34,317 20596 [INFO ] - VERBOSE: Exporting function 'Add-VisualStudioWorkload'.
2026-05-04 13:27:34,317 20596 [INFO ] - VERBOSE: Exporting function 'Get-VisualStudioInstaller'.
2026-05-04 13:27:34,317 20596 [INFO ] - VERBOSE: Exporting function 'Get-VisualStudioInstallerHealth'.
2026-05-04 13:27:34,317 20596 [INFO ] - VERBOSE: Exporting function 'Get-VisualStudioInstance'.
2026-05-04 13:27:34,317 20596 [INFO ] - VERBOSE: Exporting function 'Get-VisualStudioVsixInstaller'.
2026-05-04 13:27:34,317 20596 [INFO ] - VERBOSE: Exporting function 'Install-VisualStudio'.
2026-05-04 13:27:34,317 20596 [INFO ] - VERBOSE: Exporting function 'Install-VisualStudioInstaller'.
2026-05-04 13:27:34,317 20596 [INFO ] - VERBOSE: Exporting function 'Install-VisualStudioVsixExtension'.
2026-05-04 13:27:34,317 20596 [INFO ] - VERBOSE: Exporting function 'Remove-VisualStudioComponent'.
2026-05-04 13:27:34,319 20596 [INFO ] - VERBOSE: Exporting function 'Remove-VisualStudioProduct'.
2026-05-04 13:27:34,319 20596 [INFO ] - VERBOSE: Exporting function 'Remove-VisualStudioWorkload'.
2026-05-04 13:27:34,319 20596 [INFO ] - VERBOSE: Exporting function 'Uninstall-VisualStudio'.
2026-05-04 13:27:34,319 20596 [INFO ] - VERBOSE: Exporting function 'Uninstall-VisualStudioVsixExtension'.
2026-05-04 13:27:34,319 20596 [INFO ] - VERBOSE: Importing function 'Add-VisualStudioComponent'.
2026-05-04 13:27:34,319 20596 [INFO ] - VERBOSE: Importing function 'Add-VisualStudioWorkload'.
2026-05-04 13:27:34,319 20596 [INFO ] - VERBOSE: Importing function 'Get-VisualStudioInstaller'.
2026-05-04 13:27:34,319 20596 [INFO ] - VERBOSE: Importing function 'Get-VisualStudioInstallerHealth'.
2026-05-04 13:27:34,321 20596 [INFO ] - VERBOSE: Importing function 'Get-VisualStudioInstance'.
2026-05-04 13:27:34,321 20596 [INFO ] - VERBOSE: Importing function 'Get-VisualStudioVsixInstaller'.
2026-05-04 13:27:34,321 20596 [INFO ] - VERBOSE: Importing function 'Install-VisualStudio'.
2026-05-04 13:27:34,321 20596 [INFO ] - VERBOSE: Importing function 'Install-VisualStudioInstaller'.
2026-05-04 13:27:34,321 20596 [INFO ] - VERBOSE: Importing function 'Install-VisualStudioVsixExtension'.
2026-05-04 13:27:34,321 20596 [INFO ] - VERBOSE: Importing function 'Remove-VisualStudioComponent'.
2026-05-04 13:27:34,321 20596 [INFO ] - VERBOSE: Importing function 'Remove-VisualStudioProduct'.
2026-05-04 13:27:34,321 20596 [INFO ] - VERBOSE: Importing function 'Remove-VisualStudioWorkload'.
2026-05-04 13:27:34,323 20596 [INFO ] - VERBOSE: Importing function 'Uninstall-VisualStudio'.
2026-05-04 13:27:34,323 20596 [INFO ] - VERBOSE: Importing function 'Uninstall-VisualStudioVsixExtension'.
2026-05-04 13:27:34,323 20596 [DEBUG] - Importing 'C:\ProgramData\chocolatey\extensions\chocolatey-windowsupdate\chocolatey-windowsupdate.psm1'
2026-05-04 13:27:34,323 20596 [INFO ] - VERBOSE: Loading module from path 'C:\ProgramData\chocolatey\extensions\chocolatey-windowsupdate\chocolatey-windowsupdate.psm1'.
2026-05-04 13:27:34,340 20596 [INFO ] - VERBOSE: Exporting function 'Install-WindowsUpdate'.
2026-05-04 13:27:34,340 20596 [INFO ] - VERBOSE: Exporting function 'Test-WindowsUpdate'.
2026-05-04 13:27:34,340 20596 [INFO ] - VERBOSE: Importing function 'Install-WindowsUpdate'.
2026-05-04 13:27:34,340 20596 [INFO ] - VERBOSE: Importing function 'Test-WindowsUpdate'.
2026-05-04 13:27:34,358 20596 [INFO ] - VERBOSE: Exporting function 'Format-FileSize'.
2026-05-04 13:27:34,358 20596 [INFO ] - VERBOSE: Exporting function 'Get-ChecksumValid'.
2026-05-04 13:27:34,358 20596 [INFO ] - VERBOSE: Exporting function 'Get-ChocolateyConfigValue'.
2026-05-04 13:27:34,358 20596 [INFO ] - VERBOSE: Exporting function 'Get-ChocolateyPath'.
2026-05-04 13:27:34,358 20596 [INFO ] - VERBOSE: Exporting function 'Get-ChocolateyUnzip'.
2026-05-04 13:27:34,358 20596 [INFO ] - VERBOSE: Exporting function 'Get-ChocolateyWebFile'.
2026-05-04 13:27:34,358 20596 [INFO ] - VERBOSE: Exporting function 'Get-FtpFile'.
2026-05-04 13:27:34,360 20596 [INFO ] - VERBOSE: Exporting function 'Get-OSArchitectureWidth'.
2026-05-04 13:27:34,360 20596 [INFO ] - VERBOSE: Exporting function 'Get-PackageParameters'.
2026-05-04 13:27:34,360 20596 [INFO ] - VERBOSE: Exporting function 'Get-PackageParametersBuiltIn'.
2026-05-04 13:27:34,360 20596 [INFO ] - VERBOSE: Exporting function 'Get-ToolsLocation'.
2026-05-04 13:27:34,360 20596 [INFO ] - VERBOSE: Exporting function 'Get-UACEnabled'.
2026-05-04 13:27:34,360 20596 [INFO ] - VERBOSE: Exporting function 'Get-UninstallRegistryKey'.
2026-05-04 13:27:34,360 20596 [INFO ] - VERBOSE: Exporting function 'Get-VirusCheckValid'.
2026-05-04 13:27:34,360 20596 [INFO ] - VERBOSE: Exporting function 'Get-WebFile'.
2026-05-04 13:27:34,360 20596 [INFO ] - VERBOSE: Exporting function 'Get-WebFileName'.
2026-05-04 13:27:34,362 20596 [INFO ] - VERBOSE: Exporting function 'Get-WebHeaders'.
2026-05-04 13:27:34,362 20596 [INFO ] - VERBOSE: Exporting function 'Install-BinFile'.
2026-05-04 13:27:34,362 20596 [INFO ] - VERBOSE: Exporting function 'Install-ChocolateyEnvironmentVariable'.
2026-05-04 13:27:34,362 20596 [INFO ] - VERBOSE: Exporting function 'Install-ChocolateyExplorerMenuItem'.
2026-05-04 13:27:34,362 20596 [INFO ] - VERBOSE: Exporting function 'Install-ChocolateyFileAssociation'.
2026-05-04 13:27:34,362 20596 [INFO ] - VERBOSE: Exporting function 'Install-ChocolateyInstallPackage'.
2026-05-04 13:27:34,362 20596 [INFO ] - VERBOSE: Exporting function 'Install-ChocolateyPackage'.
2026-05-04 13:27:34,362 20596 [INFO ] - VERBOSE: Exporting function 'Install-ChocolateyPinnedTaskBarItem'.
2026-05-04 13:27:34,362 20596 [INFO ] - VERBOSE: Exporting function 'Install-ChocolateyPowershellCommand'.
2026-05-04 13:27:34,364 20596 [INFO ] - VERBOSE: Exporting function 'Install-ChocolateyShortcut'.
2026-05-04 13:27:34,364 20596 [INFO ] - VERBOSE: Exporting function 'Install-ChocolateyVsixPackage'.
2026-05-04 13:27:34,364 20596 [INFO ] - VERBOSE: Exporting function 'Install-ChocolateyZipPackage'.
2026-05-04 13:27:34,364 20596 [INFO ] - VERBOSE: Exporting function 'Install-Vsix'.
2026-05-04 13:27:34,364 20596 [INFO ] - VERBOSE: Exporting function 'Set-PowerShellExitCode'.
2026-05-04 13:27:34,364 20596 [INFO ] - VERBOSE: Exporting function 'Start-ChocolateyProcessAsAdmin'.
2026-05-04 13:27:34,364 20596 [INFO ] - VERBOSE: Exporting function 'Uninstall-BinFile'.
2026-05-04 13:27:34,364 20596 [INFO ] - VERBOSE: Exporting function 'Uninstall-ChocolateyEnvironmentVariable'.
2026-05-04 13:27:34,364 20596 [INFO ] - VERBOSE: Exporting function 'Uninstall-ChocolateyPackage'.
2026-05-04 13:27:34,366 20596 [INFO ] - VERBOSE: Exporting function 'Uninstall-ChocolateyZipPackage'.
2026-05-04 13:27:34,366 20596 [INFO ] - VERBOSE: Exporting function 'Write-FunctionCallLogMessage'.
2026-05-04 13:27:34,366 20596 [INFO ] - VERBOSE: Exporting function 'Install-ChocolateyDesktopLink'.
2026-05-04 13:27:34,366 20596 [INFO ] - VERBOSE: Exporting function 'Write-ChocolateyFailure'.
2026-05-04 13:27:34,366 20596 [INFO ] - VERBOSE: Exporting function 'Write-ChocolateySuccess'.
2026-05-04 13:27:34,366 20596 [INFO ] - VERBOSE: Exporting function 'Write-FileUpdateLog'.
2026-05-04 13:27:34,366 20596 [INFO ] - VERBOSE: Exporting function 'Get-AppInstallLocation'.
2026-05-04 13:27:34,366 20596 [INFO ] - VERBOSE: Exporting function 'Get-AvailableDriveLetter'.
2026-05-04 13:27:34,366 20596 [INFO ] - VERBOSE: Exporting function 'Get-EffectiveProxy'.
2026-05-04 13:27:34,368 20596 [INFO ] - VERBOSE: Exporting function 'Get-PackageCacheLocation'.
2026-05-04 13:27:34,368 20596 [INFO ] - VERBOSE: Exporting function 'Get-WebContent'.
2026-05-04 13:27:34,368 20596 [INFO ] - VERBOSE: Exporting function 'Register-Application'.
2026-05-04 13:27:34,368 20596 [INFO ] - VERBOSE: Exporting function 'Remove-Process'.
2026-05-04 13:27:34,368 20596 [INFO ] - VERBOSE: Exporting function 'Install-DotNetDevPack'.
2026-05-04 13:27:34,368 20596 [INFO ] - VERBOSE: Exporting function 'Install-DotNetFramework'.
2026-05-04 13:27:34,368 20596 [INFO ] - VERBOSE: Exporting function 'Add-VisualStudioComponent'.
2026-05-04 13:27:34,368 20596 [INFO ] - VERBOSE: Exporting function 'Add-VisualStudioWorkload'.
2026-05-04 13:27:34,368 20596 [INFO ] - VERBOSE: Exporting function 'Get-VisualStudioInstaller'.
2026-05-04 13:27:34,368 20596 [INFO ] - VERBOSE: Exporting function 'Get-VisualStudioInstallerHealth'.
2026-05-04 13:27:34,370 20596 [INFO ] - VERBOSE: Exporting function 'Get-VisualStudioInstance'.
2026-05-04 13:27:34,370 20596 [INFO ] - VERBOSE: Exporting function 'Get-VisualStudioVsixInstaller'.
2026-05-04 13:27:34,370 20596 [INFO ] - VERBOSE: Exporting function 'Install-VisualStudio'.
2026-05-04 13:27:34,370 20596 [INFO ] - VERBOSE: Exporting function 'Install-VisualStudioInstaller'.
2026-05-04 13:27:34,370 20596 [INFO ] - VERBOSE: Exporting function 'Install-VisualStudioVsixExtension'.
2026-05-04 13:27:34,370 20596 [INFO ] - VERBOSE: Exporting function 'Remove-VisualStudioComponent'.
2026-05-04 13:27:34,370 20596 [INFO ] - VERBOSE: Exporting function 'Remove-VisualStudioProduct'.
2026-05-04 13:27:34,372 20596 [INFO ] - VERBOSE: Exporting function 'Remove-VisualStudioWorkload'.
2026-05-04 13:27:34,372 20596 [INFO ] - VERBOSE: Exporting function 'Uninstall-VisualStudio'.
2026-05-04 13:27:34,372 20596 [INFO ] - VERBOSE: Exporting function 'Uninstall-VisualStudioVsixExtension'.
2026-05-04 13:27:34,372 20596 [INFO ] - VERBOSE: Exporting function 'Install-WindowsUpdate'.
2026-05-04 13:27:34,372 20596 [INFO ] - VERBOSE: Exporting function 'Test-WindowsUpdate'.
2026-05-04 13:27:34,372 20596 [INFO ] - VERBOSE: Exporting cmdlet 'Get-EnvironmentVariable'.
2026-05-04 13:27:34,372 20596 [INFO ] - VERBOSE: Exporting cmdlet 'Get-EnvironmentVariableNames'.
2026-05-04 13:27:34,372 20596 [INFO ] - VERBOSE: Exporting cmdlet 'Install-ChocolateyPath'.
2026-05-04 13:27:34,372 20596 [INFO ] - VERBOSE: Exporting cmdlet 'Set-EnvironmentVariable'.
2026-05-04 13:27:34,374 20596 [INFO ] - VERBOSE: Exporting cmdlet 'Test-ProcessAdminRights'.
2026-05-04 13:27:34,374 20596 [INFO ] - VERBOSE: Exporting cmdlet 'Uninstall-ChocolateyPath'.
2026-05-04 13:27:34,374 20596 [INFO ] - VERBOSE: Exporting cmdlet 'Update-SessionEnvironment'.
2026-05-04 13:27:34,374 20596 [INFO ] - VERBOSE: Exporting cmdlet 'Get-EnvironmentVariable'.
2026-05-04 13:27:34,374 20596 [INFO ] - VERBOSE: Exporting cmdlet 'Get-EnvironmentVariableNames'.
2026-05-04 13:27:34,374 20596 [INFO ] - VERBOSE: Exporting cmdlet 'Install-ChocolateyPath'.
2026-05-04 13:27:34,374 20596 [INFO ] - VERBOSE: Exporting cmdlet 'Set-EnvironmentVariable'.
2026-05-04 13:27:34,374 20596 [INFO ] - VERBOSE: Exporting cmdlet 'Test-ProcessAdminRights'.
2026-05-04 13:27:34,374 20596 [INFO ] - VERBOSE: Exporting cmdlet 'Uninstall-ChocolateyPath'.
2026-05-04 13:27:34,376 20596 [INFO ] - VERBOSE: Exporting cmdlet 'Update-SessionEnvironment'.
2026-05-04 13:27:34,376 20596 [INFO ] - VERBOSE: Exporting alias 'Get-ProcessorBits'.
2026-05-04 13:27:34,376 20596 [INFO ] - VERBOSE: Exporting alias 'Get-OSBitness'.
2026-05-04 13:27:34,376 20596 [INFO ] - VERBOSE: Exporting alias 'Get-InstallRegistryKey'.
2026-05-04 13:27:34,376 20596 [INFO ] - VERBOSE: Exporting alias 'Generate-BinFile'.
2026-05-04 13:27:34,376 20596 [INFO ] - VERBOSE: Exporting alias 'Add-BinFile'.
2026-05-04 13:27:34,376 20596 [INFO ] - VERBOSE: Exporting alias 'Start-ChocolateyProcess'.
2026-05-04 13:27:34,376 20596 [INFO ] - VERBOSE: Exporting alias 'Invoke-ChocolateyProcess'.
2026-05-04 13:27:34,376 20596 [INFO ] - VERBOSE: Exporting alias 'Remove-BinFile'.
2026-05-04 13:27:34,378 20596 [INFO ] - VERBOSE: Exporting alias 'refreshenv'.
2026-05-04 13:27:34,378 20596 [INFO ] - VERBOSE: Importing cmdlet 'Get-EnvironmentVariable'.
2026-05-04 13:27:34,378 20596 [INFO ] - VERBOSE: Importing cmdlet 'Get-EnvironmentVariableNames'.
2026-05-04 13:27:34,378 20596 [INFO ] - VERBOSE: Importing cmdlet 'Install-ChocolateyPath'.
2026-05-04 13:27:34,378 20596 [INFO ] - VERBOSE: Importing cmdlet 'Set-EnvironmentVariable'.
2026-05-04 13:27:34,378 20596 [INFO ] - VERBOSE: Importing cmdlet 'Test-ProcessAdminRights'.
2026-05-04 13:27:34,378 20596 [INFO ] - VERBOSE: Importing cmdlet 'Uninstall-ChocolateyPath'.
2026-05-04 13:27:34,378 20596 [INFO ] - VERBOSE: Importing cmdlet 'Update-SessionEnvironment'.
2026-05-04 13:27:34,378 20596 [INFO ] - VERBOSE: Importing function 'Add-VisualStudioComponent'.
2026-05-04 13:27:34,380 20596 [INFO ] - VERBOSE: Importing function 'Add-VisualStudioWorkload'.
2026-05-04 13:27:34,380 20596 [INFO ] - VERBOSE: Importing function 'Format-FileSize'.
2026-05-04 13:27:34,380 20596 [INFO ] - VERBOSE: Importing function 'Get-AppInstallLocation'.
2026-05-04 13:27:34,380 20596 [INFO ] - VERBOSE: Importing function 'Get-AvailableDriveLetter'.
2026-05-04 13:27:34,380 20596 [INFO ] - VERBOSE: Importing function 'Get-ChecksumValid'.
2026-05-04 13:27:34,380 20596 [INFO ] - VERBOSE: Importing function 'Get-ChocolateyConfigValue'.
2026-05-04 13:27:34,380 20596 [INFO ] - VERBOSE: Importing function 'Get-ChocolateyPath'.
2026-05-04 13:27:34,380 20596 [INFO ] - VERBOSE: Importing function 'Get-ChocolateyUnzip'.
2026-05-04 13:27:34,382 20596 [INFO ] - VERBOSE: Importing function 'Get-ChocolateyWebFile'.
2026-05-04 13:27:34,382 20596 [INFO ] - VERBOSE: Importing function 'Get-EffectiveProxy'.
2026-05-04 13:27:34,382 20596 [INFO ] - VERBOSE: Importing function 'Get-FtpFile'.
2026-05-04 13:27:34,382 20596 [INFO ] - VERBOSE: Importing function 'Get-OSArchitectureWidth'.
2026-05-04 13:27:34,382 20596 [INFO ] - VERBOSE: Importing function 'Get-PackageCacheLocation'.
2026-05-04 13:27:34,382 20596 [INFO ] - VERBOSE: Importing function 'Get-PackageParameters'.
2026-05-04 13:27:34,382 20596 [INFO ] - VERBOSE: Importing function 'Get-PackageParametersBuiltIn'.
2026-05-04 13:27:34,382 20596 [INFO ] - VERBOSE: Importing function 'Get-ToolsLocation'.
2026-05-04 13:27:34,382 20596 [INFO ] - VERBOSE: Importing function 'Get-UACEnabled'.
2026-05-04 13:27:34,384 20596 [INFO ] - VERBOSE: Importing function 'Get-UninstallRegistryKey'.
2026-05-04 13:27:34,384 20596 [INFO ] - VERBOSE: Importing function 'Get-VirusCheckValid'.
2026-05-04 13:27:34,384 20596 [INFO ] - VERBOSE: Importing function 'Get-VisualStudioInstaller'.
2026-05-04 13:27:34,384 20596 [INFO ] - VERBOSE: Importing function 'Get-VisualStudioInstallerHealth'.
2026-05-04 13:27:34,384 20596 [INFO ] - VERBOSE: Importing function 'Get-VisualStudioInstance'.
2026-05-04 13:27:34,384 20596 [INFO ] - VERBOSE: Importing function 'Get-VisualStudioVsixInstaller'.
2026-05-04 13:27:34,384 20596 [INFO ] - VERBOSE: Importing function 'Get-WebContent'.
2026-05-04 13:27:34,384 20596 [INFO ] - VERBOSE: Importing function 'Get-WebFile'.
2026-05-04 13:27:34,384 20596 [INFO ] - VERBOSE: Importing function 'Get-WebFileName'.
2026-05-04 13:27:34,384 20596 [INFO ] - VERBOSE: Importing function 'Get-WebHeaders'.
2026-05-04 13:27:34,386 20596 [INFO ] - VERBOSE: Importing function 'Install-BinFile'.
2026-05-04 13:27:34,386 20596 [INFO ] - VERBOSE: Importing function 'Install-ChocolateyDesktopLink'.
2026-05-04 13:27:34,386 20596 [INFO ] - VERBOSE: Importing function 'Install-ChocolateyEnvironmentVariable'.
2026-05-04 13:27:34,386 20596 [INFO ] - VERBOSE: Importing function 'Install-ChocolateyExplorerMenuItem'.
2026-05-04 13:27:34,386 20596 [INFO ] - VERBOSE: Importing function 'Install-ChocolateyFileAssociation'.
2026-05-04 13:27:34,386 20596 [INFO ] - VERBOSE: Importing function 'Install-ChocolateyInstallPackage'.
2026-05-04 13:27:34,386 20596 [INFO ] - VERBOSE: Importing function 'Install-ChocolateyPackage'.
2026-05-04 13:27:34,386 20596 [INFO ] - VERBOSE: Importing function 'Install-ChocolateyPinnedTaskBarItem'.
2026-05-04 13:27:34,387 20596 [INFO ] - VERBOSE: Importing function 'Install-ChocolateyPowershellCommand'.
2026-05-04 13:27:34,387 20596 [INFO ] - VERBOSE: Importing function 'Install-ChocolateyShortcut'.
2026-05-04 13:27:34,387 20596 [INFO ] - VERBOSE: Importing function 'Install-ChocolateyVsixPackage'.
2026-05-04 13:27:34,387 20596 [INFO ] - VERBOSE: Importing function 'Install-ChocolateyZipPackage'.
2026-05-04 13:27:34,387 20596 [INFO ] - VERBOSE: Importing function 'Install-DotNetDevPack'.
2026-05-04 13:27:34,387 20596 [INFO ] - VERBOSE: Importing function 'Install-DotNetFramework'.
2026-05-04 13:27:34,387 20596 [INFO ] - VERBOSE: Importing function 'Install-VisualStudio'.
2026-05-04 13:27:34,387 20596 [INFO ] - VERBOSE: Importing function 'Install-VisualStudioInstaller'.
2026-05-04 13:27:34,387 20596 [INFO ] - VERBOSE: Importing function 'Install-VisualStudioVsixExtension'.
2026-05-04 13:27:34,389 20596 [INFO ] - VERBOSE: Importing function 'Install-Vsix'.
2026-05-04 13:27:34,389 20596 [INFO ] - VERBOSE: Importing function 'Install-WindowsUpdate'.
2026-05-04 13:27:34,389 20596 [INFO ] - VERBOSE: Importing function 'Register-Application'.
2026-05-04 13:27:34,389 20596 [INFO ] - VERBOSE: Importing function 'Remove-Process'.
2026-05-04 13:27:34,389 20596 [INFO ] - VERBOSE: Importing function 'Remove-VisualStudioComponent'.
2026-05-04 13:27:34,389 20596 [INFO ] - VERBOSE: Importing function 'Remove-VisualStudioProduct'.
2026-05-04 13:27:34,389 20596 [INFO ] - VERBOSE: Importing function 'Remove-VisualStudioWorkload'.
2026-05-04 13:27:34,389 20596 [INFO ] - VERBOSE: Importing function 'Set-PowerShellExitCode'.
2026-05-04 13:27:34,389 20596 [INFO ] - VERBOSE: Importing function 'Start-ChocolateyProcessAsAdmin'.
2026-05-04 13:27:34,391 20596 [INFO ] - VERBOSE: Importing function 'Test-WindowsUpdate'.
2026-05-04 13:27:34,391 20596 [INFO ] - VERBOSE: Importing function 'Uninstall-BinFile'.
2026-05-04 13:27:34,391 20596 [INFO ] - VERBOSE: Importing function 'Uninstall-ChocolateyEnvironmentVariable'.
2026-05-04 13:27:34,391 20596 [INFO ] - VERBOSE: Importing function 'Uninstall-ChocolateyPackage'.
2026-05-04 13:27:34,391 20596 [INFO ] - VERBOSE: Importing function 'Uninstall-ChocolateyZipPackage'.
2026-05-04 13:27:34,391 20596 [INFO ] - VERBOSE: Importing function 'Uninstall-VisualStudio'.
2026-05-04 13:27:34,391 20596 [INFO ] - VERBOSE: Importing function 'Uninstall-VisualStudioVsixExtension'.
2026-05-04 13:27:34,391 20596 [INFO ] - VERBOSE: Importing function 'Write-ChocolateyFailure'.
2026-05-04 13:27:34,391 20596 [INFO ] - VERBOSE: Importing function 'Write-ChocolateySuccess'.
2026-05-04 13:27:34,393 20596 [INFO ] - VERBOSE: Importing function 'Write-FileUpdateLog'.
2026-05-04 13:27:34,393 20596 [INFO ] - VERBOSE: Importing function 'Write-FunctionCallLogMessage'.
2026-05-04 13:27:34,393 20596 [INFO ] - VERBOSE: Importing alias 'Add-BinFile'.
2026-05-04 13:27:34,393 20596 [INFO ] - VERBOSE: Importing alias 'Generate-BinFile'.
2026-05-04 13:27:34,393 20596 [INFO ] - VERBOSE: Importing alias 'Get-InstallRegistryKey'.
2026-05-04 13:27:34,393 20596 [INFO ] - VERBOSE: Importing alias 'Get-OSBitness'.
2026-05-04 13:27:34,393 20596 [INFO ] - VERBOSE: Importing alias 'Get-ProcessorBits'.
2026-05-04 13:27:34,393 20596 [INFO ] - VERBOSE: Importing alias 'Invoke-ChocolateyProcess'.
2026-05-04 13:27:34,393 20596 [INFO ] - VERBOSE: Importing alias 'refreshenv'.
2026-05-04 13:27:34,395 20596 [INFO ] - VERBOSE: Importing alias 'Remove-BinFile'.
2026-05-04 13:27:34,395 20596 [INFO ] - VERBOSE: Importing alias 'Start-ChocolateyProcess'.
2026-05-04 13:27:34,411 20596 [DEBUG] - ---------------------------Script Execution---------------------------
2026-05-04 13:27:34,413 20596 [DEBUG] - Running 'ChocolateyScriptRunner' for python314 v3.14.4 with packageScript 'C:\ProgramData\chocolatey\lib\python314\tools\chocolateyInstall.ps1', packageFolder:'C:\ProgramData\chocolatey\lib\python314', installArguments: '', packageParameters: '', preRunHookScripts: '', postRunHookScripts: '',
2026-05-04 13:27:34,423 20596 [DEBUG] - Running package script 'C:\ProgramData\chocolatey\lib\python314\tools\chocolateyInstall.ps1'
2026-05-04 13:27:34,436 20596 [DEBUG] - Running Get-PackageParameters 
2026-05-04 13:27:34,438 20596 [DEBUG] - Parsing $env:ChocolateyPackageParameters and $env:ChocolateyPackageParametersSensitive for parameters
2026-05-04 13:27:34,468 20596 [DEBUG] - Running Install-ChocolateyInstallPackage -packageName 'python314' -fileType 'exe' -file64 'C:\ProgramData\chocolatey\lib\python314\tools\python-3.14.4-amd64.exe' -validExitCodes '0' -silentArgs '/quiet InstallAllUsers=1 PrependPath=1 TargetDir="C:\Python314"' -file 'C:\ProgramData\chocolatey\lib\python314\tools\python-3.14.4.exe' 
2026-05-04 13:27:34,470 20596 [DEBUG] - Running Get-OSArchitectureWidth -compare '32' 
2026-05-04 13:27:34,476 20596 [INFO ] - Installing 64-bit python314...
2026-05-04 13:27:34,498 20596 [DEBUG] - Ensuring 'C:\' exists
2026-05-04 13:27:34,514 20596 [DEBUG] - Running Start-ChocolateyProcessAsAdmin -validExitCodes '0' -workingDirectory 'C:\ProgramData\chocolatey\lib\python314\tools' -statements '/quiet InstallAllUsers=1 PrependPath=1 TargetDir="C:\Python314"' -exeToRun 'C:\ProgramData\chocolatey\lib\python314\tools\python-3.14.4-amd64.exe' 
2026-05-04 13:27:34,514 20596 [DEBUG] - Running Test-ProcessAdminRights
2026-05-04 13:27:34,514 20596 [DEBUG] - Test-ProcessAdminRights: returning True
2026-05-04 13:27:34,514 20596 [DEBUG] - Finishing 'Test-ProcessAdminRights'
2026-05-04 13:27:34,514 20596 [DEBUG] - Elevating permissions and running ["C:\ProgramData\chocolatey\lib\python314\tools\python-3.14.4-amd64.exe" /quiet InstallAllUsers=1 PrependPath=1 TargetDir="C:\Python314"]. This may take a while, depending on the statements.
2026-05-04 13:28:57,868 20596 [DEBUG] - Command ["C:\ProgramData\chocolatey\lib\python314\tools\python-3.14.4-amd64.exe" /quiet InstallAllUsers=1 PrependPath=1 TargetDir="C:\Python314"] exited with '0'.
2026-05-04 13:28:57,884 20596 [DEBUG] - Finishing 'Start-ChocolateyProcessAsAdmin'
2026-05-04 13:28:57,884 20596 [INFO ] - python314 has been installed.
2026-05-04 13:28:57,884 20596 [DEBUG] - Running Install-BinFile -name 'python3.14' -path 'C:\Python314\python.exe' 
2026-05-04 13:28:57,899 20596 [DEBUG] - ShimGen found at 'C:\ProgramData\chocolatey\tools\shimgen.exe'
2026-05-04 13:28:57,899 20596 [DEBUG] - Calling C:\ProgramData\chocolatey\tools\shimgen.exe -o "C:\ProgramData\chocolatey\bin\python3.14.exe" -p "c:\python314\python.exe" -i "C:\Python314\python.exe"
2026-05-04 13:28:58,249 20596 [INFO ] - Added C:\ProgramData\chocolatey\bin\python3.14.exe shim pointed to 'c:\python314\python.exe'.
2026-05-04 13:28:58,265 20596 [DEBUG] - Running Update-SessionEnvironment
2026-05-04 13:28:58,265 20596 [INFO ] - VERBOSE: Refreshing environment variables from the registry.
2026-05-04 13:28:58,265 20596 [DEBUG] - Finishing 'Update-SessionEnvironment'
2026-05-04 13:28:58,265 20596 [DEBUG] - Running Get-OSArchitectureWidth -compare '32' 
2026-05-04 13:28:58,281 20596 [INFO ] - Python installed to: 'C:\Python314'
2026-05-04 13:28:58,281 20596 [DEBUG] - Ensure-Permissions
2026-05-04 13:28:58,281 20596 [DEBUG] - Running Test-ProcessAdminRights
2026-05-04 13:28:58,281 20596 [DEBUG] - Test-ProcessAdminRights: returning True
2026-05-04 13:28:58,281 20596 [DEBUG] - Finishing 'Test-ProcessAdminRights'
2026-05-04 13:28:58,297 20596 [DEBUG] - Removing existing permissions.
2026-05-04 13:28:58,297 20596 [INFO ] - Restricting write permissions to Administrators
2026-05-04 13:28:58,313 20596 [DEBUG] - Current user no longer set due to possible escalation of privileges - set $env:ChocolateyInstallAllowCurrentUser="true" if you require this.
2026-05-04 13:28:58,313 20596 [DEBUG] - Set Owner to Administrators
2026-05-04 13:28:58,313 20596 [DEBUG] - Default Installation folder - removing inheritance with no copy
2026-05-04 13:29:03,600 20596 [DEBUG] - ----------------------------------------------------------------------
2026-05-04 13:29:03,613 20596 [DEBUG] - Built-in PowerShell host called with ['[System.Threading.Thread]::CurrentThread.CurrentCulture = '';[System.Threading.Thread]::CurrentThread.CurrentUICulture = '';[System.Net.ServicePointManager]::SecurityProtocol = [System.Net.SecurityProtocolType]::SystemDefault; & import-module -name 'C:\ProgramData\chocolatey\helpers\chocolateyInstaller.psm1'; & 'C:\ProgramData\chocolatey\helpers\chocolateyScriptRunner.ps1' -packageScript 'C:\ProgramData\chocolatey\lib\python314\tools\chocolateyInstall.ps1' -installArguments '' -packageParameters '' -preRunHookScripts $null -postRunHookScripts $null'] exited with '0'.
2026-05-04 13:29:03,613 20596 [DEBUG] - Calling command ['"C:\WINDOWS\System32\shutdown.exe" /a']
2026-05-04 13:29:03,631 20596 [DEBUG] - Command ['"C:\WINDOWS\System32\shutdown.exe" /a'] exited with '1116'
2026-05-04 13:29:03,663 20596 [INFO ] -   python314 can be automatically uninstalled.
2026-05-04 13:29:03,663 20596 [WARN ] - Environment Vars (like PATH) have changed. Close/reopen your shell to
 see the changes (or in powershell/cmd.exe just type `refreshenv`).
2026-05-04 13:29:03,663 20596 [DEBUG] - Logging of values is not turned on by default because it
 could potentially expose sensitive data. If you understand the risk,
 please see `choco feature --help` for information to turn it on.
2026-05-04 13:29:03,663 20596 [DEBUG] - The following values have been added/changed (may contain sensitive data):
2026-05-04 13:29:03,663 20596 [DEBUG] -   * Path='[REDACTED]' (Machine)
2026-05-04 13:29:03,663 20596 [DEBUG] - Capturing package files in 'C:\ProgramData\chocolatey\lib\python314'
2026-05-04 13:29:03,790 20596 [DEBUG] -  Found 'C:\ProgramData\chocolatey\lib\python314\python314.nupkg'
  with checksum 'B446FC68F39A7D1879B4EEA2CE62F3B6'
2026-05-04 13:29:03,790 20596 [DEBUG] -  Found 'C:\ProgramData\chocolatey\lib\python314\python314.nuspec'
  with checksum '9A9D80FE72B5E1DACE668245ED7B3BF9'
2026-05-04 13:29:03,790 20596 [DEBUG] -  Found 'C:\ProgramData\chocolatey\lib\python314\legal\LICENSE.txt'
  with checksum '8CD81090FE565350090DD930173C9695'
2026-05-04 13:29:03,790 20596 [DEBUG] -  Found 'C:\ProgramData\chocolatey\lib\python314\legal\VERIFICATION.txt'
  with checksum '5C6F6CD38CEBD623478FCA104BE814B7'
2026-05-04 13:29:03,790 20596 [DEBUG] -  Found 'C:\ProgramData\chocolatey\lib\python314\tools\chocolateyInstall.ps1'
  with checksum '23B0949B34F9DA2A8F72D8622C5276BB'
2026-05-04 13:29:03,790 20596 [DEBUG] -  Found 'C:\ProgramData\chocolatey\lib\python314\tools\chocolateyUninstall.ps1'
  with checksum '54E28B2E143FF2A087DDCE309594D47B'
2026-05-04 13:29:03,790 20596 [DEBUG] -  Found 'C:\ProgramData\chocolatey\lib\python314\tools\helpers.ps1'
  with checksum '39F884F3000D98FDBA07699DD3B8CD63'
2026-05-04 13:29:03,790 20596 [DEBUG] -  Found 'C:\ProgramData\chocolatey\lib\python314\tools\python-3.14.4-amd64.exe.ignore'
  with checksum 'BEA07E6D2B8DCE396FE21BAA61B34956'
2026-05-04 13:29:03,837 20596 [DEBUG] - Attempting to create directory "C:\ProgramData\chocolatey\.chocolatey\python314.3.14.4".
2026-05-04 13:29:03,837 20596 [DEBUG] - There was no original file at 'C:\ProgramData\chocolatey\.chocolatey\python314.3.14.4\.registry'
2026-05-04 13:29:03,853 20596 [DEBUG] - There was no original file at 'C:\ProgramData\chocolatey\.chocolatey\python314.3.14.4\.files'
2026-05-04 13:29:03,853 20596 [DEBUG] - Attempting to delete file "C:\ProgramData\chocolatey\.chocolatey\python314.3.14.4\.extra".
2026-05-04 13:29:03,853 20596 [DEBUG] - Attempting to delete file "C:\ProgramData\chocolatey\.chocolatey\python314.3.14.4\.version".
2026-05-04 13:29:03,853 20596 [DEBUG] - Attempting to delete file "C:\ProgramData\chocolatey\.chocolatey\python314.3.14.4\.sxs".
2026-05-04 13:29:03,853 20596 [DEBUG] - Attempting to delete file "C:\ProgramData\chocolatey\.chocolatey\python314.3.14.4\.pin".
2026-05-04 13:29:03,853 20596 [DEBUG] - Attempting to delete file "C:\ProgramData\chocolatey\.chocolatey\python314.3.14.4\.deploymentLocation".
2026-05-04 13:29:03,853 20596 [DEBUG] - Attempting to delete file "C:\ProgramData\chocolatey\.chocolatey\python314.3.14.4\.sourceInstalledFrom".
2026-05-04 13:29:03,853 20596 [DEBUG] - Sending message 'HandlePackageResultCompletedMessage' out if there are subscribers...
2026-05-04 13:29:03,853 20596 [DEBUG] - Attempting to delete file "C:\ProgramData\chocolatey\lib\python314\.chocolateyPending".
2026-05-04 13:29:03,853 20596 [DEBUG] - Attempting to delete directory "C:\ProgramData\chocolatey\lib-bkp\python314".
2026-05-04 13:29:03,853 20596 [INFO ] -  The upgrade of python314 was successful.
2026-05-04 13:29:03,853 20596 [INFO ] -   Software installed as 'exe', install location is likely default.
2026-05-04 13:29:03,853 20596 [INFO ] - [NuGet]   CACHE https://community.chocolatey.org/api/v2/Packages(Id='python3',Version='3.14.4')
2026-05-04 13:29:03,853 20596 [DEBUG] - Running beforeModify step for 'python3'
2026-05-04 13:29:03,853 20596 [DEBUG] - Backing up package files for 'python3'
2026-05-04 13:29:03,853 20596 [DEBUG] - Attempting to create directory "C:\ProgramData\chocolatey\lib-bkp\python3".
2026-05-04 13:29:03,853 20596 [DEBUG] - Moving C:\ProgramData\chocolatey\lib\python3 to C:\ProgramData\chocolatey\lib-bkp\python3\3.14.3
2026-05-04 13:29:03,869 20596 [DEBUG] - Moving 'C:\ProgramData\chocolatey\lib\python3'
 to 'C:\ProgramData\chocolatey\lib-bkp\python3\3.14.3'
2026-05-04 13:29:05,883 20596 [DEBUG] - Attempting to create directory "C:\ProgramData\chocolatey\lib\python3".
2026-05-04 13:29:05,883 20596 [DEBUG] - Attempting to copy "C:\ProgramData\chocolatey\lib-bkp\python3\3.14.3\python3.nupkg"
 to "C:\ProgramData\chocolatey\lib\python3\python3.nupkg".
2026-05-04 13:29:05,883 20596 [DEBUG] - Attempting to copy "C:\ProgramData\chocolatey\lib-bkp\python3\3.14.3\python3.nuspec"
 to "C:\ProgramData\chocolatey\lib\python3\python3.nuspec".
2026-05-04 13:29:07,394 20596 [DEBUG] - Capturing package files in 'C:\ProgramData\chocolatey\lib\python3'
2026-05-04 13:29:07,394 20596 [DEBUG] -  Found 'C:\ProgramData\chocolatey\lib\python3\python3.nupkg'
  with checksum '40CBD7B9FB47001094C0C8CC6FA21811'
2026-05-04 13:29:07,394 20596 [DEBUG] -  Found 'C:\ProgramData\chocolatey\lib\python3\python3.nuspec'
  with checksum '9C4AA909D716B38B2B483E3CB2291F54'
2026-05-04 13:29:07,394 20596 [DEBUG] - Ensuring removal of installation files.
2026-05-04 13:29:07,394 20596 [DEBUG] -  Found 'C:\ProgramData\chocolatey\lib\python3\python3.nupkg'
  with checksum '40CBD7B9FB47001094C0C8CC6FA21811'
2026-05-04 13:29:07,394 20596 [DEBUG] - Attempting to delete file "C:\ProgramData\chocolatey\lib\python3\python3.nupkg".
2026-05-04 13:29:07,394 20596 [DEBUG] -  Found 'C:\ProgramData\chocolatey\lib\python3\python3.nuspec'
  with checksum '9C4AA909D716B38B2B483E3CB2291F54'
2026-05-04 13:29:07,394 20596 [DEBUG] - Attempting to delete file "C:\ProgramData\chocolatey\lib\python3\python3.nuspec".
2026-05-04 13:29:07,394 20596 [DEBUG] - Attempting to delete directory "C:\ProgramData\chocolatey\lib\python3".
2026-05-04 13:29:07,394 20596 [DEBUG] - Removing nupkg if it still exists.
2026-05-04 13:29:07,394 20596 [DEBUG] - Attempting to delete file "".
2026-05-04 13:29:07,394 20596 [INFO ] - Downloading package from source 'https://community.chocolatey.org/api/v2/'
2026-05-04 13:29:07,394 20596 [DEBUG] - Package download location 'https://community.chocolatey.org/api/v2/package/python3/3.14.4'
2026-05-04 13:29:07,394 20596 [INFO ] - [NuGet]   GET https://community.chocolatey.org/api/v2/package/python3/3.14.4
2026-05-04 13:29:07,650 20596 [INFO ] - [NuGet]   OK https://community.chocolatey.org/api/v2/package/python3/3.14.4 254ms
2026-05-04 13:29:07,650 20596 [INFO ] - [NuGet] Acquiring lock for the installation of python3 3.14.4
2026-05-04 13:29:08,093 20596 [INFO ] - [NuGet] Acquired lock for the installation of python3 3.14.4
2026-05-04 13:29:08,093 20596 [INFO ] - [NuGet] Installed python3 3.14.4 from https://community.chocolatey.org/api/v2/ with content hash PShlu+UEFzn/4iHbnZ7G9dDZOTgUw79HvuDRzqxGq4Plp1gDDxxSxrhH05vksMwxDxWEm+YqO+8KbCtCdz2kUQ==.
2026-05-04 13:29:08,093 20596 [DEBUG] - Skipping package hash validation as feature 'usePackageHashValidation' is not enabled.
2026-05-04 13:29:08,103 20596 [INFO ] - [NuGet] Adding package 'python3.3.14.4 : python314 [3.14.4, 3.14.4]' to folder 'C:\ProgramData\chocolatey\lib'
2026-05-04 13:29:08,105 20596 [INFO ] - [NuGet] Added package 'python3.3.14.4 : python314 [3.14.4, 3.14.4]' to folder 'C:\ProgramData\chocolatey\lib'
2026-05-04 13:29:08,105 20596 [DEBUG] - Attempting to delete file "C:\Users\tsmit\AppData\Local\Temp\ChocolateyScratch\python3/3.14.4\python3.3.14.4.nupkg".
2026-05-04 13:29:08,105 20596 [DEBUG] - Attempting to delete file "C:\Users\tsmit\AppData\Local\Temp\ChocolateyScratch\python3/3.14.4\.nupkg.metadata".
2026-05-04 13:29:08,108 20596 [DEBUG] - Attempting to delete file "C:\Users\tsmit\AppData\Local\Temp\ChocolateyScratch\python3/3.14.4\python3.3.14.4.nupkg.sha512".
2026-05-04 13:29:08,108 20596 [INFO ] - 
python3 v3.14.4 [Approved]
2026-05-04 13:29:08,108 20596 [INFO ] - python3 package files upgrade completed. Performing other installation steps.
2026-05-04 13:29:08,158 20596 [DEBUG] - Capturing package files in 'C:\ProgramData\chocolatey\lib\python3'
2026-05-04 13:29:08,158 20596 [DEBUG] -  Found 'C:\ProgramData\chocolatey\lib\python3\python3.nupkg'
  with checksum '972B56345C53181E9735BB02DDF0E261'
2026-05-04 13:29:08,160 20596 [DEBUG] -  Found 'C:\ProgramData\chocolatey\lib\python3\python3.nuspec'
  with checksum 'C658D3A2D209918AA7D1ED9B779ED919'
2026-05-04 13:29:08,160 20596 [DEBUG] - Attempting to create directory "C:\ProgramData\chocolatey\.chocolatey\python3.3.14.4".
2026-05-04 13:29:08,160 20596 [DEBUG] - There was no original file at 'C:\ProgramData\chocolatey\.chocolatey\python3.3.14.4\.files'
2026-05-04 13:29:08,162 20596 [DEBUG] - Attempting to delete file "C:\ProgramData\chocolatey\.chocolatey\python3.3.14.4\.extra".
2026-05-04 13:29:08,162 20596 [DEBUG] - Attempting to delete file "C:\ProgramData\chocolatey\.chocolatey\python3.3.14.4\.version".
2026-05-04 13:29:08,162 20596 [DEBUG] - Attempting to delete file "C:\ProgramData\chocolatey\.chocolatey\python3.3.14.4\.sxs".
2026-05-04 13:29:08,162 20596 [DEBUG] - Attempting to delete file "C:\ProgramData\chocolatey\.chocolatey\python3.3.14.4\.pin".
2026-05-04 13:29:08,162 20596 [DEBUG] - Attempting to delete file "C:\ProgramData\chocolatey\.chocolatey\python3.3.14.4\.sourceInstalledFrom".
2026-05-04 13:29:08,162 20596 [DEBUG] - Sending message 'HandlePackageResultCompletedMessage' out if there are subscribers...
2026-05-04 13:29:08,162 20596 [DEBUG] - Attempting to delete file "C:\ProgramData\chocolatey\lib\python3\.chocolateyPending".
2026-05-04 13:29:08,162 20596 [DEBUG] - Attempting to delete directory "C:\ProgramData\chocolatey\lib-bkp\python3".
2026-05-04 13:29:08,162 20596 [INFO ] -  The upgrade of python3 was successful.
2026-05-04 13:29:08,162 20596 [INFO ] -   Deployed to 'C:\ProgramData\chocolatey\lib\python3'
2026-05-04 13:29:08,167 20596 [DEBUG] - Running beforeModify step for 'python'
2026-05-04 13:29:08,167 20596 [DEBUG] - Backing up package files for 'python'
2026-05-04 13:29:08,169 20596 [DEBUG] - Attempting to create directory "C:\ProgramData\chocolatey\lib-bkp\python".
2026-05-04 13:29:08,169 20596 [DEBUG] - Moving C:\ProgramData\chocolatey\lib\python to C:\ProgramData\chocolatey\lib-bkp\python\3.14.3
2026-05-04 13:29:08,169 20596 [DEBUG] - Moving 'C:\ProgramData\chocolatey\lib\python'
 to 'C:\ProgramData\chocolatey\lib-bkp\python\3.14.3'
2026-05-04 13:29:10,174 20596 [DEBUG] - Attempting to create directory "C:\ProgramData\chocolatey\lib\python".
2026-05-04 13:29:10,174 20596 [DEBUG] - Attempting to copy "C:\ProgramData\chocolatey\lib-bkp\python\3.14.3\python.nupkg"
 to "C:\ProgramData\chocolatey\lib\python\python.nupkg".
2026-05-04 13:29:10,174 20596 [DEBUG] - Attempting to copy "C:\ProgramData\chocolatey\lib-bkp\python\3.14.3\python.nuspec"
 to "C:\ProgramData\chocolatey\lib\python\python.nuspec".
2026-05-04 13:29:11,693 20596 [DEBUG] - Capturing package files in 'C:\ProgramData\chocolatey\lib\python'
2026-05-04 13:29:11,693 20596 [DEBUG] -  Found 'C:\ProgramData\chocolatey\lib\python\python.nupkg'
  with checksum 'EF11F3C786C35031C926920C5D0D8331'
2026-05-04 13:29:11,693 20596 [DEBUG] -  Found 'C:\ProgramData\chocolatey\lib\python\python.nuspec'
  with checksum 'A1F8BF2497C2C6E788446B2096C9CC17'
2026-05-04 13:29:11,693 20596 [DEBUG] - Ensuring removal of installation files.
2026-05-04 13:29:11,693 20596 [DEBUG] -  Found 'C:\ProgramData\chocolatey\lib\python\python.nupkg'
  with checksum 'EF11F3C786C35031C926920C5D0D8331'
2026-05-04 13:29:11,693 20596 [DEBUG] - Attempting to delete file "C:\ProgramData\chocolatey\lib\python\python.nupkg".
2026-05-04 13:29:11,693 20596 [DEBUG] -  Found 'C:\ProgramData\chocolatey\lib\python\python.nuspec'
  with checksum 'A1F8BF2497C2C6E788446B2096C9CC17'
2026-05-04 13:29:11,693 20596 [DEBUG] - Attempting to delete file "C:\ProgramData\chocolatey\lib\python\python.nuspec".
2026-05-04 13:29:11,693 20596 [DEBUG] - Attempting to delete directory "C:\ProgramData\chocolatey\lib\python".
2026-05-04 13:29:11,693 20596 [DEBUG] - Removing nupkg if it still exists.
2026-05-04 13:29:11,693 20596 [DEBUG] - Attempting to delete file "".
2026-05-04 13:29:11,693 20596 [INFO ] - Downloading package from source 'https://community.chocolatey.org/api/v2/'
2026-05-04 13:29:11,693 20596 [DEBUG] - Package download location 'https://community.chocolatey.org/api/v2/package/python/3.14.4'
2026-05-04 13:29:11,693 20596 [INFO ] - [NuGet]   GET https://community.chocolatey.org/api/v2/package/python/3.14.4
2026-05-04 13:29:11,901 20596 [INFO ] - [NuGet]   OK https://community.chocolatey.org/api/v2/package/python/3.14.4 206ms
2026-05-04 13:29:11,901 20596 [INFO ] - [NuGet] Acquiring lock for the installation of python 3.14.4
2026-05-04 13:29:11,901 20596 [INFO ] - [NuGet] Acquired lock for the installation of python 3.14.4
2026-05-04 13:29:11,918 20596 [INFO ] - [NuGet] Installed python 3.14.4 from https://community.chocolatey.org/api/v2/ with content hash LzUrtOh6T7Y7NXLJwtFu6WDnhl35CoX1aGqlBvueS5FTzhQp+SynfoEY6MIn21ohwNUn9SszHKXzwbotrGajAg==.
2026-05-04 13:29:11,918 20596 [DEBUG] - Skipping package hash validation as feature 'usePackageHashValidation' is not enabled.
2026-05-04 13:29:11,918 20596 [INFO ] - [NuGet] Adding package 'python.3.14.4 : python3 [3.14.4, 3.14.4]' to folder 'C:\ProgramData\chocolatey\lib'
2026-05-04 13:29:11,918 20596 [INFO ] - [NuGet] Added package 'python.3.14.4 : python3 [3.14.4, 3.14.4]' to folder 'C:\ProgramData\chocolatey\lib'
2026-05-04 13:29:11,918 20596 [DEBUG] - Attempting to delete file "C:\Users\tsmit\AppData\Local\Temp\ChocolateyScratch\python/3.14.4\python.3.14.4.nupkg".
2026-05-04 13:29:11,918 20596 [DEBUG] - Attempting to delete file "C:\Users\tsmit\AppData\Local\Temp\ChocolateyScratch\python/3.14.4\.nupkg.metadata".
2026-05-04 13:29:11,918 20596 [DEBUG] - Attempting to delete file "C:\Users\tsmit\AppData\Local\Temp\ChocolateyScratch\python/3.14.4\python.3.14.4.nupkg.sha512".
2026-05-04 13:29:11,918 20596 [INFO ] - 
python v3.14.4 [Approved]
2026-05-04 13:29:11,918 20596 [INFO ] - python package files upgrade completed. Performing other installation steps.
2026-05-04 13:29:11,964 20596 [DEBUG] - Capturing package files in 'C:\ProgramData\chocolatey\lib\python'
2026-05-04 13:29:11,964 20596 [DEBUG] -  Found 'C:\ProgramData\chocolatey\lib\python\python.nupkg'
  with checksum '33297F164CD4329C40800912A444D201'
2026-05-04 13:29:11,964 20596 [DEBUG] -  Found 'C:\ProgramData\chocolatey\lib\python\python.nuspec'
  with checksum 'FA60DEBAE3E69EFB1715A5383A648C20'
2026-05-04 13:29:11,964 20596 [DEBUG] - Attempting to create directory "C:\ProgramData\chocolatey\.chocolatey\python.3.14.4".
2026-05-04 13:29:11,964 20596 [DEBUG] - There was no original file at 'C:\ProgramData\chocolatey\.chocolatey\python.3.14.4\.files'
2026-05-04 13:29:11,980 20596 [DEBUG] - Attempting to delete file "C:\ProgramData\chocolatey\.chocolatey\python.3.14.4\.extra".
2026-05-04 13:29:11,980 20596 [DEBUG] - Attempting to delete file "C:\ProgramData\chocolatey\.chocolatey\python.3.14.4\.version".
2026-05-04 13:29:11,980 20596 [DEBUG] - Attempting to delete file "C:\ProgramData\chocolatey\.chocolatey\python.3.14.4\.sxs".
2026-05-04 13:29:11,980 20596 [DEBUG] - Attempting to delete file "C:\ProgramData\chocolatey\.chocolatey\python.3.14.4\.pin".
2026-05-04 13:29:11,980 20596 [DEBUG] - Attempting to delete file "C:\ProgramData\chocolatey\.chocolatey\python.3.14.4\.sourceInstalledFrom".
2026-05-04 13:29:11,980 20596 [DEBUG] - Sending message 'HandlePackageResultCompletedMessage' out if there are subscribers...
2026-05-04 13:29:11,980 20596 [DEBUG] - Attempting to delete file "C:\ProgramData\chocolatey\lib\python\.chocolateyPending".
2026-05-04 13:29:11,980 20596 [DEBUG] - Attempting to delete directory "C:\ProgramData\chocolatey\lib-bkp\python".
2026-05-04 13:29:11,980 20596 [INFO ] -  The upgrade of python was successful.
2026-05-04 13:29:11,980 20596 [INFO ] -   Deployed to 'C:\ProgramData\chocolatey\lib\python'
2026-05-04 13:29:11,980 20596 [DEBUG] - Running list with the following filter = ''
2026-05-04 13:29:11,980 20596 [DEBUG] - --- Start of List ---
2026-05-04 13:29:11,980 20596 [DEBUG] - Process Tree: Chocolatey CLI => Chocolatey CLI => powershell
2026-05-04 13:29:11,980 20596 [DEBUG] - Updating User Agent to 'Chocolatey Command Line/2.7.1 (Chocolatey CLI) via NuGet Client/6.4.1 (Microsoft Windows NT 10.0.26200.0)'.
2026-05-04 13:29:11,980 20596 [DEBUG] - chocolatey 2.7.1
2026-05-04 13:29:11,980 20596 [DEBUG] - chocolatey-compatibility.extension 1.0.0
2026-05-04 13:29:11,996 20596 [DEBUG] - chocolatey-core.extension 1.4.0
2026-05-04 13:29:11,996 20596 [DEBUG] - chocolatey-dotnetfx.extension 1.0.1
2026-05-04 13:29:11,996 20596 [DEBUG] - chocolatey-visualstudio.extension 1.13.0
2026-05-04 13:29:11,996 20596 [DEBUG] - chocolatey-windowsupdate.extension 1.0.5
2026-05-04 13:29:11,996 20596 [DEBUG] - dotnetfx 4.8.0.20220524
2026-05-04 13:29:11,996 20596 [DEBUG] - KB2919355 1.0.20160915
2026-05-04 13:29:11,996 20596 [DEBUG] - KB2919442 1.0.20160915
2026-05-04 13:29:11,996 20596 [DEBUG] - KB2999226 1.0.20181019
2026-05-04 13:29:11,996 20596 [DEBUG] - KB3033929 1.0.5
2026-05-04 13:29:11,996 20596 [DEBUG] - KB3035131 1.0.3
2026-05-04 13:29:11,996 20596 [DEBUG] - openssl 4.0.0
2026-05-04 13:29:11,996 20596 [DEBUG] - python 3.14.4
2026-05-04 13:29:12,012 20596 [DEBUG] - python3 3.14.4
2026-05-04 13:29:12,012 20596 [DEBUG] - python314 3.14.4
2026-05-04 13:29:12,012 20596 [DEBUG] - vcredist140 14.50.35719
2026-05-04 13:29:12,012 20596 [DEBUG] - vcredist2015 14.0.24215.20170201
2026-05-04 13:29:12,012 20596 [DEBUG] - visualstudio2026buildtools 118.4.2
2026-05-04 13:29:12,012 20596 [DEBUG] - visualstudio2026-workload-vctools 1.0.0
2026-05-04 13:29:12,012 20596 [DEBUG] - visualstudio-installer 2.0.7
2026-05-04 13:29:12,012 20596 [DEBUG] - --- End of List ---
2026-05-04 13:29:12,012 20596 [INFO ] - [NuGet]   GET https://community.chocolatey.org/api/v2/Packages()?$filter=(tolower(Id) eq 'visualstudio2026-workload-vctools') and IsLatestVersion&semVerLevel=2.0.0
2026-05-04 13:29:12,061 20596 [INFO ] - [NuGet]   OK https://community.chocolatey.org/api/v2/Packages()?$filter=(tolower(Id) eq 'visualstudio2026-workload-vctools') and IsLatestVersion&semVerLevel=2.0.0 45ms
2026-05-04 13:29:12,061 20596 [INFO ] - visualstudio2026-workload-vctools v1.0.0 is the latest version available based on your source(s).
2026-05-04 13:29:12,075 20596 [WARN ] - 
Chocolatey upgraded 3/4 packages. 
 See the log for details (C:\ProgramData\chocolatey\logs\chocolatey.log).
2026-05-04 13:29:12,075 20596 [DEBUG] - Sending message 'PostRunMessage' out if there are subscribers...
2026-05-04 13:29:12,075 20596 [DEBUG] - Exiting with 0
2026-05-07 22:17:58,231 5244 [DEBUG] - XmlConfiguration is now operational
2026-05-07 22:17:58,278 5244 [DEBUG] - Adding new type 'CygwinService' for type 'IAlternativeSourceRunner' from assembly 'choco'
2026-05-07 22:17:58,278 5244 [DEBUG] - Adding new type 'CygwinService' for type 'IInstallSourceRunner' from assembly 'choco'
2026-05-07 22:17:58,278 5244 [DEBUG] - Adding new type 'PythonService' for type 'IAlternativeSourceRunner' from assembly 'choco'
2026-05-07 22:17:58,278 5244 [DEBUG] - Adding new type 'PythonService' for type 'IListSourceRunner' from assembly 'choco'
2026-05-07 22:17:58,279 5244 [DEBUG] - Adding new type 'PythonService' for type 'IInstallSourceRunner' from assembly 'choco'
2026-05-07 22:17:58,279 5244 [DEBUG] - Adding new type 'PythonService' for type 'IUninstallSourceRunner' from assembly 'choco'
2026-05-07 22:17:58,279 5244 [DEBUG] - Adding new type 'RubyGemsService' for type 'IAlternativeSourceRunner' from assembly 'choco'
2026-05-07 22:17:58,279 5244 [DEBUG] - Adding new type 'RubyGemsService' for type 'IListSourceRunner' from assembly 'choco'
2026-05-07 22:17:58,280 5244 [DEBUG] - Adding new type 'RubyGemsService' for type 'IInstallSourceRunner' from assembly 'choco'
2026-05-07 22:17:58,280 5244 [DEBUG] - Adding new type 'SystemStateValidation' for type 'IValidation' from assembly 'choco'
2026-05-07 22:17:58,280 5244 [DEBUG] - Adding new type 'CacheFolderLockdownValidation' for type 'IValidation' from assembly 'choco'
2026-05-07 22:17:58,527 5244 [DEBUG] - Adding new type 'FrameWorkReferencesMetadataRule' for type 'IMetadataRule' from assembly 'choco'
2026-05-07 22:17:58,527 5244 [DEBUG] - Adding new type 'IconMetadataRule' for type 'IMetadataRule' from assembly 'choco'
2026-05-07 22:17:58,527 5244 [DEBUG] - Adding new type 'LicenseMetadataRule' for type 'IMetadataRule' from assembly 'choco'
2026-05-07 22:17:58,528 5244 [DEBUG] - Adding new type 'PackageTypesMetadataRule' for type 'IMetadataRule' from assembly 'choco'
2026-05-07 22:17:58,528 5244 [DEBUG] - Adding new type 'ReadmeMetadataRule' for type 'IMetadataRule' from assembly 'choco'
2026-05-07 22:17:58,528 5244 [DEBUG] - Adding new type 'RepositoryMetadataRule' for type 'IMetadataRule' from assembly 'choco'
2026-05-07 22:17:58,528 5244 [DEBUG] - Adding new type 'RequiredMetadataRule' for type 'IMetadataRule' from assembly 'choco'
2026-05-07 22:17:58,529 5244 [DEBUG] - Adding new type 'RequireLicenseAcceptanceMetadataRule' for type 'IMetadataRule' from assembly 'choco'
2026-05-07 22:17:58,529 5244 [DEBUG] - Adding new type 'ServicableMetadataRule' for type 'IMetadataRule' from assembly 'choco'
2026-05-07 22:17:58,529 5244 [DEBUG] - Adding new type 'VersionMetadataRule' for type 'IMetadataRule' from assembly 'choco'
2026-05-07 22:17:58,534 5244 [DEBUG] - Registering new command 'apikey' in assembly 'choco'
2026-05-07 22:17:58,534 5244 [DEBUG] - Registering new command 'cache' in assembly 'choco'
2026-05-07 22:17:58,535 5244 [DEBUG] - Registering new command 'config' in assembly 'choco'
2026-05-07 22:17:58,535 5244 [DEBUG] - Registering new command 'export' in assembly 'choco'
2026-05-07 22:17:58,535 5244 [DEBUG] - Registering new command 'feature' in assembly 'choco'
2026-05-07 22:17:58,535 5244 [DEBUG] - Registering new command 'help' in assembly 'choco'
2026-05-07 22:17:58,536 5244 [DEBUG] - Registering new command 'info' in assembly 'choco'
2026-05-07 22:17:58,536 5244 [DEBUG] - Registering new command 'install' in assembly 'choco'
2026-05-07 22:17:58,536 5244 [DEBUG] - Registering new command 'license' in assembly 'choco'
2026-05-07 22:17:58,536 5244 [DEBUG] - Registering new command 'list' in assembly 'choco'
2026-05-07 22:17:58,536 5244 [DEBUG] - Registering new command 'new' in assembly 'choco'
2026-05-07 22:17:58,537 5244 [DEBUG] - Registering new command 'outdated' in assembly 'choco'
2026-05-07 22:17:58,537 5244 [DEBUG] - Registering new command 'pack' in assembly 'choco'
2026-05-07 22:17:58,537 5244 [DEBUG] - Registering new command 'pin' in assembly 'choco'
2026-05-07 22:17:58,537 5244 [DEBUG] - Registering new command 'push' in assembly 'choco'
2026-05-07 22:17:58,538 5244 [DEBUG] - Registering new command 'rule' in assembly 'choco'
2026-05-07 22:17:58,538 5244 [DEBUG] - Registering new command 'search' in assembly 'choco'
2026-05-07 22:17:58,538 5244 [DEBUG] - Registering new command 'source' in assembly 'choco'
2026-05-07 22:17:58,538 5244 [DEBUG] - Registering new command 'support' in assembly 'choco'
2026-05-07 22:17:58,538 5244 [DEBUG] - Registering new command 'template' in assembly 'choco'
2026-05-07 22:17:58,539 5244 [DEBUG] - Registering new command 'uninstall' in assembly 'choco'
2026-05-07 22:17:58,539 5244 [DEBUG] - Registering new command 'unpackself' in assembly 'choco'
2026-05-07 22:17:58,539 5244 [DEBUG] - Registering new command 'upgrade' in assembly 'choco'
2026-05-07 22:17:58,616 5244 [INFO ] - ============================================================
2026-05-07 22:17:58,921 5244 [INFO ] - Chocolatey v2.7.1
2026-05-07 22:17:58,926 5244 [DEBUG] - Chocolatey is running on Windows v 10.0.26200.0
2026-05-07 22:17:58,927 5244 [DEBUG] - Attempting to delete file "C:/ProgramData/chocolatey/choco.exe.old".
2026-05-07 22:17:58,927 5244 [DEBUG] - Attempting to delete file "C:\ProgramData\chocolatey\choco.exe.old".
2026-05-07 22:17:58,936 5244 [DEBUG] - Command line: "C:\ProgramData\chocolatey\choco.exe" install llama-cpp -y
2026-05-07 22:17:58,937 5244 [DEBUG] - Received arguments: install llama-cpp -y
2026-05-07 22:17:58,965 5244 [DEBUG] - RemovePendingPackagesTask is now ready and waiting for PreRunMessage.
2026-05-07 22:17:58,970 5244 [DEBUG] - Sending message 'PreRunMessage' out if there are subscribers...
2026-05-07 22:17:58,974 5244 [DEBUG] - [Pending] Removing all pending packages that should not be considered installed...
2026-05-07 22:17:59,003 5244 [DEBUG] - Performing validation checks.
2026-05-07 22:17:59,005 5244 [DEBUG] - Global Configuration Validation Checks:
2026-05-07 22:17:59,006 5244 [DEBUG] -  - Package Exit Code / Exit On Reboot = Checked
2026-05-07 22:17:59,007 5244 [DEBUG] - System State Validation Checks:
2026-05-07 22:17:59,008 5244 [DEBUG] -  Reboot Requirement Checks:
2026-05-07 22:17:59,009 5244 [DEBUG] -  - Pending Computer Rename = Checked
2026-05-07 22:17:59,010 5244 [DEBUG] -  - Pending Component Based Servicing = Checked
2026-05-07 22:17:59,011 5244 [DEBUG] -  - Pending Windows Auto Update = Checked
2026-05-07 22:17:59,011 5244 [DEBUG] -  - Pending File Rename Operations = Ignored
2026-05-07 22:17:59,012 5244 [DEBUG] -  - Pending Windows Package Installer = Checked
2026-05-07 22:17:59,012 5244 [DEBUG] -  - Pending Windows Package Installer SysWow64 = Checked
2026-05-07 22:17:59,013 5244 [DEBUG] - Cache Folder Lockdown Checks:
2026-05-07 22:17:59,014 5244 [DEBUG] -  - Elevated State = Checked
2026-05-07 22:17:59,014 5244 [DEBUG] -  - Folder Exists = Checked
2026-05-07 22:17:59,016 5244 [DEBUG] -  - Folder lockdown = Checked
2026-05-07 22:17:59,018 5244 [INFO ] - 3 validations performed. 3 success(es), 0 warning(s), and 0 error(s).
2026-05-07 22:17:59,026 5244 [DEBUG] - The source 'https://community.chocolatey.org/api/v2/' evaluated to a 'normal' source type
2026-05-07 22:17:59,027 5244 [DEBUG] - 
NOTE: Hiding sensitive configuration data! Please double and triple
 check to be sure no sensitive data is shown, especially if copying
 output to a gist for review.
2026-05-07 22:17:59,033 5244 [DEBUG] - Configuration: CommandName='install'|
CacheLocation='C:\Users\tsmit\AppData\Local\Temp\chocolatey'|
CommandExecutionTimeoutSeconds='2700'|WebRequestTimeoutSeconds='30'|
Sources='https://community.chocolatey.org/api/v2/'|SourceType='normal'|
IncludeConfiguredSources='False'|ShowOnlineHelp='False'|Debug='False'|
Verbose='False'|Trace='False'|Force='False'|Noop='False'|
HelpRequested='False'|UnsuccessfulParsing='False'|RegularOutput='True'|
QuietOutput='False'|PromptForConfirmation='False'|
DisableCompatibilityChecks='False'|AcceptLicense='True'|
AllowUnofficialBuild='False'|Input='llama-cpp'|AllVersions='False'|
SkipPackageInstallProvider='False'|SkipHookScripts='False'|
PackageNames='llama-cpp'|Prerelease='False'|ForceX86='False'|
OverrideArguments='False'|NotSilent='False'|
ApplyPackageParametersToDependencies='False'|
ApplyInstallArgumentsToDependencies='False'|IgnoreDependencies='False'|
UseHttpCache='True'|CacheExpirationInMinutes='30'|
AllowDowngrade='False'|ForceDependencies='False'|PinPackage='False'|
IncludeHeaders='False'|Information.PlatformType='Windows'|
Information.PlatformVersion='10.0.26200.0'|
Information.PlatformName='Windows 11'|
Information.ChocolateyVersion='2.7.1.0'|
Information.ChocolateyProductVersion='2.7.1'|
Information.FullName='choco, Version=2.7.1.0, Culture=neutral, PublicKeyToken=79d02ea9cad655eb'|

Information.Is64BitOperatingSystem='True'|
Information.Is64BitProcess='True'|Information.IsInteractive='True'|
Information.UserName='tsmit'|
Information.UserDomainName='DESKTOP-GILF4VQ'|
Information.IsUserAdministrator='True'|
Information.IsUserSystemAccount='False'|
Information.IsUserRemoteDesktop='False'|
Information.IsUserRemote='False'|Information.IsProcessElevated='True'|
Information.IsLicensedVersion='False'|
Information.IsLicensedAssemblyLoaded='False'|
Information.LicenseType='Foss'|
Information.CurrentDirectory='C:\Users\tsmit'|
Features.AutoUninstaller='True'|Features.ChecksumFiles='True'|
Features.AllowEmptyChecksums='False'|
Features.AllowEmptyChecksumsSecure='True'|
Features.FailOnAutoUninstaller='False'|
Features.FailOnStandardError='False'|Features.UsePowerShellHost='True'|
Features.LogEnvironmentValues='False'|Features.LogWithoutColor='False'|
Features.VirusCheck='False'|
Features.FailOnInvalidOrMissingLicense='False'|
Features.IgnoreInvalidOptionsSwitches='True'|
Features.UsePackageExitCodes='True'|
Features.UseEnhancedExitCodes='False'|
Features.UseFipsCompliantChecksums='False'|
Features.ShowNonElevatedWarnings='True'|
Features.ShowDownloadProgress='True'|
Features.StopOnFirstPackageFailure='False'|
Features.UseRememberedArgumentsForUpgrades='False'|
Features.IgnoreUnfoundPackagesOnUpgradeOutdated='False'|
Features.SkipPackageUpgradesWhenNotInstalled='False'|
Features.RemovePackageInformationOnUninstall='False'|
Features.ExitOnRebootDetected='False'|
Features.LogValidationResultsOnWarnings='True'|
Features.UsePackageRepositoryOptimizations='True'|
Features.UsePackageHashValidation='False'|
ListCommand.LocalOnly='False'|
ListCommand.IdOnly='False'|ListCommand.IncludeRegistryPrograms='False'|
ListCommand.PageSize='25'|ListCommand.Exact='False'|
ListCommand.ByIdOnly='False'|ListCommand.ByTagOnly='False'|
ListCommand.IdStartsWith='False'|ListCommand.IgnorePinned='False'|
ListCommand.OrderBy='Id'|ListCommand.OrderByPopularity='False'|
ListCommand.ApprovedOnly='False'|
ListCommand.DownloadCacheAvailable='False'|
ListCommand.NotBroken='False'|
ListCommand.IncludeVersionOverrides='False'|
ListCommand.ExplicitPageSize='False'|
ListCommand.ExplicitSource='False'|
UpgradeCommand.FailOnUnfound='False'|
UpgradeCommand.FailOnNotInstalled='False'|
UpgradeCommand.NotifyOnlyAvailableUpgrades='False'|
UpgradeCommand.ExcludePrerelease='False'|
UpgradeCommand.IgnorePinned='False'|
NewCommand.AutomaticPackage='False'|
NewCommand.UseOriginalTemplate='False'|SourceCommand.Command='unknown'|
SourceCommand.Priority='0'|SourceCommand.BypassProxy='False'|
SourceCommand.AllowSelfService='False'|
SourceCommand.VisibleToAdminsOnly='False'|
FeatureCommand.Command='unknown'|ConfigCommand.Command='Unknown'|
ApiKeyCommand.Command='Unknown'|PinCommand.Command='Unknown'|
LicenseCommand.Command='Unknown'|OutdatedCommand.IgnorePinned='False'|
ExportCommand.IncludeVersionNumbers='False'|Proxy.BypassOnLocal='True'|
TemplateCommand.Command='unknown'|CacheCommand.Command='Unknown'|
CacheCommand.RemoveExpiredItemsOnly='False'|
2026-05-07 22:17:59,033 5244 [DEBUG] - _ Chocolatey:ChocolateyInstallCommand - Normal Run Mode _
2026-05-07 22:17:59,036 5244 [INFO ] - Installing the following packages:
2026-05-07 22:17:59,037 5244 [INFO ] - llama-cpp
2026-05-07 22:17:59,038 5244 [INFO ] - By installing, you accept licenses for the packages.
2026-05-07 22:17:59,193 5244 [DEBUG] - Process Tree: Chocolatey CLI => Chocolatey CLI => powershell => WindowsTerminal => explorer
2026-05-07 22:17:59,200 5244 [DEBUG] - Updating User Agent to 'Chocolatey Command Line/2.7.1 (Chocolatey CLI) via NuGet Client/6.4.1 (Microsoft Windows NT 10.0.26200.0)'.
2026-05-07 22:17:59,272 5244 [DEBUG] - Running list with the following filter = ''
2026-05-07 22:17:59,273 5244 [DEBUG] - --- Start of List ---
2026-05-07 22:17:59,283 5244 [DEBUG] - Process Tree: Chocolatey CLI => Chocolatey CLI => powershell => WindowsTerminal => explorer
2026-05-07 22:17:59,284 5244 [DEBUG] - Updating User Agent to 'Chocolatey Command Line/2.7.1 (Chocolatey CLI) via NuGet Client/6.4.1 (Microsoft Windows NT 10.0.26200.0)'.
2026-05-07 22:17:59,285 5244 [DEBUG] - Resolving resource PackageSearchResource for source C:\ProgramData\chocolatey\lib
2026-05-07 22:17:59,423 5244 [DEBUG] - chocolatey 2.7.1
2026-05-07 22:17:59,434 5244 [DEBUG] - chocolatey-compatibility.extension 1.0.0
2026-05-07 22:17:59,436 5244 [DEBUG] - chocolatey-core.extension 1.4.0
2026-05-07 22:17:59,439 5244 [DEBUG] - chocolatey-dotnetfx.extension 1.0.1
2026-05-07 22:17:59,443 5244 [DEBUG] - chocolatey-visualstudio.extension 1.13.0
2026-05-07 22:17:59,446 5244 [DEBUG] - chocolatey-windowsupdate.extension 1.0.5
2026-05-07 22:17:59,448 5244 [DEBUG] - dotnetfx 4.8.0.20220524
2026-05-07 22:17:59,450 5244 [DEBUG] - KB2919355 1.0.20160915
2026-05-07 22:17:59,452 5244 [DEBUG] - KB2919442 1.0.20160915
2026-05-07 22:17:59,454 5244 [DEBUG] - KB2999226 1.0.20181019
2026-05-07 22:17:59,456 5244 [DEBUG] - KB3033929 1.0.5
2026-05-07 22:17:59,458 5244 [DEBUG] - KB3035131 1.0.3
2026-05-07 22:17:59,479 5244 [DEBUG] - openssl 4.0.0
2026-05-07 22:17:59,481 5244 [DEBUG] - python 3.14.4
2026-05-07 22:17:59,483 5244 [DEBUG] - python3 3.14.4
2026-05-07 22:17:59,486 5244 [DEBUG] - python314 3.14.4
2026-05-07 22:17:59,492 5244 [DEBUG] - vcredist140 14.50.35719
2026-05-07 22:17:59,494 5244 [DEBUG] - vcredist2015 14.0.24215.20170201
2026-05-07 22:17:59,498 5244 [DEBUG] - visualstudio2026buildtools 118.4.2
2026-05-07 22:17:59,503 5244 [DEBUG] - visualstudio2026-workload-vctools 1.0.0
2026-05-07 22:17:59,505 5244 [DEBUG] - visualstudio-installer 2.0.7
2026-05-07 22:17:59,506 5244 [DEBUG] - --- End of List ---
2026-05-07 22:17:59,507 5244 [DEBUG] - Resolving resource ListResource for source https://community.chocolatey.org/api/v2/
2026-05-07 22:17:59,785 5244 [INFO ] - [NuGet]   GET https://community.chocolatey.org/api/v2/$metadata
2026-05-07 22:17:59,829 5244 [INFO ] - [NuGet]   OK https://community.chocolatey.org/api/v2/$metadata 43ms
2026-05-07 22:17:59,855 5244 [INFO ] - [NuGet]   GET https://community.chocolatey.org/api/v2/Packages()?$filter=(tolower(Id) eq 'llama-cpp') and IsLatestVersion&semVerLevel=2.0.0
2026-05-07 22:18:00,342 5244 [INFO ] - [NuGet]   OK https://community.chocolatey.org/api/v2/Packages()?$filter=(tolower(Id) eq 'llama-cpp') and IsLatestVersion&semVerLevel=2.0.0 486ms
2026-05-07 22:18:00,346 5244 [ERROR] - llama-cpp not installed. The package was not found with the source(s) listed.
 Source(s): 'https://community.chocolatey.org/api/v2/'
 NOTE: When you specify explicit sources, it overrides default sources.
If the package version is a prerelease and you didn't specify `--pre`,
 the package may not be found.
Please see https://docs.chocolatey.org/en-us/troubleshooting for more
 assistance.
2026-05-07 22:18:00,353 5244 [WARN ] - 
Chocolatey installed 0/1 packages. 1 packages failed.
 See the log for details (C:\ProgramData\chocolatey\logs\chocolatey.log).
2026-05-07 22:18:00,353 5244 [INFO ] - 
2026-05-07 22:18:00,354 5244 [ERROR] - Failures
2026-05-07 22:18:00,355 5244 [ERROR] -  - llama-cpp - llama-cpp not installed. The package was not found with the source(s) listed.
 Source(s): 'https://community.chocolatey.org/api/v2/'
 NOTE: When you specify explicit sources, it overrides default sources.
If the package version is a prerelease and you didn't specify `--pre`,
 the package may not be found.
Please see https://docs.chocolatey.org/en-us/troubleshooting for more
 assistance.
2026-05-07 22:18:00,356 5244 [DEBUG] - Sending message 'PostRunMessage' out if there are subscribers...
2026-05-07 22:18:00,357 5244 [DEBUG] - Exiting with 1
2026-06-27 03:56:41,903 15008 [DEBUG] - XmlConfiguration is now operational
2026-06-27 03:56:41,953 15008 [DEBUG] - Adding new type 'CygwinService' for type 'IAlternativeSourceRunner' from assembly 'choco'
2026-06-27 03:56:41,953 15008 [DEBUG] - Adding new type 'CygwinService' for type 'IInstallSourceRunner' from assembly 'choco'
2026-06-27 03:56:41,953 15008 [DEBUG] - Adding new type 'PythonService' for type 'IAlternativeSourceRunner' from assembly 'choco'
2026-06-27 03:56:41,953 15008 [DEBUG] - Adding new type 'PythonService' for type 'IListSourceRunner' from assembly 'choco'
2026-06-27 03:56:41,953 15008 [DEBUG] - Adding new type 'PythonService' for type 'IInstallSourceRunner' from assembly 'choco'
2026-06-27 03:56:41,953 15008 [DEBUG] - Adding new type 'PythonService' for type 'IUninstallSourceRunner' from assembly 'choco'
2026-06-27 03:56:41,953 15008 [DEBUG] - Adding new type 'RubyGemsService' for type 'IAlternativeSourceRunner' from assembly 'choco'
2026-06-27 03:56:41,953 15008 [DEBUG] - Adding new type 'RubyGemsService' for type 'IListSourceRunner' from assembly 'choco'
2026-06-27 03:56:41,953 15008 [DEBUG] - Adding new type 'RubyGemsService' for type 'IInstallSourceRunner' from assembly 'choco'
2026-06-27 03:56:41,953 15008 [DEBUG] - Adding new type 'SystemStateValidation' for type 'IValidation' from assembly 'choco'
2026-06-27 03:56:41,953 15008 [DEBUG] - Adding new type 'CacheFolderLockdownValidation' for type 'IValidation' from assembly 'choco'
2026-06-27 03:56:42,259 15008 [DEBUG] - Adding new type 'FrameWorkReferencesMetadataRule' for type 'IMetadataRule' from assembly 'choco'
2026-06-27 03:56:42,259 15008 [DEBUG] - Adding new type 'IconMetadataRule' for type 'IMetadataRule' from assembly 'choco'
2026-06-27 03:56:42,259 15008 [DEBUG] - Adding new type 'LicenseMetadataRule' for type 'IMetadataRule' from assembly 'choco'
2026-06-27 03:56:42,259 15008 [DEBUG] - Adding new type 'PackageTypesMetadataRule' for type 'IMetadataRule' from assembly 'choco'
2026-06-27 03:56:42,259 15008 [DEBUG] - Adding new type 'ReadmeMetadataRule' for type 'IMetadataRule' from assembly 'choco'
2026-06-27 03:56:42,259 15008 [DEBUG] - Adding new type 'RepositoryMetadataRule' for type 'IMetadataRule' from assembly 'choco'
2026-06-27 03:56:42,259 15008 [DEBUG] - Adding new type 'RequiredMetadataRule' for type 'IMetadataRule' from assembly 'choco'
2026-06-27 03:56:42,259 15008 [DEBUG] - Adding new type 'RequireLicenseAcceptanceMetadataRule' for type 'IMetadataRule' from assembly 'choco'
2026-06-27 03:56:42,259 15008 [DEBUG] - Adding new type 'ServicableMetadataRule' for type 'IMetadataRule' from assembly 'choco'
2026-06-27 03:56:42,259 15008 [DEBUG] - Adding new type 'VersionMetadataRule' for type 'IMetadataRule' from assembly 'choco'
2026-06-27 03:56:42,259 15008 [DEBUG] - Registering new command 'apikey' in assembly 'choco'
2026-06-27 03:56:42,259 15008 [DEBUG] - Registering new command 'cache' in assembly 'choco'
2026-06-27 03:56:42,259 15008 [DEBUG] - Registering new command 'config' in assembly 'choco'
2026-06-27 03:56:42,275 15008 [DEBUG] - Registering new command 'export' in assembly 'choco'
2026-06-27 03:56:42,275 15008 [DEBUG] - Registering new command 'feature' in assembly 'choco'
2026-06-27 03:56:42,275 15008 [DEBUG] - Registering new command 'help' in assembly 'choco'
2026-06-27 03:56:42,275 15008 [DEBUG] - Registering new command 'info' in assembly 'choco'
2026-06-27 03:56:42,275 15008 [DEBUG] - Registering new command 'install' in assembly 'choco'
2026-06-27 03:56:42,275 15008 [DEBUG] - Registering new command 'license' in assembly 'choco'
2026-06-27 03:56:42,275 15008 [DEBUG] - Registering new command 'list' in assembly 'choco'
2026-06-27 03:56:42,275 15008 [DEBUG] - Registering new command 'new' in assembly 'choco'
2026-06-27 03:56:42,275 15008 [DEBUG] - Registering new command 'outdated' in assembly 'choco'
2026-06-27 03:56:42,275 15008 [DEBUG] - Registering new command 'pack' in assembly 'choco'
2026-06-27 03:56:42,275 15008 [DEBUG] - Registering new command 'pin' in assembly 'choco'
2026-06-27 03:56:42,275 15008 [DEBUG] - Registering new command 'push' in assembly 'choco'
2026-06-27 03:56:42,275 15008 [DEBUG] - Registering new command 'rule' in assembly 'choco'
2026-06-27 03:56:42,275 15008 [DEBUG] - Registering new command 'search' in assembly 'choco'
2026-06-27 03:56:42,275 15008 [DEBUG] - Registering new command 'source' in assembly 'choco'
2026-06-27 03:56:42,275 15008 [DEBUG] - Registering new command 'support' in assembly 'choco'
2026-06-27 03:56:42,275 15008 [DEBUG] - Registering new command 'template' in assembly 'choco'
2026-06-27 03:56:42,275 15008 [DEBUG] - Registering new command 'uninstall' in assembly 'choco'
2026-06-27 03:56:42,275 15008 [DEBUG] - Registering new command 'unpackself' in assembly 'choco'
2026-06-27 03:56:42,275 15008 [DEBUG] - Registering new command 'upgrade' in assembly 'choco'
2026-06-27 03:56:42,382 15008 [INFO ] - ============================================================
2026-06-27 03:56:42,515 15008 [DEBUG] - User may be subject to UAC, checking for a split token (not 100%
 effective).
2026-06-27 03:56:42,531 15008 [INFO ] - Chocolatey v2.7.1
2026-06-27 03:56:42,531 15008 [DEBUG] - Chocolatey is running on Windows v 10.0.26200.0
2026-06-27 03:56:42,531 15008 [DEBUG] - Attempting to delete file "C:/ProgramData/chocolatey/choco.exe.old".
2026-06-27 03:56:42,531 15008 [DEBUG] - Attempting to delete file "C:\ProgramData\chocolatey\choco.exe.old".
2026-06-27 03:56:42,547 15008 [DEBUG] - Command line: "C:\ProgramData\chocolatey\choco.exe" list --local-only
2026-06-27 03:56:42,547 15008 [DEBUG] - Received arguments: list --local-only
2026-06-27 03:56:42,581 15008 [DEBUG] - RemovePendingPackagesTask is now ready and waiting for PreRunMessage.
2026-06-27 03:56:42,601 15008 [DEBUG] - Sending message 'PreRunMessage' out if there are subscribers...
2026-06-27 03:56:42,606 15008 [DEBUG] - [Pending] Removing all pending packages that should not be considered installed...
2026-06-27 03:56:42,641 15008 [DEBUG] - Sending message 'PostRunMessage' out if there are subscribers...
2026-06-27 03:56:42,641 15008 [ERROR] - Invalid argument --local-only. This argument has been removed from the list command and cannot be used.
2026-06-27 03:56:42,641 15008 [ERROR] - More Details: System.ApplicationException: Invalid argument --local-only. This argument has been removed from the list command and cannot be used.
   at chocolatey.infrastructure.app.commands.ChocolateyListCommand.ParseAdditionalArguments(IList`1 unparsedArguments, ChocolateyConfiguration configuration)
   at chocolatey.infrastructure.app.runners.ConsoleApplication.<>c__DisplayClass0_1.<Run>b__5(IList`1 unparsedArgs)
   at chocolatey.infrastructure.app.configuration.ConfigurationOptions.ParseArgumentsAndUpdateConfiguration(ICollection`1 args, ChocolateyConfiguration configuration, Action`1 setOptions, Action`1 afterParse, Action validateConfiguration, Action helpMessage)
   at chocolatey.infrastructure.app.runners.ConsoleApplication.<>c__DisplayClass0_0.<Run>b__3(ICommand command)
   at chocolatey.infrastructure.app.runners.GenericRunner.FindCommand(ChocolateyConfiguration config, Container container, Boolean isConsole, Action`1 parseArgs)
   at chocolatey.infrastructure.app.runners.GenericRunner.Run(ChocolateyConfiguration config, Container container, Boolean isConsole, Action`1 parseArgs)
   at chocolatey.infrastructure.app.runners.ConsoleApplication.Run(String[] args, ChocolateyConfiguration config, Container container)
   at chocolatey.console.Program.Main(String[] args)
2026-06-27 03:56:42,641 15008 [DEBUG] - Exiting with 1
2026-06-27 03:56:54,289 5496 [DEBUG] - XmlConfiguration is now operational
2026-06-27 03:56:54,321 5496 [DEBUG] - Adding new type 'CygwinService' for type 'IAlternativeSourceRunner' from assembly 'choco'
2026-06-27 03:56:54,321 5496 [DEBUG] - Adding new type 'CygwinService' for type 'IInstallSourceRunner' from assembly 'choco'
2026-06-27 03:56:54,321 5496 [DEBUG] - Adding new type 'PythonService' for type 'IAlternativeSourceRunner' from assembly 'choco'
2026-06-27 03:56:54,321 5496 [DEBUG] - Adding new type 'PythonService' for type 'IListSourceRunner' from assembly 'choco'
2026-06-27 03:56:54,321 5496 [DEBUG] - Adding new type 'PythonService' for type 'IInstallSourceRunner' from assembly 'choco'
2026-06-27 03:56:54,321 5496 [DEBUG] - Adding new type 'PythonService' for type 'IUninstallSourceRunner' from assembly 'choco'
2026-06-27 03:56:54,321 5496 [DEBUG] - Adding new type 'RubyGemsService' for type 'IAlternativeSourceRunner' from assembly 'choco'
2026-06-27 03:56:54,321 5496 [DEBUG] - Adding new type 'RubyGemsService' for type 'IListSourceRunner' from assembly 'choco'
2026-06-27 03:56:54,321 5496 [DEBUG] - Adding new type 'RubyGemsService' for type 'IInstallSourceRunner' from assembly 'choco'
2026-06-27 03:56:54,321 5496 [DEBUG] - Adding new type 'SystemStateValidation' for type 'IValidation' from assembly 'choco'
2026-06-27 03:56:54,321 5496 [DEBUG] - Adding new type 'CacheFolderLockdownValidation' for type 'IValidation' from assembly 'choco'
2026-06-27 03:56:54,540 5496 [DEBUG] - Adding new type 'FrameWorkReferencesMetadataRule' for type 'IMetadataRule' from assembly 'choco'
2026-06-27 03:56:54,541 5496 [DEBUG] - Adding new type 'IconMetadataRule' for type 'IMetadataRule' from assembly 'choco'
2026-06-27 03:56:54,541 5496 [DEBUG] - Adding new type 'LicenseMetadataRule' for type 'IMetadataRule' from assembly 'choco'
2026-06-27 03:56:54,541 5496 [DEBUG] - Adding new type 'PackageTypesMetadataRule' for type 'IMetadataRule' from assembly 'choco'
2026-06-27 03:56:54,542 5496 [DEBUG] - Adding new type 'ReadmeMetadataRule' for type 'IMetadataRule' from assembly 'choco'
2026-06-27 03:56:54,542 5496 [DEBUG] - Adding new type 'RepositoryMetadataRule' for type 'IMetadataRule' from assembly 'choco'
2026-06-27 03:56:54,542 5496 [DEBUG] - Adding new type 'RequiredMetadataRule' for type 'IMetadataRule' from assembly 'choco'
2026-06-27 03:56:54,542 5496 [DEBUG] - Adding new type 'RequireLicenseAcceptanceMetadataRule' for type 'IMetadataRule' from assembly 'choco'
2026-06-27 03:56:54,543 5496 [DEBUG] - Adding new type 'ServicableMetadataRule' for type 'IMetadataRule' from assembly 'choco'
2026-06-27 03:56:54,543 5496 [DEBUG] - Adding new type 'VersionMetadataRule' for type 'IMetadataRule' from assembly 'choco'
2026-06-27 03:56:54,549 5496 [DEBUG] - Registering new command 'apikey' in assembly 'choco'
2026-06-27 03:56:54,549 5496 [DEBUG] - Registering new command 'cache' in assembly 'choco'
2026-06-27 03:56:54,549 5496 [DEBUG] - Registering new command 'config' in assembly 'choco'
2026-06-27 03:56:54,549 5496 [DEBUG] - Registering new command 'export' in assembly 'choco'
2026-06-27 03:56:54,549 5496 [DEBUG] - Registering new command 'feature' in assembly 'choco'
2026-06-27 03:56:54,551 5496 [DEBUG] - Registering new command 'help' in assembly 'choco'
2026-06-27 03:56:54,551 5496 [DEBUG] - Registering new command 'info' in assembly 'choco'
2026-06-27 03:56:54,551 5496 [DEBUG] - Registering new command 'install' in assembly 'choco'
2026-06-27 03:56:54,551 5496 [DEBUG] - Registering new command 'license' in assembly 'choco'
2026-06-27 03:56:54,551 5496 [DEBUG] - Registering new command 'list' in assembly 'choco'
2026-06-27 03:56:54,551 5496 [DEBUG] - Registering new command 'new' in assembly 'choco'
2026-06-27 03:56:54,551 5496 [DEBUG] - Registering new command 'outdated' in assembly 'choco'
2026-06-27 03:56:54,551 5496 [DEBUG] - Registering new command 'pack' in assembly 'choco'
2026-06-27 03:56:54,551 5496 [DEBUG] - Registering new command 'pin' in assembly 'choco'
2026-06-27 03:56:54,551 5496 [DEBUG] - Registering new command 'push' in assembly 'choco'
2026-06-27 03:56:54,553 5496 [DEBUG] - Registering new command 'rule' in assembly 'choco'
2026-06-27 03:56:54,553 5496 [DEBUG] - Registering new command 'search' in assembly 'choco'
2026-06-27 03:56:54,553 5496 [DEBUG] - Registering new command 'source' in assembly 'choco'
2026-06-27 03:56:54,553 5496 [DEBUG] - Registering new command 'support' in assembly 'choco'
2026-06-27 03:56:54,553 5496 [DEBUG] - Registering new command 'template' in assembly 'choco'
2026-06-27 03:56:54,553 5496 [DEBUG] - Registering new command 'uninstall' in assembly 'choco'
2026-06-27 03:56:54,553 5496 [DEBUG] - Registering new command 'unpackself' in assembly 'choco'
2026-06-27 03:56:54,553 5496 [DEBUG] - Registering new command 'upgrade' in assembly 'choco'
2026-06-27 03:56:54,615 5496 [INFO ] - ============================================================
2026-06-27 03:56:54,689 5496 [DEBUG] - User may be subject to UAC, checking for a split token (not 100%
 effective).
2026-06-27 03:56:54,703 5496 [INFO ] - Chocolatey v2.7.1
2026-06-27 03:56:54,707 5496 [DEBUG] - Chocolatey is running on Windows v 10.0.26200.0
2026-06-27 03:56:54,709 5496 [DEBUG] - Attempting to delete file "C:/ProgramData/chocolatey/choco.exe.old".
2026-06-27 03:56:54,709 5496 [DEBUG] - Attempting to delete file "C:\ProgramData\chocolatey\choco.exe.old".
2026-06-27 03:56:54,713 5496 [DEBUG] - Command line: "C:\ProgramData\chocolatey\choco.exe" list --local-only
2026-06-27 03:56:54,713 5496 [DEBUG] - Received arguments: list --local-only
2026-06-27 03:56:54,741 5496 [DEBUG] - RemovePendingPackagesTask is now ready and waiting for PreRunMessage.
2026-06-27 03:56:54,747 5496 [DEBUG] - Sending message 'PreRunMessage' out if there are subscribers...
2026-06-27 03:56:54,751 5496 [DEBUG] - [Pending] Removing all pending packages that should not be considered installed...
2026-06-27 03:56:54,781 5496 [DEBUG] - Sending message 'PostRunMessage' out if there are subscribers...
2026-06-27 03:56:54,783 5496 [ERROR] - Invalid argument --local-only. This argument has been removed from the list command and cannot be used.
2026-06-27 03:56:54,784 5496 [ERROR] - More Details: System.ApplicationException: Invalid argument --local-only. This argument has been removed from the list command and cannot be used.
   at chocolatey.infrastructure.app.commands.ChocolateyListCommand.ParseAdditionalArguments(IList`1 unparsedArguments, ChocolateyConfiguration configuration)
   at chocolatey.infrastructure.app.runners.ConsoleApplication.<>c__DisplayClass0_1.<Run>b__5(IList`1 unparsedArgs)
   at chocolatey.infrastructure.app.configuration.ConfigurationOptions.ParseArgumentsAndUpdateConfiguration(ICollection`1 args, ChocolateyConfiguration configuration, Action`1 setOptions, Action`1 afterParse, Action validateConfiguration, Action helpMessage)
   at chocolatey.infrastructure.app.runners.ConsoleApplication.<>c__DisplayClass0_0.<Run>b__3(ICommand command)
   at chocolatey.infrastructure.app.runners.GenericRunner.FindCommand(ChocolateyConfiguration config, Container container, Boolean isConsole, Action`1 parseArgs)
   at chocolatey.infrastructure.app.runners.GenericRunner.Run(ChocolateyConfiguration config, Container container, Boolean isConsole, Action`1 parseArgs)
   at chocolatey.infrastructure.app.runners.ConsoleApplication.Run(String[] args, ChocolateyConfiguration config, Container container)
   at chocolatey.console.Program.Main(String[] args)
2026-06-27 03:56:54,784 5496 [DEBUG] - Exiting with 1
2026-06-27 03:57:00,362 19752 [DEBUG] - XmlConfiguration is now operational
2026-06-27 03:57:00,407 19752 [DEBUG] - Adding new type 'CygwinService' for type 'IAlternativeSourceRunner' from assembly 'choco'
2026-06-27 03:57:00,407 19752 [DEBUG] - Adding new type 'CygwinService' for type 'IInstallSourceRunner' from assembly 'choco'
2026-06-27 03:57:00,407 19752 [DEBUG] - Adding new type 'PythonService' for type 'IAlternativeSourceRunner' from assembly 'choco'
2026-06-27 03:57:00,409 19752 [DEBUG] - Adding new type 'PythonService' for type 'IListSourceRunner' from assembly 'choco'
2026-06-27 03:57:00,409 19752 [DEBUG] - Adding new type 'PythonService' for type 'IInstallSourceRunner' from assembly 'choco'
2026-06-27 03:57:00,409 19752 [DEBUG] - Adding new type 'PythonService' for type 'IUninstallSourceRunner' from assembly 'choco'
2026-06-27 03:57:00,409 19752 [DEBUG] - Adding new type 'RubyGemsService' for type 'IAlternativeSourceRunner' from assembly 'choco'
2026-06-27 03:57:00,409 19752 [DEBUG] - Adding new type 'RubyGemsService' for type 'IListSourceRunner' from assembly 'choco'
2026-06-27 03:57:00,409 19752 [DEBUG] - Adding new type 'RubyGemsService' for type 'IInstallSourceRunner' from assembly 'choco'
2026-06-27 03:57:00,409 19752 [DEBUG] - Adding new type 'SystemStateValidation' for type 'IValidation' from assembly 'choco'
2026-06-27 03:57:00,411 19752 [DEBUG] - Adding new type 'CacheFolderLockdownValidation' for type 'IValidation' from assembly 'choco'
2026-06-27 03:57:00,619 19752 [DEBUG] - Adding new type 'FrameWorkReferencesMetadataRule' for type 'IMetadataRule' from assembly 'choco'
2026-06-27 03:57:00,619 19752 [DEBUG] - Adding new type 'IconMetadataRule' for type 'IMetadataRule' from assembly 'choco'
2026-06-27 03:57:00,619 19752 [DEBUG] - Adding new type 'LicenseMetadataRule' for type 'IMetadataRule' from assembly 'choco'
2026-06-27 03:57:00,619 19752 [DEBUG] - Adding new type 'PackageTypesMetadataRule' for type 'IMetadataRule' from assembly 'choco'
2026-06-27 03:57:00,621 19752 [DEBUG] - Adding new type 'ReadmeMetadataRule' for type 'IMetadataRule' from assembly 'choco'
2026-06-27 03:57:00,621 19752 [DEBUG] - Adding new type 'RepositoryMetadataRule' for type 'IMetadataRule' from assembly 'choco'
2026-06-27 03:57:00,621 19752 [DEBUG] - Adding new type 'RequiredMetadataRule' for type 'IMetadataRule' from assembly 'choco'
2026-06-27 03:57:00,621 19752 [DEBUG] - Adding new type 'RequireLicenseAcceptanceMetadataRule' for type 'IMetadataRule' from assembly 'choco'
2026-06-27 03:57:00,621 19752 [DEBUG] - Adding new type 'ServicableMetadataRule' for type 'IMetadataRule' from assembly 'choco'
2026-06-27 03:57:00,621 19752 [DEBUG] - Adding new type 'VersionMetadataRule' for type 'IMetadataRule' from assembly 'choco'
2026-06-27 03:57:00,627 19752 [DEBUG] - Registering new command 'apikey' in assembly 'choco'
2026-06-27 03:57:00,629 19752 [DEBUG] - Registering new command 'cache' in assembly 'choco'
2026-06-27 03:57:00,631 19752 [DEBUG] - Registering new command 'config' in assembly 'choco'
2026-06-27 03:57:00,631 19752 [DEBUG] - Registering new command 'export' in assembly 'choco'
2026-06-27 03:57:00,631 19752 [DEBUG] - Registering new command 'feature' in assembly 'choco'
2026-06-27 03:57:00,631 19752 [DEBUG] - Registering new command 'help' in assembly 'choco'
2026-06-27 03:57:00,631 19752 [DEBUG] - Registering new command 'info' in assembly 'choco'
2026-06-27 03:57:00,631 19752 [DEBUG] - Registering new command 'install' in assembly 'choco'
2026-06-27 03:57:00,633 19752 [DEBUG] - Registering new command 'license' in assembly 'choco'
2026-06-27 03:57:00,633 19752 [DEBUG] - Registering new command 'list' in assembly 'choco'
2026-06-27 03:57:00,633 19752 [DEBUG] - Registering new command 'new' in assembly 'choco'
2026-06-27 03:57:00,633 19752 [DEBUG] - Registering new command 'outdated' in assembly 'choco'
2026-06-27 03:57:00,633 19752 [DEBUG] - Registering new command 'pack' in assembly 'choco'
2026-06-27 03:57:00,633 19752 [DEBUG] - Registering new command 'pin' in assembly 'choco'
2026-06-27 03:57:00,633 19752 [DEBUG] - Registering new command 'push' in assembly 'choco'
2026-06-27 03:57:00,633 19752 [DEBUG] - Registering new command 'rule' in assembly 'choco'
2026-06-27 03:57:00,633 19752 [DEBUG] - Registering new command 'search' in assembly 'choco'
2026-06-27 03:57:00,635 19752 [DEBUG] - Registering new command 'source' in assembly 'choco'
2026-06-27 03:57:00,635 19752 [DEBUG] - Registering new command 'support' in assembly 'choco'
2026-06-27 03:57:00,635 19752 [DEBUG] - Registering new command 'template' in assembly 'choco'
2026-06-27 03:57:00,635 19752 [DEBUG] - Registering new command 'uninstall' in assembly 'choco'
2026-06-27 03:57:00,635 19752 [DEBUG] - Registering new command 'unpackself' in assembly 'choco'
2026-06-27 03:57:00,635 19752 [DEBUG] - Registering new command 'upgrade' in assembly 'choco'
2026-06-27 03:57:00,697 19752 [INFO ] - ============================================================
2026-06-27 03:57:00,769 19752 [DEBUG] - User may be subject to UAC, checking for a split token (not 100%
 effective).
2026-06-27 03:57:00,782 19752 [INFO ] - Chocolatey v2.7.1
2026-06-27 03:57:00,785 19752 [DEBUG] - Chocolatey is running on Windows v 10.0.26200.0
2026-06-27 03:57:00,787 19752 [DEBUG] - Attempting to delete file "C:/ProgramData/chocolatey/choco.exe.old".
2026-06-27 03:57:00,787 19752 [DEBUG] - Attempting to delete file "C:\ProgramData\chocolatey\choco.exe.old".
2026-06-27 03:57:00,791 19752 [DEBUG] - Command line: "C:\ProgramData\chocolatey\choco.exe" search ripgrep
2026-06-27 03:57:00,791 19752 [DEBUG] - Received arguments: search ripgrep
2026-06-27 03:57:00,821 19752 [DEBUG] - RemovePendingPackagesTask is now ready and waiting for PreRunMessage.
2026-06-27 03:57:00,827 19752 [DEBUG] - Sending message 'PreRunMessage' out if there are subscribers...
2026-06-27 03:57:00,831 19752 [DEBUG] - [Pending] Removing all pending packages that should not be considered installed...
2026-06-27 03:57:00,862 19752 [DEBUG] - Performing validation checks.
2026-06-27 03:57:00,864 19752 [DEBUG] - Global Configuration Validation Checks:
2026-06-27 03:57:00,865 19752 [DEBUG] -  - Package Exit Code / Exit On Reboot = Checked
2026-06-27 03:57:00,866 19752 [DEBUG] - System State Validation Checks:
2026-06-27 03:57:00,866 19752 [DEBUG] -  Reboot Requirement Checks:
2026-06-27 03:57:00,867 19752 [DEBUG] -  - Pending Computer Rename = Checked
2026-06-27 03:57:00,871 19752 [DEBUG] -  - Pending Component Based Servicing = Checked
2026-06-27 03:57:00,871 19752 [DEBUG] -  - Pending Windows Auto Update = Checked
2026-06-27 03:57:00,872 19752 [DEBUG] -  - Pending File Rename Operations = Ignored
2026-06-27 03:57:00,872 19752 [DEBUG] -  - Pending Windows Package Installer = Checked
2026-06-27 03:57:00,873 19752 [DEBUG] -  - Pending Windows Package Installer SysWow64 = Checked
2026-06-27 03:57:00,874 19752 [DEBUG] - Cache Folder Lockdown Checks:
2026-06-27 03:57:00,874 19752 [DEBUG] -  - Elevated State = Failed
2026-06-27 03:57:00,876 19752 [INFO ] - 3 validations performed. 3 success(es), 0 warning(s), and 0 error(s).
2026-06-27 03:57:00,882 19752 [DEBUG] - The source 'https://community.chocolatey.org/api/v2/' evaluated to a 'normal' source type
2026-06-27 03:57:00,882 19752 [DEBUG] - 
NOTE: Hiding sensitive configuration data! Please double and triple
 check to be sure no sensitive data is shown, especially if copying
 output to a gist for review.
2026-06-27 03:57:00,882 19752 [DEBUG] - Configuration: CommandName='search'|
CacheLocation='C:\Users\tsmit\AppData\Local\Temp\chocolatey'|
CommandExecutionTimeoutSeconds='2700'|WebRequestTimeoutSeconds='30'|
Sources='https://community.chocolatey.org/api/v2/'|SourceType='normal'|
IncludeConfiguredSources='False'|ShowOnlineHelp='False'|Debug='False'|
Verbose='False'|Trace='False'|Force='False'|Noop='False'|
HelpRequested='False'|UnsuccessfulParsing='False'|RegularOutput='True'|
QuietOutput='False'|PromptForConfirmation='True'|
DisableCompatibilityChecks='False'|AcceptLicense='False'|
AllowUnofficialBuild='False'|Input='ripgrep'|AllVersions='False'|
SkipPackageInstallProvider='False'|SkipHookScripts='False'|
Prerelease='False'|ForceX86='False'|OverrideArguments='False'|
NotSilent='False'|ApplyPackageParametersToDependencies='False'|
ApplyInstallArgumentsToDependencies='False'|IgnoreDependencies='False'|
UseHttpCache='True'|CacheExpirationInMinutes='30'|
AllowDowngrade='False'|ForceDependencies='False'|PinPackage='False'|
IncludeHeaders='False'|Information.PlatformType='Windows'|
Information.PlatformVersion='10.0.26200.0'|
Information.PlatformName='Windows 11'|
Information.ChocolateyVersion='2.7.1.0'|
Information.ChocolateyProductVersion='2.7.1'|
Information.FullName='choco, Version=2.7.1.0, Culture=neutral, PublicKeyToken=79d02ea9cad655eb'|

Information.Is64BitOperatingSystem='True'|
Information.Is64BitProcess='True'|Information.IsInteractive='True'|
Information.UserName='tsmit'|
Information.UserDomainName='DESKTOP-GILF4VQ'|
Information.IsUserAdministrator='True'|
Information.IsUserSystemAccount='False'|
Information.IsUserRemoteDesktop='False'|
Information.IsUserRemote='False'|Information.IsProcessElevated='False'|
Information.IsLicensedVersion='False'|
Information.IsLicensedAssemblyLoaded='False'|
Information.LicenseType='Foss'|
Information.CurrentDirectory='C:\Users\tsmit\realai'|
Features.AutoUninstaller='True'|Features.ChecksumFiles='True'|
Features.AllowEmptyChecksums='False'|
Features.AllowEmptyChecksumsSecure='True'|
Features.FailOnAutoUninstaller='False'|
Features.FailOnStandardError='False'|Features.UsePowerShellHost='True'|
Features.LogEnvironmentValues='False'|Features.LogWithoutColor='False'|
Features.VirusCheck='False'|
Features.FailOnInvalidOrMissingLicense='False'|
Features.IgnoreInvalidOptionsSwitches='True'|
Features.UsePackageExitCodes='True'|
Features.UseEnhancedExitCodes='False'|
Features.UseFipsCompliantChecksums='False'|
Features.ShowNonElevatedWarnings='True'|
Features.ShowDownloadProgress='True'|
Features.StopOnFirstPackageFailure='False'|
Features.UseRememberedArgumentsForUpgrades='False'|
Features.IgnoreUnfoundPackagesOnUpgradeOutdated='False'|
Features.SkipPackageUpgradesWhenNotInstalled='False'|
Features.RemovePackageInformationOnUninstall='False'|
Features.ExitOnRebootDetected='False'|
Features.LogValidationResultsOnWarnings='True'|
Features.UsePackageRepositoryOptimizations='True'|
Features.UsePackageHashValidation='False'|
ListCommand.LocalOnly='False'|
ListCommand.IdOnly='False'|ListCommand.IncludeRegistryPrograms='False'|
ListCommand.PageSize='25'|ListCommand.Exact='False'|
ListCommand.ByIdOnly='False'|ListCommand.ByTagOnly='False'|
ListCommand.IdStartsWith='False'|ListCommand.IgnorePinned='False'|
ListCommand.OrderBy='Id'|ListCommand.OrderByPopularity='False'|
ListCommand.ApprovedOnly='False'|
ListCommand.DownloadCacheAvailable='False'|
ListCommand.NotBroken='False'|
ListCommand.IncludeVersionOverrides='False'|
ListCommand.ExplicitPageSize='False'|
ListCommand.ExplicitSource='False'|
UpgradeCommand.FailOnUnfound='False'|
UpgradeCommand.FailOnNotInstalled='False'|
UpgradeCommand.NotifyOnlyAvailableUpgrades='False'|
UpgradeCommand.ExcludePrerelease='False'|
UpgradeCommand.IgnorePinned='False'|
NewCommand.AutomaticPackage='False'|
NewCommand.UseOriginalTemplate='False'|SourceCommand.Command='unknown'|
SourceCommand.Priority='0'|SourceCommand.BypassProxy='False'|
SourceCommand.AllowSelfService='False'|
SourceCommand.VisibleToAdminsOnly='False'|
FeatureCommand.Command='unknown'|ConfigCommand.Command='Unknown'|
ApiKeyCommand.Command='Unknown'|PinCommand.Command='Unknown'|
LicenseCommand.Command='Unknown'|OutdatedCommand.IgnorePinned='False'|
ExportCommand.IncludeVersionNumbers='False'|Proxy.BypassOnLocal='True'|
TemplateCommand.Command='unknown'|CacheCommand.Command='Unknown'|
CacheCommand.RemoveExpiredItemsOnly='False'|
2026-06-27 03:57:00,882 19752 [DEBUG] - _ Chocolatey:ChocolateySearchCommand - Normal Run Mode _
2026-06-27 03:57:00,882 19752 [DEBUG] - Searching for package information
2026-06-27 03:57:00,900 19752 [DEBUG] - Running list with the following filter = 'ripgrep'
2026-06-27 03:57:00,902 19752 [DEBUG] - --- Start of List ---
2026-06-27 03:57:01,003 19752 [DEBUG] - Process Tree: Chocolatey CLI => Chocolatey CLI => pwsh => Code => Code => explorer
2026-06-27 03:57:01,015 19752 [DEBUG] - Updating User Agent to 'Chocolatey Command Line/2.7.1 (Chocolatey CLI) via NuGet Client/6.4.1 (Microsoft Windows NT 10.0.26200.0)'.
2026-06-27 03:57:01,084 19752 [DEBUG] - Resolving resource PackageSearchResource for source https://community.chocolatey.org/api/v2/
2026-06-27 03:57:01,498 19752 [INFO ] - [NuGet]   GET https://community.chocolatey.org/api/v2/Search()?$filter=IsLatestVersion&$orderby=Id&searchTerm='ripgrep'&targetFramework=''&includePrerelease=false&$skip=0&$top=30&semVerLevel=2.0.0
2026-06-27 03:57:01,545 19752 [INFO ] - [NuGet]   OK https://community.chocolatey.org/api/v2/Search()?$filter=IsLatestVersion&$orderby=Id&searchTerm='ripgrep'&targetFramework=''&includePrerelease=false&$skip=0&$top=30&semVerLevel=2.0.0 45ms
2026-06-27 03:57:01,572 19752 [INFO ] - [NuGet]   GET http://community.chocolatey.org/api/v2/Search?searchTerm='ripgrep'&targetFramework=''&includePrerelease=false&$filter=IsLatestVersion&$orderby=Id&$top=30&$skiptoken='vscode-todo-tree'
2026-06-27 03:57:01,683 19752 [INFO ] - [NuGet]   OK http://community.chocolatey.org/api/v2/Search?searchTerm='ripgrep'&targetFramework=''&includePrerelease=false&$filter=IsLatestVersion&$orderby=Id&$top=30&$skiptoken='vscode-todo-tree' 123ms
2026-06-27 03:57:01,723 19752 [INFO ] - recur 0.2.5 [Approved] Downloads cached for licensed users
2026-06-27 03:57:01,723 19752 [INFO ] - ripgrep 14.1.0 [Approved]
2026-06-27 03:57:01,723 19752 [INFO ] - ripgrep-all 0.10.9 [Approved] Downloads cached for licensed users
2026-06-27 03:57:01,723 19752 [INFO ] - ugrep 7.8.2 [Approved]
2026-06-27 03:57:01,723 19752 [INFO ] - vscode-todo-tree 0.0.226 [Approved]
2026-06-27 03:57:01,723 19752 [DEBUG] - --- End of List ---
2026-06-27 03:57:01,723 19752 [WARN ] - 5 packages found.
2026-06-27 03:57:01,723 19752 [DEBUG] - Sending message 'PostRunMessage' out if there are subscribers...
2026-06-27 03:57:01,723 19752 [DEBUG] - Exiting with 0
2026-06-27 03:57:07,022 3732 [DEBUG] - XmlConfiguration is now operational
2026-06-27 03:57:07,042 3732 [DEBUG] - Adding new type 'CygwinService' for type 'IAlternativeSourceRunner' from assembly 'choco'
2026-06-27 03:57:07,042 3732 [DEBUG] - Adding new type 'CygwinService' for type 'IInstallSourceRunner' from assembly 'choco'
2026-06-27 03:57:07,042 3732 [DEBUG] - Adding new type 'PythonService' for type 'IAlternativeSourceRunner' from assembly 'choco'
2026-06-27 03:57:07,042 3732 [DEBUG] - Adding new type 'PythonService' for type 'IListSourceRunner' from assembly 'choco'
2026-06-27 03:57:07,042 3732 [DEBUG] - Adding new type 'PythonService' for type 'IInstallSourceRunner' from assembly 'choco'
2026-06-27 03:57:07,042 3732 [DEBUG] - Adding new type 'PythonService' for type 'IUninstallSourceRunner' from assembly 'choco'
2026-06-27 03:57:07,042 3732 [DEBUG] - Adding new type 'RubyGemsService' for type 'IAlternativeSourceRunner' from assembly 'choco'
2026-06-27 03:57:07,057 3732 [DEBUG] - Adding new type 'RubyGemsService' for type 'IListSourceRunner' from assembly 'choco'
2026-06-27 03:57:07,057 3732 [DEBUG] - Adding new type 'RubyGemsService' for type 'IInstallSourceRunner' from assembly 'choco'
2026-06-27 03:57:07,057 3732 [DEBUG] - Adding new type 'SystemStateValidation' for type 'IValidation' from assembly 'choco'
2026-06-27 03:57:07,058 3732 [DEBUG] - Adding new type 'CacheFolderLockdownValidation' for type 'IValidation' from assembly 'choco'
2026-06-27 03:57:07,262 3732 [DEBUG] - Adding new type 'FrameWorkReferencesMetadataRule' for type 'IMetadataRule' from assembly 'choco'
2026-06-27 03:57:07,262 3732 [DEBUG] - Adding new type 'IconMetadataRule' for type 'IMetadataRule' from assembly 'choco'
2026-06-27 03:57:07,262 3732 [DEBUG] - Adding new type 'LicenseMetadataRule' for type 'IMetadataRule' from assembly 'choco'
2026-06-27 03:57:07,262 3732 [DEBUG] - Adding new type 'PackageTypesMetadataRule' for type 'IMetadataRule' from assembly 'choco'
2026-06-27 03:57:07,262 3732 [DEBUG] - Adding new type 'ReadmeMetadataRule' for type 'IMetadataRule' from assembly 'choco'
2026-06-27 03:57:07,262 3732 [DEBUG] - Adding new type 'RepositoryMetadataRule' for type 'IMetadataRule' from assembly 'choco'
2026-06-27 03:57:07,262 3732 [DEBUG] - Adding new type 'RequiredMetadataRule' for type 'IMetadataRule' from assembly 'choco'
2026-06-27 03:57:07,262 3732 [DEBUG] - Adding new type 'RequireLicenseAcceptanceMetadataRule' for type 'IMetadataRule' from assembly 'choco'
2026-06-27 03:57:07,262 3732 [DEBUG] - Adding new type 'ServicableMetadataRule' for type 'IMetadataRule' from assembly 'choco'
2026-06-27 03:57:07,262 3732 [DEBUG] - Adding new type 'VersionMetadataRule' for type 'IMetadataRule' from assembly 'choco'
2026-06-27 03:57:07,280 3732 [DEBUG] - Registering new command 'apikey' in assembly 'choco'
2026-06-27 03:57:07,280 3732 [DEBUG] - Registering new command 'cache' in assembly 'choco'
2026-06-27 03:57:07,280 3732 [DEBUG] - Registering new command 'config' in assembly 'choco'
2026-06-27 03:57:07,281 3732 [DEBUG] - Registering new command 'export' in assembly 'choco'
2026-06-27 03:57:07,281 3732 [DEBUG] - Registering new command 'feature' in assembly 'choco'
2026-06-27 03:57:07,281 3732 [DEBUG] - Registering new command 'help' in assembly 'choco'
2026-06-27 03:57:07,282 3732 [DEBUG] - Registering new command 'info' in assembly 'choco'
2026-06-27 03:57:07,282 3732 [DEBUG] - Registering new command 'install' in assembly 'choco'
2026-06-27 03:57:07,282 3732 [DEBUG] - Registering new command 'license' in assembly 'choco'
2026-06-27 03:57:07,282 3732 [DEBUG] - Registering new command 'list' in assembly 'choco'
2026-06-27 03:57:07,282 3732 [DEBUG] - Registering new command 'new' in assembly 'choco'
2026-06-27 03:57:07,282 3732 [DEBUG] - Registering new command 'outdated' in assembly 'choco'
2026-06-27 03:57:07,282 3732 [DEBUG] - Registering new command 'pack' in assembly 'choco'
2026-06-27 03:57:07,282 3732 [DEBUG] - Registering new command 'pin' in assembly 'choco'
2026-06-27 03:57:07,282 3732 [DEBUG] - Registering new command 'push' in assembly 'choco'
2026-06-27 03:57:07,282 3732 [DEBUG] - Registering new command 'rule' in assembly 'choco'
2026-06-27 03:57:07,282 3732 [DEBUG] - Registering new command 'search' in assembly 'choco'
2026-06-27 03:57:07,282 3732 [DEBUG] - Registering new command 'source' in assembly 'choco'
2026-06-27 03:57:07,282 3732 [DEBUG] - Registering new command 'support' in assembly 'choco'
2026-06-27 03:57:07,282 3732 [DEBUG] - Registering new command 'template' in assembly 'choco'
2026-06-27 03:57:07,282 3732 [DEBUG] - Registering new command 'uninstall' in assembly 'choco'
2026-06-27 03:57:07,282 3732 [DEBUG] - Registering new command 'unpackself' in assembly 'choco'
2026-06-27 03:57:07,282 3732 [DEBUG] - Registering new command 'upgrade' in assembly 'choco'
2026-06-27 03:57:07,347 3732 [INFO ] - ============================================================
2026-06-27 03:57:07,421 3732 [DEBUG] - User may be subject to UAC, checking for a split token (not 100%
 effective).
2026-06-27 03:57:07,422 3732 [INFO ] - Chocolatey v2.7.1
2026-06-27 03:57:07,439 3732 [DEBUG] - Chocolatey is running on Windows v 10.0.26200.0
2026-06-27 03:57:07,441 3732 [DEBUG] - Attempting to delete file "C:/ProgramData/chocolatey/choco.exe.old".
2026-06-27 03:57:07,441 3732 [DEBUG] - Attempting to delete file "C:\ProgramData\chocolatey\choco.exe.old".
2026-06-27 03:57:07,443 3732 [DEBUG] - Command line: "C:\ProgramData\chocolatey\choco.exe" install ripgrep -y
2026-06-27 03:57:07,443 3732 [DEBUG] - Received arguments: install ripgrep -y
2026-06-27 03:57:07,465 3732 [DEBUG] - RemovePendingPackagesTask is now ready and waiting for PreRunMessage.
2026-06-27 03:57:07,465 3732 [DEBUG] - Sending message 'PreRunMessage' out if there are subscribers...
2026-06-27 03:57:07,483 3732 [DEBUG] - [Pending] Removing all pending packages that should not be considered installed...
2026-06-27 03:57:07,513 3732 [DEBUG] - Performing validation checks.
2026-06-27 03:57:07,514 3732 [DEBUG] - Global Configuration Validation Checks:
2026-06-27 03:57:07,515 3732 [DEBUG] -  - Package Exit Code / Exit On Reboot = Checked
2026-06-27 03:57:07,516 3732 [DEBUG] - System State Validation Checks:
2026-06-27 03:57:07,517 3732 [DEBUG] -  Reboot Requirement Checks:
2026-06-27 03:57:07,518 3732 [DEBUG] -  - Pending Computer Rename = Checked
2026-06-27 03:57:07,519 3732 [DEBUG] -  - Pending Component Based Servicing = Checked
2026-06-27 03:57:07,519 3732 [DEBUG] -  - Pending Windows Auto Update = Checked
2026-06-27 03:57:07,520 3732 [DEBUG] -  - Pending File Rename Operations = Ignored
2026-06-27 03:57:07,520 3732 [DEBUG] -  - Pending Windows Package Installer = Checked
2026-06-27 03:57:07,520 3732 [DEBUG] -  - Pending Windows Package Installer SysWow64 = Checked
2026-06-27 03:57:07,522 3732 [DEBUG] - Cache Folder Lockdown Checks:
2026-06-27 03:57:07,523 3732 [DEBUG] -  - Elevated State = Failed
2026-06-27 03:57:07,525 3732 [INFO ] - 3 validations performed. 3 success(es), 0 warning(s), and 0 error(s).
2026-06-27 03:57:07,526 3732 [WARN ] - Chocolatey detected you are not running from an elevated command shell
 (cmd/powershell).
2026-06-27 03:57:07,526 3732 [WARN ] - 
 You may experience errors - many functions/packages
 require admin rights. Only advanced users should run choco w/out an
 elevated shell. When you open the command shell, you should ensure
 that you do so with "Run as Administrator" selected. If you are
 attempting to use Chocolatey in a non-administrator setting, you
 must select a different location other than the default install
 location. See
 https://docs.chocolatey.org/en-us/choco/setup#non-administrative-install
 for details.

2026-06-27 03:57:07,538 3732 [INFO ] - For the question below, you have 20 seconds to make a selection.
2026-06-27 03:57:07,538 3732 [INFO ] - 
 Do you want to continue?
2026-06-27 03:57:07,539 3732 [INFO ] -  1) yes
2026-06-27 03:57:07,539 3732 [INFO ] -  2) no
2026-06-27 03:57:27,543 3732 [ERROR] - Timeout or your choice of '' is not a valid selection.
2026-06-27 03:57:27,554 3732 [DEBUG] - The source 'https://community.chocolatey.org/api/v2/' evaluated to a 'normal' source type
2026-06-27 03:57:27,556 3732 [DEBUG] - 
NOTE: Hiding sensitive configuration data! Please double and triple
 check to be sure no sensitive data is shown, especially if copying
 output to a gist for review.
2026-06-27 03:57:27,561 3732 [DEBUG] - Configuration: CommandName='install'|
CacheLocation='C:\Users\tsmit\AppData\Local\Temp\chocolatey'|
CommandExecutionTimeoutSeconds='2700'|WebRequestTimeoutSeconds='30'|
Sources='https://community.chocolatey.org/api/v2/'|SourceType='normal'|
IncludeConfiguredSources='False'|ShowOnlineHelp='False'|Debug='False'|
Verbose='False'|Trace='False'|Force='False'|Noop='False'|
HelpRequested='False'|UnsuccessfulParsing='False'|RegularOutput='True'|
QuietOutput='False'|PromptForConfirmation='False'|
DisableCompatibilityChecks='False'|AcceptLicense='True'|
AllowUnofficialBuild='False'|Input='ripgrep'|AllVersions='False'|
SkipPackageInstallProvider='False'|SkipHookScripts='False'|
PackageNames='ripgrep'|Prerelease='False'|ForceX86='False'|
OverrideArguments='False'|NotSilent='False'|
ApplyPackageParametersToDependencies='False'|
ApplyInstallArgumentsToDependencies='False'|IgnoreDependencies='False'|
UseHttpCache='True'|CacheExpirationInMinutes='30'|
AllowDowngrade='False'|ForceDependencies='False'|PinPackage='False'|
IncludeHeaders='False'|Information.PlatformType='Windows'|
Information.PlatformVersion='10.0.26200.0'|
Information.PlatformName='Windows 11'|
Information.ChocolateyVersion='2.7.1.0'|
Information.ChocolateyProductVersion='2.7.1'|
Information.FullName='choco, Version=2.7.1.0, Culture=neutral, PublicKeyToken=79d02ea9cad655eb'|

Information.Is64BitOperatingSystem='True'|
Information.Is64BitProcess='True'|Information.IsInteractive='True'|
Information.UserName='tsmit'|
Information.UserDomainName='DESKTOP-GILF4VQ'|
Information.IsUserAdministrator='True'|
Information.IsUserSystemAccount='False'|
Information.IsUserRemoteDesktop='False'|
Information.IsUserRemote='False'|Information.IsProcessElevated='False'|
Information.IsLicensedVersion='False'|
Information.IsLicensedAssemblyLoaded='False'|
Information.LicenseType='Foss'|
Information.CurrentDirectory='C:\Users\tsmit\realai'|
Features.AutoUninstaller='True'|Features.ChecksumFiles='True'|
Features.AllowEmptyChecksums='False'|
Features.AllowEmptyChecksumsSecure='True'|
Features.FailOnAutoUninstaller='False'|
Features.FailOnStandardError='False'|Features.UsePowerShellHost='True'|
Features.LogEnvironmentValues='False'|Features.LogWithoutColor='False'|
Features.VirusCheck='False'|
Features.FailOnInvalidOrMissingLicense='False'|
Features.IgnoreInvalidOptionsSwitches='True'|
Features.UsePackageExitCodes='True'|
Features.UseEnhancedExitCodes='False'|
Features.UseFipsCompliantChecksums='False'|
Features.ShowNonElevatedWarnings='True'|
Features.ShowDownloadProgress='True'|
Features.StopOnFirstPackageFailure='False'|
Features.UseRememberedArgumentsForUpgrades='False'|
Features.IgnoreUnfoundPackagesOnUpgradeOutdated='False'|
Features.SkipPackageUpgradesWhenNotInstalled='False'|
Features.RemovePackageInformationOnUninstall='False'|
Features.ExitOnRebootDetected='False'|
Features.LogValidationResultsOnWarnings='True'|
Features.UsePackageRepositoryOptimizations='True'|
Features.UsePackageHashValidation='False'|
ListCommand.LocalOnly='False'|
ListCommand.IdOnly='False'|ListCommand.IncludeRegistryPrograms='False'|
ListCommand.PageSize='25'|ListCommand.Exact='False'|
ListCommand.ByIdOnly='False'|ListCommand.ByTagOnly='False'|
ListCommand.IdStartsWith='False'|ListCommand.IgnorePinned='False'|
ListCommand.OrderBy='Id'|ListCommand.OrderByPopularity='False'|
ListCommand.ApprovedOnly='False'|
ListCommand.DownloadCacheAvailable='False'|
ListCommand.NotBroken='False'|
ListCommand.IncludeVersionOverrides='False'|
ListCommand.ExplicitPageSize='False'|
ListCommand.ExplicitSource='False'|
UpgradeCommand.FailOnUnfound='False'|
UpgradeCommand.FailOnNotInstalled='False'|
UpgradeCommand.NotifyOnlyAvailableUpgrades='False'|
UpgradeCommand.ExcludePrerelease='False'|
UpgradeCommand.IgnorePinned='False'|
NewCommand.AutomaticPackage='False'|
NewCommand.UseOriginalTemplate='False'|SourceCommand.Command='unknown'|
SourceCommand.Priority='0'|SourceCommand.BypassProxy='False'|
SourceCommand.AllowSelfService='False'|
SourceCommand.VisibleToAdminsOnly='False'|
FeatureCommand.Command='unknown'|ConfigCommand.Command='Unknown'|
ApiKeyCommand.Command='Unknown'|PinCommand.Command='Unknown'|
LicenseCommand.Command='Unknown'|OutdatedCommand.IgnorePinned='False'|
ExportCommand.IncludeVersionNumbers='False'|Proxy.BypassOnLocal='True'|
TemplateCommand.Command='unknown'|CacheCommand.Command='Unknown'|
CacheCommand.RemoveExpiredItemsOnly='False'|
2026-06-27 03:57:27,562 3732 [DEBUG] - _ Chocolatey:ChocolateyInstallCommand - Normal Run Mode _
2026-06-27 03:57:27,566 3732 [INFO ] - Installing the following packages:
2026-06-27 03:57:27,566 3732 [INFO ] - ripgrep
2026-06-27 03:57:27,567 3732 [INFO ] - By installing, you accept licenses for the packages.
2026-06-27 03:57:27,630 3732 [DEBUG] - Process Tree: Chocolatey CLI => Chocolatey CLI => pwsh => Code => Code => explorer
2026-06-27 03:57:27,634 3732 [DEBUG] - Updating User Agent to 'Chocolatey Command Line/2.7.1 (Chocolatey CLI) via NuGet Client/6.4.1 (Microsoft Windows NT 10.0.26200.0)'.
2026-06-27 03:57:27,710 3732 [DEBUG] - Running list with the following filter = ''
2026-06-27 03:57:27,710 3732 [DEBUG] - --- Start of List ---
2026-06-27 03:57:27,720 3732 [DEBUG] - Process Tree: Chocolatey CLI => Chocolatey CLI => pwsh => Code => Code => explorer
2026-06-27 03:57:27,722 3732 [DEBUG] - Updating User Agent to 'Chocolatey Command Line/2.7.1 (Chocolatey CLI) via NuGet Client/6.4.1 (Microsoft Windows NT 10.0.26200.0)'.
2026-06-27 03:57:27,723 3732 [DEBUG] - Resolving resource PackageSearchResource for source C:\ProgramData\chocolatey\lib
2026-06-27 03:57:27,859 3732 [DEBUG] - chocolatey 2.7.1
2026-06-27 03:57:27,869 3732 [DEBUG] - chocolatey-compatibility.extension 1.0.0
2026-06-27 03:57:27,869 3732 [DEBUG] - chocolatey-core.extension 1.4.0
2026-06-27 03:57:27,878 3732 [DEBUG] - chocolatey-dotnetfx.extension 1.0.1
2026-06-27 03:57:27,883 3732 [DEBUG] - chocolatey-visualstudio.extension 1.13.0
2026-06-27 03:57:27,883 3732 [DEBUG] - chocolatey-windowsupdate.extension 1.0.5
2026-06-27 03:57:27,883 3732 [DEBUG] - dotnetfx 4.8.0.20220524
2026-06-27 03:57:27,883 3732 [DEBUG] - KB2919355 1.0.20160915
2026-06-27 03:57:27,883 3732 [DEBUG] - KB2919442 1.0.20160915
2026-06-27 03:57:27,898 3732 [DEBUG] - KB2999226 1.0.20181019
2026-06-27 03:57:27,898 3732 [DEBUG] - KB3033929 1.0.5
2026-06-27 03:57:27,903 3732 [DEBUG] - KB3035131 1.0.3
2026-06-27 03:57:27,923 3732 [DEBUG] - openssl 4.0.0
2026-06-27 03:57:27,923 3732 [DEBUG] - python 3.14.4
2026-06-27 03:57:27,923 3732 [DEBUG] - python3 3.14.4
2026-06-27 03:57:27,923 3732 [DEBUG] - python314 3.14.4
2026-06-27 03:57:27,938 3732 [DEBUG] - vcredist140 14.50.35719
2026-06-27 03:57:27,943 3732 [DEBUG] - vcredist2015 14.0.24215.20170201
2026-06-27 03:57:27,948 3732 [DEBUG] - visualstudio2026buildtools 118.4.2
2026-06-27 03:57:27,954 3732 [DEBUG] - visualstudio2026-workload-vctools 1.0.0
2026-06-27 03:57:27,956 3732 [DEBUG] - visualstudio-installer 2.0.7
2026-06-27 03:57:27,956 3732 [DEBUG] - --- End of List ---
2026-06-27 03:57:27,958 3732 [DEBUG] - Resolving resource ListResource for source https://community.chocolatey.org/api/v2/
2026-06-27 03:57:28,178 3732 [INFO ] - [NuGet]   CACHE https://community.chocolatey.org/api/v2/$metadata
2026-06-27 03:57:28,183 3732 [INFO ] - [NuGet]   GET https://community.chocolatey.org/api/v2/Packages()?$filter=(tolower(Id) eq 'ripgrep') and IsLatestVersion&semVerLevel=2.0.0
2026-06-27 03:57:28,239 3732 [INFO ] - [NuGet]   OK https://community.chocolatey.org/api/v2/Packages()?$filter=(tolower(Id) eq 'ripgrep') and IsLatestVersion&semVerLevel=2.0.0 42ms
2026-06-27 03:57:28,263 3732 [DEBUG] - Resolving resource DependencyInfoResource for source https://community.chocolatey.org/api/v2/
2026-06-27 03:57:28,283 3732 [INFO ] - [NuGet]   GET https://community.chocolatey.org/api/v2/Packages(Id='ripgrep',Version='14.1.0')
2026-06-27 03:57:28,583 3732 [INFO ] - [NuGet]   OK https://community.chocolatey.org/api/v2/Packages(Id='ripgrep',Version='14.1.0') 306ms
2026-06-27 03:57:28,683 3732 [INFO ] - [NuGet] Resolving dependency information took 0 ms
2026-06-27 03:57:28,683 3732 [DEBUG] - Resolving resource DownloadResource for source https://community.chocolatey.org/api/v2/
2026-06-27 03:57:28,703 3732 [DEBUG] - Attempting to delete file "".
2026-06-27 03:57:28,703 3732 [INFO ] - Downloading package from source 'https://community.chocolatey.org/api/v2/'
2026-06-27 03:57:28,703 3732 [DEBUG] - Package download location 'https://community.chocolatey.org/api/v2/package/ripgrep/14.1.0'
2026-06-27 03:57:28,720 3732 [INFO ] - [NuGet]   GET https://community.chocolatey.org/api/v2/package/ripgrep/14.1.0
2026-06-27 03:57:29,351 3732 [INFO ] - [NuGet]   OK https://community.chocolatey.org/api/v2/package/ripgrep/14.1.0 630ms
2026-06-27 03:57:29,360 3732 [INFO ] - [NuGet] Acquiring lock for the installation of ripgrep 14.1.0
2026-06-27 03:57:29,363 3732 [INFO ] - [NuGet] Acquired lock for the installation of ripgrep 14.1.0
2026-06-27 03:57:30,523 3732 [INFO ] - [NuGet] Installed ripgrep 14.1.0 from https://community.chocolatey.org/api/v2/ with content hash InArUQ733Q6L3ezbVwzHcMUfXfTs5V3/Ft+FezP2/jlcUMRVLlAX9G/NfX8c1miAWRi75oNF85KLDNQAPTMTTg==.
2026-06-27 03:57:30,523 3732 [DEBUG] - Skipping package hash validation as feature 'usePackageHashValidation' is not enabled.
2026-06-27 03:57:31,278 5508 [DEBUG] - XmlConfiguration is now operational
2026-06-27 03:57:31,310 5508 [DEBUG] - Adding new type 'CygwinService' for type 'IAlternativeSourceRunner' from assembly 'choco'
2026-06-27 03:57:31,310 5508 [DEBUG] - Adding new type 'CygwinService' for type 'IInstallSourceRunner' from assembly 'choco'
2026-06-27 03:57:31,310 5508 [DEBUG] - Adding new type 'PythonService' for type 'IAlternativeSourceRunner' from assembly 'choco'
2026-06-27 03:57:31,310 5508 [DEBUG] - Adding new type 'PythonService' for type 'IListSourceRunner' from assembly 'choco'
2026-06-27 03:57:31,310 5508 [DEBUG] - Adding new type 'PythonService' for type 'IInstallSourceRunner' from assembly 'choco'
2026-06-27 03:57:31,310 5508 [DEBUG] - Adding new type 'PythonService' for type 'IUninstallSourceRunner' from assembly 'choco'
2026-06-27 03:57:31,310 5508 [DEBUG] - Adding new type 'RubyGemsService' for type 'IAlternativeSourceRunner' from assembly 'choco'
2026-06-27 03:57:31,310 5508 [DEBUG] - Adding new type 'RubyGemsService' for type 'IListSourceRunner' from assembly 'choco'
2026-06-27 03:57:31,310 5508 [DEBUG] - Adding new type 'RubyGemsService' for type 'IInstallSourceRunner' from assembly 'choco'
2026-06-27 03:57:31,310 5508 [DEBUG] - Adding new type 'SystemStateValidation' for type 'IValidation' from assembly 'choco'
2026-06-27 03:57:31,310 5508 [DEBUG] - Adding new type 'CacheFolderLockdownValidation' for type 'IValidation' from assembly 'choco'
2026-06-27 03:57:31,530 5508 [DEBUG] - Adding new type 'FrameWorkReferencesMetadataRule' for type 'IMetadataRule' from assembly 'choco'
2026-06-27 03:57:31,530 5508 [DEBUG] - Adding new type 'IconMetadataRule' for type 'IMetadataRule' from assembly 'choco'
2026-06-27 03:57:31,530 5508 [DEBUG] - Adding new type 'LicenseMetadataRule' for type 'IMetadataRule' from assembly 'choco'
2026-06-27 03:57:31,530 5508 [DEBUG] - Adding new type 'PackageTypesMetadataRule' for type 'IMetadataRule' from assembly 'choco'
2026-06-27 03:57:31,530 5508 [DEBUG] - Adding new type 'ReadmeMetadataRule' for type 'IMetadataRule' from assembly 'choco'
2026-06-27 03:57:31,530 5508 [DEBUG] - Adding new type 'RepositoryMetadataRule' for type 'IMetadataRule' from assembly 'choco'
2026-06-27 03:57:31,530 5508 [DEBUG] - Adding new type 'RequiredMetadataRule' for type 'IMetadataRule' from assembly 'choco'
2026-06-27 03:57:31,530 5508 [DEBUG] - Adding new type 'RequireLicenseAcceptanceMetadataRule' for type 'IMetadataRule' from assembly 'choco'
2026-06-27 03:57:31,530 5508 [DEBUG] - Adding new type 'ServicableMetadataRule' for type 'IMetadataRule' from assembly 'choco'
2026-06-27 03:57:31,530 5508 [DEBUG] - Adding new type 'VersionMetadataRule' for type 'IMetadataRule' from assembly 'choco'
2026-06-27 03:57:31,530 5508 [DEBUG] - Registering new command 'apikey' in assembly 'choco'
2026-06-27 03:57:31,530 5508 [DEBUG] - Registering new command 'cache' in assembly 'choco'
2026-06-27 03:57:31,530 5508 [DEBUG] - Registering new command 'config' in assembly 'choco'
2026-06-27 03:57:31,530 5508 [DEBUG] - Registering new command 'export' in assembly 'choco'
2026-06-27 03:57:31,530 5508 [DEBUG] - Registering new command 'feature' in assembly 'choco'
2026-06-27 03:57:31,530 5508 [DEBUG] - Registering new command 'help' in assembly 'choco'
2026-06-27 03:57:31,530 5508 [DEBUG] - Registering new command 'info' in assembly 'choco'
2026-06-27 03:57:31,530 5508 [DEBUG] - Registering new command 'install' in assembly 'choco'
2026-06-27 03:57:31,530 5508 [DEBUG] - Registering new command 'license' in assembly 'choco'
2026-06-27 03:57:31,530 5508 [DEBUG] - Registering new command 'list' in assembly 'choco'
2026-06-27 03:57:31,530 5508 [DEBUG] - Registering new command 'new' in assembly 'choco'
2026-06-27 03:57:31,530 5508 [DEBUG] - Registering new command 'outdated' in assembly 'choco'
2026-06-27 03:57:31,530 5508 [DEBUG] - Registering new command 'pack' in assembly 'choco'
2026-06-27 03:57:31,530 5508 [DEBUG] - Registering new command 'pin' in assembly 'choco'
2026-06-27 03:57:31,530 5508 [DEBUG] - Registering new command 'push' in assembly 'choco'
2026-06-27 03:57:31,530 5508 [DEBUG] - Registering new command 'rule' in assembly 'choco'
2026-06-27 03:57:31,530 5508 [DEBUG] - Registering new command 'search' in assembly 'choco'
2026-06-27 03:57:31,530 5508 [DEBUG] - Registering new command 'source' in assembly 'choco'
2026-06-27 03:57:31,530 5508 [DEBUG] - Registering new command 'support' in assembly 'choco'
2026-06-27 03:57:31,530 5508 [DEBUG] - Registering new command 'template' in assembly 'choco'
2026-06-27 03:57:31,530 5508 [DEBUG] - Registering new command 'uninstall' in assembly 'choco'
2026-06-27 03:57:31,530 5508 [DEBUG] - Registering new command 'unpackself' in assembly 'choco'
2026-06-27 03:57:31,530 5508 [DEBUG] - Registering new command 'upgrade' in assembly 'choco'
2026-06-27 03:57:31,593 5508 [INFO ] - ============================================================
2026-06-27 03:57:31,663 5508 [DEBUG] - User may be subject to UAC, checking for a split token (not 100%
 effective).
2026-06-27 03:57:31,678 5508 [INFO ] - Chocolatey v2.7.1
2026-06-27 03:57:31,694 5508 [DEBUG] - Chocolatey is running on Windows v 10.0.26200.0
2026-06-27 03:57:31,694 5508 [DEBUG] - Attempting to delete file "C:/ProgramData/chocolatey/choco.exe.old".
2026-06-27 03:57:31,694 5508 [DEBUG] - Attempting to delete file "C:\ProgramData\chocolatey\choco.exe.old".
2026-06-27 03:57:31,694 5508 [DEBUG] - Command line: "C:\ProgramData\chocolatey\choco.exe" install ripgrep -y
2026-06-27 03:57:31,694 5508 [DEBUG] - Received arguments: install ripgrep -y
2026-06-27 03:57:31,723 5508 [DEBUG] - RemovePendingPackagesTask is now ready and waiting for PreRunMessage.
2026-06-27 03:57:31,723 5508 [DEBUG] - Sending message 'PreRunMessage' out if there are subscribers...
2026-06-27 03:57:31,739 5508 [DEBUG] - [Pending] Removing all pending packages that should not be considered installed...
2026-06-27 03:57:31,769 5508 [DEBUG] - Performing validation checks.
2026-06-27 03:57:31,771 5508 [DEBUG] - Global Configuration Validation Checks:
2026-06-27 03:57:31,772 5508 [DEBUG] -  - Package Exit Code / Exit On Reboot = Checked
2026-06-27 03:57:31,773 5508 [DEBUG] - System State Validation Checks:
2026-06-27 03:57:31,774 5508 [DEBUG] -  Reboot Requirement Checks:
2026-06-27 03:57:31,775 5508 [DEBUG] -  - Pending Computer Rename = Checked
2026-06-27 03:57:31,775 5508 [DEBUG] -  - Pending Component Based Servicing = Checked
2026-06-27 03:57:31,776 5508 [DEBUG] -  - Pending Windows Auto Update = Checked
2026-06-27 03:57:31,777 5508 [DEBUG] -  - Pending File Rename Operations = Ignored
2026-06-27 03:57:31,777 5508 [DEBUG] -  - Pending Windows Package Installer = Checked
2026-06-27 03:57:31,778 5508 [DEBUG] -  - Pending Windows Package Installer SysWow64 = Checked
2026-06-27 03:57:31,780 5508 [DEBUG] - Cache Folder Lockdown Checks:
2026-06-27 03:57:31,780 5508 [DEBUG] -  - Elevated State = Failed
2026-06-27 03:57:31,783 5508 [INFO ] - 3 validations performed. 3 success(es), 0 warning(s), and 0 error(s).
2026-06-27 03:57:31,783 5508 [WARN ] - Chocolatey detected you are not running from an elevated command shell
 (cmd/powershell).
2026-06-27 03:57:31,783 5508 [WARN ] - 
 You may experience errors - many functions/packages
 require admin rights. Only advanced users should run choco w/out an
 elevated shell. When you open the command shell, you should ensure
 that you do so with "Run as Administrator" selected. If you are
 attempting to use Chocolatey in a non-administrator setting, you
 must select a different location other than the default install
 location. See
 https://docs.chocolatey.org/en-us/choco/setup#non-administrative-install
 for details.

2026-06-27 03:57:31,783 5508 [INFO ] - For the question below, you have 20 seconds to make a selection.
2026-06-27 03:57:31,783 5508 [INFO ] - 
 Do you want to continue?
2026-06-27 03:57:31,783 5508 [INFO ] -  1) yes
2026-06-27 03:57:31,799 5508 [INFO ] -  2) no
2026-06-27 03:57:39,391 5508 [INFO ] - Choice selected: 'yes'
2026-06-27 03:57:39,397 5508 [DEBUG] - The source 'https://community.chocolatey.org/api/v2/' evaluated to a 'normal' source type
2026-06-27 03:57:39,397 5508 [DEBUG] - 
NOTE: Hiding sensitive configuration data! Please double and triple
 check to be sure no sensitive data is shown, especially if copying
 output to a gist for review.
2026-06-27 03:57:39,407 5508 [DEBUG] - Configuration: CommandName='install'|
CacheLocation='C:\Users\tsmit\AppData\Local\Temp\chocolatey'|
CommandExecutionTimeoutSeconds='2700'|WebRequestTimeoutSeconds='30'|
Sources='https://community.chocolatey.org/api/v2/'|SourceType='normal'|
IncludeConfiguredSources='False'|ShowOnlineHelp='False'|Debug='False'|
Verbose='False'|Trace='False'|Force='False'|Noop='False'|
HelpRequested='False'|UnsuccessfulParsing='False'|RegularOutput='True'|
QuietOutput='False'|PromptForConfirmation='False'|
DisableCompatibilityChecks='False'|AcceptLicense='True'|
AllowUnofficialBuild='False'|Input='ripgrep'|AllVersions='False'|
SkipPackageInstallProvider='False'|SkipHookScripts='False'|
PackageNames='ripgrep'|Prerelease='False'|ForceX86='False'|
OverrideArguments='False'|NotSilent='False'|
ApplyPackageParametersToDependencies='False'|
ApplyInstallArgumentsToDependencies='False'|IgnoreDependencies='False'|
UseHttpCache='True'|CacheExpirationInMinutes='30'|
AllowDowngrade='False'|ForceDependencies='False'|PinPackage='False'|
IncludeHeaders='False'|Information.PlatformType='Windows'|
Information.PlatformVersion='10.0.26200.0'|
Information.PlatformName='Windows 11'|
Information.ChocolateyVersion='2.7.1.0'|
Information.ChocolateyProductVersion='2.7.1'|
Information.FullName='choco, Version=2.7.1.0, Culture=neutral, PublicKeyToken=79d02ea9cad655eb'|

Information.Is64BitOperatingSystem='True'|
Information.Is64BitProcess='True'|Information.IsInteractive='True'|
Information.UserName='tsmit'|
Information.UserDomainName='DESKTOP-GILF4VQ'|
Information.IsUserAdministrator='True'|
Information.IsUserSystemAccount='False'|
Information.IsUserRemoteDesktop='False'|
Information.IsUserRemote='False'|Information.IsProcessElevated='False'|
Information.IsLicensedVersion='False'|
Information.IsLicensedAssemblyLoaded='False'|
Information.LicenseType='Foss'|
Information.CurrentDirectory='C:\Users\tsmit\realai'|
Features.AutoUninstaller='True'|Features.ChecksumFiles='True'|
Features.AllowEmptyChecksums='False'|
Features.AllowEmptyChecksumsSecure='True'|
Features.FailOnAutoUninstaller='False'|
Features.FailOnStandardError='False'|Features.UsePowerShellHost='True'|
Features.LogEnvironmentValues='False'|Features.LogWithoutColor='False'|
Features.VirusCheck='False'|
Features.FailOnInvalidOrMissingLicense='False'|
Features.IgnoreInvalidOptionsSwitches='True'|
Features.UsePackageExitCodes='True'|
Features.UseEnhancedExitCodes='False'|
Features.UseFipsCompliantChecksums='False'|
Features.ShowNonElevatedWarnings='True'|
Features.ShowDownloadProgress='True'|
Features.StopOnFirstPackageFailure='False'|
Features.UseRememberedArgumentsForUpgrades='False'|
Features.IgnoreUnfoundPackagesOnUpgradeOutdated='False'|
Features.SkipPackageUpgradesWhenNotInstalled='False'|
Features.RemovePackageInformationOnUninstall='False'|
Features.ExitOnRebootDetected='False'|
Features.LogValidationResultsOnWarnings='True'|
Features.UsePackageRepositoryOptimizations='True'|
Features.UsePackageHashValidation='False'|
ListCommand.LocalOnly='False'|
ListCommand.IdOnly='False'|ListCommand.IncludeRegistryPrograms='False'|
ListCommand.PageSize='25'|ListCommand.Exact='False'|
ListCommand.ByIdOnly='False'|ListCommand.ByTagOnly='False'|
ListCommand.IdStartsWith='False'|ListCommand.IgnorePinned='False'|
ListCommand.OrderBy='Id'|ListCommand.OrderByPopularity='False'|
ListCommand.ApprovedOnly='False'|
ListCommand.DownloadCacheAvailable='False'|
ListCommand.NotBroken='False'|
ListCommand.IncludeVersionOverrides='False'|
ListCommand.ExplicitPageSize='False'|
ListCommand.ExplicitSource='False'|
UpgradeCommand.FailOnUnfound='False'|
UpgradeCommand.FailOnNotInstalled='False'|
UpgradeCommand.NotifyOnlyAvailableUpgrades='False'|
UpgradeCommand.ExcludePrerelease='False'|
UpgradeCommand.IgnorePinned='False'|
NewCommand.AutomaticPackage='False'|
NewCommand.UseOriginalTemplate='False'|SourceCommand.Command='unknown'|
SourceCommand.Priority='0'|SourceCommand.BypassProxy='False'|
SourceCommand.AllowSelfService='False'|
SourceCommand.VisibleToAdminsOnly='False'|
FeatureCommand.Command='unknown'|ConfigCommand.Command='Unknown'|
ApiKeyCommand.Command='Unknown'|PinCommand.Command='Unknown'|
LicenseCommand.Command='Unknown'|OutdatedCommand.IgnorePinned='False'|
ExportCommand.IncludeVersionNumbers='False'|Proxy.BypassOnLocal='True'|
TemplateCommand.Command='unknown'|CacheCommand.Command='Unknown'|
CacheCommand.RemoveExpiredItemsOnly='False'|
2026-06-27 03:57:39,408 5508 [DEBUG] - _ Chocolatey:ChocolateyInstallCommand - Normal Run Mode _
2026-06-27 03:57:39,410 5508 [INFO ] - Installing the following packages:
2026-06-27 03:57:39,410 5508 [INFO ] - ripgrep
2026-06-27 03:57:39,410 5508 [INFO ] - By installing, you accept licenses for the packages.
2026-06-27 03:57:39,466 5508 [DEBUG] - Process Tree: Chocolatey CLI => Chocolatey CLI => pwsh => Code => Code => explorer
2026-06-27 03:57:39,469 5508 [DEBUG] - Updating User Agent to 'Chocolatey Command Line/2.7.1 (Chocolatey CLI) via NuGet Client/6.4.1 (Microsoft Windows NT 10.0.26200.0)'.
2026-06-27 03:57:39,523 5508 [DEBUG] - Running list with the following filter = ''
2026-06-27 03:57:39,523 5508 [DEBUG] - --- Start of List ---
2026-06-27 03:57:39,545 5508 [DEBUG] - Process Tree: Chocolatey CLI => Chocolatey CLI => pwsh => Code => Code => explorer
2026-06-27 03:57:39,545 5508 [DEBUG] - Updating User Agent to 'Chocolatey Command Line/2.7.1 (Chocolatey CLI) via NuGet Client/6.4.1 (Microsoft Windows NT 10.0.26200.0)'.
2026-06-27 03:57:39,545 5508 [DEBUG] - Resolving resource PackageSearchResource for source C:\ProgramData\chocolatey\lib
2026-06-27 03:57:39,650 5508 [DEBUG] - chocolatey 2.7.1
2026-06-27 03:57:39,665 5508 [DEBUG] - chocolatey-compatibility.extension 1.0.0
2026-06-27 03:57:39,665 5508 [DEBUG] - chocolatey-core.extension 1.4.0
2026-06-27 03:57:39,665 5508 [DEBUG] - chocolatey-dotnetfx.extension 1.0.1
2026-06-27 03:57:39,665 5508 [DEBUG] - chocolatey-visualstudio.extension 1.13.0
2026-06-27 03:57:39,681 5508 [DEBUG] - chocolatey-windowsupdate.extension 1.0.5
2026-06-27 03:57:39,681 5508 [DEBUG] - dotnetfx 4.8.0.20220524
2026-06-27 03:57:39,681 5508 [DEBUG] - KB2919355 1.0.20160915
2026-06-27 03:57:39,681 5508 [DEBUG] - KB2919442 1.0.20160915
2026-06-27 03:57:39,681 5508 [DEBUG] - KB2999226 1.0.20181019
2026-06-27 03:57:39,681 5508 [DEBUG] - KB3033929 1.0.5
2026-06-27 03:57:39,681 5508 [DEBUG] - KB3035131 1.0.3
2026-06-27 03:57:39,713 5508 [DEBUG] - openssl 4.0.0
2026-06-27 03:57:39,713 5508 [DEBUG] - python 3.14.4
2026-06-27 03:57:39,713 5508 [DEBUG] - python3 3.14.4
2026-06-27 03:57:39,713 5508 [DEBUG] - python314 3.14.4
2026-06-27 03:57:39,713 5508 [DEBUG] - vcredist140 14.50.35719
2026-06-27 03:57:39,713 5508 [DEBUG] - vcredist2015 14.0.24215.20170201
2026-06-27 03:57:39,713 5508 [DEBUG] - visualstudio2026buildtools 118.4.2
2026-06-27 03:57:39,731 5508 [DEBUG] - visualstudio2026-workload-vctools 1.0.0
2026-06-27 03:57:39,733 5508 [DEBUG] - visualstudio-installer 2.0.7
2026-06-27 03:57:39,733 5508 [DEBUG] - --- End of List ---
2026-06-27 03:57:39,735 5508 [DEBUG] - Resolving resource ListResource for source https://community.chocolatey.org/api/v2/
2026-06-27 03:57:39,964 5508 [INFO ] - [NuGet]   CACHE https://community.chocolatey.org/api/v2/$metadata
2026-06-27 03:57:39,979 5508 [INFO ] - [NuGet]   CACHE https://community.chocolatey.org/api/v2/Packages()?$filter=(tolower(Id)%20eq%20'ripgrep')%20and%20IsLatestVersion&semVerLevel=2.0.0
2026-06-27 03:57:39,999 5508 [DEBUG] - Resolving resource DependencyInfoResource for source https://community.chocolatey.org/api/v2/
2026-06-27 03:57:40,008 5508 [INFO ] - [NuGet]   CACHE https://community.chocolatey.org/api/v2/Packages(Id='ripgrep',Version='14.1.0')
2026-06-27 03:57:40,095 5508 [INFO ] - [NuGet] Resolving dependency information took 0 ms
2026-06-27 03:57:40,100 5508 [DEBUG] - Resolving resource DownloadResource for source https://community.chocolatey.org/api/v2/
2026-06-27 03:57:40,118 5508 [DEBUG] - Attempting to delete file "".
2026-06-27 03:57:40,118 5508 [INFO ] - Downloading package from source 'https://community.chocolatey.org/api/v2/'
2026-06-27 03:57:40,119 5508 [DEBUG] - Package download location 'https://community.chocolatey.org/api/v2/package/ripgrep/14.1.0'
2026-06-27 03:57:40,123 5508 [DEBUG] - Skipping package hash validation as feature 'usePackageHashValidation' is not enabled.
2026-06-27 03:58:07,427 7648 [DEBUG] - XmlConfiguration is now operational
2026-06-27 03:58:07,465 7648 [DEBUG] - Adding new type 'CygwinService' for type 'IAlternativeSourceRunner' from assembly 'choco'
2026-06-27 03:58:07,465 7648 [DEBUG] - Adding new type 'CygwinService' for type 'IInstallSourceRunner' from assembly 'choco'
2026-06-27 03:58:07,465 7648 [DEBUG] - Adding new type 'PythonService' for type 'IAlternativeSourceRunner' from assembly 'choco'
2026-06-27 03:58:07,467 7648 [DEBUG] - Adding new type 'PythonService' for type 'IListSourceRunner' from assembly 'choco'
2026-06-27 03:58:07,467 7648 [DEBUG] - Adding new type 'PythonService' for type 'IInstallSourceRunner' from assembly 'choco'
2026-06-27 03:58:07,467 7648 [DEBUG] - Adding new type 'PythonService' for type 'IUninstallSourceRunner' from assembly 'choco'
2026-06-27 03:58:07,467 7648 [DEBUG] - Adding new type 'RubyGemsService' for type 'IAlternativeSourceRunner' from assembly 'choco'
2026-06-27 03:58:07,467 7648 [DEBUG] - Adding new type 'RubyGemsService' for type 'IListSourceRunner' from assembly 'choco'
2026-06-27 03:58:07,467 7648 [DEBUG] - Adding new type 'RubyGemsService' for type 'IInstallSourceRunner' from assembly 'choco'
2026-06-27 03:58:07,467 7648 [DEBUG] - Adding new type 'SystemStateValidation' for type 'IValidation' from assembly 'choco'
2026-06-27 03:58:07,467 7648 [DEBUG] - Adding new type 'CacheFolderLockdownValidation' for type 'IValidation' from assembly 'choco'
2026-06-27 03:58:07,679 7648 [DEBUG] - Adding new type 'FrameWorkReferencesMetadataRule' for type 'IMetadataRule' from assembly 'choco'
2026-06-27 03:58:07,679 7648 [DEBUG] - Adding new type 'IconMetadataRule' for type 'IMetadataRule' from assembly 'choco'
2026-06-27 03:58:07,679 7648 [DEBUG] - Adding new type 'LicenseMetadataRule' for type 'IMetadataRule' from assembly 'choco'
2026-06-27 03:58:07,679 7648 [DEBUG] - Adding new type 'PackageTypesMetadataRule' for type 'IMetadataRule' from assembly 'choco'
2026-06-27 03:58:07,679 7648 [DEBUG] - Adding new type 'ReadmeMetadataRule' for type 'IMetadataRule' from assembly 'choco'
2026-06-27 03:58:07,679 7648 [DEBUG] - Adding new type 'RepositoryMetadataRule' for type 'IMetadataRule' from assembly 'choco'
2026-06-27 03:58:07,679 7648 [DEBUG] - Adding new type 'RequiredMetadataRule' for type 'IMetadataRule' from assembly 'choco'
2026-06-27 03:58:07,679 7648 [DEBUG] - Adding new type 'RequireLicenseAcceptanceMetadataRule' for type 'IMetadataRule' from assembly 'choco'
2026-06-27 03:58:07,679 7648 [DEBUG] - Adding new type 'ServicableMetadataRule' for type 'IMetadataRule' from assembly 'choco'
2026-06-27 03:58:07,679 7648 [DEBUG] - Adding new type 'VersionMetadataRule' for type 'IMetadataRule' from assembly 'choco'
2026-06-27 03:58:07,695 7648 [DEBUG] - Registering new command 'apikey' in assembly 'choco'
2026-06-27 03:58:07,695 7648 [DEBUG] - Registering new command 'cache' in assembly 'choco'
2026-06-27 03:58:07,695 7648 [DEBUG] - Registering new command 'config' in assembly 'choco'
2026-06-27 03:58:07,695 7648 [DEBUG] - Registering new command 'export' in assembly 'choco'
2026-06-27 03:58:07,695 7648 [DEBUG] - Registering new command 'feature' in assembly 'choco'
2026-06-27 03:58:07,695 7648 [DEBUG] - Registering new command 'help' in assembly 'choco'
2026-06-27 03:58:07,695 7648 [DEBUG] - Registering new command 'info' in assembly 'choco'
2026-06-27 03:58:07,695 7648 [DEBUG] - Registering new command 'install' in assembly 'choco'
2026-06-27 03:58:07,695 7648 [DEBUG] - Registering new command 'license' in assembly 'choco'
2026-06-27 03:58:07,695 7648 [DEBUG] - Registering new command 'list' in assembly 'choco'
2026-06-27 03:58:07,695 7648 [DEBUG] - Registering new command 'new' in assembly 'choco'
2026-06-27 03:58:07,695 7648 [DEBUG] - Registering new command 'outdated' in assembly 'choco'
2026-06-27 03:58:07,695 7648 [DEBUG] - Registering new command 'pack' in assembly 'choco'
2026-06-27 03:58:07,695 7648 [DEBUG] - Registering new command 'pin' in assembly 'choco'
2026-06-27 03:58:07,695 7648 [DEBUG] - Registering new command 'push' in assembly 'choco'
2026-06-27 03:58:07,695 7648 [DEBUG] - Registering new command 'rule' in assembly 'choco'
2026-06-27 03:58:07,695 7648 [DEBUG] - Registering new command 'search' in assembly 'choco'
2026-06-27 03:58:07,695 7648 [DEBUG] - Registering new command 'source' in assembly 'choco'
2026-06-27 03:58:07,695 7648 [DEBUG] - Registering new command 'support' in assembly 'choco'
2026-06-27 03:58:07,695 7648 [DEBUG] - Registering new command 'template' in assembly 'choco'
2026-06-27 03:58:07,695 7648 [DEBUG] - Registering new command 'uninstall' in assembly 'choco'
2026-06-27 03:58:07,695 7648 [DEBUG] - Registering new command 'unpackself' in assembly 'choco'
2026-06-27 03:58:07,695 7648 [DEBUG] - Registering new command 'upgrade' in assembly 'choco'
2026-06-27 03:58:07,767 7648 [INFO ] - ============================================================
2026-06-27 03:58:07,839 7648 [DEBUG] - User may be subject to UAC, checking for a split token (not 100%
 effective).
2026-06-27 03:58:07,855 7648 [INFO ] - Chocolatey v2.7.1
2026-06-27 03:58:07,855 7648 [DEBUG] - Chocolatey is running on Windows v 10.0.26200.0
2026-06-27 03:58:07,855 7648 [DEBUG] - Attempting to delete file "C:/ProgramData/chocolatey/choco.exe.old".
2026-06-27 03:58:07,855 7648 [DEBUG] - Attempting to delete file "C:\ProgramData\chocolatey\choco.exe.old".
2026-06-27 03:58:07,855 7648 [DEBUG] - Command line: "C:\ProgramData\chocolatey\choco.exe" install ripgrep -y
2026-06-27 03:58:07,855 7648 [DEBUG] - Received arguments: install ripgrep -y
2026-06-27 03:58:07,885 7648 [DEBUG] - RemovePendingPackagesTask is now ready and waiting for PreRunMessage.
2026-06-27 03:58:07,885 7648 [DEBUG] - Sending message 'PreRunMessage' out if there are subscribers...
2026-06-27 03:58:07,900 7648 [DEBUG] - [Pending] Removing all pending packages that should not be considered installed...
2026-06-27 03:58:07,924 7648 [DEBUG] - Performing validation checks.
2026-06-27 03:58:07,924 7648 [DEBUG] - Global Configuration Validation Checks:
2026-06-27 03:58:07,924 7648 [DEBUG] -  - Package Exit Code / Exit On Reboot = Checked
2026-06-27 03:58:07,924 7648 [DEBUG] - System State Validation Checks:
2026-06-27 03:58:07,924 7648 [DEBUG] -  Reboot Requirement Checks:
2026-06-27 03:58:07,924 7648 [DEBUG] -  - Pending Computer Rename = Checked
2026-06-27 03:58:07,924 7648 [DEBUG] -  - Pending Component Based Servicing = Checked
2026-06-27 03:58:07,940 7648 [DEBUG] -  - Pending Windows Auto Update = Checked
2026-06-27 03:58:07,940 7648 [DEBUG] -  - Pending File Rename Operations = Ignored
2026-06-27 03:58:07,940 7648 [DEBUG] -  - Pending Windows Package Installer = Checked
2026-06-27 03:58:07,940 7648 [DEBUG] -  - Pending Windows Package Installer SysWow64 = Checked
2026-06-27 03:58:07,940 7648 [DEBUG] - Cache Folder Lockdown Checks:
2026-06-27 03:58:07,940 7648 [DEBUG] -  - Elevated State = Failed
2026-06-27 03:58:07,940 7648 [INFO ] - 3 validations performed. 3 success(es), 0 warning(s), and 0 error(s).
2026-06-27 03:58:07,940 7648 [WARN ] - Chocolatey detected you are not running from an elevated command shell
 (cmd/powershell).
2026-06-27 03:58:07,940 7648 [WARN ] - 
 You may experience errors - many functions/packages
 require admin rights. Only advanced users should run choco w/out an
 elevated shell. When you open the command shell, you should ensure
 that you do so with "Run as Administrator" selected. If you are
 attempting to use Chocolatey in a non-administrator setting, you
 must select a different location other than the default install
 location. See
 https://docs.chocolatey.org/en-us/choco/setup#non-administrative-install
 for details.

2026-06-27 03:58:07,956 7648 [INFO ] - For the question below, you have 20 seconds to make a selection.
2026-06-27 03:58:07,956 7648 [INFO ] - 
 Do you want to continue?
2026-06-27 03:58:07,956 7648 [INFO ] -  1) yes
2026-06-27 03:58:07,956 7648 [INFO ] -  2) no
2026-06-27 03:58:25,358 3732 [ERROR] - ripgrep not installed. An error occurred during installation:
 Unable to obtain lock file access on 'C:\ProgramData\chocolatey\lib\3f6fa5474c150a3d1fe93537c2c4c0017888e3e6' for operations on 'C:\ProgramData\chocolatey\lib\ripgrep'. This may mean that a different user or administrator is holding this lock and that this process does not have permission to access it. If no other process is currently performing an operation on this file it may mean that an earlier NuGet process crashed and left an inaccessible lock file, in this case removing the file 'C:\ProgramData\chocolatey\lib\3f6fa5474c150a3d1fe93537c2c4c0017888e3e6' will allow NuGet to continue.
2026-06-27 03:58:25,362 3732 [INFO ] - ripgrep package files install failed with exit code 1. Performing other installation steps.
2026-06-27 03:58:25,362 3732 [DEBUG] - No package information as package is null.
2026-06-27 03:58:25,375 3732 [DEBUG] - No package information to save as package is null.
2026-06-27 03:58:25,375 3732 [DEBUG] - Sending message 'HandlePackageResultCompletedMessage' out if there are subscribers...
2026-06-27 03:58:25,376 3732 [ERROR] - The install of ripgrep was NOT successful.
2026-06-27 03:58:25,377 3732 [ERROR] - ripgrep not installed. An error occurred during installation:
 Unable to obtain lock file access on 'C:\ProgramData\chocolatey\lib\3f6fa5474c150a3d1fe93537c2c4c0017888e3e6' for operations on 'C:\ProgramData\chocolatey\lib\ripgrep'. This may mean that a different user or administrator is holding this lock and that this process does not have permission to access it. If no other process is currently performing an operation on this file it may mean that an earlier NuGet process crashed and left an inaccessible lock file, in this case removing the file 'C:\ProgramData\chocolatey\lib\3f6fa5474c150a3d1fe93537c2c4c0017888e3e6' will allow NuGet to continue.
2026-06-27 03:58:25,379 3732 [DEBUG] - Attempting to create directory "C:\ProgramData\chocolatey\lib-bad".
2026-06-27 03:58:25,379 3732 [WARN ] - This is try 1/3. Retrying after 300 milliseconds.
 Error converted to warning:
 Access to the path 'C:\ProgramData\chocolatey\lib-bad' is denied.
2026-06-27 03:58:25,696 3732 [WARN ] - This is try 2/3. Retrying after 400 milliseconds.
 Error converted to warning:
 Access to the path 'C:\ProgramData\chocolatey\lib-bad' is denied.
2026-06-27 03:58:26,104 3732 [ERROR] - Maximum tries of 3 reached. Throwing error.
2026-06-27 03:58:26,104 3732 [ERROR] - Cannot create directory "C:\ProgramData\chocolatey\lib-bad". Error was:
System.UnauthorizedAccessException: Access to the path 'C:\ProgramData\chocolatey\lib-bad' is denied.
   at System.IO.__Error.WinIOError(Int32 errorCode, String maybeFullPath)
   at System.IO.Directory.InternalCreateDirectory(String fullPath, String path, Object dirSecurityObj, Boolean checkHost)
   at System.IO.Directory.InternalCreateDirectoryHelper(String path, Boolean checkHost)
   at chocolatey.infrastructure.filesystem.DotNetFileSystem.<>c__DisplayClass63_0.<CreateDirectory>b__1()
   at chocolatey.infrastructure.tolerance.FaultTolerance.<>c__DisplayClass1_0.<Retry>b__0()
   at chocolatey.infrastructure.tolerance.FaultTolerance.Retry[T](Int32 numberOfTries, Func`1 function, Int32 waitDurationMilliseconds, Int32 increaseRetryByMilliseconds, Boolean isSilent)
   at chocolatey.infrastructure.tolerance.FaultTolerance.Retry(Int32 numberOfTries, Action action, Int32 waitDurationMilliseconds, Int32 increaseRetryByMilliseconds, Boolean isSilent)
   at chocolatey.infrastructure.filesystem.DotNetFileSystem.CreateDirectory(String directoryPath, Boolean isSilent)
   at chocolatey.infrastructure.filesystem.DotNetFileSystem.EnsureDirectoryExists(String directoryPath, Boolean ignoreError, Boolean isSilent)
2026-06-27 03:58:26,112 3732 [WARN ] - 
Chocolatey installed 0/0 packages. 
 See the log for details (C:\ProgramData\chocolatey\logs\chocolatey.log).
2026-06-27 03:58:26,113 3732 [DEBUG] - Sending message 'PostRunMessage' out if there are subscribers...
2026-06-27 03:58:26,115 3732 [ERROR] - Access to the path 'C:\ProgramData\chocolatey\lib-bad' is denied.
2026-06-27 03:58:26,116 3732 [ERROR] - More Details: System.UnauthorizedAccessException: Access to the path 'C:\ProgramData\chocolatey\lib-bad' is denied.
   at System.IO.__Error.WinIOError(Int32 errorCode, String maybeFullPath)
   at System.IO.Directory.InternalCreateDirectory(String fullPath, String path, Object dirSecurityObj, Boolean checkHost)
   at System.IO.Directory.InternalCreateDirectoryHelper(String path, Boolean checkHost)
   at chocolatey.infrastructure.filesystem.DotNetFileSystem.<>c__DisplayClass63_0.<CreateDirectory>b__1()
   at chocolatey.infrastructure.tolerance.FaultTolerance.<>c__DisplayClass1_0.<Retry>b__0()
   at chocolatey.infrastructure.tolerance.FaultTolerance.Retry[T](Int32 numberOfTries, Func`1 function, Int32 waitDurationMilliseconds, Int32 increaseRetryByMilliseconds, Boolean isSilent)
   at chocolatey.infrastructure.tolerance.FaultTolerance.Retry(Int32 numberOfTries, Action action, Int32 waitDurationMilliseconds, Int32 increaseRetryByMilliseconds, Boolean isSilent)
   at chocolatey.infrastructure.filesystem.DotNetFileSystem.CreateDirectory(String directoryPath, Boolean isSilent)
   at chocolatey.infrastructure.filesystem.DotNetFileSystem.EnsureDirectoryExists(String directoryPath, Boolean ignoreError, Boolean isSilent)
   at chocolatey.infrastructure.app.services.ChocolateyPackageService.MovePackageToFailedPackagesLocation(PackageResult packageResult)
   at chocolatey.infrastructure.app.services.ChocolateyPackageService.HandleFailedOperation(ChocolateyConfiguration config, PackageResult packageResult, Boolean movePackageToFailureLocation, Boolean attemptRollback)
   at chocolatey.infrastructure.app.services.ChocolateyPackageService.HandlePackageResult(PackageResult packageResult, ChocolateyConfiguration config, CommandNameType commandName)
   at chocolatey.infrastructure.app.services.NugetService.Install(ChocolateyConfiguration config, Action`2 continueAction, Action`2 beforeModifyAction)
   at chocolatey.infrastructure.app.services.ChocolateyPackageService.Install(ChocolateyConfiguration config)
   at chocolatey.infrastructure.app.runners.GenericRunner.Run(ChocolateyConfiguration config, Container container, Boolean isConsole, Action`1 parseArgs)
   at chocolatey.infrastructure.app.runners.ConsoleApplication.Run(String[] args, ChocolateyConfiguration config, Container container)
   at chocolatey.console.Program.Main(String[] args)
2026-06-27 03:58:26,116 3732 [DEBUG] - Exiting with 1
2026-06-27 03:58:27,956 7648 [ERROR] - Timeout or your choice of '' is not a valid selection.
2026-06-27 03:58:27,956 7648 [DEBUG] - The source 'https://community.chocolatey.org/api/v2/' evaluated to a 'normal' source type
2026-06-27 03:58:27,956 7648 [DEBUG] - 
NOTE: Hiding sensitive configuration data! Please double and triple
 check to be sure no sensitive data is shown, especially if copying
 output to a gist for review.
2026-06-27 03:58:27,973 7648 [DEBUG] - Configuration: CommandName='install'|
CacheLocation='C:\Users\tsmit\AppData\Local\Temp\chocolatey'|
CommandExecutionTimeoutSeconds='2700'|WebRequestTimeoutSeconds='30'|
Sources='https://community.chocolatey.org/api/v2/'|SourceType='normal'|
IncludeConfiguredSources='False'|ShowOnlineHelp='False'|Debug='False'|
Verbose='False'|Trace='False'|Force='False'|Noop='False'|
HelpRequested='False'|UnsuccessfulParsing='False'|RegularOutput='True'|
QuietOutput='False'|PromptForConfirmation='False'|
DisableCompatibilityChecks='False'|AcceptLicense='True'|
AllowUnofficialBuild='False'|Input='ripgrep'|AllVersions='False'|
SkipPackageInstallProvider='False'|SkipHookScripts='False'|
PackageNames='ripgrep'|Prerelease='False'|ForceX86='False'|
OverrideArguments='False'|NotSilent='False'|
ApplyPackageParametersToDependencies='False'|
ApplyInstallArgumentsToDependencies='False'|IgnoreDependencies='False'|
UseHttpCache='True'|CacheExpirationInMinutes='30'|
AllowDowngrade='False'|ForceDependencies='False'|PinPackage='False'|
IncludeHeaders='False'|Information.PlatformType='Windows'|
Information.PlatformVersion='10.0.26200.0'|
Information.PlatformName='Windows 11'|
Information.ChocolateyVersion='2.7.1.0'|
Information.ChocolateyProductVersion='2.7.1'|
Information.FullName='choco, Version=2.7.1.0, Culture=neutral, PublicKeyToken=79d02ea9cad655eb'|

Information.Is64BitOperatingSystem='True'|
Information.Is64BitProcess='True'|Information.IsInteractive='True'|
Information.UserName='tsmit'|
Information.UserDomainName='DESKTOP-GILF4VQ'|
Information.IsUserAdministrator='True'|
Information.IsUserSystemAccount='False'|
Information.IsUserRemoteDesktop='False'|
Information.IsUserRemote='False'|Information.IsProcessElevated='False'|
Information.IsLicensedVersion='False'|
Information.IsLicensedAssemblyLoaded='False'|
Information.LicenseType='Foss'|
Information.CurrentDirectory='C:\Users\tsmit\realai'|
Features.AutoUninstaller='True'|Features.ChecksumFiles='True'|
Features.AllowEmptyChecksums='False'|
Features.AllowEmptyChecksumsSecure='True'|
Features.FailOnAutoUninstaller='False'|
Features.FailOnStandardError='False'|Features.UsePowerShellHost='True'|
Features.LogEnvironmentValues='False'|Features.LogWithoutColor='False'|
Features.VirusCheck='False'|
Features.FailOnInvalidOrMissingLicense='False'|
Features.IgnoreInvalidOptionsSwitches='True'|
Features.UsePackageExitCodes='True'|
Features.UseEnhancedExitCodes='False'|
Features.UseFipsCompliantChecksums='False'|
Features.ShowNonElevatedWarnings='True'|
Features.ShowDownloadProgress='True'|
Features.StopOnFirstPackageFailure='False'|
Features.UseRememberedArgumentsForUpgrades='False'|
Features.IgnoreUnfoundPackagesOnUpgradeOutdated='False'|
Features.SkipPackageUpgradesWhenNotInstalled='False'|
Features.RemovePackageInformationOnUninstall='False'|
Features.ExitOnRebootDetected='False'|
Features.LogValidationResultsOnWarnings='True'|
Features.UsePackageRepositoryOptimizations='True'|
Features.UsePackageHashValidation='False'|
ListCommand.LocalOnly='False'|
ListCommand.IdOnly='False'|ListCommand.IncludeRegistryPrograms='False'|
ListCommand.PageSize='25'|ListCommand.Exact='False'|
ListCommand.ByIdOnly='False'|ListCommand.ByTagOnly='False'|
ListCommand.IdStartsWith='False'|ListCommand.IgnorePinned='False'|
ListCommand.OrderBy='Id'|ListCommand.OrderByPopularity='False'|
ListCommand.ApprovedOnly='False'|
ListCommand.DownloadCacheAvailable='False'|
ListCommand.NotBroken='False'|
ListCommand.IncludeVersionOverrides='False'|
ListCommand.ExplicitPageSize='False'|
ListCommand.ExplicitSource='False'|
UpgradeCommand.FailOnUnfound='False'|
UpgradeCommand.FailOnNotInstalled='False'|
UpgradeCommand.NotifyOnlyAvailableUpgrades='False'|
UpgradeCommand.ExcludePrerelease='False'|
UpgradeCommand.IgnorePinned='False'|
NewCommand.AutomaticPackage='False'|
NewCommand.UseOriginalTemplate='False'|SourceCommand.Command='unknown'|
SourceCommand.Priority='0'|SourceCommand.BypassProxy='False'|
SourceCommand.AllowSelfService='False'|
SourceCommand.VisibleToAdminsOnly='False'|
FeatureCommand.Command='unknown'|ConfigCommand.Command='Unknown'|
ApiKeyCommand.Command='Unknown'|PinCommand.Command='Unknown'|
LicenseCommand.Command='Unknown'|OutdatedCommand.IgnorePinned='False'|
ExportCommand.IncludeVersionNumbers='False'|Proxy.BypassOnLocal='True'|
TemplateCommand.Command='unknown'|CacheCommand.Command='Unknown'|
CacheCommand.RemoveExpiredItemsOnly='False'|
2026-06-27 03:58:27,973 7648 [DEBUG] - _ Chocolatey:ChocolateyInstallCommand - Normal Run Mode _
2026-06-27 03:58:27,976 7648 [INFO ] - Installing the following packages:
2026-06-27 03:58:27,976 7648 [INFO ] - ripgrep
2026-06-27 03:58:27,981 7648 [INFO ] - By installing, you accept licenses for the packages.
2026-06-27 03:58:28,025 7648 [DEBUG] - Process Tree: Chocolatey CLI => Chocolatey CLI => pwsh => Code => Code => explorer
2026-06-27 03:58:28,042 7648 [DEBUG] - Updating User Agent to 'Chocolatey Command Line/2.7.1 (Chocolatey CLI) via NuGet Client/6.4.1 (Microsoft Windows NT 10.0.26200.0)'.
2026-06-27 03:58:28,096 7648 [DEBUG] - Running list with the following filter = ''
2026-06-27 03:58:28,096 7648 [DEBUG] - --- Start of List ---
2026-06-27 03:58:28,122 7648 [DEBUG] - Process Tree: Chocolatey CLI => Chocolatey CLI => pwsh => Code => Code => explorer
2026-06-27 03:58:28,122 7648 [DEBUG] - Updating User Agent to 'Chocolatey Command Line/2.7.1 (Chocolatey CLI) via NuGet Client/6.4.1 (Microsoft Windows NT 10.0.26200.0)'.
2026-06-27 03:58:28,124 7648 [DEBUG] - Resolving resource PackageSearchResource for source C:\ProgramData\chocolatey\lib
2026-06-27 03:58:28,223 7648 [DEBUG] - chocolatey 2.7.1
2026-06-27 03:58:28,223 7648 [DEBUG] - chocolatey-compatibility.extension 1.0.0
2026-06-27 03:58:28,239 7648 [DEBUG] - chocolatey-core.extension 1.4.0
2026-06-27 03:58:28,239 7648 [DEBUG] - chocolatey-dotnetfx.extension 1.0.1
2026-06-27 03:58:28,239 7648 [DEBUG] - chocolatey-visualstudio.extension 1.13.0
2026-06-27 03:58:28,239 7648 [DEBUG] - chocolatey-windowsupdate.extension 1.0.5
2026-06-27 03:58:28,239 7648 [DEBUG] - dotnetfx 4.8.0.20220524
2026-06-27 03:58:28,239 7648 [DEBUG] - KB2919355 1.0.20160915
2026-06-27 03:58:28,239 7648 [DEBUG] - KB2919442 1.0.20160915
2026-06-27 03:58:28,254 7648 [DEBUG] - KB2999226 1.0.20181019
2026-06-27 03:58:28,254 7648 [DEBUG] - KB3033929 1.0.5
2026-06-27 03:58:28,254 7648 [DEBUG] - KB3035131 1.0.3
2026-06-27 03:58:28,270 7648 [DEBUG] - openssl 4.0.0
2026-06-27 03:58:28,270 7648 [DEBUG] - python 3.14.4
2026-06-27 03:58:28,270 7648 [DEBUG] - python3 3.14.4
2026-06-27 03:58:28,270 7648 [DEBUG] - python314 3.14.4
2026-06-27 03:58:28,286 7648 [DEBUG] - vcredist140 14.50.35719
2026-06-27 03:58:28,290 7648 [DEBUG] - vcredist2015 14.0.24215.20170201
2026-06-27 03:58:28,292 7648 [DEBUG] - visualstudio2026buildtools 118.4.2
2026-06-27 03:58:28,292 7648 [DEBUG] - visualstudio2026-workload-vctools 1.0.0
2026-06-27 03:58:28,292 7648 [DEBUG] - visualstudio-installer 2.0.7
2026-06-27 03:58:28,292 7648 [DEBUG] - --- End of List ---
2026-06-27 03:58:28,292 7648 [DEBUG] - Resolving resource ListResource for source https://community.chocolatey.org/api/v2/
2026-06-27 03:58:28,526 7648 [INFO ] - [NuGet]   CACHE https://community.chocolatey.org/api/v2/$metadata
2026-06-27 03:58:28,541 7648 [INFO ] - [NuGet]   CACHE https://community.chocolatey.org/api/v2/Packages()?$filter=(tolower(Id)%20eq%20'ripgrep')%20and%20IsLatestVersion&semVerLevel=2.0.0
2026-06-27 03:58:28,556 7648 [DEBUG] - Resolving resource DependencyInfoResource for source https://community.chocolatey.org/api/v2/
2026-06-27 03:58:28,563 7648 [INFO ] - [NuGet]   CACHE https://community.chocolatey.org/api/v2/Packages(Id='ripgrep',Version='14.1.0')
2026-06-27 03:58:28,630 7648 [INFO ] - [NuGet] Resolving dependency information took 0 ms
2026-06-27 03:58:28,630 7648 [DEBUG] - Resolving resource DownloadResource for source https://community.chocolatey.org/api/v2/
2026-06-27 03:58:28,660 7648 [DEBUG] - Attempting to delete file "".
2026-06-27 03:58:28,660 7648 [INFO ] - Downloading package from source 'https://community.chocolatey.org/api/v2/'
2026-06-27 03:58:28,660 7648 [DEBUG] - Package download location 'https://community.chocolatey.org/api/v2/package/ripgrep/14.1.0'
2026-06-27 03:58:28,660 7648 [DEBUG] - Skipping package hash validation as feature 'usePackageHashValidation' is not enabled.
2026-06-27 03:58:34,539 5508 [ERROR] - ripgrep not installed. An error occurred during installation:
 Unable to obtain lock file access on 'C:\ProgramData\chocolatey\lib\3f6fa5474c150a3d1fe93537c2c4c0017888e3e6' for operations on 'C:\ProgramData\chocolatey\lib\ripgrep'. This may mean that a different user or administrator is holding this lock and that this process does not have permission to access it. If no other process is currently performing an operation on this file it may mean that an earlier NuGet process crashed and left an inaccessible lock file, in this case removing the file 'C:\ProgramData\chocolatey\lib\3f6fa5474c150a3d1fe93537c2c4c0017888e3e6' will allow NuGet to continue.
2026-06-27 03:58:34,544 5508 [INFO ] - ripgrep package files install failed with exit code 1. Performing other installation steps.
2026-06-27 03:58:34,546 5508 [DEBUG] - No package information as package is null.
2026-06-27 03:58:34,554 5508 [DEBUG] - No package information to save as package is null.
2026-06-27 03:58:34,554 5508 [DEBUG] - Sending message 'HandlePackageResultCompletedMessage' out if there are subscribers...
2026-06-27 03:58:34,555 5508 [ERROR] - The install of ripgrep was NOT successful.
2026-06-27 03:58:34,556 5508 [ERROR] - ripgrep not installed. An error occurred during installation:
 Unable to obtain lock file access on 'C:\ProgramData\chocolatey\lib\3f6fa5474c150a3d1fe93537c2c4c0017888e3e6' for operations on 'C:\ProgramData\chocolatey\lib\ripgrep'. This may mean that a different user or administrator is holding this lock and that this process does not have permission to access it. If no other process is currently performing an operation on this file it may mean that an earlier NuGet process crashed and left an inaccessible lock file, in this case removing the file 'C:\ProgramData\chocolatey\lib\3f6fa5474c150a3d1fe93537c2c4c0017888e3e6' will allow NuGet to continue.
2026-06-27 03:58:34,558 5508 [DEBUG] - Attempting to create directory "C:\ProgramData\chocolatey\lib-bad".
2026-06-27 03:58:34,558 5508 [WARN ] - This is try 1/3. Retrying after 300 milliseconds.
 Error converted to warning:
 Access to the path 'C:\ProgramData\chocolatey\lib-bad' is denied.
2026-06-27 03:58:34,873 5508 [WARN ] - This is try 2/3. Retrying after 400 milliseconds.
 Error converted to warning:
 Access to the path 'C:\ProgramData\chocolatey\lib-bad' is denied.
2026-06-27 03:58:35,281 5508 [ERROR] - Maximum tries of 3 reached. Throwing error.
2026-06-27 03:58:35,282 5508 [ERROR] - Cannot create directory "C:\ProgramData\chocolatey\lib-bad". Error was:
System.UnauthorizedAccessException: Access to the path 'C:\ProgramData\chocolatey\lib-bad' is denied.
   at System.IO.__Error.WinIOError(Int32 errorCode, String maybeFullPath)
   at System.IO.Directory.InternalCreateDirectory(String fullPath, String path, Object dirSecurityObj, Boolean checkHost)
   at System.IO.Directory.InternalCreateDirectoryHelper(String path, Boolean checkHost)
   at chocolatey.infrastructure.filesystem.DotNetFileSystem.<>c__DisplayClass63_0.<CreateDirectory>b__1()
   at chocolatey.infrastructure.tolerance.FaultTolerance.<>c__DisplayClass1_0.<Retry>b__0()
   at chocolatey.infrastructure.tolerance.FaultTolerance.Retry[T](Int32 numberOfTries, Func`1 function, Int32 waitDurationMilliseconds, Int32 increaseRetryByMilliseconds, Boolean isSilent)
   at chocolatey.infrastructure.tolerance.FaultTolerance.Retry(Int32 numberOfTries, Action action, Int32 waitDurationMilliseconds, Int32 increaseRetryByMilliseconds, Boolean isSilent)
   at chocolatey.infrastructure.filesystem.DotNetFileSystem.CreateDirectory(String directoryPath, Boolean isSilent)
   at chocolatey.infrastructure.filesystem.DotNetFileSystem.EnsureDirectoryExists(String directoryPath, Boolean ignoreError, Boolean isSilent)
2026-06-27 03:58:35,289 5508 [WARN ] - 
Chocolatey installed 0/0 packages. 
 See the log for details (C:\ProgramData\chocolatey\logs\chocolatey.log).
2026-06-27 03:58:35,290 5508 [DEBUG] - Sending message 'PostRunMessage' out if there are subscribers...
2026-06-27 03:58:35,292 5508 [ERROR] - Access to the path 'C:\ProgramData\chocolatey\lib-bad' is denied.
2026-06-27 03:58:35,293 5508 [ERROR] - More Details: System.UnauthorizedAccessException: Access to the path 'C:\ProgramData\chocolatey\lib-bad' is denied.
   at System.IO.__Error.WinIOError(Int32 errorCode, String maybeFullPath)
   at System.IO.Directory.InternalCreateDirectory(String fullPath, String path, Object dirSecurityObj, Boolean checkHost)
   at System.IO.Directory.InternalCreateDirectoryHelper(String path, Boolean checkHost)
   at chocolatey.infrastructure.filesystem.DotNetFileSystem.<>c__DisplayClass63_0.<CreateDirectory>b__1()
   at chocolatey.infrastructure.tolerance.FaultTolerance.<>c__DisplayClass1_0.<Retry>b__0()
   at chocolatey.infrastructure.tolerance.FaultTolerance.Retry[T](Int32 numberOfTries, Func`1 function, Int32 waitDurationMilliseconds, Int32 increaseRetryByMilliseconds, Boolean isSilent)
   at chocolatey.infrastructure.tolerance.FaultTolerance.Retry(Int32 numberOfTries, Action action, Int32 waitDurationMilliseconds, Int32 increaseRetryByMilliseconds, Boolean isSilent)
   at chocolatey.infrastructure.filesystem.DotNetFileSystem.CreateDirectory(String directoryPath, Boolean isSilent)
   at chocolatey.infrastructure.filesystem.DotNetFileSystem.EnsureDirectoryExists(String directoryPath, Boolean ignoreError, Boolean isSilent)
   at chocolatey.infrastructure.app.services.ChocolateyPackageService.MovePackageToFailedPackagesLocation(PackageResult packageResult)
   at chocolatey.infrastructure.app.services.ChocolateyPackageService.HandleFailedOperation(ChocolateyConfiguration config, PackageResult packageResult, Boolean movePackageToFailureLocation, Boolean attemptRollback)
   at chocolatey.infrastructure.app.services.ChocolateyPackageService.HandlePackageResult(PackageResult packageResult, ChocolateyConfiguration config, CommandNameType commandName)
   at chocolatey.infrastructure.app.services.NugetService.Install(ChocolateyConfiguration config, Action`2 continueAction, Action`2 beforeModifyAction)
   at chocolatey.infrastructure.app.services.ChocolateyPackageService.Install(ChocolateyConfiguration config)
   at chocolatey.infrastructure.app.runners.GenericRunner.Run(ChocolateyConfiguration config, Container container, Boolean isConsole, Action`1 parseArgs)
   at chocolatey.infrastructure.app.runners.ConsoleApplication.Run(String[] args, ChocolateyConfiguration config, Container container)
   at chocolatey.console.Program.Main(String[] args)
2026-06-27 03:58:35,294 5508 [DEBUG] - Exiting with 1
2026-06-27 03:59:19,927 7648 [ERROR] - ripgrep not installed. An error occurred during installation:
 Unable to obtain lock file access on 'C:\ProgramData\chocolatey\lib\3f6fa5474c150a3d1fe93537c2c4c0017888e3e6' for operations on 'C:\ProgramData\chocolatey\lib\ripgrep'. This may mean that a different user or administrator is holding this lock and that this process does not have permission to access it. If no other process is currently performing an operation on this file it may mean that an earlier NuGet process crashed and left an inaccessible lock file, in this case removing the file 'C:\ProgramData\chocolatey\lib\3f6fa5474c150a3d1fe93537c2c4c0017888e3e6' will allow NuGet to continue.
2026-06-27 03:59:19,931 7648 [INFO ] - ripgrep package files install failed with exit code 1. Performing other installation steps.
2026-06-27 03:59:19,931 7648 [DEBUG] - No package information as package is null.
2026-06-27 03:59:19,939 7648 [DEBUG] - No package information to save as package is null.
2026-06-27 03:59:19,940 7648 [DEBUG] - Sending message 'HandlePackageResultCompletedMessage' out if there are subscribers...
2026-06-27 03:59:19,941 7648 [ERROR] - The install of ripgrep was NOT successful.
2026-06-27 03:59:19,942 7648 [ERROR] - ripgrep not installed. An error occurred during installation:
 Unable to obtain lock file access on 'C:\ProgramData\chocolatey\lib\3f6fa5474c150a3d1fe93537c2c4c0017888e3e6' for operations on 'C:\ProgramData\chocolatey\lib\ripgrep'. This may mean that a different user or administrator is holding this lock and that this process does not have permission to access it. If no other process is currently performing an operation on this file it may mean that an earlier NuGet process crashed and left an inaccessible lock file, in this case removing the file 'C:\ProgramData\chocolatey\lib\3f6fa5474c150a3d1fe93537c2c4c0017888e3e6' will allow NuGet to continue.
2026-06-27 03:59:19,944 7648 [DEBUG] - Attempting to create directory "C:\ProgramData\chocolatey\lib-bad".
2026-06-27 03:59:19,944 7648 [WARN ] - This is try 1/3. Retrying after 300 milliseconds.
 Error converted to warning:
 Access to the path 'C:\ProgramData\chocolatey\lib-bad' is denied.
2026-06-27 03:59:20,253 7648 [WARN ] - This is try 2/3. Retrying after 400 milliseconds.
 Error converted to warning:
 Access to the path 'C:\ProgramData\chocolatey\lib-bad' is denied.
2026-06-27 03:59:20,661 7648 [ERROR] - Maximum tries of 3 reached. Throwing error.
2026-06-27 03:59:20,661 7648 [ERROR] - Cannot create directory "C:\ProgramData\chocolatey\lib-bad". Error was:
System.UnauthorizedAccessException: Access to the path 'C:\ProgramData\chocolatey\lib-bad' is denied.
   at System.IO.__Error.WinIOError(Int32 errorCode, String maybeFullPath)
   at System.IO.Directory.InternalCreateDirectory(String fullPath, String path, Object dirSecurityObj, Boolean checkHost)
   at System.IO.Directory.InternalCreateDirectoryHelper(String path, Boolean checkHost)
   at chocolatey.infrastructure.filesystem.DotNetFileSystem.<>c__DisplayClass63_0.<CreateDirectory>b__1()
   at chocolatey.infrastructure.tolerance.FaultTolerance.<>c__DisplayClass1_0.<Retry>b__0()
   at chocolatey.infrastructure.tolerance.FaultTolerance.Retry[T](Int32 numberOfTries, Func`1 function, Int32 waitDurationMilliseconds, Int32 increaseRetryByMilliseconds, Boolean isSilent)
   at chocolatey.infrastructure.tolerance.FaultTolerance.Retry(Int32 numberOfTries, Action action, Int32 waitDurationMilliseconds, Int32 increaseRetryByMilliseconds, Boolean isSilent)
   at chocolatey.infrastructure.filesystem.DotNetFileSystem.CreateDirectory(String directoryPath, Boolean isSilent)
   at chocolatey.infrastructure.filesystem.DotNetFileSystem.EnsureDirectoryExists(String directoryPath, Boolean ignoreError, Boolean isSilent)
2026-06-27 03:59:20,661 7648 [WARN ] - 
Chocolatey installed 0/0 packages. 
 See the log for details (C:\ProgramData\chocolatey\logs\chocolatey.log).
2026-06-27 03:59:20,670 7648 [DEBUG] - Sending message 'PostRunMessage' out if there are subscribers...
2026-06-27 03:59:20,672 7648 [ERROR] - Access to the path 'C:\ProgramData\chocolatey\lib-bad' is denied.
2026-06-27 03:59:20,673 7648 [ERROR] - More Details: System.UnauthorizedAccessException: Access to the path 'C:\ProgramData\chocolatey\lib-bad' is denied.
   at System.IO.__Error.WinIOError(Int32 errorCode, String maybeFullPath)
   at System.IO.Directory.InternalCreateDirectory(String fullPath, String path, Object dirSecurityObj, Boolean checkHost)
   at System.IO.Directory.InternalCreateDirectoryHelper(String path, Boolean checkHost)
   at chocolatey.infrastructure.filesystem.DotNetFileSystem.<>c__DisplayClass63_0.<CreateDirectory>b__1()
   at chocolatey.infrastructure.tolerance.FaultTolerance.<>c__DisplayClass1_0.<Retry>b__0()
   at chocolatey.infrastructure.tolerance.FaultTolerance.Retry[T](Int32 numberOfTries, Func`1 function, Int32 waitDurationMilliseconds, Int32 increaseRetryByMilliseconds, Boolean isSilent)
   at chocolatey.infrastructure.tolerance.FaultTolerance.Retry(Int32 numberOfTries, Action action, Int32 waitDurationMilliseconds, Int32 increaseRetryByMilliseconds, Boolean isSilent)
   at chocolatey.infrastructure.filesystem.DotNetFileSystem.CreateDirectory(String directoryPath, Boolean isSilent)
   at chocolatey.infrastructure.filesystem.DotNetFileSystem.EnsureDirectoryExists(String directoryPath, Boolean ignoreError, Boolean isSilent)
   at chocolatey.infrastructure.app.services.ChocolateyPackageService.MovePackageToFailedPackagesLocation(PackageResult packageResult)
   at chocolatey.infrastructure.app.services.ChocolateyPackageService.HandleFailedOperation(ChocolateyConfiguration config, PackageResult packageResult, Boolean movePackageToFailureLocation, Boolean attemptRollback)
   at chocolatey.infrastructure.app.services.ChocolateyPackageService.HandlePackageResult(PackageResult packageResult, ChocolateyConfiguration config, CommandNameType commandName)
   at chocolatey.infrastructure.app.services.NugetService.Install(ChocolateyConfiguration config, Action`2 continueAction, Action`2 beforeModifyAction)
   at chocolatey.infrastructure.app.services.ChocolateyPackageService.Install(ChocolateyConfiguration config)
   at chocolatey.infrastructure.app.runners.GenericRunner.Run(ChocolateyConfiguration config, Container container, Boolean isConsole, Action`1 parseArgs)
   at chocolatey.infrastructure.app.runners.ConsoleApplication.Run(String[] args, ChocolateyConfiguration config, Container container)
   at chocolatey.console.Program.Main(String[] args)
2026-06-27 03:59:20,674 7648 [DEBUG] - Exiting with 1
2026-06-27 04:05:25,036 12416 [DEBUG] - XmlConfiguration is now operational
2026-06-27 04:05:25,067 12416 [DEBUG] - Adding new type 'CygwinService' for type 'IAlternativeSourceRunner' from assembly 'choco'
2026-06-27 04:05:25,067 12416 [DEBUG] - Adding new type 'CygwinService' for type 'IInstallSourceRunner' from assembly 'choco'
2026-06-27 04:05:25,067 12416 [DEBUG] - Adding new type 'PythonService' for type 'IAlternativeSourceRunner' from assembly 'choco'
2026-06-27 04:05:25,067 12416 [DEBUG] - Adding new type 'PythonService' for type 'IListSourceRunner' from assembly 'choco'
2026-06-27 04:05:25,067 12416 [DEBUG] - Adding new type 'PythonService' for type 'IInstallSourceRunner' from assembly 'choco'
2026-06-27 04:05:25,067 12416 [DEBUG] - Adding new type 'PythonService' for type 'IUninstallSourceRunner' from assembly 'choco'
2026-06-27 04:05:25,067 12416 [DEBUG] - Adding new type 'RubyGemsService' for type 'IAlternativeSourceRunner' from assembly 'choco'
2026-06-27 04:05:25,067 12416 [DEBUG] - Adding new type 'RubyGemsService' for type 'IListSourceRunner' from assembly 'choco'
2026-06-27 04:05:25,067 12416 [DEBUG] - Adding new type 'RubyGemsService' for type 'IInstallSourceRunner' from assembly 'choco'
2026-06-27 04:05:25,067 12416 [DEBUG] - Adding new type 'SystemStateValidation' for type 'IValidation' from assembly 'choco'
2026-06-27 04:05:25,067 12416 [DEBUG] - Adding new type 'CacheFolderLockdownValidation' for type 'IValidation' from assembly 'choco'
2026-06-27 04:05:25,277 12416 [DEBUG] - Adding new type 'FrameWorkReferencesMetadataRule' for type 'IMetadataRule' from assembly 'choco'
2026-06-27 04:05:25,277 12416 [DEBUG] - Adding new type 'IconMetadataRule' for type 'IMetadataRule' from assembly 'choco'
2026-06-27 04:05:25,277 12416 [DEBUG] - Adding new type 'LicenseMetadataRule' for type 'IMetadataRule' from assembly 'choco'
2026-06-27 04:05:25,277 12416 [DEBUG] - Adding new type 'PackageTypesMetadataRule' for type 'IMetadataRule' from assembly 'choco'
2026-06-27 04:05:25,277 12416 [DEBUG] - Adding new type 'ReadmeMetadataRule' for type 'IMetadataRule' from assembly 'choco'
2026-06-27 04:05:25,277 12416 [DEBUG] - Adding new type 'RepositoryMetadataRule' for type 'IMetadataRule' from assembly 'choco'
2026-06-27 04:05:25,277 12416 [DEBUG] - Adding new type 'RequiredMetadataRule' for type 'IMetadataRule' from assembly 'choco'
2026-06-27 04:05:25,277 12416 [DEBUG] - Adding new type 'RequireLicenseAcceptanceMetadataRule' for type 'IMetadataRule' from assembly 'choco'
2026-06-27 04:05:25,277 12416 [DEBUG] - Adding new type 'ServicableMetadataRule' for type 'IMetadataRule' from assembly 'choco'
2026-06-27 04:05:25,277 12416 [DEBUG] - Adding new type 'VersionMetadataRule' for type 'IMetadataRule' from assembly 'choco'
2026-06-27 04:05:25,293 12416 [DEBUG] - Registering new command 'apikey' in assembly 'choco'
2026-06-27 04:05:25,293 12416 [DEBUG] - Registering new command 'cache' in assembly 'choco'
2026-06-27 04:05:25,293 12416 [DEBUG] - Registering new command 'config' in assembly 'choco'
2026-06-27 04:05:25,293 12416 [DEBUG] - Registering new command 'export' in assembly 'choco'
2026-06-27 04:05:25,293 12416 [DEBUG] - Registering new command 'feature' in assembly 'choco'
2026-06-27 04:05:25,293 12416 [DEBUG] - Registering new command 'help' in assembly 'choco'
2026-06-27 04:05:25,293 12416 [DEBUG] - Registering new command 'info' in assembly 'choco'
2026-06-27 04:05:25,293 12416 [DEBUG] - Registering new command 'install' in assembly 'choco'
2026-06-27 04:05:25,293 12416 [DEBUG] - Registering new command 'license' in assembly 'choco'
2026-06-27 04:05:25,293 12416 [DEBUG] - Registering new command 'list' in assembly 'choco'
2026-06-27 04:05:25,293 12416 [DEBUG] - Registering new command 'new' in assembly 'choco'
2026-06-27 04:05:25,293 12416 [DEBUG] - Registering new command 'outdated' in assembly 'choco'
2026-06-27 04:05:25,293 12416 [DEBUG] - Registering new command 'pack' in assembly 'choco'
2026-06-27 04:05:25,293 12416 [DEBUG] - Registering new command 'pin' in assembly 'choco'
2026-06-27 04:05:25,293 12416 [DEBUG] - Registering new command 'push' in assembly 'choco'
2026-06-27 04:05:25,293 12416 [DEBUG] - Registering new command 'rule' in assembly 'choco'
2026-06-27 04:05:25,293 12416 [DEBUG] - Registering new command 'search' in assembly 'choco'
2026-06-27 04:05:25,293 12416 [DEBUG] - Registering new command 'source' in assembly 'choco'
2026-06-27 04:05:25,293 12416 [DEBUG] - Registering new command 'support' in assembly 'choco'
2026-06-27 04:05:25,293 12416 [DEBUG] - Registering new command 'template' in assembly 'choco'
2026-06-27 04:05:25,293 12416 [DEBUG] - Registering new command 'uninstall' in assembly 'choco'
2026-06-27 04:05:25,293 12416 [DEBUG] - Registering new command 'unpackself' in assembly 'choco'
2026-06-27 04:05:25,293 12416 [DEBUG] - Registering new command 'upgrade' in assembly 'choco'
2026-06-27 04:05:25,357 12416 [INFO ] - ============================================================
2026-06-27 04:05:25,437 12416 [INFO ] - Chocolatey v2.7.1
2026-06-27 04:05:25,437 12416 [DEBUG] - Chocolatey is running on Windows v 10.0.26200.0
2026-06-27 04:05:25,454 12416 [DEBUG] - Attempting to delete file "C:/ProgramData/chocolatey/choco.exe.old".
2026-06-27 04:05:25,454 12416 [DEBUG] - Attempting to delete file "C:\ProgramData\chocolatey\choco.exe.old".
2026-06-27 04:05:25,454 12416 [DEBUG] - Command line: "C:\ProgramData\chocolatey\choco.exe" install ripgrep -y
2026-06-27 04:05:25,454 12416 [DEBUG] - Received arguments: install ripgrep -y
2026-06-27 04:05:25,486 12416 [DEBUG] - RemovePendingPackagesTask is now ready and waiting for PreRunMessage.
2026-06-27 04:05:25,486 12416 [DEBUG] - Sending message 'PreRunMessage' out if there are subscribers...
2026-06-27 04:05:25,486 12416 [DEBUG] - [Pending] Removing all pending packages that should not be considered installed...
2026-06-27 04:05:25,518 12416 [DEBUG] - Performing validation checks.
2026-06-27 04:05:25,518 12416 [DEBUG] - Global Configuration Validation Checks:
2026-06-27 04:05:25,518 12416 [DEBUG] -  - Package Exit Code / Exit On Reboot = Checked
2026-06-27 04:05:25,518 12416 [DEBUG] - System State Validation Checks:
2026-06-27 04:05:25,518 12416 [DEBUG] -  Reboot Requirement Checks:
2026-06-27 04:05:25,518 12416 [DEBUG] -  - Pending Computer Rename = Checked
2026-06-27 04:05:25,518 12416 [DEBUG] -  - Pending Component Based Servicing = Checked
2026-06-27 04:05:25,518 12416 [DEBUG] -  - Pending Windows Auto Update = Checked
2026-06-27 04:05:25,518 12416 [DEBUG] -  - Pending File Rename Operations = Ignored
2026-06-27 04:05:25,518 12416 [DEBUG] -  - Pending Windows Package Installer = Checked
2026-06-27 04:05:25,518 12416 [DEBUG] -  - Pending Windows Package Installer SysWow64 = Checked
2026-06-27 04:05:25,534 12416 [DEBUG] - Cache Folder Lockdown Checks:
2026-06-27 04:05:25,534 12416 [DEBUG] -  - Elevated State = Checked
2026-06-27 04:05:25,534 12416 [DEBUG] -  - Folder Exists = Checked
2026-06-27 04:05:25,534 12416 [DEBUG] -  - Folder lockdown = Checked
2026-06-27 04:05:25,534 12416 [INFO ] - 3 validations performed. 3 success(es), 0 warning(s), and 0 error(s).
2026-06-27 04:05:25,534 12416 [DEBUG] - The source 'https://community.chocolatey.org/api/v2/' evaluated to a 'normal' source type
2026-06-27 04:05:25,534 12416 [DEBUG] - 
NOTE: Hiding sensitive configuration data! Please double and triple
 check to be sure no sensitive data is shown, especially if copying
 output to a gist for review.
2026-06-27 04:05:25,549 12416 [DEBUG] - Configuration: CommandName='install'|
CacheLocation='C:\Users\tsmit\AppData\Local\Temp\chocolatey'|
CommandExecutionTimeoutSeconds='2700'|WebRequestTimeoutSeconds='30'|
Sources='https://community.chocolatey.org/api/v2/'|SourceType='normal'|
IncludeConfiguredSources='False'|ShowOnlineHelp='False'|Debug='False'|
Verbose='False'|Trace='False'|Force='False'|Noop='False'|
HelpRequested='False'|UnsuccessfulParsing='False'|RegularOutput='True'|
QuietOutput='False'|PromptForConfirmation='False'|
DisableCompatibilityChecks='False'|AcceptLicense='True'|
AllowUnofficialBuild='False'|Input='ripgrep'|AllVersions='False'|
SkipPackageInstallProvider='False'|SkipHookScripts='False'|
PackageNames='ripgrep'|Prerelease='False'|ForceX86='False'|
OverrideArguments='False'|NotSilent='False'|
ApplyPackageParametersToDependencies='False'|
ApplyInstallArgumentsToDependencies='False'|IgnoreDependencies='False'|
UseHttpCache='True'|CacheExpirationInMinutes='30'|
AllowDowngrade='False'|ForceDependencies='False'|PinPackage='False'|
IncludeHeaders='False'|Information.PlatformType='Windows'|
Information.PlatformVersion='10.0.26200.0'|
Information.PlatformName='Windows 11'|
Information.ChocolateyVersion='2.7.1.0'|
Information.ChocolateyProductVersion='2.7.1'|
Information.FullName='choco, Version=2.7.1.0, Culture=neutral, PublicKeyToken=79d02ea9cad655eb'|

Information.Is64BitOperatingSystem='True'|
Information.Is64BitProcess='True'|Information.IsInteractive='True'|
Information.UserName='tsmit'|
Information.UserDomainName='DESKTOP-GILF4VQ'|
Information.IsUserAdministrator='True'|
Information.IsUserSystemAccount='False'|
Information.IsUserRemoteDesktop='False'|
Information.IsUserRemote='False'|Information.IsProcessElevated='True'|
Information.IsLicensedVersion='False'|
Information.IsLicensedAssemblyLoaded='False'|
Information.LicenseType='Foss'|
Information.CurrentDirectory='C:\Users\tsmit\realai'|
Features.AutoUninstaller='True'|Features.ChecksumFiles='True'|
Features.AllowEmptyChecksums='False'|
Features.AllowEmptyChecksumsSecure='True'|
Features.FailOnAutoUninstaller='False'|
Features.FailOnStandardError='False'|Features.UsePowerShellHost='True'|
Features.LogEnvironmentValues='False'|Features.LogWithoutColor='False'|
Features.VirusCheck='False'|
Features.FailOnInvalidOrMissingLicense='False'|
Features.IgnoreInvalidOptionsSwitches='True'|
Features.UsePackageExitCodes='True'|
Features.UseEnhancedExitCodes='False'|
Features.UseFipsCompliantChecksums='False'|
Features.ShowNonElevatedWarnings='True'|
Features.ShowDownloadProgress='True'|
Features.StopOnFirstPackageFailure='False'|
Features.UseRememberedArgumentsForUpgrades='False'|
Features.IgnoreUnfoundPackagesOnUpgradeOutdated='False'|
Features.SkipPackageUpgradesWhenNotInstalled='False'|
Features.RemovePackageInformationOnUninstall='False'|
Features.ExitOnRebootDetected='False'|
Features.LogValidationResultsOnWarnings='True'|
Features.UsePackageRepositoryOptimizations='True'|
Features.UsePackageHashValidation='False'|
ListCommand.LocalOnly='False'|
ListCommand.IdOnly='False'|ListCommand.IncludeRegistryPrograms='False'|
ListCommand.PageSize='25'|ListCommand.Exact='False'|
ListCommand.ByIdOnly='False'|ListCommand.ByTagOnly='False'|
ListCommand.IdStartsWith='False'|ListCommand.IgnorePinned='False'|
ListCommand.OrderBy='Id'|ListCommand.OrderByPopularity='False'|
ListCommand.ApprovedOnly='False'|
ListCommand.DownloadCacheAvailable='False'|
ListCommand.NotBroken='False'|
ListCommand.IncludeVersionOverrides='False'|
ListCommand.ExplicitPageSize='False'|
ListCommand.ExplicitSource='False'|
UpgradeCommand.FailOnUnfound='False'|
UpgradeCommand.FailOnNotInstalled='False'|
UpgradeCommand.NotifyOnlyAvailableUpgrades='False'|
UpgradeCommand.ExcludePrerelease='False'|
UpgradeCommand.IgnorePinned='False'|
NewCommand.AutomaticPackage='False'|
NewCommand.UseOriginalTemplate='False'|SourceCommand.Command='unknown'|
SourceCommand.Priority='0'|SourceCommand.BypassProxy='False'|
SourceCommand.AllowSelfService='False'|
SourceCommand.VisibleToAdminsOnly='False'|
FeatureCommand.Command='unknown'|ConfigCommand.Command='Unknown'|
ApiKeyCommand.Command='Unknown'|PinCommand.Command='Unknown'|
LicenseCommand.Command='Unknown'|OutdatedCommand.IgnorePinned='False'|
ExportCommand.IncludeVersionNumbers='False'|Proxy.BypassOnLocal='True'|
TemplateCommand.Command='unknown'|CacheCommand.Command='Unknown'|
CacheCommand.RemoveExpiredItemsOnly='False'|
2026-06-27 04:05:25,549 12416 [DEBUG] - _ Chocolatey:ChocolateyInstallCommand - Normal Run Mode _
2026-06-27 04:05:25,549 12416 [INFO ] - Installing the following packages:
2026-06-27 04:05:25,549 12416 [INFO ] - ripgrep
2026-06-27 04:05:25,549 12416 [INFO ] - By installing, you accept licenses for the packages.
2026-06-27 04:05:25,597 12416 [DEBUG] - Process Tree: Chocolatey CLI => Chocolatey CLI => powershell => WindowsTerminal => explorer
2026-06-27 04:05:25,597 12416 [DEBUG] - Updating User Agent to 'Chocolatey Command Line/2.7.1 (Chocolatey CLI) via NuGet Client/6.4.1 (Microsoft Windows NT 10.0.26200.0)'.
2026-06-27 04:05:25,661 12416 [DEBUG] - Running list with the following filter = ''
2026-06-27 04:05:25,661 12416 [DEBUG] - --- Start of List ---
2026-06-27 04:05:25,678 12416 [DEBUG] - Process Tree: Chocolatey CLI => Chocolatey CLI => powershell => WindowsTerminal => explorer
2026-06-27 04:05:25,678 12416 [DEBUG] - Updating User Agent to 'Chocolatey Command Line/2.7.1 (Chocolatey CLI) via NuGet Client/6.4.1 (Microsoft Windows NT 10.0.26200.0)'.
2026-06-27 04:05:25,678 12416 [DEBUG] - Resolving resource PackageSearchResource for source C:\ProgramData\chocolatey\lib
2026-06-27 04:05:25,774 12416 [DEBUG] - chocolatey 2.7.1
2026-06-27 04:05:25,790 12416 [DEBUG] - chocolatey-compatibility.extension 1.0.0
2026-06-27 04:05:25,790 12416 [DEBUG] - chocolatey-core.extension 1.4.0
2026-06-27 04:05:25,790 12416 [DEBUG] - chocolatey-dotnetfx.extension 1.0.1
2026-06-27 04:05:25,790 12416 [DEBUG] - chocolatey-visualstudio.extension 1.13.0
2026-06-27 04:05:25,806 12416 [DEBUG] - chocolatey-windowsupdate.extension 1.0.5
2026-06-27 04:05:25,806 12416 [DEBUG] - dotnetfx 4.8.0.20220524
2026-06-27 04:05:25,806 12416 [DEBUG] - KB2919355 1.0.20160915
2026-06-27 04:05:25,806 12416 [DEBUG] - KB2919442 1.0.20160915
2026-06-27 04:05:25,806 12416 [DEBUG] - KB2999226 1.0.20181019
2026-06-27 04:05:25,806 12416 [DEBUG] - KB3033929 1.0.5
2026-06-27 04:05:25,806 12416 [DEBUG] - KB3035131 1.0.3
2026-06-27 04:05:25,822 12416 [DEBUG] - openssl 4.0.0
2026-06-27 04:05:25,822 12416 [DEBUG] - python 3.14.4
2026-06-27 04:05:25,822 12416 [DEBUG] - python3 3.14.4
2026-06-27 04:05:25,838 12416 [DEBUG] - python314 3.14.4
2026-06-27 04:05:25,838 12416 [DEBUG] - vcredist140 14.50.35719
2026-06-27 04:05:25,838 12416 [DEBUG] - vcredist2015 14.0.24215.20170201
2026-06-27 04:05:25,838 12416 [DEBUG] - visualstudio2026buildtools 118.4.2
2026-06-27 04:05:25,838 12416 [DEBUG] - visualstudio2026-workload-vctools 1.0.0
2026-06-27 04:05:25,838 12416 [DEBUG] - visualstudio-installer 2.0.7
2026-06-27 04:05:25,838 12416 [DEBUG] - --- End of List ---
2026-06-27 04:05:25,838 12416 [DEBUG] - Resolving resource ListResource for source https://community.chocolatey.org/api/v2/
2026-06-27 04:05:26,156 12416 [INFO ] - [NuGet]   GET https://community.chocolatey.org/api/v2/$metadata
2026-06-27 04:05:26,204 12416 [INFO ] - [NuGet]   OK https://community.chocolatey.org/api/v2/$metadata 49ms
2026-06-27 04:05:26,236 12416 [INFO ] - [NuGet]   GET https://community.chocolatey.org/api/v2/Packages()?$filter=(tolower(Id) eq 'ripgrep') and IsLatestVersion&semVerLevel=2.0.0
2026-06-27 04:05:26,283 12416 [INFO ] - [NuGet]   OK https://community.chocolatey.org/api/v2/Packages()?$filter=(tolower(Id) eq 'ripgrep') and IsLatestVersion&semVerLevel=2.0.0 52ms
2026-06-27 04:05:26,309 12416 [DEBUG] - Resolving resource DependencyInfoResource for source https://community.chocolatey.org/api/v2/
2026-06-27 04:05:26,315 12416 [INFO ] - [NuGet]   GET https://community.chocolatey.org/api/v2/Packages(Id='ripgrep',Version='14.1.0')
2026-06-27 04:05:26,568 12416 [INFO ] - [NuGet]   OK https://community.chocolatey.org/api/v2/Packages(Id='ripgrep',Version='14.1.0') 253ms
2026-06-27 04:05:26,632 12416 [INFO ] - [NuGet] Resolving dependency information took 0 ms
2026-06-27 04:05:26,632 12416 [DEBUG] - Resolving resource DownloadResource for source https://community.chocolatey.org/api/v2/
2026-06-27 04:05:26,648 12416 [DEBUG] - Attempting to delete file "".
2026-06-27 04:05:26,648 12416 [INFO ] - Downloading package from source 'https://community.chocolatey.org/api/v2/'
2026-06-27 04:05:26,648 12416 [DEBUG] - Package download location 'https://community.chocolatey.org/api/v2/package/ripgrep/14.1.0'
2026-06-27 04:05:26,664 12416 [DEBUG] - Skipping package hash validation as feature 'usePackageHashValidation' is not enabled.
2026-06-27 04:05:26,680 12416 [INFO ] - [NuGet] Adding package 'ripgrep.14.1.0' to folder 'C:\ProgramData\chocolatey\lib'
2026-06-27 04:05:26,759 12416 [INFO ] - [NuGet] Added package 'ripgrep.14.1.0' to folder 'C:\ProgramData\chocolatey\lib'
2026-06-27 04:05:26,775 12416 [DEBUG] - Attempting to delete file "C:\Users\tsmit\AppData\Local\Temp\chocolatey\ChocolateyScratch\ripgrep/14.1.0\ripgrep.14.1.0.nupkg".
2026-06-27 04:05:26,775 12416 [DEBUG] - Attempting to delete file "C:\Users\tsmit\AppData\Local\Temp\chocolatey\ChocolateyScratch\ripgrep/14.1.0\.nupkg.metadata".
2026-06-27 04:05:26,775 12416 [DEBUG] - Attempting to delete file "C:\Users\tsmit\AppData\Local\Temp\chocolatey\ChocolateyScratch\ripgrep/14.1.0\ripgrep.14.1.0.nupkg.sha512".
2026-06-27 04:05:26,775 12416 [INFO ] - 
ripgrep v14.1.0 [Approved]
2026-06-27 04:05:26,791 12416 [INFO ] - ripgrep package files install completed. Performing other installation steps.
2026-06-27 04:05:27,028 12416 [DEBUG] - Setting installer args for ripgrep
2026-06-27 04:05:27,028 12416 [DEBUG] - Setting package parameters for ripgrep
2026-06-27 04:05:27,028 12416 [DEBUG] - Contents of 'C:\ProgramData\chocolatey\lib\ripgrep\tools\chocolateyinstall.ps1':
2026-06-27 04:05:27,028 12416 [DEBUG] - $ErrorActionPreference = 'Stop';
$toolsDir               = "$(Split-Path -parent $MyInvocation.MyCommand.Definition)"


$packageArgs = @{
    PackageName    = $env:ChocolateyPackageName
    Destination    = $toolsDir
    FileFullPath   = Join-Path $toolsDir 'ripgrep-14.1.0-i686-pc-windows-msvc.zip'
    FileFullPath64 = Join-Path $toolsDir 'ripgrep-14.1.0-x86_64-pc-windows-msvc.zip'
}

#Remove old versions of ripgrep in the tools directory
Get-ChildItem -Directory -Path $toolsDir | Remove-Item -Recurse -Ea 0

Get-ChocolateyUnzip @packageArgs

Write-Host "ripgrep installed to $toolsDir"

Remove-Item -Force -Path $toolsDir\*.zip

2026-06-27 04:05:27,044 12416 [DEBUG] - Calling built-in PowerShell host with ['[System.Threading.Thread]::CurrentThread.CurrentCulture = '';[System.Threading.Thread]::CurrentThread.CurrentUICulture = '';[System.Net.ServicePointManager]::SecurityProtocol = [System.Net.SecurityProtocolType]::SystemDefault; & import-module -name 'C:\ProgramData\chocolatey\helpers\chocolateyInstaller.psm1'; & 'C:\ProgramData\chocolatey\helpers\chocolateyScriptRunner.ps1' -packageScript 'C:\ProgramData\chocolatey\lib\ripgrep\tools\chocolateyinstall.ps1' -installArguments '' -packageParameters '' -preRunHookScripts $null -postRunHookScripts $null']
2026-06-27 04:05:27,044 12416 [DEBUG] - Redirecting System.Management.Automation.resources, Version=3.0.0.0, Culture=en-US, PublicKeyToken=31bf3856ad364e35, requested by ''
2026-06-27 04:05:27,298 12416 [DEBUG] - Host version is 5.1.26100.1882, PowerShell Version is '5.1.26100.8655' and CLR Version is '4.0.30319.42000'.
2026-06-27 04:05:27,969 12416 [INFO ] - VERBOSE: Loading module from path 'C:\ProgramData\chocolatey\helpers\Chocolatey.PowerShell.dll'.
2026-06-27 04:05:27,985 12416 [DEBUG] - Returning loaded assembly type for 'Chocolatey.PowerShell'
2026-06-27 04:05:27,985 12416 [INFO ] - VERBOSE: Importing cmdlet 'Get-EnvironmentVariable'.
2026-06-27 04:05:27,985 12416 [INFO ] - VERBOSE: Importing cmdlet 'Get-EnvironmentVariableNames'.
2026-06-27 04:05:27,985 12416 [INFO ] - VERBOSE: Importing cmdlet 'Install-ChocolateyPath'.
2026-06-27 04:05:27,985 12416 [INFO ] - VERBOSE: Importing cmdlet 'Set-EnvironmentVariable'.
2026-06-27 04:05:27,985 12416 [INFO ] - VERBOSE: Importing cmdlet 'Test-ProcessAdminRights'.
2026-06-27 04:05:27,985 12416 [INFO ] - VERBOSE: Importing cmdlet 'Uninstall-ChocolateyPath'.
2026-06-27 04:05:27,985 12416 [INFO ] - VERBOSE: Importing cmdlet 'Update-SessionEnvironment'.
2026-06-27 04:05:28,001 12416 [DEBUG] - Cmdlets exported from Chocolatey.PowerShell.dll
2026-06-27 04:05:28,001 12416 [DEBUG] - Get-EnvironmentVariable
2026-06-27 04:05:28,001 12416 [DEBUG] - Get-EnvironmentVariableNames
2026-06-27 04:05:28,001 12416 [DEBUG] - Install-ChocolateyPath
2026-06-27 04:05:28,001 12416 [DEBUG] - Set-EnvironmentVariable
2026-06-27 04:05:28,001 12416 [DEBUG] - Test-ProcessAdminRights
2026-06-27 04:05:28,001 12416 [DEBUG] - Uninstall-ChocolateyPath
2026-06-27 04:05:28,001 12416 [DEBUG] - Update-SessionEnvironment
2026-06-27 04:05:28,001 12416 [INFO ] - VERBOSE: Exporting function 'Format-FileSize'.
2026-06-27 04:05:28,001 12416 [INFO ] - VERBOSE: Exporting function 'Get-ChecksumValid'.
2026-06-27 04:05:28,001 12416 [INFO ] - VERBOSE: Exporting function 'Get-ChocolateyConfigValue'.
2026-06-27 04:05:28,001 12416 [INFO ] - VERBOSE: Exporting function 'Get-ChocolateyPath'.
2026-06-27 04:05:28,001 12416 [INFO ] - VERBOSE: Exporting function 'Get-ChocolateyUnzip'.
2026-06-27 04:05:28,001 12416 [INFO ] - VERBOSE: Exporting function 'Get-ChocolateyWebFile'.
2026-06-27 04:05:28,001 12416 [INFO ] - VERBOSE: Exporting function 'Get-FtpFile'.
2026-06-27 04:05:28,001 12416 [INFO ] - VERBOSE: Exporting function 'Get-OSArchitectureWidth'.
2026-06-27 04:05:28,001 12416 [INFO ] - VERBOSE: Exporting function 'Get-PackageParameters'.
2026-06-27 04:05:28,001 12416 [INFO ] - VERBOSE: Exporting function 'Get-PackageParametersBuiltIn'.
2026-06-27 04:05:28,001 12416 [INFO ] - VERBOSE: Exporting function 'Get-ToolsLocation'.
2026-06-27 04:05:28,001 12416 [INFO ] - VERBOSE: Exporting function 'Get-UACEnabled'.
2026-06-27 04:05:28,001 12416 [INFO ] - VERBOSE: Exporting function 'Get-UninstallRegistryKey'.
2026-06-27 04:05:28,001 12416 [INFO ] - VERBOSE: Exporting function 'Get-VirusCheckValid'.
2026-06-27 04:05:28,001 12416 [INFO ] - VERBOSE: Exporting function 'Get-WebFile'.
2026-06-27 04:05:28,001 12416 [INFO ] - VERBOSE: Exporting function 'Get-WebFileName'.
2026-06-27 04:05:28,001 12416 [INFO ] - VERBOSE: Exporting function 'Get-WebHeaders'.
2026-06-27 04:05:28,001 12416 [INFO ] - VERBOSE: Exporting function 'Install-BinFile'.
2026-06-27 04:05:28,001 12416 [INFO ] - VERBOSE: Exporting function 'Install-ChocolateyEnvironmentVariable'.
2026-06-27 04:05:28,001 12416 [INFO ] - VERBOSE: Exporting function 'Install-ChocolateyExplorerMenuItem'.
2026-06-27 04:05:28,001 12416 [INFO ] - VERBOSE: Exporting function 'Install-ChocolateyFileAssociation'.
2026-06-27 04:05:28,001 12416 [INFO ] - VERBOSE: Exporting function 'Install-ChocolateyInstallPackage'.
2026-06-27 04:05:28,001 12416 [INFO ] - VERBOSE: Exporting function 'Install-ChocolateyPackage'.
2026-06-27 04:05:28,001 12416 [INFO ] - VERBOSE: Exporting function 'Install-ChocolateyPinnedTaskBarItem'.
2026-06-27 04:05:28,001 12416 [INFO ] - VERBOSE: Exporting function 'Install-ChocolateyPowershellCommand'.
2026-06-27 04:05:28,001 12416 [INFO ] - VERBOSE: Exporting function 'Install-ChocolateyShortcut'.
2026-06-27 04:05:28,001 12416 [INFO ] - VERBOSE: Exporting function 'Install-ChocolateyVsixPackage'.
2026-06-27 04:05:28,001 12416 [INFO ] - VERBOSE: Exporting function 'Install-ChocolateyZipPackage'.
2026-06-27 04:05:28,017 12416 [INFO ] - VERBOSE: Exporting function 'Install-Vsix'.
2026-06-27 04:05:28,017 12416 [INFO ] - VERBOSE: Exporting function 'Set-PowerShellExitCode'.
2026-06-27 04:05:28,017 12416 [INFO ] - VERBOSE: Exporting function 'Start-ChocolateyProcessAsAdmin'.
2026-06-27 04:05:28,017 12416 [INFO ] - VERBOSE: Exporting function 'Uninstall-BinFile'.
2026-06-27 04:05:28,017 12416 [INFO ] - VERBOSE: Exporting function 'Uninstall-ChocolateyEnvironmentVariable'.
2026-06-27 04:05:28,017 12416 [INFO ] - VERBOSE: Exporting function 'Uninstall-ChocolateyPackage'.
2026-06-27 04:05:28,017 12416 [INFO ] - VERBOSE: Exporting function 'Uninstall-ChocolateyZipPackage'.
2026-06-27 04:05:28,017 12416 [INFO ] - VERBOSE: Exporting function 'Write-FunctionCallLogMessage'.
2026-06-27 04:05:28,017 12416 [INFO ] - VERBOSE: Exporting cmdlet 'Get-EnvironmentVariable'.
2026-06-27 04:05:28,017 12416 [INFO ] - VERBOSE: Exporting cmdlet 'Get-EnvironmentVariableNames'.
2026-06-27 04:05:28,017 12416 [INFO ] - VERBOSE: Exporting cmdlet 'Install-ChocolateyPath'.
2026-06-27 04:05:28,017 12416 [INFO ] - VERBOSE: Exporting cmdlet 'Set-EnvironmentVariable'.
2026-06-27 04:05:28,017 12416 [INFO ] - VERBOSE: Exporting cmdlet 'Test-ProcessAdminRights'.
2026-06-27 04:05:28,017 12416 [INFO ] - VERBOSE: Exporting cmdlet 'Uninstall-ChocolateyPath'.
2026-06-27 04:05:28,017 12416 [INFO ] - VERBOSE: Exporting cmdlet 'Update-SessionEnvironment'.
2026-06-27 04:05:28,017 12416 [INFO ] - VERBOSE: Exporting alias 'Get-ProcessorBits'.
2026-06-27 04:05:28,017 12416 [INFO ] - VERBOSE: Exporting alias 'Get-OSBitness'.
2026-06-27 04:05:28,017 12416 [INFO ] - VERBOSE: Exporting alias 'Get-InstallRegistryKey'.
2026-06-27 04:05:28,017 12416 [INFO ] - VERBOSE: Exporting alias 'Generate-BinFile'.
2026-06-27 04:05:28,017 12416 [INFO ] - VERBOSE: Exporting alias 'Add-BinFile'.
2026-06-27 04:05:28,017 12416 [INFO ] - VERBOSE: Exporting alias 'Start-ChocolateyProcess'.
2026-06-27 04:05:28,017 12416 [INFO ] - VERBOSE: Exporting alias 'Invoke-ChocolateyProcess'.
2026-06-27 04:05:28,017 12416 [INFO ] - VERBOSE: Exporting alias 'Remove-BinFile'.
2026-06-27 04:05:28,017 12416 [INFO ] - VERBOSE: Exporting alias 'refreshenv'.
2026-06-27 04:05:28,017 12416 [DEBUG] - Loading community extensions
2026-06-27 04:05:28,035 12416 [DEBUG] - Importing 'C:\ProgramData\chocolatey\extensions\chocolatey-compatibility\chocolatey-compatibility.psm1'
2026-06-27 04:05:28,035 12416 [INFO ] - VERBOSE: Loading module from path 'C:\ProgramData\chocolatey\extensions\chocolatey-compatibility\chocolatey-compatibility.psm1'.
2026-06-27 04:05:28,097 12416 [DEBUG] - Function 'Get-PackageParameters' exists, ignoring export.
2026-06-27 04:05:28,097 12416 [DEBUG] - Function 'Get-UninstallRegistryKey' exists, ignoring export.
2026-06-27 04:05:28,097 12416 [DEBUG] - Exporting function 'Install-ChocolateyDesktopLink' for backwards compatibility
2026-06-27 04:05:28,113 12416 [INFO ] - VERBOSE: Exporting function 'Install-ChocolateyDesktopLink'.
2026-06-27 04:05:28,113 12416 [DEBUG] - Exporting function 'Write-ChocolateyFailure' for backwards compatibility
2026-06-27 04:05:28,129 12416 [INFO ] - VERBOSE: Exporting function 'Write-ChocolateyFailure'.
2026-06-27 04:05:28,129 12416 [DEBUG] - Exporting function 'Write-ChocolateySuccess' for backwards compatibility
2026-06-27 04:05:28,129 12416 [INFO ] - VERBOSE: Exporting function 'Write-ChocolateySuccess'.
2026-06-27 04:05:28,129 12416 [DEBUG] - Exporting function 'Write-FileUpdateLog' for backwards compatibility
2026-06-27 04:05:28,145 12416 [INFO ] - VERBOSE: Exporting function 'Write-FileUpdateLog'.
2026-06-27 04:05:28,145 12416 [INFO ] - VERBOSE: Importing function 'Install-ChocolateyDesktopLink'.
2026-06-27 04:05:28,145 12416 [INFO ] - VERBOSE: Importing function 'Write-ChocolateyFailure'.
2026-06-27 04:05:28,145 12416 [INFO ] - VERBOSE: Importing function 'Write-ChocolateySuccess'.
2026-06-27 04:05:28,145 12416 [INFO ] - VERBOSE: Importing function 'Write-FileUpdateLog'.
2026-06-27 04:05:28,145 12416 [DEBUG] - Importing 'C:\ProgramData\chocolatey\extensions\chocolatey-core\chocolatey-core.psm1'
2026-06-27 04:05:28,145 12416 [INFO ] - VERBOSE: Loading module from path 'C:\ProgramData\chocolatey\extensions\chocolatey-core\chocolatey-core.psm1'.
2026-06-27 04:05:28,320 12416 [INFO ] - VERBOSE: Exporting function 'Get-AppInstallLocation'.
2026-06-27 04:05:28,320 12416 [INFO ] - VERBOSE: Exporting function 'Get-AvailableDriveLetter'.
2026-06-27 04:05:28,320 12416 [INFO ] - VERBOSE: Exporting function 'Get-EffectiveProxy'.
2026-06-27 04:05:28,320 12416 [INFO ] - VERBOSE: Exporting function 'Get-PackageCacheLocation'.
2026-06-27 04:05:28,320 12416 [INFO ] - VERBOSE: Exporting function 'Get-WebContent'.
2026-06-27 04:05:28,320 12416 [INFO ] - VERBOSE: Exporting function 'Register-Application'.
2026-06-27 04:05:28,320 12416 [INFO ] - VERBOSE: Exporting function 'Remove-Process'.
2026-06-27 04:05:28,320 12416 [INFO ] - VERBOSE: Importing function 'Get-AppInstallLocation'.
2026-06-27 04:05:28,320 12416 [INFO ] - VERBOSE: Importing function 'Get-AvailableDriveLetter'.
2026-06-27 04:05:28,320 12416 [INFO ] - VERBOSE: Importing function 'Get-EffectiveProxy'.
2026-06-27 04:05:28,320 12416 [INFO ] - VERBOSE: Importing function 'Get-PackageCacheLocation'.
2026-06-27 04:05:28,320 12416 [INFO ] - VERBOSE: Importing function 'Get-WebContent'.
2026-06-27 04:05:28,320 12416 [INFO ] - VERBOSE: Importing function 'Register-Application'.
2026-06-27 04:05:28,320 12416 [INFO ] - VERBOSE: Importing function 'Remove-Process'.
2026-06-27 04:05:28,320 12416 [DEBUG] - Importing 'C:\ProgramData\chocolatey\extensions\chocolatey-dotnetfx\chocolatey-dotnetfx.psm1'
2026-06-27 04:05:28,320 12416 [INFO ] - VERBOSE: Loading module from path 'C:\ProgramData\chocolatey\extensions\chocolatey-dotnetfx\chocolatey-dotnetfx.psm1'.
2026-06-27 04:05:28,415 12416 [INFO ] - VERBOSE: Exporting function 'Install-DotNetFramework'.
2026-06-27 04:05:28,415 12416 [INFO ] - VERBOSE: Exporting function 'Install-DotNetDevPack'.
2026-06-27 04:05:28,415 12416 [INFO ] - VERBOSE: Importing function 'Install-DotNetDevPack'.
2026-06-27 04:05:28,415 12416 [INFO ] - VERBOSE: Importing function 'Install-DotNetFramework'.
2026-06-27 04:05:28,415 12416 [DEBUG] - Importing 'C:\ProgramData\chocolatey\extensions\chocolatey-visualstudio\chocolatey-visualstudio.extension.psm1'
2026-06-27 04:05:28,415 12416 [INFO ] - VERBOSE: Loading module from path 'C:\ProgramData\chocolatey\extensions\chocolatey-visualstudio\chocolatey-visualstudio.extension.psm1'.
2026-06-27 04:05:29,192 12416 [INFO ] - VERBOSE: Exporting function 'Add-VisualStudioComponent'.
2026-06-27 04:05:29,192 12416 [INFO ] - VERBOSE: Exporting function 'Add-VisualStudioWorkload'.
2026-06-27 04:05:29,192 12416 [INFO ] - VERBOSE: Exporting function 'Get-VisualStudioInstaller'.
2026-06-27 04:05:29,192 12416 [INFO ] - VERBOSE: Exporting function 'Get-VisualStudioInstallerHealth'.
2026-06-27 04:05:29,192 12416 [INFO ] - VERBOSE: Exporting function 'Get-VisualStudioInstance'.
2026-06-27 04:05:29,192 12416 [INFO ] - VERBOSE: Exporting function 'Get-VisualStudioVsixInstaller'.
2026-06-27 04:05:29,192 12416 [INFO ] - VERBOSE: Exporting function 'Install-VisualStudio'.
2026-06-27 04:05:29,192 12416 [INFO ] - VERBOSE: Exporting function 'Install-VisualStudioInstaller'.
2026-06-27 04:05:29,192 12416 [INFO ] - VERBOSE: Exporting function 'Install-VisualStudioVsixExtension'.
2026-06-27 04:05:29,192 12416 [INFO ] - VERBOSE: Exporting function 'Remove-VisualStudioComponent'.
2026-06-27 04:05:29,192 12416 [INFO ] - VERBOSE: Exporting function 'Remove-VisualStudioProduct'.
2026-06-27 04:05:29,192 12416 [INFO ] - VERBOSE: Exporting function 'Remove-VisualStudioWorkload'.
2026-06-27 04:05:29,192 12416 [INFO ] - VERBOSE: Exporting function 'Uninstall-VisualStudio'.
2026-06-27 04:05:29,192 12416 [INFO ] - VERBOSE: Exporting function 'Uninstall-VisualStudioVsixExtension'.
2026-06-27 04:05:29,208 12416 [INFO ] - VERBOSE: Importing function 'Add-VisualStudioComponent'.
2026-06-27 04:05:29,208 12416 [INFO ] - VERBOSE: Importing function 'Add-VisualStudioWorkload'.
2026-06-27 04:05:29,208 12416 [INFO ] - VERBOSE: Importing function 'Get-VisualStudioInstaller'.
2026-06-27 04:05:29,208 12416 [INFO ] - VERBOSE: Importing function 'Get-VisualStudioInstallerHealth'.
2026-06-27 04:05:29,208 12416 [INFO ] - VERBOSE: Importing function 'Get-VisualStudioInstance'.
2026-06-27 04:05:29,208 12416 [INFO ] - VERBOSE: Importing function 'Get-VisualStudioVsixInstaller'.
2026-06-27 04:05:29,208 12416 [INFO ] - VERBOSE: Importing function 'Install-VisualStudio'.
2026-06-27 04:05:29,208 12416 [INFO ] - VERBOSE: Importing function 'Install-VisualStudioInstaller'.
2026-06-27 04:05:29,208 12416 [INFO ] - VERBOSE: Importing function 'Install-VisualStudioVsixExtension'.
2026-06-27 04:05:29,208 12416 [INFO ] - VERBOSE: Importing function 'Remove-VisualStudioComponent'.
2026-06-27 04:05:29,208 12416 [INFO ] - VERBOSE: Importing function 'Remove-VisualStudioProduct'.
2026-06-27 04:05:29,208 12416 [INFO ] - VERBOSE: Importing function 'Remove-VisualStudioWorkload'.
2026-06-27 04:05:29,208 12416 [INFO ] - VERBOSE: Importing function 'Uninstall-VisualStudio'.
2026-06-27 04:05:29,208 12416 [INFO ] - VERBOSE: Importing function 'Uninstall-VisualStudioVsixExtension'.
2026-06-27 04:05:29,208 12416 [DEBUG] - Importing 'C:\ProgramData\chocolatey\extensions\chocolatey-windowsupdate\chocolatey-windowsupdate.psm1'
2026-06-27 04:05:29,208 12416 [INFO ] - VERBOSE: Loading module from path 'C:\ProgramData\chocolatey\extensions\chocolatey-windowsupdate\chocolatey-windowsupdate.psm1'.
2026-06-27 04:05:29,308 12416 [INFO ] - VERBOSE: Exporting function 'Install-WindowsUpdate'.
2026-06-27 04:05:29,308 12416 [INFO ] - VERBOSE: Exporting function 'Test-WindowsUpdate'.
2026-06-27 04:05:29,308 12416 [INFO ] - VERBOSE: Importing function 'Install-WindowsUpdate'.
2026-06-27 04:05:29,308 12416 [INFO ] - VERBOSE: Importing function 'Test-WindowsUpdate'.
2026-06-27 04:05:29,320 12416 [INFO ] - VERBOSE: Exporting function 'Format-FileSize'.
2026-06-27 04:05:29,320 12416 [INFO ] - VERBOSE: Exporting function 'Get-ChecksumValid'.
2026-06-27 04:05:29,320 12416 [INFO ] - VERBOSE: Exporting function 'Get-ChocolateyConfigValue'.
2026-06-27 04:05:29,320 12416 [INFO ] - VERBOSE: Exporting function 'Get-ChocolateyPath'.
2026-06-27 04:05:29,320 12416 [INFO ] - VERBOSE: Exporting function 'Get-ChocolateyUnzip'.
2026-06-27 04:05:29,320 12416 [INFO ] - VERBOSE: Exporting function 'Get-ChocolateyWebFile'.
2026-06-27 04:05:29,320 12416 [INFO ] - VERBOSE: Exporting function 'Get-FtpFile'.
2026-06-27 04:05:29,320 12416 [INFO ] - VERBOSE: Exporting function 'Get-OSArchitectureWidth'.
2026-06-27 04:05:29,320 12416 [INFO ] - VERBOSE: Exporting function 'Get-PackageParameters'.
2026-06-27 04:05:29,320 12416 [INFO ] - VERBOSE: Exporting function 'Get-PackageParametersBuiltIn'.
2026-06-27 04:05:29,320 12416 [INFO ] - VERBOSE: Exporting function 'Get-ToolsLocation'.
2026-06-27 04:05:29,320 12416 [INFO ] - VERBOSE: Exporting function 'Get-UACEnabled'.
2026-06-27 04:05:29,320 12416 [INFO ] - VERBOSE: Exporting function 'Get-UninstallRegistryKey'.
2026-06-27 04:05:29,320 12416 [INFO ] - VERBOSE: Exporting function 'Get-VirusCheckValid'.
2026-06-27 04:05:29,320 12416 [INFO ] - VERBOSE: Exporting function 'Get-WebFile'.
2026-06-27 04:05:29,320 12416 [INFO ] - VERBOSE: Exporting function 'Get-WebFileName'.
2026-06-27 04:05:29,320 12416 [INFO ] - VERBOSE: Exporting function 'Get-WebHeaders'.
2026-06-27 04:05:29,320 12416 [INFO ] - VERBOSE: Exporting function 'Install-BinFile'.
2026-06-27 04:05:29,320 12416 [INFO ] - VERBOSE: Exporting function 'Install-ChocolateyEnvironmentVariable'.
2026-06-27 04:05:29,320 12416 [INFO ] - VERBOSE: Exporting function 'Install-ChocolateyExplorerMenuItem'.
2026-06-27 04:05:29,320 12416 [INFO ] - VERBOSE: Exporting function 'Install-ChocolateyFileAssociation'.
2026-06-27 04:05:29,320 12416 [INFO ] - VERBOSE: Exporting function 'Install-ChocolateyInstallPackage'.
2026-06-27 04:05:29,320 12416 [INFO ] - VERBOSE: Exporting function 'Install-ChocolateyPackage'.
2026-06-27 04:05:29,320 12416 [INFO ] - VERBOSE: Exporting function 'Install-ChocolateyPinnedTaskBarItem'.
2026-06-27 04:05:29,320 12416 [INFO ] - VERBOSE: Exporting function 'Install-ChocolateyPowershellCommand'.
2026-06-27 04:05:29,320 12416 [INFO ] - VERBOSE: Exporting function 'Install-ChocolateyShortcut'.
2026-06-27 04:05:29,320 12416 [INFO ] - VERBOSE: Exporting function 'Install-ChocolateyVsixPackage'.
2026-06-27 04:05:29,320 12416 [INFO ] - VERBOSE: Exporting function 'Install-ChocolateyZipPackage'.
2026-06-27 04:05:29,320 12416 [INFO ] - VERBOSE: Exporting function 'Install-Vsix'.
2026-06-27 04:05:29,320 12416 [INFO ] - VERBOSE: Exporting function 'Set-PowerShellExitCode'.
2026-06-27 04:05:29,320 12416 [INFO ] - VERBOSE: Exporting function 'Start-ChocolateyProcessAsAdmin'.
2026-06-27 04:05:29,320 12416 [INFO ] - VERBOSE: Exporting function 'Uninstall-BinFile'.
2026-06-27 04:05:29,320 12416 [INFO ] - VERBOSE: Exporting function 'Uninstall-ChocolateyEnvironmentVariable'.
2026-06-27 04:05:29,320 12416 [INFO ] - VERBOSE: Exporting function 'Uninstall-ChocolateyPackage'.
2026-06-27 04:05:29,320 12416 [INFO ] - VERBOSE: Exporting function 'Uninstall-ChocolateyZipPackage'.
2026-06-27 04:05:29,320 12416 [INFO ] - VERBOSE: Exporting function 'Write-FunctionCallLogMessage'.
2026-06-27 04:05:29,320 12416 [INFO ] - VERBOSE: Exporting function 'Install-ChocolateyDesktopLink'.
2026-06-27 04:05:29,320 12416 [INFO ] - VERBOSE: Exporting function 'Write-ChocolateyFailure'.
2026-06-27 04:05:29,320 12416 [INFO ] - VERBOSE: Exporting function 'Write-ChocolateySuccess'.
2026-06-27 04:05:29,320 12416 [INFO ] - VERBOSE: Exporting function 'Write-FileUpdateLog'.
2026-06-27 04:05:29,320 12416 [INFO ] - VERBOSE: Exporting function 'Get-AppInstallLocation'.
2026-06-27 04:05:29,320 12416 [INFO ] - VERBOSE: Exporting function 'Get-AvailableDriveLetter'.
2026-06-27 04:05:29,320 12416 [INFO ] - VERBOSE: Exporting function 'Get-EffectiveProxy'.
2026-06-27 04:05:29,320 12416 [INFO ] - VERBOSE: Exporting function 'Get-PackageCacheLocation'.
2026-06-27 04:05:29,320 12416 [INFO ] - VERBOSE: Exporting function 'Get-WebContent'.
2026-06-27 04:05:29,320 12416 [INFO ] - VERBOSE: Exporting function 'Register-Application'.
2026-06-27 04:05:29,320 12416 [INFO ] - VERBOSE: Exporting function 'Remove-Process'.
2026-06-27 04:05:29,320 12416 [INFO ] - VERBOSE: Exporting function 'Install-DotNetDevPack'.
2026-06-27 04:05:29,320 12416 [INFO ] - VERBOSE: Exporting function 'Install-DotNetFramework'.
2026-06-27 04:05:29,336 12416 [INFO ] - VERBOSE: Exporting function 'Add-VisualStudioComponent'.
2026-06-27 04:05:29,336 12416 [INFO ] - VERBOSE: Exporting function 'Add-VisualStudioWorkload'.
2026-06-27 04:05:29,336 12416 [INFO ] - VERBOSE: Exporting function 'Get-VisualStudioInstaller'.
2026-06-27 04:05:29,336 12416 [INFO ] - VERBOSE: Exporting function 'Get-VisualStudioInstallerHealth'.
2026-06-27 04:05:29,336 12416 [INFO ] - VERBOSE: Exporting function 'Get-VisualStudioInstance'.
2026-06-27 04:05:29,336 12416 [INFO ] - VERBOSE: Exporting function 'Get-VisualStudioVsixInstaller'.
2026-06-27 04:05:29,336 12416 [INFO ] - VERBOSE: Exporting function 'Install-VisualStudio'.
2026-06-27 04:05:29,336 12416 [INFO ] - VERBOSE: Exporting function 'Install-VisualStudioInstaller'.
2026-06-27 04:05:29,336 12416 [INFO ] - VERBOSE: Exporting function 'Install-VisualStudioVsixExtension'.
2026-06-27 04:05:29,336 12416 [INFO ] - VERBOSE: Exporting function 'Remove-VisualStudioComponent'.
2026-06-27 04:05:29,336 12416 [INFO ] - VERBOSE: Exporting function 'Remove-VisualStudioProduct'.
2026-06-27 04:05:29,336 12416 [INFO ] - VERBOSE: Exporting function 'Remove-VisualStudioWorkload'.
2026-06-27 04:05:29,336 12416 [INFO ] - VERBOSE: Exporting function 'Uninstall-VisualStudio'.
2026-06-27 04:05:29,336 12416 [INFO ] - VERBOSE: Exporting function 'Uninstall-VisualStudioVsixExtension'.
2026-06-27 04:05:29,336 12416 [INFO ] - VERBOSE: Exporting function 'Install-WindowsUpdate'.
2026-06-27 04:05:29,336 12416 [INFO ] - VERBOSE: Exporting function 'Test-WindowsUpdate'.
2026-06-27 04:05:29,336 12416 [INFO ] - VERBOSE: Exporting cmdlet 'Get-EnvironmentVariable'.
2026-06-27 04:05:29,336 12416 [INFO ] - VERBOSE: Exporting cmdlet 'Get-EnvironmentVariableNames'.
2026-06-27 04:05:29,336 12416 [INFO ] - VERBOSE: Exporting cmdlet 'Install-ChocolateyPath'.
2026-06-27 04:05:29,336 12416 [INFO ] - VERBOSE: Exporting cmdlet 'Set-EnvironmentVariable'.
2026-06-27 04:05:29,336 12416 [INFO ] - VERBOSE: Exporting cmdlet 'Test-ProcessAdminRights'.
2026-06-27 04:05:29,336 12416 [INFO ] - VERBOSE: Exporting cmdlet 'Uninstall-ChocolateyPath'.
2026-06-27 04:05:29,336 12416 [INFO ] - VERBOSE: Exporting cmdlet 'Update-SessionEnvironment'.
2026-06-27 04:05:29,336 12416 [INFO ] - VERBOSE: Exporting cmdlet 'Get-EnvironmentVariable'.
2026-06-27 04:05:29,336 12416 [INFO ] - VERBOSE: Exporting cmdlet 'Get-EnvironmentVariableNames'.
2026-06-27 04:05:29,336 12416 [INFO ] - VERBOSE: Exporting cmdlet 'Install-ChocolateyPath'.
2026-06-27 04:05:29,336 12416 [INFO ] - VERBOSE: Exporting cmdlet 'Set-EnvironmentVariable'.
2026-06-27 04:05:29,336 12416 [INFO ] - VERBOSE: Exporting cmdlet 'Test-ProcessAdminRights'.
2026-06-27 04:05:29,336 12416 [INFO ] - VERBOSE: Exporting cmdlet 'Uninstall-ChocolateyPath'.
2026-06-27 04:05:29,336 12416 [INFO ] - VERBOSE: Exporting cmdlet 'Update-SessionEnvironment'.
2026-06-27 04:05:29,336 12416 [INFO ] - VERBOSE: Exporting alias 'Get-ProcessorBits'.
2026-06-27 04:05:29,336 12416 [INFO ] - VERBOSE: Exporting alias 'Get-OSBitness'.
2026-06-27 04:05:29,336 12416 [INFO ] - VERBOSE: Exporting alias 'Get-InstallRegistryKey'.
2026-06-27 04:05:29,336 12416 [INFO ] - VERBOSE: Exporting alias 'Generate-BinFile'.
2026-06-27 04:05:29,336 12416 [INFO ] - VERBOSE: Exporting alias 'Add-BinFile'.
2026-06-27 04:05:29,336 12416 [INFO ] - VERBOSE: Exporting alias 'Start-ChocolateyProcess'.
2026-06-27 04:05:29,336 12416 [INFO ] - VERBOSE: Exporting alias 'Invoke-ChocolateyProcess'.
2026-06-27 04:05:29,336 12416 [INFO ] - VERBOSE: Exporting alias 'Remove-BinFile'.
2026-06-27 04:05:29,336 12416 [INFO ] - VERBOSE: Exporting alias 'refreshenv'.
2026-06-27 04:05:29,336 12416 [INFO ] - VERBOSE: Importing cmdlet 'Get-EnvironmentVariable'.
2026-06-27 04:05:29,336 12416 [INFO ] - VERBOSE: Importing cmdlet 'Get-EnvironmentVariableNames'.
2026-06-27 04:05:29,336 12416 [INFO ] - VERBOSE: Importing cmdlet 'Install-ChocolateyPath'.
2026-06-27 04:05:29,336 12416 [INFO ] - VERBOSE: Importing cmdlet 'Set-EnvironmentVariable'.
2026-06-27 04:05:29,336 12416 [INFO ] - VERBOSE: Importing cmdlet 'Test-ProcessAdminRights'.
2026-06-27 04:05:29,336 12416 [INFO ] - VERBOSE: Importing cmdlet 'Uninstall-ChocolateyPath'.
2026-06-27 04:05:29,336 12416 [INFO ] - VERBOSE: Importing cmdlet 'Update-SessionEnvironment'.
2026-06-27 04:05:29,336 12416 [INFO ] - VERBOSE: Importing function 'Add-VisualStudioComponent'.
2026-06-27 04:05:29,336 12416 [INFO ] - VERBOSE: Importing function 'Add-VisualStudioWorkload'.
2026-06-27 04:05:29,336 12416 [INFO ] - VERBOSE: Importing function 'Format-FileSize'.
2026-06-27 04:05:29,336 12416 [INFO ] - VERBOSE: Importing function 'Get-AppInstallLocation'.
2026-06-27 04:05:29,336 12416 [INFO ] - VERBOSE: Importing function 'Get-AvailableDriveLetter'.
2026-06-27 04:05:29,336 12416 [INFO ] - VERBOSE: Importing function 'Get-ChecksumValid'.
2026-06-27 04:05:29,336 12416 [INFO ] - VERBOSE: Importing function 'Get-ChocolateyConfigValue'.
2026-06-27 04:05:29,336 12416 [INFO ] - VERBOSE: Importing function 'Get-ChocolateyPath'.
2026-06-27 04:05:29,336 12416 [INFO ] - VERBOSE: Importing function 'Get-ChocolateyUnzip'.
2026-06-27 04:05:29,336 12416 [INFO ] - VERBOSE: Importing function 'Get-ChocolateyWebFile'.
2026-06-27 04:05:29,336 12416 [INFO ] - VERBOSE: Importing function 'Get-EffectiveProxy'.
2026-06-27 04:05:29,336 12416 [INFO ] - VERBOSE: Importing function 'Get-FtpFile'.
2026-06-27 04:05:29,336 12416 [INFO ] - VERBOSE: Importing function 'Get-OSArchitectureWidth'.
2026-06-27 04:05:29,336 12416 [INFO ] - VERBOSE: Importing function 'Get-PackageCacheLocation'.
2026-06-27 04:05:29,336 12416 [INFO ] - VERBOSE: Importing function 'Get-PackageParameters'.
2026-06-27 04:05:29,336 12416 [INFO ] - VERBOSE: Importing function 'Get-PackageParametersBuiltIn'.
2026-06-27 04:05:29,336 12416 [INFO ] - VERBOSE: Importing function 'Get-ToolsLocation'.
2026-06-27 04:05:29,336 12416 [INFO ] - VERBOSE: Importing function 'Get-UACEnabled'.
2026-06-27 04:05:29,336 12416 [INFO ] - VERBOSE: Importing function 'Get-UninstallRegistryKey'.
2026-06-27 04:05:29,336 12416 [INFO ] - VERBOSE: Importing function 'Get-VirusCheckValid'.
2026-06-27 04:05:29,336 12416 [INFO ] - VERBOSE: Importing function 'Get-VisualStudioInstaller'.
2026-06-27 04:05:29,336 12416 [INFO ] - VERBOSE: Importing function 'Get-VisualStudioInstallerHealth'.
2026-06-27 04:05:29,336 12416 [INFO ] - VERBOSE: Importing function 'Get-VisualStudioInstance'.
2026-06-27 04:05:29,336 12416 [INFO ] - VERBOSE: Importing function 'Get-VisualStudioVsixInstaller'.
2026-06-27 04:05:29,336 12416 [INFO ] - VERBOSE: Importing function 'Get-WebContent'.
2026-06-27 04:05:29,351 12416 [INFO ] - VERBOSE: Importing function 'Get-WebFile'.
2026-06-27 04:05:29,351 12416 [INFO ] - VERBOSE: Importing function 'Get-WebFileName'.
2026-06-27 04:05:29,351 12416 [INFO ] - VERBOSE: Importing function 'Get-WebHeaders'.
2026-06-27 04:05:29,351 12416 [INFO ] - VERBOSE: Importing function 'Install-BinFile'.
2026-06-27 04:05:29,351 12416 [INFO ] - VERBOSE: Importing function 'Install-ChocolateyDesktopLink'.
2026-06-27 04:05:29,351 12416 [INFO ] - VERBOSE: Importing function 'Install-ChocolateyEnvironmentVariable'.
2026-06-27 04:05:29,351 12416 [INFO ] - VERBOSE: Importing function 'Install-ChocolateyExplorerMenuItem'.
2026-06-27 04:05:29,351 12416 [INFO ] - VERBOSE: Importing function 'Install-ChocolateyFileAssociation'.
2026-06-27 04:05:29,351 12416 [INFO ] - VERBOSE: Importing function 'Install-ChocolateyInstallPackage'.
2026-06-27 04:05:29,351 12416 [INFO ] - VERBOSE: Importing function 'Install-ChocolateyPackage'.
2026-06-27 04:05:29,351 12416 [INFO ] - VERBOSE: Importing function 'Install-ChocolateyPinnedTaskBarItem'.
2026-06-27 04:05:29,351 12416 [INFO ] - VERBOSE: Importing function 'Install-ChocolateyPowershellCommand'.
2026-06-27 04:05:29,351 12416 [INFO ] - VERBOSE: Importing function 'Install-ChocolateyShortcut'.
2026-06-27 04:05:29,351 12416 [INFO ] - VERBOSE: Importing function 'Install-ChocolateyVsixPackage'.
2026-06-27 04:05:29,351 12416 [INFO ] - VERBOSE: Importing function 'Install-ChocolateyZipPackage'.
2026-06-27 04:05:29,351 12416 [INFO ] - VERBOSE: Importing function 'Install-DotNetDevPack'.
2026-06-27 04:05:29,351 12416 [INFO ] - VERBOSE: Importing function 'Install-DotNetFramework'.
2026-06-27 04:05:29,351 12416 [INFO ] - VERBOSE: Importing function 'Install-VisualStudio'.
2026-06-27 04:05:29,351 12416 [INFO ] - VERBOSE: Importing function 'Install-VisualStudioInstaller'.
2026-06-27 04:05:29,351 12416 [INFO ] - VERBOSE: Importing function 'Install-VisualStudioVsixExtension'.
2026-06-27 04:05:29,351 12416 [INFO ] - VERBOSE: Importing function 'Install-Vsix'.
2026-06-27 04:05:29,351 12416 [INFO ] - VERBOSE: Importing function 'Install-WindowsUpdate'.
2026-06-27 04:05:29,351 12416 [INFO ] - VERBOSE: Importing function 'Register-Application'.
2026-06-27 04:05:29,351 12416 [INFO ] - VERBOSE: Importing function 'Remove-Process'.
2026-06-27 04:05:29,351 12416 [INFO ] - VERBOSE: Importing function 'Remove-VisualStudioComponent'.
2026-06-27 04:05:29,351 12416 [INFO ] - VERBOSE: Importing function 'Remove-VisualStudioProduct'.
2026-06-27 04:05:29,351 12416 [INFO ] - VERBOSE: Importing function 'Remove-VisualStudioWorkload'.
2026-06-27 04:05:29,351 12416 [INFO ] - VERBOSE: Importing function 'Set-PowerShellExitCode'.
2026-06-27 04:05:29,351 12416 [INFO ] - VERBOSE: Importing function 'Start-ChocolateyProcessAsAdmin'.
2026-06-27 04:05:29,351 12416 [INFO ] - VERBOSE: Importing function 'Test-WindowsUpdate'.
2026-06-27 04:05:29,351 12416 [INFO ] - VERBOSE: Importing function 'Uninstall-BinFile'.
2026-06-27 04:05:29,351 12416 [INFO ] - VERBOSE: Importing function 'Uninstall-ChocolateyEnvironmentVariable'.
2026-06-27 04:05:29,351 12416 [INFO ] - VERBOSE: Importing function 'Uninstall-ChocolateyPackage'.
2026-06-27 04:05:29,351 12416 [INFO ] - VERBOSE: Importing function 'Uninstall-ChocolateyZipPackage'.
2026-06-27 04:05:29,351 12416 [INFO ] - VERBOSE: Importing function 'Uninstall-VisualStudio'.
2026-06-27 04:05:29,351 12416 [INFO ] - VERBOSE: Importing function 'Uninstall-VisualStudioVsixExtension'.
2026-06-27 04:05:29,351 12416 [INFO ] - VERBOSE: Importing function 'Write-ChocolateyFailure'.
2026-06-27 04:05:29,351 12416 [INFO ] - VERBOSE: Importing function 'Write-ChocolateySuccess'.
2026-06-27 04:05:29,351 12416 [INFO ] - VERBOSE: Importing function 'Write-FileUpdateLog'.
2026-06-27 04:05:29,351 12416 [INFO ] - VERBOSE: Importing function 'Write-FunctionCallLogMessage'.
2026-06-27 04:05:29,351 12416 [INFO ] - VERBOSE: Importing alias 'Add-BinFile'.
2026-06-27 04:05:29,351 12416 [INFO ] - VERBOSE: Importing alias 'Generate-BinFile'.
2026-06-27 04:05:29,351 12416 [INFO ] - VERBOSE: Importing alias 'Get-InstallRegistryKey'.
2026-06-27 04:05:29,351 12416 [INFO ] - VERBOSE: Importing alias 'Get-OSBitness'.
2026-06-27 04:05:29,351 12416 [INFO ] - VERBOSE: Importing alias 'Get-ProcessorBits'.
2026-06-27 04:05:29,351 12416 [INFO ] - VERBOSE: Importing alias 'Invoke-ChocolateyProcess'.
2026-06-27 04:05:29,351 12416 [INFO ] - VERBOSE: Importing alias 'refreshenv'.
2026-06-27 04:05:29,351 12416 [INFO ] - VERBOSE: Importing alias 'Remove-BinFile'.
2026-06-27 04:05:29,351 12416 [INFO ] - VERBOSE: Importing alias 'Start-ChocolateyProcess'.
2026-06-27 04:05:29,383 12416 [DEBUG] - ---------------------------Script Execution---------------------------
2026-06-27 04:05:29,383 12416 [DEBUG] - Running 'ChocolateyScriptRunner' for ripgrep v14.1.0 with packageScript 'C:\ProgramData\chocolatey\lib\ripgrep\tools\chocolateyinstall.ps1', packageFolder:'C:\ProgramData\chocolatey\lib\ripgrep', installArguments: '', packageParameters: '', preRunHookScripts: '', postRunHookScripts: '',
2026-06-27 04:05:29,399 12416 [DEBUG] - Running package script 'C:\ProgramData\chocolatey\lib\ripgrep\tools\chocolateyinstall.ps1'
2026-06-27 04:05:29,447 12416 [DEBUG] - Running Get-ChocolateyUnzip -destination 'C:\ProgramData\chocolatey\lib\ripgrep\tools' -fileFullPath64 'C:\ProgramData\chocolatey\lib\ripgrep\tools\ripgrep-14.1.0-x86_64-pc-windows-msvc.zip' -packageName 'ripgrep' -fileFullPath 'C:\ProgramData\chocolatey\lib\ripgrep\tools\ripgrep-14.1.0-i686-pc-windows-msvc.zip' 
2026-06-27 04:05:29,447 12416 [DEBUG] - Running Get-OSArchitectureWidth -compare '32' 
2026-06-27 04:05:29,463 12416 [INFO ] - Extracting 64-bit C:\ProgramData\chocolatey\lib\ripgrep\tools\ripgrep-14.1.0-x86_64-pc-windows-msvc.zip to C:\ProgramData\chocolatey\lib\ripgrep\tools...
2026-06-27 04:05:29,463 12416 [DEBUG] - 7zip found at 'C:\ProgramData\chocolatey\tools\7z.exe'
2026-06-27 04:05:29,463 12416 [DEBUG] - Executing command ['C:\ProgramData\chocolatey\tools\7z.exe' x -aoa -bd -bb1 -o"C:\ProgramData\chocolatey\lib\ripgrep\tools" -y "C:\ProgramData\chocolatey\lib\ripgrep\tools\ripgrep-14.1.0-x86_64-pc-windows-msvc.zip"]
2026-06-27 04:05:29,717 12416 [INFO ] - VERBOSE: Scanning the drive for archives:
2026-06-27 04:05:29,717 12416 [INFO ] - VERBOSE: 
2026-06-27 04:05:29,717 12416 [INFO ] - VERBOSE: 1 file, 2020417 bytes (1974 KiB)
2026-06-27 04:05:29,717 12416 [INFO ] - VERBOSE: 
2026-06-27 04:05:29,717 12416 [INFO ] - VERBOSE: Extracting archive: C:\ProgramData\chocolatey\lib\ripgrep\tools\ripgrep-14.1.0-x86_64-pc-windows-msvc.zip
2026-06-27 04:05:29,717 12416 [INFO ] - VERBOSE: 7-Zip 26.00 (x86) : Copyright (c) 1999-2026 Igor Pavlov : 2026-02-12
2026-06-27 04:05:29,717 12416 [INFO ] - VERBOSE: 
2026-06-27 04:05:29,733 12416 [INFO ] - VERBOSE: Path = C:\ProgramData\chocolatey\lib\ripgrep\tools\ripgrep-14.1.0-x86_64-pc-windows-msvc.zip
2026-06-27 04:05:29,733 12416 [INFO ] - VERBOSE: - ripgrep-14.1.0-x86_64-pc-windows-msvc\complete\rg.bash
2026-06-27 04:05:29,733 12416 [INFO ] - VERBOSE: Physical Size = 2020417
2026-06-27 04:05:29,733 12416 [INFO ] - VERBOSE: Type = zip
2026-06-27 04:05:29,733 12416 [INFO ] - VERBOSE: - ripgrep-14.1.0-x86_64-pc-windows-msvc\doc\
2026-06-27 04:05:29,733 12416 [INFO ] - VERBOSE: - ripgrep-14.1.0-x86_64-pc-windows-msvc\complete\
2026-06-27 04:05:29,733 12416 [INFO ] - VERBOSE: - ripgrep-14.1.0-x86_64-pc-windows-msvc\doc\FAQ.md
2026-06-27 04:05:29,733 12416 [INFO ] - VERBOSE: - ripgrep-14.1.0-x86_64-pc-windows-msvc\complete\_rg
2026-06-27 04:05:29,733 12416 [INFO ] - VERBOSE: - ripgrep-14.1.0-x86_64-pc-windows-msvc\LICENSE-MIT
2026-06-27 04:05:29,733 12416 [INFO ] - VERBOSE: - ripgrep-14.1.0-x86_64-pc-windows-msvc\COPYING
2026-06-27 04:05:29,733 12416 [INFO ] - VERBOSE: - ripgrep-14.1.0-x86_64-pc-windows-msvc\doc\GUIDE.md
2026-06-27 04:05:29,733 12416 [INFO ] - VERBOSE: - ripgrep-14.1.0-x86_64-pc-windows-msvc\complete\rg.fish
2026-06-27 04:05:29,733 12416 [INFO ] - VERBOSE: - ripgrep-14.1.0-x86_64-pc-windows-msvc\complete\_rg.ps1
2026-06-27 04:05:29,733 12416 [INFO ] - VERBOSE: - ripgrep-14.1.0-x86_64-pc-windows-msvc\rg.exe
2026-06-27 04:05:29,733 12416 [INFO ] - VERBOSE: - ripgrep-14.1.0-x86_64-pc-windows-msvc\doc\CHANGELOG.md
2026-06-27 04:05:29,733 12416 [INFO ] - VERBOSE: - ripgrep-14.1.0-x86_64-pc-windows-msvc\UNLICENSE
2026-06-27 04:05:29,733 12416 [INFO ] - VERBOSE: - ripgrep-14.1.0-x86_64-pc-windows-msvc\README.md
2026-06-27 04:05:29,733 12416 [INFO ] - VERBOSE: 
2026-06-27 04:05:29,733 12416 [INFO ] - VERBOSE: - ripgrep-14.1.0-x86_64-pc-windows-msvc\doc\rg.1
2026-06-27 04:05:29,733 12416 [INFO ] - VERBOSE: --
2026-06-27 04:05:29,733 12416 [INFO ] - VERBOSE: - ripgrep-14.1.0-x86_64-pc-windows-msvc\
2026-06-27 04:05:29,733 12416 [INFO ] - VERBOSE: Everything is Ok
2026-06-27 04:05:29,733 12416 [INFO ] - VERBOSE: Folders: 3
2026-06-27 04:05:29,733 12416 [INFO ] - VERBOSE: 
2026-06-27 04:05:29,733 12416 [INFO ] - VERBOSE: Files: 13
2026-06-27 04:05:29,733 12416 [INFO ] - VERBOSE: Size:       5700695
2026-06-27 04:05:29,733 12416 [INFO ] - VERBOSE: Compressed: 2020417
2026-06-27 04:05:29,764 12416 [DEBUG] - $exitCode was passed null
2026-06-27 04:05:29,764 12416 [DEBUG] - Command ['C:\ProgramData\chocolatey\tools\7z.exe' x -aoa -bd -bb1 -o"C:\ProgramData\chocolatey\lib\ripgrep\tools" -y "C:\ProgramData\chocolatey\lib\ripgrep\tools\ripgrep-14.1.0-x86_64-pc-windows-msvc.zip"] exited with '0'.
2026-06-27 04:05:29,764 12416 [DEBUG] - 7z exit code: 0
2026-06-27 04:05:29,764 12416 [INFO ] - C:\ProgramData\chocolatey\lib\ripgrep\tools
2026-06-27 04:05:29,780 12416 [INFO ] - ripgrep installed to C:\ProgramData\chocolatey\lib\ripgrep\tools
2026-06-27 04:05:29,780 12416 [DEBUG] - ----------------------------------------------------------------------
2026-06-27 04:05:29,780 12416 [DEBUG] - Built-in PowerShell host called with ['[System.Threading.Thread]::CurrentThread.CurrentCulture = '';[System.Threading.Thread]::CurrentThread.CurrentUICulture = '';[System.Net.ServicePointManager]::SecurityProtocol = [System.Net.SecurityProtocolType]::SystemDefault; & import-module -name 'C:\ProgramData\chocolatey\helpers\chocolateyInstaller.psm1'; & 'C:\ProgramData\chocolatey\helpers\chocolateyScriptRunner.ps1' -packageScript 'C:\ProgramData\chocolatey\lib\ripgrep\tools\chocolateyinstall.ps1' -installArguments '' -packageParameters '' -preRunHookScripts $null -postRunHookScripts $null'] exited with '0'.
2026-06-27 04:05:29,780 12416 [DEBUG] - Calling command ['"C:\WINDOWS\System32\shutdown.exe" /a']
2026-06-27 04:05:29,811 12416 [DEBUG] - Command ['"C:\WINDOWS\System32\shutdown.exe" /a'] exited with '1116'
2026-06-27 04:05:29,939 12416 [DEBUG] - Capturing package files in 'C:\ProgramData\chocolatey\lib\ripgrep'
2026-06-27 04:05:29,939 12416 [DEBUG] -  Found 'C:\ProgramData\chocolatey\lib\ripgrep\ripgrep-14.1.0-x86_64-pc-windows-msvc.zip.txt'
  with checksum '00381CF1F928041CD3502855E075DA3B'
2026-06-27 04:05:29,956 12416 [DEBUG] -  Found 'C:\ProgramData\chocolatey\lib\ripgrep\ripgrep.nupkg'
  with checksum '2A0718EBB79FCF0BFBCF3F1FB0178B62'
2026-06-27 04:05:29,956 12416 [DEBUG] -  Found 'C:\ProgramData\chocolatey\lib\ripgrep\ripgrep.nuspec'
  with checksum 'C961BA0936F8C9043507B40C767485F9'
2026-06-27 04:05:29,956 12416 [DEBUG] -  Found 'C:\ProgramData\chocolatey\lib\ripgrep\legal\LICENSE.txt'
  with checksum '02FDDEC79F92AE9AEF2D30B05FBA2BAB'
2026-06-27 04:05:29,956 12416 [DEBUG] -  Found 'C:\ProgramData\chocolatey\lib\ripgrep\legal\VERIFICATION.txt'
  with checksum '82E66B1F33338B8CCB4495685EC4EDE2'
2026-06-27 04:05:29,956 12416 [DEBUG] -  Found 'C:\ProgramData\chocolatey\lib\ripgrep\tools\chocolateyinstall.ps1'
  with checksum '7FC1EBFE6C76A9B2F1E4405BB249F3D0'
2026-06-27 04:05:29,956 12416 [DEBUG] -  Found 'C:\ProgramData\chocolatey\lib\ripgrep\tools\ripgrep-14.1.0-x86_64-pc-windows-msvc\COPYING'
  with checksum '5B900AF8828F361DF669C1CCCA9299CE'
2026-06-27 04:05:29,956 12416 [DEBUG] -  Found 'C:\ProgramData\chocolatey\lib\ripgrep\tools\ripgrep-14.1.0-x86_64-pc-windows-msvc\LICENSE-MIT'
  with checksum 'CF19484056A1C1C69DA0B7D55995469E'
2026-06-27 04:05:29,956 12416 [DEBUG] -  Found 'C:\ProgramData\chocolatey\lib\ripgrep\tools\ripgrep-14.1.0-x86_64-pc-windows-msvc\README.md'
  with checksum '2CB8AB3776EC1977E8E08A5D57AD50F3'
2026-06-27 04:05:29,971 12416 [DEBUG] -  Found 'C:\ProgramData\chocolatey\lib\ripgrep\tools\ripgrep-14.1.0-x86_64-pc-windows-msvc\rg.exe'
  with checksum '0670FE47D1CF651CDE90C7721889D237'
2026-06-27 04:05:29,971 12416 [DEBUG] -  Found 'C:\ProgramData\chocolatey\lib\ripgrep\tools\ripgrep-14.1.0-x86_64-pc-windows-msvc\UNLICENSE'
  with checksum '4CC4493565E07891A65C04AEDE0EBE1C'
2026-06-27 04:05:29,971 12416 [DEBUG] -  Found 'C:\ProgramData\chocolatey\lib\ripgrep\tools\ripgrep-14.1.0-x86_64-pc-windows-msvc\complete\rg.bash'
  with checksum 'E31A4F27D1B7A5FB70809067D4DB0711'
2026-06-27 04:05:29,971 12416 [DEBUG] -  Found 'C:\ProgramData\chocolatey\lib\ripgrep\tools\ripgrep-14.1.0-x86_64-pc-windows-msvc\complete\rg.fish'
  with checksum 'C300497181734F4A78B1232BD8FE19E4'
2026-06-27 04:05:29,971 12416 [DEBUG] -  Found 'C:\ProgramData\chocolatey\lib\ripgrep\tools\ripgrep-14.1.0-x86_64-pc-windows-msvc\complete\_rg'
  with checksum '3D2AD544F89758AE6DF559FE3B4DEDBC'
2026-06-27 04:05:29,971 12416 [DEBUG] -  Found 'C:\ProgramData\chocolatey\lib\ripgrep\tools\ripgrep-14.1.0-x86_64-pc-windows-msvc\complete\_rg.ps1'
  with checksum '9063CB0D5857AD31713F38DB9330103B'
2026-06-27 04:05:29,971 12416 [DEBUG] -  Found 'C:\ProgramData\chocolatey\lib\ripgrep\tools\ripgrep-14.1.0-x86_64-pc-windows-msvc\doc\CHANGELOG.md'
  with checksum 'ECF944CC00B401A6FA824563B799613B'
2026-06-27 04:05:29,971 12416 [DEBUG] -  Found 'C:\ProgramData\chocolatey\lib\ripgrep\tools\ripgrep-14.1.0-x86_64-pc-windows-msvc\doc\FAQ.md'
  with checksum '4527DB41C425845A1909A772FF3E4908'
2026-06-27 04:05:29,971 12416 [DEBUG] -  Found 'C:\ProgramData\chocolatey\lib\ripgrep\tools\ripgrep-14.1.0-x86_64-pc-windows-msvc\doc\GUIDE.md'
  with checksum '54647E8F5135507B03D2093F35FEED1B'
2026-06-27 04:05:29,971 12416 [DEBUG] -  Found 'C:\ProgramData\chocolatey\lib\ripgrep\tools\ripgrep-14.1.0-x86_64-pc-windows-msvc\doc\rg.1'
  with checksum 'D56D30FC52124BF2FB77D7FACE3885DF'
2026-06-27 04:05:29,971 12416 [DEBUG] - Calling command ['"C:\ProgramData\chocolatey\tools\shimgen.exe" --path="..\\lib\ripgrep\tools\ripgrep-14.1.0-x86_64-pc-windows-msvc\rg.exe" --output="C:\ProgramData\chocolatey\bin\rg.exe"  --iconpath="C:\ProgramData\chocolatey\lib\ripgrep\tools\ripgrep-14.1.0-x86_64-pc-windows-msvc\rg.exe"']
2026-06-27 04:05:30,613 12416 [DEBUG] -  [ShimGen] [WARN ] Could not extract icon from associated program. Using default. Error:
2026-06-27 04:05:30,613 12416 [DEBUG] -  [ShimGen]   Selected Icon is invalid
2026-06-27 04:05:31,042 12416 [DEBUG] -  [ShimGen] Microsoft (R) Visual C# Compiler version 4.8.9221.0
2026-06-27 04:05:31,042 12416 [DEBUG] -  [ShimGen] for C# 5
2026-06-27 04:05:31,042 12416 [DEBUG] -  [ShimGen] Copyright (C) Microsoft Corporation. All rights reserved.
2026-06-27 04:05:31,042 12416 [DEBUG] -  [ShimGen] This compiler is provided as part of the Microsoft (R) .NET Framework, but only supports language versions up to C# 5, which is no longer the latest version. For compilers that support newer versions of the C# programming language, see http://go.microsoft.com/fwlink/?LinkID=533240
2026-06-27 04:05:31,058 12416 [DEBUG] -  [ShimGen] ShimGen has successfully created 'C:\ProgramData\chocolatey\bin\rg.exe'
2026-06-27 04:05:31,058 12416 [DEBUG] - Command ['"C:\ProgramData\chocolatey\tools\shimgen.exe" --path="..\\lib\ripgrep\tools\ripgrep-14.1.0-x86_64-pc-windows-msvc\rg.exe" --output="C:\ProgramData\chocolatey\bin\rg.exe"  --iconpath="C:\ProgramData\chocolatey\lib\ripgrep\tools\ripgrep-14.1.0-x86_64-pc-windows-msvc\rg.exe"'] exited with '0'
2026-06-27 04:05:31,058 12416 [INFO ] -  ShimGen has successfully created a shim for rg.exe
2026-06-27 04:05:31,058 12416 [DEBUG] -   Created: C:\ProgramData\chocolatey\bin\rg.exe
  Targeting: C:\ProgramData\chocolatey\lib\ripgrep\tools\ripgrep-14.1.0-x86_64-pc-windows-msvc\rg.exe
  IsGui:False

2026-06-27 04:05:31,074 12416 [DEBUG] - Attempting to create directory "C:\ProgramData\chocolatey\.chocolatey\ripgrep.14.1.0".
2026-06-27 04:05:31,074 12416 [DEBUG] - There was no original file at 'C:\ProgramData\chocolatey\.chocolatey\ripgrep.14.1.0\.files'
2026-06-27 04:05:31,074 12416 [DEBUG] - Attempting to delete file "C:\ProgramData\chocolatey\.chocolatey\ripgrep.14.1.0\.extra".
2026-06-27 04:05:31,074 12416 [DEBUG] - Attempting to delete file "C:\ProgramData\chocolatey\.chocolatey\ripgrep.14.1.0\.version".
2026-06-27 04:05:31,074 12416 [DEBUG] - Attempting to delete file "C:\ProgramData\chocolatey\.chocolatey\ripgrep.14.1.0\.sxs".
2026-06-27 04:05:31,074 12416 [DEBUG] - Attempting to delete file "C:\ProgramData\chocolatey\.chocolatey\ripgrep.14.1.0\.pin".
2026-06-27 04:05:31,074 12416 [DEBUG] - Sending message 'HandlePackageResultCompletedMessage' out if there are subscribers...
2026-06-27 04:05:31,074 12416 [DEBUG] - Attempting to delete file "C:\ProgramData\chocolatey\lib\ripgrep\.chocolateyPending".
2026-06-27 04:05:31,074 12416 [INFO ] -  The install of ripgrep was successful.
2026-06-27 04:05:31,074 12416 [INFO ] -   Deployed to 'C:\ProgramData\chocolatey\lib\ripgrep\tools'
2026-06-27 04:05:31,095 12416 [WARN ] - 
Chocolatey installed 1/1 packages. 
 See the log for details (C:\ProgramData\chocolatey\logs\chocolatey.log).
2026-06-27 04:05:31,095 12416 [DEBUG] - Sending message 'PostRunMessage' out if there are subscribers...
2026-06-27 04:05:31,095 12416 [DEBUG] - Exiting with 0
